# Blender 4.4.1
# www.blender.org
mtllib Not_Tokyo.mtl
o Areas:building
v 225.526215 0.000000 90.083862
v 259.411865 0.000000 102.987572
v 265.745941 0.000000 105.401016
v 267.983459 0.000000 96.103767
v 275.007721 0.000000 92.209343
v 283.501404 0.000000 88.026947
v 297.783691 0.000000 36.178806
v 301.846863 0.000000 37.330685
v 309.026978 0.000000 40.416073
v 314.481628 0.000000 42.760967
v 318.333282 0.000000 44.420223
v 280.762939 0.000000 141.177536
v 286.484772 0.000000 143.399002
v 331.212952 0.000000 38.180882
v 333.272339 0.000000 39.181919
v 336.979279 0.000000 40.635479
v 338.949646 0.000000 41.471962
v 341.576782 0.000000 42.733543
v 336.255707 0.000000 54.924248
v 339.194550 0.000000 56.254391
v 342.456207 0.000000 57.749088
v 358.753387 0.000000 20.559866
v 355.792297 0.000000 19.243431
v 352.463837 0.000000 17.762442
v 347.042572 0.000000 29.610352
v 344.337524 0.000000 28.444759
v 342.712250 0.000000 27.731691
v 339.016449 0.000000 26.099861
v 337.702881 0.000000 25.565060
v 342.723389 0.000000 13.360611
v 339.584167 0.000000 12.044175
v 332.838196 0.000000 9.233036
v 328.407684 0.000000 21.533480
v 323.910370 0.000000 19.558828
v 317.854614 0.000000 17.241354
v 316.663483 0.000000 16.692839
v 322.463226 0.000000 2.829121
v 319.557800 0.000000 1.142436
v 316.385193 0.000000 -0.695091
v 310.986176 0.000000 14.251948
v 309.349792 0.000000 13.621156
v 303.494385 0.000000 11.358532
v 301.123291 0.000000 10.426056
v 306.110382 0.000000 -4.877523
v 303.538910 0.000000 -5.823713
v 300.945160 0.000000 -6.783616
v 304.941528 0.000000 -19.468054
v 301.746674 0.000000 -20.825632
v 290.982086 0.000000 -25.529163
v 300.867249 0.000000 -56.122730
v 323.810181 0.000000 -115.609711
v 361.213531 0.000000 -203.688873
v 385.035919 0.000000 -262.587006
v 403.693054 0.000000 -309.335449
v 401.010254 0.000000 -310.405090
v 402.312714 0.000000 -312.983185
v 404.583618 0.000000 -311.872406
v 413.990112 0.000000 -334.705048
v 402.646667 0.000000 -339.340149
v 390.857910 0.000000 -318.591919
v 396.245789 0.000000 -315.945251
v 394.943359 0.000000 -312.832336
v 392.494324 0.000000 -313.806000
v 391.670563 0.000000 -312.201538
v 389.377380 0.000000 -313.202606
v 390.746613 0.000000 -315.862976
v 387.139862 0.000000 -317.248016
v 384.568359 0.000000 -318.235382
v 357.873962 0.000000 -273.735840
v 306.021332 0.000000 -294.579987
v 306.366425 0.000000 -295.443909
v 296.169556 0.000000 -299.571594
v 294.065613 0.000000 -294.374268
v 295.178833 0.000000 -293.921753
v 289.501526 0.000000 -279.920502
v 273.048523 0.000000 -239.397964
v 270.220978 0.000000 -232.459091
v 267.404602 0.000000 -225.506516
v 267.571594 0.000000 -216.606674
v 268.016876 0.000000 -193.170898
v 268.161591 0.000000 -185.285858
v 269.041016 0.000000 -138.990463
v 270.087402 0.000000 -83.301849
v 267.315552 0.000000 -71.590958
v 265.189362 0.000000 -66.544586
v 259.144714 0.000000 -52.228252
v 256.495300 0.000000 -45.961433
v 247.934830 0.000000 -49.170265
v 246.598999 0.000000 -45.851730
v 242.769608 0.000000 -47.401295
v 241.177734 0.000000 -43.424538
v 238.316833 0.000000 -44.576427
v 237.314957 0.000000 -42.094383
v 234.754608 0.000000 -43.122852
v 233.463303 0.000000 -39.927738
v 230.780502 0.000000 -41.011063
v 229.188629 0.000000 -37.048023
v 225.604141 0.000000 -38.487881
v 224.012268 0.000000 -34.511127
v 215.318222 0.000000 -38.007927
v 197.540497 0.000000 -45.152370
v 195.881836 0.000000 -41.052200
v 193.254700 0.000000 -42.108097
v 191.996780 0.000000 -38.967834
v 189.147003 0.000000 -40.106007
v 188.000412 0.000000 -37.267429
v 185.005920 0.000000 -38.460453
v 183.903854 0.000000 -35.717869
v 180.619934 0.000000 -37.034309
v 179.295227 0.000000 -33.743206
v 175.688477 0.000000 -35.196777
v 174.241333 0.000000 -31.576563
v 167.183670 0.000000 -14.037741
v 164.756912 0.000000 -8.004064
v 156.463608 0.000000 12.620116
v 149.417084 0.000000 30.158867
v 147.168427 0.000000 35.739994
v 149.606323 0.000000 36.727322
v 147.992188 0.000000 40.745182
v 154.259476 0.000000 43.268345
v 152.745529 0.000000 47.053085
v 157.420959 0.000000 48.931744
v 155.283615 0.000000 54.266033
v 158.567551 0.000000 55.582462
v 157.064728 0.000000 59.326061
v 163.075989 0.000000 61.739517
v 178.092987 0.000000 67.786865
v 184.026306 0.000000 70.172890
v 226.761856 0.000000 87.355019
v 225.526215 20.000000 90.083862
v 259.411865 20.000000 102.987572
v 265.745941 20.000000 105.401016
v 267.983459 20.000000 96.103767
v 275.007721 20.000000 92.209343
v 283.501404 20.000000 88.026947
v 297.783691 20.000000 36.178806
v 301.846863 20.000000 37.330685
v 309.026978 20.000000 40.416073
v 314.481628 20.000000 42.760967
v 318.333282 20.000000 44.420223
v 280.762939 20.000000 141.177536
v 286.484772 20.000000 143.399002
v 331.212952 20.000000 38.180882
v 333.272339 20.000000 39.181919
v 336.979279 20.000000 40.635479
v 338.949646 20.000000 41.471962
v 341.576782 20.000000 42.733543
v 336.255707 20.000000 54.924248
v 339.194550 20.000000 56.254391
v 342.456207 20.000000 57.749088
v 358.753387 20.000000 20.559866
v 355.792297 20.000000 19.243431
v 352.463837 20.000000 17.762442
v 347.042572 20.000000 29.610352
v 344.337524 20.000000 28.444759
v 342.712250 20.000000 27.731691
v 339.016449 20.000000 26.099861
v 337.702881 20.000000 25.565060
v 342.723389 20.000000 13.360611
v 339.584167 20.000000 12.044175
v 332.838196 20.000000 9.233036
v 328.407684 20.000000 21.533480
v 323.910370 20.000000 19.558828
v 317.854614 20.000000 17.241354
v 316.663483 20.000000 16.692839
v 322.463226 20.000000 2.829121
v 319.557800 20.000000 1.142436
v 316.385193 20.000000 -0.695091
v 310.986176 20.000000 14.251948
v 309.349792 20.000000 13.621156
v 303.494385 20.000000 11.358532
v 301.123291 20.000000 10.426056
v 306.110382 20.000000 -4.877523
v 303.538910 20.000000 -5.823713
v 300.945160 20.000000 -6.783616
v 304.941528 20.000000 -19.468054
v 301.746674 20.000000 -20.825632
v 290.982086 20.000000 -25.529163
v 300.867249 20.000000 -56.122730
v 323.810181 20.000000 -115.609711
v 361.213531 20.000000 -203.688873
v 385.035919 20.000000 -262.587006
v 403.693054 20.000000 -309.335449
v 401.010254 20.000000 -310.405090
v 402.312714 20.000000 -312.983185
v 404.583618 20.000000 -311.872406
v 413.990112 20.000000 -334.705048
v 402.646667 20.000000 -339.340149
v 390.857910 20.000000 -318.591919
v 396.245789 20.000000 -315.945251
v 394.943359 20.000000 -312.832336
v 392.494324 20.000000 -313.806000
v 391.670563 20.000000 -312.201538
v 389.377380 20.000000 -313.202606
v 390.746613 20.000000 -315.862976
v 387.139862 20.000000 -317.248016
v 384.568359 20.000000 -318.235382
v 357.873962 20.000000 -273.735840
v 306.021332 20.000000 -294.579987
v 306.366425 20.000000 -295.443909
v 296.169556 20.000000 -299.571594
v 294.065613 20.000000 -294.374268
v 295.178833 20.000000 -293.921753
v 289.501526 20.000000 -279.920502
v 273.048523 20.000000 -239.397964
v 270.220978 20.000000 -232.459091
v 267.404602 20.000000 -225.506516
v 267.571594 20.000000 -216.606674
v 268.016876 20.000000 -193.170898
v 268.161591 20.000000 -185.285858
v 269.041016 20.000000 -138.990463
v 270.087402 20.000000 -83.301849
v 267.315552 20.000000 -71.590958
v 265.189362 20.000000 -66.544586
v 259.144714 20.000000 -52.228252
v 256.495300 20.000000 -45.961433
v 247.934830 20.000000 -49.170265
v 246.598999 20.000000 -45.851730
v 242.769608 20.000000 -47.401295
v 241.177734 20.000000 -43.424538
v 238.316833 20.000000 -44.576427
v 237.314957 20.000000 -42.094383
v 234.754608 20.000000 -43.122852
v 233.463303 20.000000 -39.927738
v 230.780502 20.000000 -41.011063
v 229.188629 20.000000 -37.048023
v 225.604141 20.000000 -38.487881
v 224.012268 20.000000 -34.511127
v 215.318222 20.000000 -38.007927
v 197.540497 20.000000 -45.152370
v 195.881836 20.000000 -41.052200
v 193.254700 20.000000 -42.108097
v 191.996780 20.000000 -38.967834
v 189.147003 20.000000 -40.106007
v 188.000412 20.000000 -37.267429
v 185.005920 20.000000 -38.460453
v 183.903854 20.000000 -35.717869
v 180.619934 20.000000 -37.034309
v 179.295227 20.000000 -33.743206
v 175.688477 20.000000 -35.196777
v 174.241333 20.000000 -31.576563
v 167.183670 20.000000 -14.037741
v 164.756912 20.000000 -8.004064
v 156.463608 20.000000 12.620116
v 149.417084 20.000000 30.158867
v 147.168427 20.000000 35.739994
v 149.606323 20.000000 36.727322
v 147.992188 20.000000 40.745182
v 154.259476 20.000000 43.268345
v 152.745529 20.000000 47.053085
v 157.420959 20.000000 48.931744
v 155.283615 20.000000 54.266033
v 158.567551 20.000000 55.582462
v 157.064728 20.000000 59.326061
v 163.075989 20.000000 61.739517
v 178.092987 20.000000 67.786865
v 184.026306 20.000000 70.172890
v 226.761856 20.000000 87.355019
v -425.614868 0.000000 -152.059021
v -412.256531 0.000000 -154.157120
v -404.130219 0.000000 -102.513771
v -417.488556 0.000000 -100.401962
v -425.614868 20.000000 -152.059021
v -417.488556 20.000000 -100.401962
v -404.130219 20.000000 -102.513771
v -412.256531 20.000000 -154.157120
v -353.357391 0.000000 -104.543297
v -338.574158 0.000000 -109.027458
v -338.128906 0.000000 -107.532738
v -314.095001 0.000000 -115.006340
v -314.540283 0.000000 -116.939873
v -309.319397 0.000000 -118.736282
v -305.434357 0.000000 -105.887177
v -349.327637 0.000000 -91.707916
v -353.357391 20.000000 -104.543297
v -349.327637 20.000000 -91.707916
v -305.434357 20.000000 -105.887177
v -309.319397 20.000000 -118.736282
v -314.540283 20.000000 -116.939873
v -314.095001 20.000000 -115.006340
v -338.128906 20.000000 -107.532738
v -338.574158 20.000000 -109.027458
v -373.573029 0.000000 -160.657120
v -360.659943 0.000000 -162.741516
v -352.366669 0.000000 -111.235252
v -365.279724 0.000000 -109.150871
v -373.573029 20.000000 -160.657120
v -365.279724 20.000000 -109.150871
v -352.366669 20.000000 -111.235252
v -360.659943 20.000000 -162.741516
v -481.296875 0.000000 -239.356827
v -461.448639 0.000000 -242.647995
v -460.992218 0.000000 -240.399033
v -441.889801 0.000000 -243.690201
v -436.067780 0.000000 -208.159363
v -450.995728 0.000000 -205.622437
v -455.025482 0.000000 -228.756531
v -479.504639 0.000000 -224.436890
v -481.296875 20.000000 -239.356827
v -479.504639 20.000000 -224.436890
v -455.025482 20.000000 -228.756531
v -450.995728 20.000000 -205.622437
v -436.067780 20.000000 -208.159363
v -441.889801 20.000000 -243.690201
v -460.992218 20.000000 -240.399033
v -461.448639 20.000000 -242.647995
v -460.869751 0.000000 -142.117035
v -435.344208 0.000000 -146.134964
v -428.242035 0.000000 -101.142471
v -453.778717 0.000000 -97.110840
v -460.869751 20.000000 -142.117035
v -453.778717 20.000000 -97.110840
v -428.242035 20.000000 -101.142471
v -435.344208 20.000000 -146.134964
v -373.962646 0.000000 -254.743042
v -358.734131 0.000000 -257.279968
v -356.641327 0.000000 -246.076294
v -353.802673 0.000000 -246.830521
v -355.895477 0.000000 -259.967773
v -327.386566 0.000000 -264.287445
v -321.263977 0.000000 -227.714340
v -328.577667 0.000000 -225.780777
v -321.853973 0.000000 -185.011597
v -328.421844 0.000000 -183.818558
v -331.561035 0.000000 -201.892456
v -337.828339 0.000000 -200.699417
v -341.568665 0.000000 -223.531815
v -349.772919 0.000000 -222.489624
v -351.565155 0.000000 -233.240753
v -354.548523 0.000000 -232.486526
v -353.212677 0.000000 -222.489624
v -367.840057 0.000000 -219.801834
v -373.962646 20.000000 -254.743042
v -367.840057 20.000000 -219.801834
v -353.212677 20.000000 -222.489624
v -354.548523 20.000000 -232.486526
v -351.565155 20.000000 -233.240753
v -349.772919 20.000000 -222.489624
v -341.568665 20.000000 -223.531815
v -337.828339 20.000000 -200.699417
v -331.561035 20.000000 -201.892456
v -328.421844 20.000000 -183.818558
v -321.853973 20.000000 -185.011597
v -328.577667 20.000000 -225.780777
v -321.263977 20.000000 -227.714340
v -327.386566 20.000000 -264.287445
v -355.895477 20.000000 -259.967773
v -353.802673 20.000000 -246.830521
v -356.641327 20.000000 -246.076294
v -358.734131 20.000000 -257.279968
v -446.353699 0.000000 -196.215225
v -400.567993 0.000000 -204.031708
v -354.659851 0.000000 -211.861923
v -352.244202 0.000000 -197.709946
v -398.219147 0.000000 -189.852325
v -443.938080 0.000000 -182.049561
v -446.353699 20.000000 -196.215225
v -443.938080 20.000000 -182.049561
v -398.219147 20.000000 -189.852325
v -352.244202 20.000000 -197.709946
v -354.659851 20.000000 -211.861923
v -400.567993 20.000000 -204.031708
v -451.351959 0.000000 -84.179482
v -418.957977 0.000000 -90.391472
v -414.238037 0.000000 -54.600594
v -445.385223 0.000000 -46.125988
v -451.351959 20.000000 -84.179482
v -445.385223 20.000000 -46.125988
v -414.238037 20.000000 -54.600594
v -418.957977 20.000000 -90.391472
v -349.027069 0.000000 -169.940887
v -323.200958 0.000000 -174.274231
v -315.731415 0.000000 -129.624435
v -311.412201 0.000000 -129.775284
v -309.909393 0.000000 -120.080162
v -318.570068 0.000000 -117.982063
v -317.824219 0.000000 -115.294312
v -333.208557 0.000000 -111.111839
v -334.844971 0.000000 -114.553802
v -340.811707 0.000000 -113.360771
v -349.027069 20.000000 -169.940887
v -340.811707 20.000000 -113.360771
v -334.844971 20.000000 -114.553802
v -333.208557 20.000000 -111.111839
v -317.824219 20.000000 -115.294312
v -318.570068 20.000000 -117.982063
v -309.909393 20.000000 -120.080162
v -311.412201 20.000000 -129.775284
v -315.731415 20.000000 -129.624435
v -323.200958 20.000000 -174.274231
v -408.148865 0.000000 -96.630890
v -365.903107 0.000000 -104.406166
v -361.862213 0.000000 -79.023399
v -385.306091 0.000000 -65.886360
v -393.966736 0.000000 -64.391647
v -396.204285 0.000000 -81.258614
v -405.610779 0.000000 -79.763901
v -408.148865 20.000000 -96.630890
v -405.610779 20.000000 -79.763901
v -396.204285 20.000000 -81.258614
v -393.966736 20.000000 -64.391647
v -385.306091 20.000000 -65.886360
v -361.862213 20.000000 -79.023399
v -365.903107 20.000000 -104.406166
v -136.384583 0.000000 -189.619202
v -113.920303 0.000000 -189.619202
v -114.376717 0.000000 -181.144501
v -129.460510 0.000000 -181.967285
v -132.332550 0.000000 -168.350159
v -128.915039 0.000000 -167.856491
v -130.095032 0.000000 -159.614929
v -141.115662 0.000000 -161.466187
v -139.100769 0.000000 -166.361771
v -141.594330 0.000000 -166.882858
v -136.384583 59.970001 -189.619202
v -141.594330 59.970001 -166.882858
v -139.100769 59.970001 -166.361771
v -141.115662 59.970001 -161.466187
v -130.095032 59.970001 -159.614929
v -128.915039 59.970001 -167.856491
v -132.332550 59.970001 -168.350159
v -129.460510 59.970001 -181.967285
v -114.376717 59.970001 -181.144501
v -113.920303 59.970001 -189.619202
v -10.693742 0.000000 -204.415680
v -7.665852 0.000000 -203.071793
v -6.252095 0.000000 -207.309158
v 1.339895 0.000000 -204.772217
v -0.719516 0.000000 -198.628738
v 7.584918 0.000000 -194.747910
v 3.154402 0.000000 -185.272141
v -7.665852 0.000000 -190.345993
v -12.252215 0.000000 -180.033737
v -20.000051 0.000000 -183.475723
v -10.693742 20.000000 -204.415680
v -20.000051 20.000000 -183.475723
v -12.252215 20.000000 -180.033737
v -7.665852 20.000000 -190.345993
v 3.154402 20.000000 -185.272141
v 7.584918 20.000000 -194.747910
v -0.719516 20.000000 -198.628738
v 1.339895 20.000000 -204.772217
v -6.252095 20.000000 -207.309158
v -7.665852 20.000000 -203.071793
v -105.938698 0.000000 -24.816092
v -104.346832 0.000000 -27.462685
v -101.764221 0.000000 -29.163088
v -97.534081 0.000000 -29.588188
v -91.734329 0.000000 -25.680004
v -85.856659 0.000000 -19.893154
v -81.849159 0.000000 -14.572544
v -76.516960 0.000000 -7.674954
v -73.767365 0.000000 -4.424998
v -73.856422 0.000000 0.031692
v -76.806389 0.000000 3.240507
v -97.801247 0.000000 -5.014652
v -97.433891 0.000000 -5.960842
v -98.914436 0.000000 -5.288910
v -106.361710 0.000000 -21.867813
v -105.938698 20.000000 -24.816092
v -106.361710 20.000000 -21.867813
v -98.914436 20.000000 -5.288910
v -97.433891 20.000000 -5.960842
v -97.801247 20.000000 -5.014652
v -76.806389 20.000000 3.240507
v -73.856422 20.000000 0.031692
v -73.767365 20.000000 -4.424998
v -76.516960 20.000000 -7.674954
v -81.849159 20.000000 -14.572544
v -85.856659 20.000000 -19.893154
v -91.734329 20.000000 -25.680004
v -97.534081 20.000000 -29.588188
v -101.764221 20.000000 -29.163088
v -104.346832 20.000000 -27.462685
v 83.616127 0.000000 -242.497147
v 78.873917 0.000000 -233.117325
v 74.098312 0.000000 -235.530853
v 78.962975 0.000000 -245.143799
v 76.658661 0.000000 -246.446548
v 71.638153 0.000000 -238.095215
v 64.658424 0.000000 -242.291443
v 69.578743 0.000000 -250.464523
v 65.215019 0.000000 -252.932892
v 73.430397 0.000000 -267.427765
v 114.908043 0.000000 -243.909607
v 106.692657 0.000000 -229.414764
v 83.616127 20.000000 -242.497147
v 106.692657 20.000000 -229.414764
v 114.908043 20.000000 -243.909607
v 73.430397 20.000000 -267.427765
v 65.215019 20.000000 -252.932892
v 69.578743 20.000000 -250.464523
v 64.658424 20.000000 -242.291443
v 71.638153 20.000000 -238.095215
v 76.658661 20.000000 -246.446548
v 78.962975 20.000000 -245.143799
v 74.098312 20.000000 -235.530853
v 78.873917 20.000000 -233.117325
v -4.905129 0.000000 108.500099
v 24.249445 0.000000 38.880238
v 48.817657 0.000000 49.164860
v 50.676693 0.000000 44.872746
v 69.979492 0.000000 53.223858
v 68.510078 0.000000 56.624638
v 76.380363 0.000000 59.902000
v 66.996132 0.000000 82.486977
v 93.044891 0.000000 92.771561
v 70.224396 0.000000 150.611877
v 42.973385 0.000000 139.861115
v 42.127357 0.000000 141.931747
v 32.253319 0.000000 137.872772
v 22.312487 0.000000 133.786392
v 26.464705 0.000000 123.680107
v 21.989660 0.000000 121.746613
v 17.592541 0.000000 133.128174
v 0.093116 0.000000 126.367805
v 5.336265 0.000000 112.792191
v -4.905129 75.000000 108.500099
v 5.336265 75.000000 112.792191
v 0.093116 75.000000 126.367805
v 17.592541 75.000000 133.128174
v 21.989660 75.000000 121.746613
v 26.464705 75.000000 123.680107
v 22.312487 75.000000 133.786392
v 32.253319 75.000000 137.872772
v 42.127357 75.000000 141.931747
v 42.973385 75.000000 139.861115
v 70.224396 75.000000 150.611877
v 93.044891 75.000000 92.771561
v 66.996132 75.000000 82.486977
v 76.380363 75.000000 59.902000
v 68.510078 75.000000 56.624638
v 69.979492 75.000000 53.223858
v 50.676693 75.000000 44.872746
v 48.817657 75.000000 49.164860
v 24.249445 75.000000 38.880238
v -10.326388 0.000000 -210.188919
v -7.276234 0.000000 -215.989578
v 16.212179 0.000000 -214.851379
v 10.434697 0.000000 -202.646683
v -10.326388 20.000000 -210.188919
v 10.434697 20.000000 -202.646683
v 16.212179 20.000000 -214.851379
v -7.276234 20.000000 -215.989578
v -104.613998 0.000000 -150.961975
v -112.896164 0.000000 -134.300598
v -128.536560 0.000000 -145.723572
v -121.267395 0.000000 -159.244675
v -104.613998 20.000000 -150.961975
v -121.267395 20.000000 -159.244675
v -128.536560 20.000000 -145.723572
v -112.896164 20.000000 -134.300598
v 138.619095 0.000000 -31.233740
v 151.888367 0.000000 -25.762281
v 144.340912 0.000000 -7.181290
v 138.786072 0.000000 -5.796288
v 129.802582 0.000000 -9.773028
v 138.619095 20.000000 -31.233740
v 129.802582 20.000000 -9.773028
v 138.786072 20.000000 -5.796288
v 144.340912 20.000000 -7.181290
v 151.888367 20.000000 -25.762281
v 227.006760 0.000000 -112.263733
v 203.919098 0.000000 -110.110786
v 203.273453 0.000000 -117.049576
v 226.361115 0.000000 -119.202522
v 227.006760 20.000000 -112.263733
v 226.361115 20.000000 -119.202522
v 203.273453 20.000000 -117.049576
v 203.919098 20.000000 -110.110786
v -134.647995 0.000000 -196.420914
v -107.909050 0.000000 -195.406143
v -108.120560 0.000000 -189.852325
v -134.859497 0.000000 -190.867096
v -134.647995 20.000000 -196.420914
v -134.859497 20.000000 -190.867096
v -108.120560 20.000000 -189.852325
v -107.909050 20.000000 -195.406143
v -26.222811 0.000000 -169.927170
v -22.181913 0.000000 -168.309021
v -24.686602 0.000000 -162.055847
v -28.716368 0.000000 -163.673996
v -26.222811 20.000000 -169.927170
v -28.716368 20.000000 -163.673996
v -24.686602 20.000000 -162.055847
v -22.181913 20.000000 -168.309021
v -136.150803 0.000000 54.704842
v -119.297035 0.000000 60.903034
v -124.640373 0.000000 75.411179
v -141.494141 0.000000 69.212997
v -136.150803 20.000000 54.704842
v -141.494141 20.000000 69.212997
v -124.640373 20.000000 75.411179
v -119.297035 20.000000 60.903034
v 226.361115 0.000000 -137.194046
v 225.882446 0.000000 -157.832230
v 254.558334 0.000000 -158.490448
v 255.037018 0.000000 -137.852280
v 226.361115 20.000000 -137.194046
v 255.037018 20.000000 -137.852280
v 254.558334 20.000000 -158.490448
v 225.882446 20.000000 -157.832230
v -126.143188 0.000000 -163.742569
v -120.710793 0.000000 -175.110718
v -100.806870 0.000000 -165.621262
v -106.228127 0.000000 -154.253113
v -126.143188 20.000000 -163.742569
v -106.228127 20.000000 -154.253113
v -100.806870 20.000000 -165.621262
v -120.710793 20.000000 -175.110718
v 131.761810 0.000000 -53.585835
v 158.578674 0.000000 -42.094383
v 152.233459 0.000000 -26.927881
v 125.093773 0.000000 -38.625011
v 131.761810 20.000000 -53.585835
v 125.093773 20.000000 -38.625011
v 152.233459 20.000000 -26.927881
v 158.578674 20.000000 -42.094383
v 228.119965 0.000000 -119.997879
v 263.341461 0.000000 -123.837532
v 264.087280 0.000000 -117.049576
v 228.854675 0.000000 -113.209930
v 228.119965 20.000000 -119.997879
v 228.854675 20.000000 -113.209930
v 264.087280 20.000000 -117.049576
v 263.341461 20.000000 -123.837532
v -36.230434 0.000000 -204.333405
v -30.653326 0.000000 -202.015884
v -35.529121 0.000000 -190.263718
v -41.106228 0.000000 -192.581238
v -36.230434 20.000000 -204.333405
v -41.106228 20.000000 -192.581238
v -35.529121 20.000000 -190.263718
v -30.653326 20.000000 -202.015884
v -27.280346 0.000000 -138.428223
v -17.228197 0.000000 -133.848053
v -22.660587 0.000000 -121.931419
v -32.712738 0.000000 -126.511574
v -27.280346 20.000000 -138.428223
v -32.712738 20.000000 -126.511574
v -22.660587 20.000000 -121.931419
v -17.228197 20.000000 -133.848053
v -51.859692 0.000000 -181.514755
v -43.655445 0.000000 -178.539001
v -49.065571 0.000000 -164.510498
v -55.933983 0.000000 -168.007339
v -51.859692 20.000000 -181.514755
v -55.933983 20.000000 -168.007339
v -49.065571 20.000000 -164.510498
v -43.655445 20.000000 -178.539001
v 98.054268 0.000000 -45.001526
v 121.743057 0.000000 -35.265339
v 117.145561 0.000000 -23.513363
v 93.345451 0.000000 -32.399338
v 98.054268 20.000000 -45.001526
v 93.345451 20.000000 -32.399338
v 117.145561 20.000000 -23.513363
v 121.743057 20.000000 -35.265339
v -114.977844 0.000000 -95.040176
v -96.187111 0.000000 -87.168915
v -102.120438 0.000000 -73.003395
v -120.911171 0.000000 -80.874649
v -114.977844 20.000000 -95.040176
v -120.911171 20.000000 -80.874649
v -102.120438 20.000000 -73.003395
v -96.187111 20.000000 -87.168915
v -143.820724 0.000000 -195.200455
v -137.542297 0.000000 -194.130829
v -141.516403 0.000000 -176.056931
v -147.906143 0.000000 -177.771072
v -143.820724 20.000000 -195.200455
v -147.906143 20.000000 -177.771072
v -141.516403 20.000000 -176.056931
v -137.542297 20.000000 -194.130829
v -21.725504 0.000000 -168.075897
v -17.706871 0.000000 -166.690887
v -19.933260 0.000000 -160.245728
v -23.951893 0.000000 -161.644455
v -21.725504 20.000000 -168.075897
v -23.951893 20.000000 -161.644455
v -19.933260 20.000000 -160.245728
v -17.706871 20.000000 -166.690887
v 223.711716 0.000000 -154.211975
v 224.001144 0.000000 -142.158173
v 218.813644 0.000000 -142.034760
v 218.524216 0.000000 -154.074844
v 223.711716 20.000000 -154.211975
v 218.524216 20.000000 -154.074844
v 218.813644 20.000000 -142.034760
v 224.001144 20.000000 -142.158173
v 203.952499 0.000000 -156.460907
v 216.219910 0.000000 -156.406067
v 216.186508 0.000000 -148.397629
v 203.919098 0.000000 -148.452469
v 203.952499 20.000000 -156.460907
v 203.919098 20.000000 -148.452469
v 216.186508 20.000000 -148.397629
v 216.219910 20.000000 -156.406067
v -107.252266 0.000000 -180.225723
v -95.218628 0.000000 -174.109665
v -99.159340 0.000000 -166.348053
v -111.192978 0.000000 -172.450378
v -107.252266 20.000000 -180.225723
v -111.192978 20.000000 -172.450378
v -99.159340 20.000000 -166.348053
v -95.218628 20.000000 -174.109665
v 120.930420 0.000000 -0.557963
v 137.984573 0.000000 6.504173
v 125.283012 0.000000 37.152416
v 108.228867 0.000000 30.076590
v 120.930420 30.000000 -0.557963
v 108.228867 30.000000 30.076590
v 125.283012 30.000000 37.152416
v 137.984573 30.000000 6.504173
v 248.669540 0.000000 -132.778442
v 262.885040 0.000000 -134.108612
v 263.597473 0.000000 -126.497864
v 249.393112 0.000000 -125.167702
v 248.669540 20.000000 -132.778442
v 249.393112 20.000000 -125.167702
v 263.597473 20.000000 -126.497864
v 262.885040 20.000000 -134.108612
v -93.994118 0.000000 -57.274620
v -95.608253 0.000000 -60.497166
v -80.023521 0.000000 -97.193123
v -77.140343 0.000000 -97.961052
v -45.514481 0.000000 -85.441078
v -62.980507 0.000000 -44.288456
v -93.994118 20.000000 -57.274620
v -62.980507 20.000000 -44.288456
v -45.514481 20.000000 -85.441078
v -77.140343 20.000000 -97.961052
v -80.023521 20.000000 -97.193123
v -95.608253 20.000000 -60.497166
v -82.973488 0.000000 -168.240463
v -79.789749 0.000000 -175.947220
v -68.123466 0.000000 -171.133926
v -71.307205 0.000000 -163.427170
v -82.973488 20.000000 -168.240463
v -71.307205 20.000000 -163.427170
v -68.123466 20.000000 -171.133926
v -79.789749 20.000000 -175.947220
v -6.897748 0.000000 -188.097046
v -3.235336 0.000000 -186.259491
v -6.942276 0.000000 -178.895538
v -10.604687 0.000000 -180.733109
v -6.897748 20.000000 -188.097046
v -10.604687 20.000000 -180.733109
v -6.942276 20.000000 -178.895538
v -3.235336 20.000000 -186.259491
v -28.883347 0.000000 -200.534851
v -20.924004 0.000000 -196.832306
v -26.044701 0.000000 -185.806961
v -34.015175 0.000000 -189.509506
v -28.883347 20.000000 -200.534851
v -34.015175 20.000000 -189.509506
v -26.044701 20.000000 -185.806961
v -20.924004 20.000000 -196.832306
v -42.542248 0.000000 -127.320648
v -24.341513 0.000000 -119.847038
v -27.491854 0.000000 -112.167740
v -45.703724 0.000000 -119.627632
v -42.542248 20.000000 -127.320648
v -45.703724 20.000000 -119.627632
v -27.491854 20.000000 -112.167740
v -24.341513 20.000000 -119.847038
v 243.203751 0.000000 -133.285828
v 246.777115 0.000000 -133.601227
v 247.600876 0.000000 -124.454620
v 244.038651 0.000000 -124.139221
v 243.203751 20.000000 -133.285828
v 244.038651 20.000000 -124.139221
v 247.600876 20.000000 -124.454620
v 246.777115 20.000000 -133.601227
v -152.937790 0.000000 -195.173019
v -145.735413 0.000000 -193.815414
v -148.707642 0.000000 -178.168747
v -155.898880 0.000000 -179.540054
v -152.937790 20.000000 -195.173019
v -155.898880 20.000000 -179.540054
v -148.707642 20.000000 -178.168747
v -145.735413 20.000000 -193.815414
v -30.987286 0.000000 -161.479904
v -21.168907 0.000000 -157.448257
v -24.597548 0.000000 -149.096985
v -34.404793 0.000000 -153.128632
v -30.987286 20.000000 -161.479904
v -34.404793 20.000000 -153.128632
v -24.597548 20.000000 -149.096985
v -21.168907 20.000000 -157.448257
v 206.011917 0.000000 -188.001053
v 219.715347 0.000000 -188.330170
v 219.904587 0.000000 -180.390274
v 206.201157 0.000000 -180.061157
v 206.011917 20.000000 -188.001053
v 206.201157 20.000000 -180.061157
v 219.904587 20.000000 -180.390274
v 219.715347 20.000000 -188.330170
v -95.719566 0.000000 13.730859
v -82.428024 0.000000 18.708630
v -93.070168 0.000000 47.135361
v -106.361710 0.000000 42.157604
v -95.719566 20.000000 13.730859
v -106.361710 20.000000 42.157604
v -93.070168 20.000000 47.135361
v -82.428024 20.000000 18.708630
v 208.549988 0.000000 -75.937973
v 205.477570 0.000000 -102.870308
v 256.996246 0.000000 -108.725769
v 258.343201 0.000000 -96.246925
v 259.523193 0.000000 -85.290237
v 254.970230 0.000000 -81.217476
v 208.549988 20.000000 -75.937973
v 254.970230 20.000000 -81.217476
v 259.523193 20.000000 -85.290237
v 258.343201 20.000000 -96.246925
v 256.996246 20.000000 -108.725769
v 205.477570 20.000000 -102.870308
v 204.642685 0.000000 -146.848053
v 215.062180 0.000000 -147.026321
v 215.195770 0.000000 -139.730957
v 204.776260 0.000000 -139.552689
v 204.642685 20.000000 -146.848053
v 204.776260 20.000000 -139.552689
v 215.195770 20.000000 -139.730957
v 215.062180 20.000000 -147.026321
v -33.981781 0.000000 -152.511551
v -23.985289 0.000000 -148.068512
v -26.178284 0.000000 -143.131805
v -36.174774 0.000000 -147.574844
v -33.981781 20.000000 -152.511551
v -36.174774 20.000000 -147.574844
v -26.178284 20.000000 -143.131805
v -23.985289 20.000000 -148.068512
v -94.239021 0.000000 -147.218292
v -75.904701 0.000000 -140.087509
v -79.478058 0.000000 -130.899750
v -97.812378 0.000000 -138.030548
v -94.239021 20.000000 -147.218292
v -97.812378 20.000000 -138.030548
v -79.478058 20.000000 -130.899750
v -75.904701 20.000000 -140.087509
v -72.041916 0.000000 -188.878693
v -61.767124 0.000000 -185.779526
v -65.028786 0.000000 -174.959885
v -75.303574 0.000000 -178.059052
v -72.041916 20.000000 -188.878693
v -75.303574 20.000000 -178.059052
v -65.028786 20.000000 -174.959885
v -61.767124 20.000000 -185.779526
v 146.467117 0.000000 -93.641449
v 130.592957 0.000000 -54.874851
v 102.251015 0.000000 -66.585724
v 113.126930 0.000000 -92.050743
v 125.950935 0.000000 -92.667831
v 135.568939 0.000000 -94.971611
v 146.467117 20.000000 -93.641449
v 135.568939 20.000000 -94.971611
v 125.950935 20.000000 -92.667831
v 113.126930 20.000000 -92.050743
v 102.251015 20.000000 -66.585724
v 130.592957 20.000000 -54.874851
v -47.317856 0.000000 -117.776367
v -27.324875 0.000000 -109.301720
v -30.564272 0.000000 -101.677277
v -36.731373 0.000000 -99.195221
v -52.394024 0.000000 -105.832321
v -47.317856 20.000000 -117.776367
v -52.394024 20.000000 -105.832321
v -36.731373 20.000000 -99.195221
v -30.564272 20.000000 -101.677277
v -27.324875 20.000000 -109.301720
v 238.116455 0.000000 -132.956711
v 242.424515 0.000000 -133.189835
v 242.880920 0.000000 -124.619179
v 238.572861 0.000000 -124.386055
v 238.116455 20.000000 -132.956711
v 238.572861 20.000000 -124.386055
v 242.880920 20.000000 -124.619179
v 242.424515 20.000000 -133.189835
v -137.943054 0.000000 -138.510498
v -117.805359 0.000000 -127.265793
v -120.477020 0.000000 -122.466232
v -140.614716 0.000000 -133.724640
v -137.943054 20.000000 -138.510498
v -140.614716 20.000000 -133.724640
v -120.477020 20.000000 -122.466232
v -117.805359 20.000000 -127.265793
v -42.876205 0.000000 -166.238342
v -39.592281 0.000000 -173.958832
v -31.443695 0.000000 -170.489410
v -34.727619 0.000000 -162.768936
v -42.876205 20.000000 -166.238342
v -34.727619 20.000000 -162.768936
v -31.443695 20.000000 -170.489410
v -39.592281 20.000000 -173.958832
v 124.058502 0.000000 -37.459412
v 134.889893 0.000000 -32.536469
v 127.598465 0.000000 -15.079922
v 116.655754 0.000000 -19.660034
v 124.058502 20.000000 -37.459412
v 116.655754 20.000000 -19.660034
v 127.598465 20.000000 -15.079922
v 134.889893 20.000000 -32.536469
v 205.232681 0.000000 -178.964111
v 220.316467 0.000000 -179.128662
v 220.828537 0.000000 -169.982025
v 205.544373 0.000000 -169.625488
v 205.232681 20.000000 -178.964111
v 205.544373 20.000000 -169.625488
v 220.828537 20.000000 -169.982025
v 220.316467 20.000000 -179.128662
v 219.915710 0.000000 -128.911362
v 220.661560 0.000000 -120.848091
v 205.433044 0.000000 -119.435646
v 204.687210 0.000000 -127.498917
v 219.915710 20.000000 -128.911362
v 204.687210 20.000000 -127.498917
v 205.433044 20.000000 -119.435646
v 220.661560 20.000000 -120.848091
v -21.747768 0.000000 9.329026
v 2.519881 0.000000 19.270857
v -16.204058 0.000000 64.962029
v -40.471706 0.000000 55.020237
v -21.747768 20.000000 9.329026
v -40.471706 20.000000 55.020237
v -16.204058 20.000000 64.962029
v 2.519881 20.000000 19.270857
v -44.679585 0.000000 -160.890244
v -37.989281 0.000000 -158.229904
v -45.536743 0.000000 -139.333282
v -52.227043 0.000000 -142.007324
v -44.679585 20.000000 -160.890244
v -52.227043 20.000000 -142.007324
v -45.536743 20.000000 -139.333282
v -37.989281 20.000000 -158.229904
v -68.613274 0.000000 -138.688766
v -77.440910 0.000000 -118.064346
v -82.539345 0.000000 -120.244713
v -73.700577 0.000000 -140.869141
v -68.613274 20.000000 -138.688766
v -73.700577 20.000000 -140.869141
v -82.539345 20.000000 -120.244713
v -77.440910 20.000000 -118.064346
v -59.863560 0.000000 -186.245773
v -52.805904 0.000000 -183.407166
v -57.893208 0.000000 -170.722534
v -64.961990 0.000000 -173.561142
v -59.863560 20.000000 -186.245773
v -64.961990 20.000000 -173.561142
v -57.893208 20.000000 -170.722534
v -52.805904 20.000000 -183.407166
v -19.810808 0.000000 -156.022095
v -10.816194 0.000000 -151.880737
v -18.018564 0.000000 -136.234131
v -27.013180 0.000000 -140.375473
v -19.810808 20.000000 -156.022095
v -27.013180 20.000000 -140.375473
v -18.018564 20.000000 -136.234131
v -10.816194 20.000000 -151.880737
v 152.088745 0.000000 -95.670975
v 153.747406 0.000000 -93.833435
v 153.491379 0.000000 -91.570786
v 156.062851 0.000000 -90.693153
v 157.676987 0.000000 -94.505371
v 159.803192 0.000000 -93.751160
v 160.571289 0.000000 -95.547562
v 178.360153 0.000000 -88.361946
v 161.517517 0.000000 -47.401295
v 159.947906 0.000000 -43.589092
v 132.485382 0.000000 -54.765148
v 148.559921 0.000000 -94.313393
v 150.051605 0.000000 -95.533844
v 152.088745 20.000000 -95.670975
v 150.051605 20.000000 -95.533844
v 148.559921 20.000000 -94.313393
v 132.485382 20.000000 -54.765148
v 159.947906 20.000000 -43.589092
v 161.517517 20.000000 -47.401295
v 178.360153 20.000000 -88.361946
v 160.571289 20.000000 -95.547562
v 159.803192 20.000000 -93.751160
v 157.676987 20.000000 -94.505371
v 156.062851 20.000000 -90.693153
v 153.491379 20.000000 -91.570786
v 153.747406 20.000000 -93.833435
v -54.965504 0.000000 -136.042145
v -43.076584 0.000000 -130.584351
v -54.030418 0.000000 -106.737381
v -65.919342 0.000000 -112.195168
v -54.965504 20.000000 -136.042145
v -65.919342 20.000000 -112.195168
v -54.030418 20.000000 -106.737381
v -43.076584 20.000000 -130.584351
v 228.298065 0.000000 -131.667679
v 236.491180 0.000000 -132.257339
v 237.203629 0.000000 -122.699348
v 228.999390 0.000000 -122.095978
v 228.298065 20.000000 -131.667679
v 228.999390 20.000000 -122.095978
v 237.203629 20.000000 -122.699348
v 236.491180 20.000000 -132.257339
v -134.659134 0.000000 -146.560074
v -116.558578 0.000000 -135.274216
v -119.864769 0.000000 -129.967270
v -137.965317 0.000000 -141.266830
v -134.659134 20.000000 -146.560074
v -137.965317 20.000000 -141.266830
v -119.864769 20.000000 -129.967270
v -116.558578 20.000000 -135.274216
v -20.634573 0.000000 -158.037918
v -17.762529 0.000000 -165.456696
v -11.539770 0.000000 -163.056915
v -8.433956 0.000000 -155.926102
v -9.313380 0.000000 -153.663452
v -20.634573 20.000000 -158.037918
v -9.313380 20.000000 -153.663452
v -8.433956 20.000000 -155.926102
v -11.539770 20.000000 -163.056915
v -17.762529 20.000000 -165.456696
v 205.744751 0.000000 -169.049530
v 215.841415 0.000000 -169.227798
v 216.286697 0.000000 -160.972519
v 208.661316 0.000000 -160.410278
v 205.833801 0.000000 -162.672943
v 205.744751 20.000000 -169.049530
v 205.833801 20.000000 -162.672943
v 208.661316 20.000000 -160.410278
v 216.286697 20.000000 -160.972519
v 215.841415 20.000000 -169.227798
v -44.668449 0.000000 8.218283
v -29.417681 0.000000 15.088433
v -37.143253 0.000000 32.256931
v -52.405155 0.000000 25.386793
v -44.668449 20.000000 8.218283
v -52.405155 20.000000 25.386793
v -37.143253 20.000000 32.256931
v -29.417681 20.000000 15.088433
v -50.212162 0.000000 -209.078140
v -37.120991 0.000000 -204.045425
v -41.150757 0.000000 -193.582291
v -54.241928 0.000000 -198.628738
v -50.212162 20.000000 -209.078140
v -54.241928 20.000000 -198.628738
v -41.150757 20.000000 -193.582291
v -37.120991 20.000000 -204.045425
v -75.559608 0.000000 -150.002060
v -73.388878 0.000000 -155.377579
v -59.084324 0.000000 -149.590668
v -61.255054 0.000000 -144.215134
v -75.559608 20.000000 -150.002060
v -61.255054 20.000000 -144.215134
v -59.084324 20.000000 -149.590668
v -73.388878 20.000000 -155.377579
v 94.258270 0.000000 -47.812683
v 101.527435 0.000000 -65.502396
v 129.713531 0.000000 -54.093212
v 122.544556 0.000000 -36.280098
v 94.258270 20.000000 -47.812683
v 122.544556 20.000000 -36.280098
v 129.713531 20.000000 -54.093212
v 101.527435 20.000000 -65.502396
v -136.607224 0.000000 51.098370
v -129.994843 0.000000 35.356037
v -93.882797 0.000000 50.536144
v -100.506310 0.000000 66.278458
v -136.607224 20.000000 51.098370
v -100.506310 20.000000 66.278458
v -93.882797 20.000000 50.536144
v -129.994843 20.000000 35.356037
v -52.772511 0.000000 26.593525
v -37.499477 0.000000 33.216831
v -40.182274 0.000000 39.415035
v -55.466442 0.000000 32.805447
v -52.772511 20.000000 26.593525
v -55.466442 20.000000 32.805447
v -40.182274 20.000000 39.415035
v -37.499477 20.000000 33.216831
v 21.165895 0.000000 -129.789001
v 24.639065 0.000000 -128.554825
v 49.507839 0.000000 -186.190918
v 55.964371 0.000000 -183.187744
v 53.882694 0.000000 -178.593857
v 73.831146 0.000000 -168.542145
v 100.781593 0.000000 -155.871246
v 88.380608 0.000000 -124.495758
v 81.412003 0.000000 -107.107635
v 94.614494 0.000000 -101.115044
v 64.124084 0.000000 -28.628283
v 58.513584 0.000000 -31.082897
v 44.721100 0.000000 1.540109
v -17.595551 0.000000 -24.390989
v -1.543280 0.000000 -61.799896
v -6.129643 0.000000 -63.678574
v 21.165895 20.000000 -129.789001
v -6.129643 20.000000 -63.678574
v -1.543280 20.000000 -61.799896
v -17.595551 20.000000 -24.390989
v 44.721100 20.000000 1.540109
v 58.513584 20.000000 -31.082897
v 64.124084 20.000000 -28.628283
v 94.614494 20.000000 -101.115044
v 81.412003 20.000000 -107.107635
v 88.380608 20.000000 -124.495758
v 100.781593 20.000000 -155.871246
v 73.831146 20.000000 -168.542145
v 53.882694 20.000000 -178.593857
v 55.964371 20.000000 -183.187744
v 49.507839 20.000000 -186.190918
v 24.639065 20.000000 -128.554825
v -2.400440 0.000000 -185.779526
v 2.787048 0.000000 -183.653992
v 1.484610 0.000000 -180.787949
v -5.695497 0.000000 -178.374451
v -2.400440 20.000000 -185.779526
v -5.695497 20.000000 -178.374451
v 1.484610 20.000000 -180.787949
v 2.787048 20.000000 -183.653992
v -160.552048 0.000000 -132.133926
v -150.511017 0.000000 -139.634964
v -146.069382 0.000000 -133.683502
v -156.110397 0.000000 -126.182465
v -160.552048 20.000000 -132.133926
v -156.110397 20.000000 -126.182465
v -146.069382 20.000000 -133.683502
v -150.511017 20.000000 -139.634964
v -57.024914 0.000000 57.392555
v -21.024191 0.000000 70.693977
v -36.119114 0.000000 111.503197
v -72.108704 0.000000 98.188110
v -57.024914 36.000000 57.392555
v -72.108704 36.000000 98.188110
v -36.119114 36.000000 111.503197
v -21.024191 36.000000 70.693977
v 176.901871 0.000000 -247.543610
v 192.219421 0.000000 -238.616318
v 193.288086 0.000000 -234.008682
v 189.069077 0.000000 -227.179520
v 165.792175 0.000000 -227.714340
v 176.901871 20.000000 -247.543610
v 165.792175 20.000000 -227.714340
v 189.069077 20.000000 -227.179520
v 193.288086 20.000000 -234.008682
v 192.219421 20.000000 -238.616318
v 205.755875 0.000000 -201.467346
v 205.800400 0.000000 -208.131943
v 211.199402 0.000000 -215.989578
v 218.936096 0.000000 -217.237473
v 218.579880 0.000000 -201.398788
v 205.755875 36.000000 -201.467346
v 218.579880 36.000000 -201.398788
v 218.936096 36.000000 -217.237473
v 211.199402 36.000000 -215.989578
v 205.800400 36.000000 -208.131943
v 219.514969 0.000000 -217.196335
v 227.151489 0.000000 -214.508560
v 237.849289 0.000000 -210.751160
v 242.457916 0.000000 -209.132996
v 248.413498 0.000000 -191.539047
v 249.404251 0.000000 -188.618149
v 249.894058 0.000000 -184.106522
v 253.044388 0.000000 -162.782654
v 222.208893 0.000000 -161.095932
v 219.514969 36.000000 -217.196335
v 222.208893 36.000000 -161.095932
v 253.044388 36.000000 -162.782654
v 249.894058 36.000000 -184.106522
v 249.404251 36.000000 -188.618149
v 248.413498 36.000000 -191.539047
v 242.457916 36.000000 -209.132996
v 237.849289 36.000000 -210.751160
v 227.151489 36.000000 -214.508560
v -166.997437 0.000000 -159.587494
v -141.661118 0.000000 -154.554794
v -143.987701 0.000000 -142.857544
v -156.522278 0.000000 -144.791092
v -163.368423 0.000000 -145.271042
v -166.997437 20.000000 -159.587494
v -163.368423 20.000000 -145.271042
v -156.522278 20.000000 -144.791092
v -143.987701 20.000000 -142.857544
v -141.661118 20.000000 -154.554794
v -143.130539 0.000000 -131.708817
v -120.532684 0.000000 -121.245766
v -130.985580 0.000000 -101.416733
v -136.829865 0.000000 -101.156181
v -150.332916 0.000000 -116.130806
v -143.130539 20.000000 -131.708817
v -150.332916 20.000000 -116.130806
v -136.829865 20.000000 -101.156181
v -130.985580 20.000000 -101.416733
v -120.532684 20.000000 -121.245766
v 142.737915 0.000000 -266.851807
v 175.632828 0.000000 -248.064713
v 164.556534 0.000000 -227.714340
v 126.396210 0.000000 -227.686905
v 123.357185 0.000000 -234.392654
v 142.737915 35.000000 -266.851807
v 123.357185 35.000000 -234.392654
v 126.396210 35.000000 -227.686905
v 164.556534 35.000000 -227.714340
v 175.632828 35.000000 -248.064713
v -106.506432 0.000000 -182.022141
v -99.905182 0.000000 -195.145599
v -89.886429 0.000000 -194.391373
v -86.480049 0.000000 -188.385025
v -93.081299 0.000000 -175.261566
v -106.506432 20.000000 -182.022141
v -93.081299 20.000000 -175.261566
v -86.480049 20.000000 -188.385025
v -89.886429 20.000000 -194.391373
v -99.905182 20.000000 -195.145599
v -66.208771 0.000000 -172.628647
v -57.837547 0.000000 -169.351227
v -52.883831 0.000000 -163.646576
v -52.082329 0.000000 -160.657120
v -68.145729 0.000000 -167.691940
v -66.208771 20.000000 -172.628647
v -68.145729 20.000000 -167.691940
v -52.082329 20.000000 -160.657120
v -52.883831 20.000000 -163.646576
v -57.837547 20.000000 -169.351227
v 72.027771 0.000000 -273.159882
v 77.560349 0.000000 -285.200104
v 95.171097 0.000000 -290.863678
v 101.204613 0.000000 -292.797241
v 105.490410 0.000000 -290.164307
v 133.977066 0.000000 -272.652496
v 118.626114 0.000000 -246.803085
v 72.027771 24.000000 -273.159882
v 118.626114 24.000000 -246.803085
v 133.977066 24.000000 -272.652496
v 105.490410 24.000000 -290.164307
v 101.204613 24.000000 -292.797241
v 95.171097 24.000000 -290.863678
v 77.560349 24.000000 -285.200104
v -44.623924 0.000000 5.434568
v -42.931866 0.000000 2.705705
v -38.189655 0.000000 1.649812
v -27.380533 0.000000 6.970411
v -29.629189 0.000000 12.057888
v -44.623924 20.000000 5.434568
v -29.629189 20.000000 12.057888
v -27.380533 20.000000 6.970411
v -38.189655 20.000000 1.649812
v -42.931866 20.000000 2.705705
v -162.733902 0.000000 -191.758453
v -158.203201 0.000000 -195.022171
v -153.906265 0.000000 -193.596008
v -157.190186 0.000000 -179.087524
v -152.793076 0.000000 -178.045334
v -155.108521 0.000000 -168.199326
v -167.264603 0.000000 -170.914520
v -162.733902 20.000000 -191.758453
v -167.264603 20.000000 -170.914520
v -155.108521 20.000000 -168.199326
v -152.793076 20.000000 -178.045334
v -157.190186 20.000000 -179.087524
v -153.906265 20.000000 -193.596008
v -158.203201 20.000000 -195.022171
v -24.742262 0.000000 -262.655548
v 20.197416 0.000000 -243.182816
v 11.314121 0.000000 -223.586670
v 9.777912 0.000000 -221.790253
v 2.096867 0.000000 -224.916855
v 0.850089 0.000000 -221.995941
v -27.903736 0.000000 -233.295593
v -30.898230 0.000000 -225.479095
v -48.464447 0.000000 -232.678513
v -45.102596 0.000000 -259.899200
v -41.874332 0.000000 -263.108093
v -24.742262 20.000000 -262.655548
v -41.874332 20.000000 -263.108093
v -45.102596 20.000000 -259.899200
v -48.464447 20.000000 -232.678513
v -30.898230 20.000000 -225.479095
v -27.903736 20.000000 -233.295593
v 0.850089 20.000000 -221.995941
v 2.096867 20.000000 -224.916855
v 9.777912 20.000000 -221.790253
v 11.314121 20.000000 -223.586670
v 20.197416 20.000000 -243.182816
v -111.092789 0.000000 4.556944
v -115.233879 0.000000 2.650853
v -110.591850 0.000000 -7.455548
v -92.513565 0.000000 0.840752
v -96.409752 0.000000 9.329026
v -95.363350 0.000000 9.795264
v -109.467529 0.000000 40.525776
v -124.451126 0.000000 33.655643
v -111.092789 20.000000 4.556944
v -124.451126 20.000000 33.655643
v -109.467529 20.000000 40.525776
v -95.363350 20.000000 9.795264
v -96.409752 20.000000 9.329026
v -92.513565 20.000000 0.840752
v -110.591850 20.000000 -7.455548
v -115.233879 20.000000 2.650853
v 415.147827 0.000000 345.083649
v 440.562073 0.000000 352.515808
v 434.406097 0.000000 373.536957
v 408.991882 0.000000 366.104828
v 415.147827 20.000000 345.083649
v 408.991882 20.000000 366.104828
v 434.406097 20.000000 373.536957
v 440.562073 20.000000 352.515808
v 406.242279 0.000000 320.853729
v 441.497162 0.000000 330.850128
v 445.348816 0.000000 335.772888
v 441.563965 0.000000 349.142548
v 403.871185 0.000000 338.446838
v 406.509460 0.000000 329.136047
v 404.082672 0.000000 328.450439
v 406.242279 20.000000 320.853729
v 404.082672 20.000000 328.450439
v 406.509460 20.000000 329.136047
v 403.871185 20.000000 338.446838
v 441.563965 20.000000 349.142548
v 445.348816 20.000000 335.772888
v 441.497162 20.000000 330.850128
v 390.646423 0.000000 348.909424
v 398.282928 0.000000 351.706757
v 392.728088 0.000000 366.927582
v 385.080444 0.000000 364.143951
v 390.646423 20.000000 348.909424
v 385.080444 20.000000 364.143951
v 392.728088 20.000000 366.927582
v 398.282928 20.000000 351.706757
v 277.334320 0.000000 354.462982
v 296.292023 0.000000 296.966553
v 374.416046 0.000000 322.718628
v 355.458313 0.000000 380.228638
v 277.334320 99.980003 354.462982
v 355.458313 99.980003 380.228638
v 374.416046 99.980003 322.718628
v 296.292023 99.980003 296.966553
v 382.575745 0.000000 345.522461
v 389.856049 0.000000 348.155243
v 384.223297 0.000000 363.718872
v 376.942993 0.000000 361.086090
v 382.575745 20.000000 345.522461
v 376.942993 20.000000 361.086090
v 384.223297 20.000000 363.718872
v 389.856049 20.000000 348.155243
v 401.411011 0.000000 343.671265
v 409.826752 0.000000 346.304077
v 403.615143 0.000000 366.283081
v 395.199371 0.000000 363.650299
v 401.411011 20.000000 343.671265
v 395.199371 20.000000 363.650299
v 403.615143 20.000000 366.283081
v 409.826752 20.000000 346.304077
v -292.009216 0.000000 -200.658279
v -310.521667 0.000000 -200.356583
v -310.822235 0.000000 -184.833328
v -304.655121 0.000000 -185.697250
v -304.655121 0.000000 -189.578064
v -292.009216 0.000000 -191.703598
v -292.009216 20.000000 -200.658279
v -310.521667 20.000000 -200.356583
v -310.822235 20.000000 -184.833328
v -304.655121 20.000000 -185.697250
v -304.655121 20.000000 -189.578064
v -292.009216 20.000000 -191.703598
v -290.517548 0.000000 -190.496841
v -276.491302 0.000000 -191.991577
v -274.097931 0.000000 -181.240494
v -288.135315 0.000000 -179.156097
v -290.517548 20.000000 -190.496841
v -288.135315 20.000000 -179.156097
v -274.097931 20.000000 -181.240494
v -276.491302 20.000000 -191.991577
v -81.515205 0.000000 130.179947
v -48.664822 0.000000 143.604691
v -63.002769 0.000000 177.941254
v -95.541458 0.000000 163.611511
v -81.515205 27.000000 130.179947
v -95.541458 27.000000 163.611511
v -63.002769 27.000000 177.941254
v -48.664822 27.000000 143.604691
v -235.202896 0.000000 -131.530548
v -227.588638 0.000000 -132.641312
v -223.325104 0.000000 -112.784828
v -234.690826 0.000000 -106.600250
v -238.564743 0.000000 -114.060135
v -241.058304 0.000000 -112.839676
v -245.722580 0.000000 -122.191971
v -242.739227 0.000000 -123.535843
v -239.533218 0.000000 -118.242615
v -233.855927 0.000000 -123.686691
v -235.202896 20.000000 -131.530548
v -233.855927 20.000000 -123.686691
v -239.533218 20.000000 -118.242615
v -242.739227 20.000000 -123.535843
v -245.722580 20.000000 -122.191971
v -241.058304 20.000000 -112.839676
v -238.564743 20.000000 -114.060135
v -234.690826 20.000000 -106.600250
v -223.325104 20.000000 -112.784828
v -227.588638 20.000000 -132.641312
v -283.604614 0.000000 -139.415558
v -259.726562 0.000000 -144.407120
v -257.967712 0.000000 -135.959869
v -281.845764 0.000000 -130.968323
v -283.604614 20.000000 -139.415558
v -281.845764 20.000000 -130.968323
v -257.967712 20.000000 -135.959869
v -259.726562 20.000000 -144.407120
v -293.267151 0.000000 -170.132874
v -248.538971 0.000000 -178.977829
v -242.895065 0.000000 -150.386017
v -287.612122 0.000000 -141.554794
v -293.267151 20.000000 -170.132874
v -287.612122 20.000000 -141.554794
v -242.895065 20.000000 -150.386017
v -248.538971 20.000000 -178.977829
v -305.156067 0.000000 -230.511826
v -288.536072 0.000000 -228.098312
v -289.927551 0.000000 -215.578186
v -307.538300 0.000000 -219.760696
v -305.156067 20.000000 -230.511826
v -307.538300 20.000000 -219.760696
v -289.927551 20.000000 -215.578186
v -288.536072 20.000000 -228.098312
v -274.209229 0.000000 -210.682587
v -288.536072 0.000000 -209.695236
v -288.023987 0.000000 -202.235291
v -273.697174 0.000000 -203.208923
v -274.209229 20.000000 -210.682587
v -288.536072 20.000000 -209.695236
v -288.023987 20.000000 -202.235291
v -273.697174 20.000000 -203.208923
v -290.439636 0.000000 -93.806007
v -278.906921 0.000000 -103.226845
v -261.195984 0.000000 -81.546585
v -272.717560 0.000000 -72.125763
v -290.439636 20.000000 -93.806007
v -272.717560 20.000000 -72.125763
v -261.195984 20.000000 -81.546585
v -278.906921 20.000000 -103.226845
v -279.897675 0.000000 -201.069672
v -274.854889 0.000000 -201.453644
v -274.309418 0.000000 -194.309097
v -279.352203 0.000000 -193.925125
v -279.897675 20.000000 -201.069672
v -279.352203 20.000000 -193.925125
v -274.309418 20.000000 -194.309097
v -274.854889 20.000000 -201.453644
v -166.607819 0.000000 129.878265
v -140.035858 0.000000 141.218674
v -148.696518 0.000000 160.923828
v -142.418091 0.000000 171.976242
v -157.646606 0.000000 181.232300
v -166.908386 0.000000 169.891922
v -180.645203 0.000000 163.913193
v -166.607819 20.000000 129.878265
v -180.645203 20.000000 163.913193
v -166.908386 20.000000 169.891922
v -157.646606 20.000000 181.232300
v -142.418091 20.000000 171.976242
v -148.696518 20.000000 160.923828
v -140.035858 20.000000 141.218674
v -104.803238 0.000000 165.997528
v -69.370247 0.000000 180.958038
v -76.138474 0.000000 197.660049
v -119.731186 0.000000 203.926727
v -104.803238 20.000000 165.997528
v -119.731186 20.000000 203.926727
v -76.138474 20.000000 197.660049
v -69.370247 20.000000 180.958038
v -267.218384 0.000000 -129.309036
v -273.107178 0.000000 -127.430351
v -269.956848 0.000000 -117.488396
v -264.068024 0.000000 -119.353371
v -267.218384 20.000000 -129.309036
v -273.107178 20.000000 -127.430351
v -269.956848 20.000000 -117.488396
v -264.068024 20.000000 -119.353371
v -307.983582 0.000000 -152.360703
v -298.632751 0.000000 -155.336441
v -293.768066 0.000000 -140.101212
v -303.118927 0.000000 -137.111771
v -307.983582 20.000000 -152.360703
v -303.118927 20.000000 -137.111771
v -293.768066 20.000000 -140.101212
v -298.632751 20.000000 -155.336441
v -287.701172 0.000000 -201.124527
v -282.224243 0.000000 -201.261658
v -282.035004 0.000000 -193.979980
v -287.511932 0.000000 -193.829132
v -287.701172 20.000000 -201.124527
v -287.511932 20.000000 -193.829132
v -282.035004 20.000000 -193.979980
v -282.224243 20.000000 -201.261658
v -254.984360 0.000000 -135.562195
v -266.338959 0.000000 -131.379715
v -258.869415 0.000000 -119.147675
v -249.318207 0.000000 -126.305878
v -254.984360 20.000000 -135.562195
v -266.338959 20.000000 -131.379715
v -258.869415 20.000000 -119.147675
v -249.318207 20.000000 -126.305878
v -271.704559 0.000000 -231.704865
v -262.264648 0.000000 -233.761841
v -254.093811 0.000000 -206.033829
v -250.809891 0.000000 -206.321808
v -247.826523 0.000000 -198.861862
v -253.192123 0.000000 -197.668808
v -251.411011 0.000000 -190.208862
v -266.038391 0.000000 -186.917725
v -267.830627 0.000000 -193.787994
v -272.606232 0.000000 -192.594955
v -272.906799 0.000000 -202.153015
v -265.838013 0.000000 -204.799652
v -271.704559 20.000000 -231.704865
v -265.838013 20.000000 -204.799652
v -272.906799 20.000000 -202.153015
v -272.606232 20.000000 -192.594955
v -267.830627 20.000000 -193.787994
v -266.038391 20.000000 -186.917725
v -251.411011 20.000000 -190.208862
v -253.192123 20.000000 -197.668808
v -247.826523 20.000000 -198.861862
v -250.809891 20.000000 -206.321808
v -254.093811 20.000000 -206.033829
v -262.264648 20.000000 -233.761841
v -286.543427 0.000000 -236.984451
v -276.001495 0.000000 -237.053009
v -275.879028 0.000000 -216.167847
v -286.420990 0.000000 -216.099289
v -286.543427 20.000000 -236.984451
v -286.420990 20.000000 -216.099289
v -275.879028 20.000000 -216.167847
v -276.001495 20.000000 -237.053009
v -252.268173 0.000000 -248.626953
v -301.148560 0.000000 -261.462524
v -304.888885 0.000000 -247.187057
v -256.008514 0.000000 -234.351517
v -252.268173 20.000000 -248.626953
v -301.148560 20.000000 -261.462524
v -304.888885 20.000000 -247.187057
v -256.008514 20.000000 -234.351517
v -304.554932 0.000000 -244.842102
v -286.933044 0.000000 -240.069916
v -288.135315 0.000000 -231.403183
v -305.445496 0.000000 -233.501297
v -304.554932 20.000000 -244.842102
v -305.445496 20.000000 -233.501297
v -288.135315 20.000000 -231.403183
v -286.933044 20.000000 -240.069916
v -302.829468 0.000000 -133.656082
v -291.920166 0.000000 -137.290039
v -287.433990 0.000000 -123.810104
v -275.355835 0.000000 -127.828033
v -271.314941 0.000000 -115.664558
v -294.291290 0.000000 -108.026405
v -302.829468 20.000000 -133.656082
v -294.291290 20.000000 -108.026405
v -271.314941 20.000000 -115.664558
v -275.355835 20.000000 -127.828033
v -287.433990 20.000000 -123.810104
v -291.920166 20.000000 -137.290039
v -250.375732 0.000000 -136.727798
v -229.469940 0.000000 -143.913452
v -226.965256 0.000000 -136.631805
v -247.871048 0.000000 -129.446167
v -250.375732 20.000000 -136.727798
v -247.871048 20.000000 -129.446167
v -226.965256 20.000000 -136.631805
v -229.469940 20.000000 -143.913452
v -248.294067 0.000000 -119.010544
v -272.216614 0.000000 -102.253220
v -260.973358 0.000000 -86.209007
v -237.061920 0.000000 -102.966301
v -248.294067 20.000000 -119.010544
v -272.216614 20.000000 -102.253220
v -260.973358 20.000000 -86.209007
v -237.061920 20.000000 -102.966301
v -292.732819 0.000000 -210.079208
v -308.406586 0.000000 -209.873505
v -308.306396 0.000000 -202.303848
v -292.643738 0.000000 -202.509552
v -292.732819 20.000000 -210.079208
v -308.406586 20.000000 -209.873505
v -308.306396 20.000000 -202.303848
v -292.643738 20.000000 -202.509552
v -290.216980 0.000000 -186.616028
v -306.647736 0.000000 -182.447235
v -305.445496 0.000000 -173.478867
v -288.836609 0.000000 -176.742584
v -290.216980 20.000000 -186.616028
v -306.647736 20.000000 -182.447235
v -305.445496 20.000000 -173.478867
v -288.836609 20.000000 -176.742584
v -92.546967 0.000000 -217.429459
v -92.713943 0.000000 -207.734253
v -84.810257 0.000000 -207.610840
v -84.643280 0.000000 -217.292328
v -92.546967 20.000000 -217.429459
v -92.713943 20.000000 -207.734253
v -84.810257 20.000000 -207.610840
v -84.643280 20.000000 -217.292328
v -156.744919 0.000000 16.089472
v -185.543274 0.000000 39.894985
v -176.737900 0.000000 50.536144
v -147.939545 0.000000 26.730654
v -156.744919 20.000000 16.089472
v -185.543274 20.000000 39.894985
v -176.737900 20.000000 50.536144
v -147.939545 20.000000 26.730654
v -384.704956 0.000000 -56.150158
v -390.805267 0.000000 -52.337955
v -380.675201 0.000000 -36.156681
v -374.574890 0.000000 -39.982590
v -384.704956 20.000000 -56.150158
v -390.805267 20.000000 -52.337955
v -380.675201 20.000000 -36.156681
v -374.574890 20.000000 -39.982590
v -192.600922 0.000000 -32.550179
v -197.955383 0.000000 -38.926693
v -201.962891 0.000000 -35.553310
v -203.042694 0.000000 -36.828613
v -209.454697 0.000000 -31.439432
v -203.031555 0.000000 -23.787622
v -192.600922 20.000000 -32.550179
v -197.955383 20.000000 -38.926693
v -201.962891 20.000000 -35.553310
v -203.042694 20.000000 -36.828613
v -209.454697 20.000000 -31.439432
v -203.031555 20.000000 -23.787622
v -190.352264 0.000000 -32.275921
v -202.575150 0.000000 -22.251776
v -195.528625 0.000000 -13.667493
v -183.316879 0.000000 -23.705345
v -190.352264 20.000000 -32.275921
v -202.575150 20.000000 -22.251776
v -195.528625 20.000000 -13.667493
v -183.316879 20.000000 -23.705345
v -201.684586 0.000000 -79.873604
v -220.742493 0.000000 -64.460213
v -222.590393 0.000000 -58.975029
v -211.391647 0.000000 -54.792576
v -209.599411 0.000000 -59.866371
v -207.161514 0.000000 -59.084732
v -205.814545 0.000000 -62.663815
v -203.276459 0.000000 -61.772472
v -202.129868 0.000000 -65.845222
v -198.701233 0.000000 -64.953880
v -195.361649 0.000000 -75.348320
v -197.510117 0.000000 -75.992828
v -197.209549 0.000000 -78.378883
v -201.684586 20.000000 -79.873604
v -220.742493 20.000000 -64.460213
v -222.590393 20.000000 -58.975029
v -211.391647 20.000000 -54.792576
v -209.599411 20.000000 -59.866371
v -207.161514 20.000000 -59.084732
v -205.814545 20.000000 -62.663815
v -203.276459 20.000000 -61.772472
v -202.129868 20.000000 -65.845222
v -198.701233 20.000000 -64.953880
v -195.361649 20.000000 -75.348320
v -197.510117 20.000000 -75.992828
v -197.209549 20.000000 -78.378883
v -80.613518 0.000000 -266.934082
v -80.758232 0.000000 -236.627899
v -68.524216 0.000000 -234.831482
v -70.316460 0.000000 -218.704788
v -61.499958 0.000000 -217.223770
v -59.707714 0.000000 -219.308167
v -55.533234 0.000000 -263.354950
v -80.613518 20.000000 -266.934082
v -80.758232 20.000000 -236.627899
v -68.524216 20.000000 -234.831482
v -70.316460 20.000000 -218.704788
v -61.499958 20.000000 -217.223770
v -59.707714 20.000000 -219.308167
v -55.533234 20.000000 -263.354950
v -81.726707 0.000000 -229.538193
v -82.706322 0.000000 -215.605606
v -76.338844 0.000000 -215.166794
v -76.194130 0.000000 -217.141479
v -72.453796 0.000000 -216.880936
v -71.607765 0.000000 -228.825104
v -81.726707 20.000000 -229.538193
v -82.706322 20.000000 -215.605606
v -76.338844 20.000000 -215.166794
v -76.194130 20.000000 -217.141479
v -72.453796 20.000000 -216.880936
v -71.607765 20.000000 -228.825104
v -257.544708 0.000000 -74.744949
v -266.906677 0.000000 -66.818848
v -256.164337 0.000000 -54.134354
v -246.813507 0.000000 -62.046730
v -257.544708 20.000000 -74.744949
v -266.906677 20.000000 -66.818848
v -256.164337 20.000000 -54.134354
v -246.813507 20.000000 -62.046730
v -133.200836 0.000000 -234.735489
v -134.024612 0.000000 -213.836609
v -124.618111 0.000000 -213.466354
v -123.794342 0.000000 -234.365234
v -133.200836 20.000000 -234.735489
v -134.024612 20.000000 -213.836609
v -124.618111 20.000000 -213.466354
v -123.794342 20.000000 -234.365234
v -141.338303 0.000000 117.303688
v -148.418213 0.000000 114.437721
v -154.685501 0.000000 129.891968
v -147.605591 0.000000 132.757935
v -141.338303 20.000000 117.303688
v -148.418213 20.000000 114.437721
v -154.685501 20.000000 129.891968
v -147.605591 20.000000 132.757935
v -210.790527 0.000000 -30.314972
v -214.675583 0.000000 -27.174713
v -213.128235 0.000000 -24.898369
v -216.412155 0.000000 -22.210636
v -211.091095 0.000000 -15.834132
v -203.476837 0.000000 -22.251776
v -210.790527 20.000000 -30.314972
v -214.675583 20.000000 -27.174713
v -213.128235 20.000000 -24.898369
v -216.412155 20.000000 -22.210636
v -211.091095 20.000000 -15.834132
v -203.476837 20.000000 -22.251776
v -115.122559 0.000000 -268.442535
v -116.068771 0.000000 -245.363205
v -108.588104 0.000000 -245.047806
v -107.630753 0.000000 -268.140839
v -115.122559 20.000000 -268.442535
v -116.068771 20.000000 -245.363205
v -108.588104 20.000000 -245.047806
v -107.630753 20.000000 -268.140839
v -122.603226 0.000000 -233.583572
v -123.972458 0.000000 -208.337631
v -105.037010 0.000000 -207.322861
v -103.667778 0.000000 -232.568802
v -122.603226 20.000000 -233.583572
v -123.972458 20.000000 -208.337631
v -105.037010 20.000000 -207.322861
v -103.667778 20.000000 -232.568802
v -134.057999 0.000000 106.594032
v -137.943054 0.000000 117.043144
v -124.651505 0.000000 123.309868
v -122.859261 0.000000 118.976639
v -127.189590 0.000000 109.720535
v -134.057999 20.000000 106.594032
v -137.943054 20.000000 117.043144
v -124.651505 20.000000 123.309868
v -122.859261 20.000000 118.976639
v -127.189590 20.000000 109.720535
v -158.091873 0.000000 -240.810425
v -158.837723 0.000000 -218.115112
v -155.253235 0.000000 -213.932602
v -150.332916 0.000000 -213.480072
v -147.895020 0.000000 -241.070984
v -158.091873 20.000000 -240.810425
v -158.837723 20.000000 -218.115112
v -155.253235 20.000000 -213.932602
v -150.332916 20.000000 -213.480072
v -147.895020 20.000000 -241.070984
v -103.088921 0.000000 -233.103622
v -104.246643 0.000000 -206.952606
v -93.682426 0.000000 -206.486359
v -93.047905 0.000000 -220.789185
v -83.674797 0.000000 -220.377792
v -83.162727 0.000000 -232.212265
v -103.088921 20.000000 -233.103622
v -104.246643 20.000000 -206.952606
v -93.682426 20.000000 -206.486359
v -93.047905 20.000000 -220.789185
v -83.674797 20.000000 -220.377792
v -83.162727 20.000000 -232.212265
v -124.384338 0.000000 124.132629
v -136.573822 0.000000 119.250893
v -138.666626 0.000000 124.489159
v -143.086014 0.000000 122.720215
v -145.256744 0.000000 128.164169
v -140.948685 0.000000 129.891968
v -143.219589 0.000000 135.569046
v -130.918793 0.000000 140.478195
v -124.384338 20.000000 124.132629
v -136.573822 20.000000 119.250893
v -138.666626 20.000000 124.489159
v -143.086014 20.000000 122.720215
v -145.256744 20.000000 128.164169
v -140.948685 20.000000 129.891968
v -143.219589 20.000000 135.569046
v -130.918793 20.000000 140.478195
v -136.440247 0.000000 103.371529
v -155.832092 0.000000 96.117477
v -160.518646 0.000000 108.609802
v -141.115662 0.000000 115.877563
v -136.440247 20.000000 103.371529
v -155.832092 20.000000 96.117477
v -160.518646 20.000000 108.609802
v -141.115662 20.000000 115.877563
v -202.909103 0.000000 -20.249689
v -211.013168 0.000000 -13.653780
v -213.295212 0.000000 -16.464926
v -228.824280 0.000000 -3.849056
v -219.696091 0.000000 7.381797
v -196.062958 0.000000 -11.816251
v -202.909103 20.000000 -20.249689
v -211.013168 20.000000 -13.653780
v -213.295212 20.000000 -16.464926
v -228.824280 20.000000 -3.849056
v -219.696091 20.000000 7.381797
v -196.062958 20.000000 -11.816251
v -146.882004 0.000000 -242.593140
v -148.529541 0.000000 -214.686829
v -135.071014 0.000000 -213.905182
v -133.434616 0.000000 -241.811493
v -146.882004 20.000000 -242.593140
v -148.529541 20.000000 -214.686829
v -135.071014 20.000000 -213.905182
v -133.434616 20.000000 -241.811493
v -446.364838 0.000000 198.661072
v -446.765594 0.000000 197.646347
v -438.750580 0.000000 194.506149
v -427.774475 0.000000 220.299606
v -444.817505 0.000000 227.882675
v -448.223877 0.000000 220.217331
v -439.474152 0.000000 216.322937
v -442.446381 0.000000 208.698730
v -462.105408 0.000000 217.337677
v -466.435730 0.000000 207.478302
v -446.364838 20.000000 198.661072
v -466.435730 20.000000 207.478302
v -462.105408 20.000000 217.337677
v -442.446381 20.000000 208.698730
v -439.474152 20.000000 216.322937
v -448.223877 20.000000 220.217331
v -444.817505 20.000000 227.882675
v -427.774475 20.000000 220.299606
v -438.750580 20.000000 194.506149
v -446.765594 20.000000 197.646347
v -256.342468 0.000000 60.354523
v -255.652283 0.000000 57.995918
v -254.182861 0.000000 58.325024
v -250.754227 0.000000 57.707951
v -244.075058 0.000000 59.463188
v -238.976624 0.000000 61.424122
v -236.238159 0.000000 63.138222
v -231.551605 0.000000 65.414551
v -231.429153 0.000000 68.993591
v -241.303192 0.000000 77.605225
v -256.342468 20.000000 60.354523
v -241.303192 20.000000 77.605225
v -231.429153 20.000000 68.993591
v -231.551605 20.000000 65.414551
v -236.238159 20.000000 63.138222
v -238.976624 20.000000 61.424122
v -244.075058 20.000000 59.463188
v -250.754227 20.000000 57.707951
v -254.182861 20.000000 58.325024
v -255.652283 20.000000 57.995918
v -484.514038 0.000000 216.144684
v -466.936676 0.000000 208.301056
v -462.439362 0.000000 217.817612
v -471.022095 0.000000 221.862839
v -467.493286 0.000000 229.898422
v -448.769348 0.000000 221.602295
v -445.006744 0.000000 230.076691
v -463.485779 0.000000 238.263107
v -462.528412 0.000000 240.470840
v -473.972076 0.000000 245.475922
v -477.189209 0.000000 238.139694
v -475.218842 0.000000 237.275803
v -484.514038 20.000000 216.144684
v -475.218842 20.000000 237.275803
v -477.189209 20.000000 238.139694
v -473.972076 20.000000 245.475922
v -462.528412 20.000000 240.470840
v -463.485779 20.000000 238.263107
v -445.006744 20.000000 230.076691
v -448.769348 20.000000 221.602295
v -467.493286 20.000000 229.898422
v -471.022095 20.000000 221.862839
v -462.439362 20.000000 217.817612
v -466.936676 20.000000 208.301056
v -283.537811 0.000000 64.344948
v -295.938812 0.000000 77.385818
v -304.488129 0.000000 69.267845
v -300.770081 0.000000 65.373413
v -305.067017 0.000000 59.860859
v -310.577332 0.000000 57.049732
v -313.749939 0.000000 60.025414
v -304.053986 0.000000 70.172890
v -314.618225 0.000000 81.609360
v -335.635345 0.000000 67.773148
v -313.204468 0.000000 46.888531
v -298.365570 0.000000 62.836540
v -292.087158 0.000000 56.226963
v -283.537811 20.000000 64.344948
v -292.087158 20.000000 56.226963
v -298.365570 20.000000 62.836540
v -313.204468 20.000000 46.888531
v -335.635345 20.000000 67.773148
v -314.618225 20.000000 81.609360
v -304.053986 20.000000 70.172890
v -313.749939 20.000000 60.025414
v -310.577332 20.000000 57.049732
v -305.067017 20.000000 59.860859
v -300.770081 20.000000 65.373413
v -304.488129 20.000000 69.267845
v -295.938812 20.000000 77.385818
v -32.412174 0.000000 322.746033
v -6.797560 0.000000 321.498199
v -6.318886 0.000000 331.179230
v -13.498994 0.000000 331.535736
v -13.354279 0.000000 334.771881
v -6.051720 0.000000 334.470215
v -4.816073 0.000000 364.459351
v -12.864472 0.000000 364.788452
v -12.931264 0.000000 363.225220
v -19.376663 0.000000 363.280060
v -19.432322 0.000000 356.451263
v -15.491612 0.000000 356.410126
v -16.604807 0.000000 331.686584
v -63.971252 0.000000 334.003998
v -62.702209 0.000000 358.288757
v -59.473942 0.000000 358.151611
v -59.162247 0.000000 365.501495
v -65.518593 0.000000 365.775726
v -65.518593 0.000000 366.845306
v -72.899071 0.000000 366.859009
v -72.965866 0.000000 338.405701
v -66.698578 0.000000 338.391968
v -66.921219 0.000000 334.141113
v -74.568863 0.000000 334.511353
v -75.047539 0.000000 324.830353
v -50.022919 0.000000 323.609924
v -50.067448 0.000000 322.595215
v -55.522102 0.000000 322.896881
v -55.911720 0.000000 315.780090
v -50.345745 0.000000 315.478424
v -50.423668 0.000000 313.599823
v -32.801792 0.000000 312.900482
v -32.746132 0.000000 314.532257
v -26.501110 0.000000 314.189453
v -26.111492 0.000000 321.306244
v -32.456703 0.000000 321.649048
v -32.412174 20.000000 322.746033
v -32.456703 20.000000 321.649048
v -26.111492 20.000000 321.306244
v -26.501110 20.000000 314.189453
v -32.746132 20.000000 314.532257
v -32.801792 20.000000 312.900482
v -50.423668 20.000000 313.599823
v -50.345745 20.000000 315.478424
v -55.911720 20.000000 315.780090
v -55.522102 20.000000 322.896881
v -50.067448 20.000000 322.595215
v -50.022919 20.000000 323.609924
v -75.047539 20.000000 324.830353
v -74.568863 20.000000 334.511353
v -66.921219 20.000000 334.141113
v -66.698578 20.000000 338.391968
v -72.965866 20.000000 338.405701
v -72.899071 20.000000 366.859009
v -65.518593 20.000000 366.845306
v -65.518593 20.000000 365.775726
v -59.162247 20.000000 365.501495
v -59.473942 20.000000 358.151611
v -62.702209 20.000000 358.288757
v -63.971252 20.000000 334.003998
v -16.604807 20.000000 331.686584
v -15.491612 20.000000 356.410126
v -19.432322 20.000000 356.451263
v -19.376663 20.000000 363.280060
v -12.931264 20.000000 363.225220
v -12.864472 20.000000 364.788452
v -4.816073 20.000000 364.459351
v -6.051720 20.000000 334.470215
v -13.354279 20.000000 334.771881
v -13.498994 20.000000 331.535736
v -6.318886 20.000000 331.179230
v -6.797560 20.000000 321.498199
v 11.837322 0.000000 245.229095
v 25.663204 0.000000 243.199631
v 26.865454 0.000000 251.454605
v 13.050705 0.000000 253.484070
v 11.837322 20.000000 245.229095
v 13.050705 20.000000 253.484070
v 26.865454 20.000000 251.454605
v 25.663204 20.000000 243.199631
v 7.952272 0.000000 190.954575
v 17.191790 0.000000 194.752975
v 7.807557 0.000000 217.557083
v -1.431961 0.000000 213.758682
v 7.952272 20.000000 190.954575
v -1.431961 20.000000 213.758682
v 7.807557 20.000000 217.557083
v 17.191790 20.000000 194.752975
v -290.962830 0.000000 89.946732
v -285.830994 0.000000 84.571320
v -281.344818 0.000000 88.849709
v -286.487793 0.000000 94.225121
v -290.962830 20.000000 89.946732
v -286.487793 20.000000 94.225121
v -281.344818 20.000000 88.849709
v -285.830994 20.000000 84.571320
v 102.618370 0.000000 335.018707
v 121.687393 0.000000 333.318359
v 122.410973 0.000000 341.408722
v 103.330811 0.000000 343.109070
v 102.618370 20.000000 335.018707
v 103.330811 20.000000 343.109070
v 122.410973 20.000000 341.408722
v 121.687393 20.000000 333.318359
v 86.922318 0.000000 348.182678
v 97.464272 0.000000 346.619446
v 99.200859 0.000000 358.357300
v 88.670036 0.000000 359.920532
v 86.922318 20.000000 348.182678
v 88.670036 20.000000 359.920532
v 99.200859 20.000000 358.357300
v 97.464272 20.000000 346.619446
v 123.568695 0.000000 112.120270
v 132.485382 0.000000 115.671867
v 127.954681 0.000000 127.039726
v 119.037994 0.000000 123.488129
v 123.568695 20.000000 112.120270
v 119.037994 20.000000 123.488129
v 127.954681 20.000000 127.039726
v 132.485382 20.000000 115.671867
v 35.615166 0.000000 203.035400
v 49.908588 0.000000 208.671295
v 45.466942 0.000000 219.956787
v 31.173519 0.000000 214.320892
v 35.615166 20.000000 203.035400
v 31.173519 20.000000 214.320892
v 45.466942 20.000000 219.956787
v 49.908588 20.000000 208.671295
v 104.488533 0.000000 348.566620
v 103.920807 0.000000 343.712402
v 115.587090 0.000000 342.354889
v 116.154816 0.000000 347.195374
v 104.488533 20.000000 348.566620
v 116.154816 20.000000 347.195374
v 115.587090 20.000000 342.354889
v 103.920807 20.000000 343.712402
v -47.729736 0.000000 171.427734
v -37.544003 0.000000 175.527832
v -40.137749 0.000000 181.972778
v -50.323483 0.000000 177.872696
v -47.729736 20.000000 171.427734
v -50.323483 20.000000 177.872696
v -40.137749 20.000000 181.972778
v -37.544003 20.000000 175.527832
v -474.417358 0.000000 189.007370
v -447.722931 0.000000 176.460297
v -440.598480 0.000000 191.599060
v -467.292908 0.000000 204.159851
v -474.417358 20.000000 189.007370
v -467.292908 20.000000 204.159851
v -440.598480 20.000000 191.599060
v -447.722931 20.000000 176.460297
v 21.310612 0.000000 196.028244
v 34.780270 0.000000 201.664139
v 31.240311 0.000000 210.138550
v 17.770651 0.000000 204.502655
v 21.310612 20.000000 196.028244
v 17.770651 20.000000 204.502655
v 31.240311 20.000000 210.138550
v 34.780270 20.000000 201.664139
v 116.555565 0.000000 92.524734
v 139.431717 0.000000 101.630013
v 135.101395 0.000000 112.504227
v 112.225243 0.000000 103.398956
v 116.555565 20.000000 92.524734
v 112.225243 20.000000 103.398956
v 135.101395 20.000000 112.504227
v 139.431717 20.000000 101.630013
v 72.818138 0.000000 224.783630
v 88.046646 0.000000 221.972534
v 90.985481 0.000000 237.865448
v 75.756973 0.000000 240.676529
v 72.818138 20.000000 224.783630
v 75.756973 20.000000 240.676529
v 90.985481 20.000000 237.865448
v 88.046646 20.000000 221.972534
v 86.076294 0.000000 338.131439
v 92.655273 0.000000 337.486938
v 93.590355 0.000000 346.948547
v 87.011375 0.000000 347.593048
v 86.076294 20.000000 338.131439
v 87.011375 20.000000 347.593048
v 93.590355 20.000000 346.948547
v 92.655273 20.000000 337.486938
v 89.371346 0.000000 200.512283
v 84.105934 0.000000 214.608871
v 70.257790 0.000000 215.911560
v 78.395248 0.000000 196.412201
v 89.371346 20.000000 200.512283
v 78.395248 20.000000 196.412201
v 70.257790 20.000000 215.911560
v 84.105934 20.000000 214.608871
v 1.028200 0.000000 264.097595
v 6.171161 0.000000 263.329681
v 8.353023 0.000000 277.810150
v 3.210062 0.000000 278.591766
v 1.028200 20.000000 264.097595
v 3.210062 20.000000 278.591766
v 8.353023 20.000000 277.810150
v 6.171161 20.000000 263.329681
v -321.386444 0.000000 254.937607
v -328.744659 0.000000 240.827362
v -304.499268 0.000000 228.170639
v -297.129913 0.000000 242.267181
v -321.386444 20.000000 254.937607
v -297.129913 20.000000 242.267181
v -304.499268 20.000000 228.170639
v -328.744659 20.000000 240.827362
v 89.816628 0.000000 200.896240
v 104.878151 0.000000 207.409744
v 103.464394 0.000000 210.330521
v 85.107811 0.000000 212.551971
v 89.816628 20.000000 200.896240
v 85.107811 20.000000 212.551971
v 103.464394 20.000000 210.330521
v 104.878151 20.000000 207.409744
v 32.843311 0.000000 257.570404
v 44.309219 0.000000 257.186462
v 44.776760 0.000000 271.159546
v 33.310852 0.000000 271.543518
v 32.843311 20.000000 257.570404
v 33.310852 20.000000 271.543518
v 44.776760 20.000000 271.159546
v 44.309219 20.000000 257.186462
v 92.176598 0.000000 266.524719
v 101.148949 0.000000 264.700958
v 104.243629 0.000000 280.004150
v 95.271278 0.000000 281.814209
v 92.176598 20.000000 266.524719
v 95.271278 20.000000 281.814209
v 104.243629 20.000000 280.004150
v 101.148949 20.000000 264.700958
v 89.872284 0.000000 360.647278
v 100.837257 0.000000 359.687408
v 101.805733 0.000000 370.712219
v 90.840767 0.000000 371.672089
v 89.872284 20.000000 360.647278
v 90.840767 20.000000 371.672089
v 101.805733 20.000000 370.712219
v 100.837257 20.000000 359.687408
v -329.479370 0.000000 149.007492
v -339.531525 0.000000 132.195709
v -312.547668 0.000000 116.055824
v -302.495514 0.000000 132.867630
v -329.479370 20.000000 149.007492
v -302.495514 20.000000 132.867630
v -312.547668 20.000000 116.055824
v -339.531525 20.000000 132.195709
v 133.442734 0.000000 116.535774
v 162.430328 0.000000 128.410995
v 157.710388 0.000000 139.929688
v 128.722794 0.000000 128.068176
v 133.442734 20.000000 116.535774
v 128.722794 20.000000 128.068176
v 157.710388 20.000000 139.929688
v 162.430328 20.000000 128.410995
v 181.588409 0.000000 169.069168
v 184.816681 0.000000 170.344437
v 182.690475 0.000000 175.706100
v 179.462219 0.000000 174.417099
v 181.588409 20.000000 169.069168
v 179.462219 20.000000 174.417099
v 182.690475 20.000000 175.706100
v 184.816681 20.000000 170.344437
v 133.030853 0.000000 84.489044
v 143.851105 0.000000 88.794861
v 141.702637 0.000000 94.197693
v 130.882385 0.000000 89.891884
v 133.030853 20.000000 84.489044
v 130.882385 20.000000 89.891884
v 141.702637 20.000000 94.197693
v 143.851105 20.000000 88.794861
v 55.530224 0.000000 295.704987
v 72.951721 0.000000 292.345428
v 75.968483 0.000000 308.018829
v 58.558113 0.000000 311.378387
v 55.530224 20.000000 295.704987
v 58.558113 20.000000 311.378387
v 75.968483 20.000000 308.018829
v 72.951721 20.000000 292.345428
v -264.580109 0.000000 51.112083
v -245.945221 0.000000 73.902771
v -256.943573 0.000000 82.884651
v -274.476410 0.000000 61.849220
v -264.580109 20.000000 51.112083
v -274.476410 20.000000 61.849220
v -256.943573 20.000000 82.884651
v -245.945221 20.000000 73.902771
v 8.174911 0.000000 265.784241
v 15.700109 0.000000 264.742096
v 17.225185 0.000000 275.753265
v 9.699988 0.000000 276.795410
v 8.174911 20.000000 265.784241
v 9.699988 20.000000 276.795410
v 17.225185 20.000000 275.753265
v 15.700109 20.000000 264.742096
v 121.553810 0.000000 79.072495
v 132.129166 0.000000 83.282318
v 128.121658 0.000000 93.374924
v 117.535179 0.000000 89.165100
v 121.553810 20.000000 79.072495
v 117.535179 20.000000 89.165100
v 128.121658 20.000000 93.374924
v 132.129166 20.000000 83.282318
v 45.099586 0.000000 262.877167
v 59.081314 0.000000 260.230652
v 60.884689 0.000000 269.719727
v 46.902962 0.000000 272.379974
v 45.099586 20.000000 262.877167
v 46.902962 20.000000 272.379974
v 60.884689 20.000000 269.719727
v 59.081314 20.000000 260.230652
v 104.377213 0.000000 269.226105
v 116.032364 0.000000 267.292633
v 117.323669 0.000000 275.095062
v 105.668518 0.000000 277.028534
v 104.377213 20.000000 269.226105
v 105.668518 20.000000 277.028534
v 117.323669 20.000000 275.095062
v 116.032364 20.000000 267.292633
v -388.423035 0.000000 98.448647
v -375.187164 0.000000 91.688255
v -364.923492 0.000000 111.818588
v -378.159393 0.000000 118.565254
v -388.423035 20.000000 98.448647
v -378.159393 20.000000 118.565254
v -364.923492 20.000000 111.818588
v -375.187164 20.000000 91.688255
v 177.658829 0.000000 121.966019
v 181.944641 0.000000 112.147690
v 196.026550 0.000000 118.304718
v 191.729614 0.000000 128.123032
v 177.658829 20.000000 121.966019
v 191.729614 20.000000 128.123032
v 196.026550 20.000000 118.304718
v 181.944641 20.000000 112.147690
v -277.259399 0.000000 107.691048
v -284.873657 0.000000 98.901169
v -272.361328 0.000000 88.054367
v -264.747070 0.000000 96.844254
v -277.259399 20.000000 107.691048
v -264.747070 20.000000 96.844254
v -272.361328 20.000000 88.054367
v -284.873657 20.000000 98.901169
v 169.833069 0.000000 140.025681
v 185.896484 0.000000 146.539215
v 183.169144 0.000000 153.587540
v 168.575165 0.000000 147.745926
v 167.840454 0.000000 144.783981
v 169.833069 20.000000 140.025681
v 167.840454 20.000000 144.783981
v 168.575165 20.000000 147.745926
v 183.169144 20.000000 153.587540
v 185.896484 20.000000 146.539215
v 48.450302 0.000000 296.171204
v 52.357616 0.000000 295.334747
v 55.129471 0.000000 308.293091
v 51.233292 0.000000 309.129547
v 48.450302 20.000000 296.171204
v 51.233292 20.000000 309.129547
v 55.129471 20.000000 308.293091
v 52.357616 20.000000 295.334747
v 93.790733 0.000000 338.021729
v 98.488411 0.000000 337.390961
v 99.534821 0.000000 345.193359
v 94.837135 0.000000 345.824127
v 93.790733 20.000000 338.021729
v 94.837135 20.000000 345.824127
v 99.534821 20.000000 345.193359
v 98.488411 20.000000 337.390961
v 190.872467 0.000000 114.794250
v 197.596161 0.000000 99.422256
v 203.640808 0.000000 102.068817
v 196.917114 0.000000 117.440811
v 190.872467 20.000000 114.794250
v 196.917114 20.000000 117.440811
v 203.640808 20.000000 102.068817
v 197.596161 20.000000 99.422256
v -269.010620 0.000000 244.804016
v -226.397522 0.000000 225.016739
v -222.033798 0.000000 234.423584
v -264.646912 0.000000 254.210831
v -269.010620 20.000000 244.804016
v -264.646912 20.000000 254.210831
v -222.033798 20.000000 234.423584
v -226.397522 20.000000 225.016739
v -415.484802 0.000000 161.924850
v -434.275543 0.000000 170.755814
v -440.064148 0.000000 158.441833
v -421.273407 0.000000 149.610855
v -415.484802 20.000000 161.924850
v -421.273407 20.000000 149.610855
v -440.064148 20.000000 158.441833
v -434.275543 20.000000 170.755814
v -279.830872 0.000000 65.702515
v -290.784698 0.000000 55.376770
v -278.762207 0.000000 42.610126
v -267.797241 0.000000 52.935886
v -279.830872 20.000000 65.702515
v -267.797241 20.000000 52.935886
v -278.762207 20.000000 42.610126
v -290.784698 20.000000 55.376770
v 129.769196 0.000000 70.008339
v 142.715652 0.000000 75.520882
v 138.930786 0.000000 84.406769
v 121.609474 0.000000 77.029289
v 123.557564 0.000000 72.449219
v 129.769196 20.000000 70.008339
v 123.557564 20.000000 72.449219
v 121.609474 20.000000 77.029289
v 138.930786 20.000000 84.406769
v 142.715652 20.000000 75.520882
v -274.242645 0.000000 64.358665
v -267.596863 0.000000 72.805748
v -277.704681 0.000000 80.759171
v -284.350433 0.000000 72.312088
v -274.242645 20.000000 64.358665
v -284.350433 20.000000 72.312088
v -277.704681 20.000000 80.759171
v -267.596863 20.000000 72.805748
v 86.877792 0.000000 239.538376
v 94.013374 0.000000 238.523651
v 96.829758 0.000000 258.434296
v 89.683044 0.000000 259.449036
v 86.877792 20.000000 239.538376
v 89.683044 20.000000 259.449036
v 96.829758 20.000000 258.434296
v 94.013374 20.000000 238.523651
v 172.081726 0.000000 134.046936
v 174.675476 0.000000 128.095612
v 189.670212 0.000000 134.650284
v 187.076462 0.000000 140.601608
v 172.081726 20.000000 134.046936
v 187.076462 20.000000 140.601608
v 189.670212 20.000000 134.650284
v 174.675476 20.000000 128.095612
v -18.452711 0.000000 155.699295
v 6.694362 0.000000 166.038666
v -0.251974 0.000000 182.932663
v -25.399048 0.000000 172.579605
v -18.452711 20.000000 155.699295
v -25.399048 20.000000 172.579605
v -0.251974 20.000000 182.932663
v 6.694362 20.000000 166.038666
v 97.185974 0.000000 240.155441
v 105.134186 0.000000 238.770477
v 108.173210 0.000000 256.267731
v 100.224998 0.000000 257.652679
v 97.185974 20.000000 240.155441
v 100.224998 20.000000 257.652679
v 108.173210 20.000000 256.267731
v 105.134186 20.000000 238.770477
v 6.627571 0.000000 285.036652
v 24.961891 0.000000 282.444977
v 26.453571 0.000000 293.044769
v 8.130383 0.000000 295.636444
v 6.627571 20.000000 285.036652
v 8.130383 20.000000 295.636444
v 26.453571 20.000000 293.044769
v 24.961891 20.000000 282.444977
v -12.964660 0.000000 237.316940
v -2.444968 0.000000 236.370773
v -0.652724 0.000000 256.514557
v -11.172416 0.000000 257.460724
v -12.964660 20.000000 237.316940
v -11.172416 20.000000 257.460724
v -0.652724 20.000000 256.514557
v -2.444968 20.000000 236.370773
v 193.811295 0.000000 143.632111
v 225.782257 0.000000 157.166550
v 221.162491 0.000000 168.218979
v 218.668930 0.000000 168.726349
v 188.512482 0.000000 156.330078
v 193.811295 20.000000 143.632111
v 188.512482 20.000000 156.330078
v 218.668930 20.000000 168.726349
v 221.162491 20.000000 168.218979
v 225.782257 20.000000 157.166550
v 132.028976 0.000000 151.366089
v 146.901260 0.000000 157.427094
v 135.134796 0.000000 186.305984
v 133.542923 0.000000 185.647781
v 132.585571 0.000000 187.978928
v 122.544556 0.000000 183.892548
v 121.542679 0.000000 186.347122
v 118.314415 0.000000 185.030701
v 132.028976 20.000000 151.366089
v 118.314415 20.000000 185.030701
v 121.542679 20.000000 186.347122
v 122.544556 20.000000 183.892548
v 132.585571 20.000000 187.978928
v 133.542923 20.000000 185.647781
v 135.134796 20.000000 186.305984
v 146.901260 20.000000 157.427094
v 45.800900 0.000000 250.851257
v 56.109085 0.000000 248.821793
v 57.968121 0.000000 258.283478
v 47.671066 0.000000 260.312927
v 45.800900 20.000000 250.851257
v 47.671066 20.000000 260.312927
v 57.968121 20.000000 258.283478
v 56.109085 20.000000 248.821793
v 194.590530 0.000000 166.491180
v 200.635178 0.000000 168.630356
v 197.106354 0.000000 178.654312
v 191.050568 0.000000 176.515137
v 194.590530 20.000000 166.491180
v 191.050568 20.000000 176.515137
v 197.106354 20.000000 178.654312
v 200.635178 20.000000 168.630356
v -399.376862 0.000000 102.425354
v -389.692078 0.000000 123.460701
v -399.243286 0.000000 127.862488
v -408.928101 0.000000 106.813431
v -399.376862 20.000000 102.425354
v -408.928101 20.000000 106.813431
v -399.243286 20.000000 127.862488
v -389.692078 20.000000 123.460701
v 201.759506 0.000000 171.345459
v 218.368378 0.000000 178.188080
v 213.102966 0.000000 190.995712
v 196.482956 0.000000 184.139389
v 201.759506 20.000000 171.345459
v 196.482956 20.000000 184.139389
v 213.102966 20.000000 190.995712
v 218.368378 20.000000 178.188080
v 23.180779 0.000000 176.460297
v 32.665199 0.000000 180.327255
v 26.097349 0.000000 196.398483
v 16.612928 0.000000 192.517807
v 23.180779 20.000000 176.460297
v 16.612928 20.000000 192.517807
v 26.097349 20.000000 196.398483
v 32.665199 20.000000 180.327255
v -7.064727 0.000000 263.069153
v -0.519141 0.000000 261.835022
v 2.653465 0.000000 278.674042
v -3.892121 0.000000 279.908173
v -7.064727 20.000000 263.069153
v -3.892121 20.000000 279.908173
v 2.653465 20.000000 278.674042
v -0.519141 20.000000 261.835022
v -311.100525 0.000000 81.389954
v -303.319275 0.000000 73.724503
v -295.604858 0.000000 81.554512
v -303.386078 0.000000 89.219955
v -311.100525 20.000000 81.389954
v -303.386078 20.000000 89.219955
v -295.604858 20.000000 81.554512
v -303.319275 20.000000 73.724503
v 75.667915 0.000000 293.469849
v 89.193237 0.000000 290.535370
v 92.221130 0.000000 304.549561
v 78.695808 0.000000 307.484039
v 75.667915 20.000000 293.469849
v 78.695808 20.000000 307.484039
v 92.221130 20.000000 304.549561
v 89.193237 20.000000 290.535370
v -60.175255 0.000000 240.553116
v -51.403278 0.000000 239.264130
v -50.457066 0.000000 245.695328
v -59.229042 0.000000 246.984314
v -60.175255 20.000000 240.553116
v -59.229042 20.000000 246.984314
v -50.457066 20.000000 245.695328
v -51.403278 20.000000 239.264130
v 26.086218 0.000000 212.881073
v 29.926741 0.000000 212.195450
v 31.819172 0.000000 222.658173
v 27.978649 0.000000 223.357513
v 26.086218 20.000000 212.881073
v 27.978649 20.000000 223.357513
v 31.819172 20.000000 222.658173
v 29.926741 20.000000 212.195450
v 102.328934 0.000000 159.127472
v 123.368324 0.000000 167.711609
v 116.755943 0.000000 183.892548
v 95.716560 0.000000 175.308426
v 102.328934 20.000000 159.127472
v 95.716560 20.000000 175.308426
v 116.755943 20.000000 183.892548
v 123.368324 20.000000 167.711609
v -399.844421 0.000000 136.954025
v -360.058838 0.000000 117.358536
v -353.780426 0.000000 130.070236
v -393.566010 0.000000 149.679413
v -399.844421 20.000000 136.954025
v -393.566010 20.000000 149.679413
v -353.780426 20.000000 130.070236
v -360.058838 20.000000 117.358536
v 118.203094 0.000000 108.308121
v 123.257004 0.000000 110.323898
v 117.991592 0.000000 123.542984
v 112.937683 0.000000 121.540924
v 118.203094 20.000000 108.308121
v 112.937683 20.000000 121.540924
v 117.991592 20.000000 123.542984
v 123.257004 20.000000 110.323898
v 174.786789 0.000000 127.684227
v 177.124496 0.000000 122.336258
v 191.874329 0.000000 128.781250
v 189.536621 0.000000 134.129211
v 174.786789 20.000000 127.684227
v 189.536621 20.000000 134.129211
v 191.874329 20.000000 128.781250
v 177.124496 20.000000 122.336258
v -330.069366 0.000000 152.997894
v -308.651489 0.000000 142.178574
v -302.829468 0.000000 153.710953
v -324.247345 0.000000 164.516556
v -330.069366 20.000000 152.997894
v -324.247345 20.000000 164.516556
v -302.829468 20.000000 153.710953
v -308.651489 20.000000 142.178574
v 187.889099 0.000000 181.437988
v 211.689209 0.000000 191.036850
v 205.388519 0.000000 206.641830
v 181.588409 0.000000 197.042984
v 187.889099 20.000000 181.437988
v 181.588409 20.000000 197.042984
v 205.388519 20.000000 206.641830
v 211.689209 20.000000 191.036850
v -216.111603 0.000000 233.792801
v -201.907227 0.000000 226.771957
v -196.998047 0.000000 236.699875
v -211.202408 0.000000 243.734436
v -216.111603 20.000000 233.792801
v -211.202408 20.000000 243.734436
v -196.998047 20.000000 236.699875
v -201.907227 20.000000 226.771957
v 181.788788 0.000000 200.443726
v 195.314102 0.000000 205.476257
v 191.395660 0.000000 216.021271
v 177.870346 0.000000 210.988739
v 181.788788 20.000000 200.443726
v 177.870346 20.000000 210.988739
v 191.395660 20.000000 216.021271
v 195.314102 20.000000 205.476257
v 110.922798 0.000000 105.716415
v 117.256882 0.000000 108.239563
v 111.969208 0.000000 121.499786
v 105.635124 0.000000 118.990349
v 110.922798 20.000000 105.716415
v 105.635124 20.000000 118.990349
v 111.969208 20.000000 121.499786
v 117.256882 20.000000 108.239563
v -291.252258 0.000000 79.058784
v -286.777222 0.000000 83.254898
v -294.847870 0.000000 91.852806
v -299.322906 0.000000 87.670410
v -291.252258 20.000000 79.058784
v -299.322906 20.000000 87.670410
v -294.847870 20.000000 91.852806
v -286.777222 20.000000 83.254898
v -229.425415 0.000000 239.606934
v -218.081955 0.000000 234.190460
v -213.874084 0.000000 243.007660
v -225.217529 0.000000 248.424133
v -229.425415 20.000000 239.606934
v -225.217529 20.000000 248.424133
v -213.874084 20.000000 243.007660
v -218.081955 20.000000 234.190460
v 81.078049 0.000000 266.250458
v 90.339828 0.000000 264.412994
v 93.712807 0.000000 281.416534
v 84.451027 0.000000 283.254028
v 81.078049 20.000000 266.250458
v 84.451027 20.000000 283.254028
v 93.712807 20.000000 281.416534
v 90.339828 20.000000 264.412994
v 27.377523 0.000000 237.577484
v 44.632046 0.000000 235.863403
v 45.800900 0.000000 247.615082
v 28.546379 0.000000 249.329163
v 27.377523 20.000000 237.577484
v 28.546379 20.000000 249.329163
v 45.800900 20.000000 247.615082
v 44.632046 20.000000 235.863403
v -263.144073 0.000000 192.750931
v -244.787506 0.000000 228.170639
v -252.323822 0.000000 232.078720
v -270.680420 0.000000 196.659027
v -263.144073 20.000000 192.750931
v -270.680420 20.000000 196.659027
v -252.323822 20.000000 232.078720
v -244.787506 20.000000 228.170639
v 92.187729 0.000000 219.778519
v 112.792969 0.000000 217.515945
v 114.618607 0.000000 234.053345
v 94.002235 0.000000 236.315918
v 92.187729 20.000000 219.778519
v 94.002235 20.000000 236.315918
v 114.618607 20.000000 234.053345
v 112.792969 20.000000 217.515945
v 159.725266 0.000000 235.959396
v 165.691986 0.000000 235.177780
v 169.888733 0.000000 267.196625
v 163.922012 0.000000 267.978241
v 159.725266 20.000000 235.959396
v 163.922012 20.000000 267.978241
v 169.888733 20.000000 267.196625
v 165.691986 20.000000 235.177780
v -37.544003 0.000000 150.337631
v -20.244955 0.000000 157.523087
v -26.567902 0.000000 172.744156
v -43.855820 0.000000 165.558716
v -37.544003 21.000000 150.337631
v -43.855820 21.000000 165.558716
v -26.567902 21.000000 172.744156
v -20.244955 21.000000 157.523087
v -207.873962 0.000000 80.635750
v -204.367386 0.000000 76.988152
v -189.261337 0.000000 82.500694
v -167.286865 0.000000 102.699608
v -174.889984 0.000000 110.968399
v -207.873962 20.000000 80.635750
v -174.889984 20.000000 110.968399
v -167.286865 20.000000 102.699608
v -189.261337 20.000000 82.500694
v -204.367386 20.000000 76.988152
v -3.313260 0.000000 214.910538
v 8.620190 0.000000 219.874512
v 7.384543 0.000000 226.168594
v -6.185303 0.000000 229.816147
v -8.623199 0.000000 227.663269
v -3.313260 20.000000 214.910538
v -8.623199 20.000000 227.663269
v -6.185303 20.000000 229.816147
v 7.384543 20.000000 226.168594
v 8.620190 20.000000 219.874512
v 229.288818 0.000000 147.567657
v 226.461304 0.000000 154.259460
v 190.260208 0.000000 139.216629
v 204.731735 0.000000 103.618362
v 219.158737 0.000000 109.405144
v 223.032654 0.000000 110.954681
v 228.375992 0.000000 113.244713
v 233.162735 0.000000 115.274200
v 235.511581 0.000000 120.032524
v 231.147858 0.000000 139.326324
v 229.288818 43.000000 147.567657
v 231.147858 43.000000 139.326324
v 235.511581 43.000000 120.032524
v 233.162735 43.000000 115.274200
v 228.375992 43.000000 113.244713
v 223.032654 43.000000 110.954681
v 219.158737 43.000000 109.405144
v 204.731735 43.000000 103.618362
v 190.260208 43.000000 139.216629
v 226.461304 43.000000 154.259460
v 158.734528 0.000000 165.956390
v 163.009186 0.000000 156.014679
v 166.860840 0.000000 154.465149
v 183.525375 0.000000 161.746582
v 177.992798 0.000000 174.389679
v 158.734528 20.000000 165.956390
v 177.992798 20.000000 174.389679
v 183.525375 20.000000 161.746582
v 166.860840 20.000000 154.465149
v 163.009186 20.000000 156.014679
v 123.735672 0.000000 255.444962
v 121.119667 0.000000 222.740448
v 128.889771 0.000000 221.794281
v 152.355911 0.000000 231.955307
v 154.036835 0.000000 253.031555
v 123.735672 20.000000 255.444962
v 154.036835 20.000000 253.031555
v 152.355911 20.000000 231.955307
v 128.889771 20.000000 221.794281
v 121.119667 20.000000 222.740448
v -13.699368 0.000000 214.622574
v -16.404432 0.000000 214.910538
v -21.369282 0.000000 198.016586
v -18.742142 0.000000 192.037872
v -6.207567 0.000000 197.550354
v -13.699368 20.000000 214.622574
v -6.207567 20.000000 197.550354
v -18.742142 20.000000 192.037872
v -21.369282 20.000000 198.016586
v -16.404432 20.000000 214.910538
v 194.969009 0.000000 207.272614
v 204.642685 0.000000 210.824188
v 203.262314 0.000000 214.581436
v 197.195404 0.000000 217.831329
v 191.818680 0.000000 215.856720
v 194.969009 20.000000 207.272614
v 191.818680 20.000000 215.856720
v 197.195404 20.000000 217.831329
v 203.262314 20.000000 214.581436
v 204.642685 20.000000 210.824188
v 23.459078 0.000000 172.812714
v 15.677845 0.000000 192.970337
v 7.284356 0.000000 189.720428
v 13.841074 0.000000 172.757874
v 18.828186 0.000000 170.728394
v 23.459078 20.000000 172.812714
v 18.828186 20.000000 170.728394
v 13.841074 20.000000 172.757874
v 7.284356 20.000000 189.720428
v 15.677845 20.000000 192.970337
v 43.017914 0.000000 204.804337
v 50.865936 0.000000 184.386215
v 55.897575 0.000000 185.757477
v 57.856800 0.000000 191.023132
v 51.144234 0.000000 207.930817
v 43.017914 20.000000 204.804337
v 51.144234 20.000000 207.930817
v 57.856800 20.000000 191.023132
v 55.897575 20.000000 185.757477
v 50.865936 20.000000 184.386215
v 57.990383 0.000000 245.475922
v 50.309338 0.000000 247.135147
v 47.526352 0.000000 234.231598
v 71.025894 0.000000 229.144226
v 79.141090 0.000000 265.770538
v 63.266926 0.000000 269.294647
v 57.990383 20.000000 245.475922
v 63.266926 20.000000 269.294647
v 79.141090 20.000000 265.770538
v 71.025894 20.000000 229.144226
v 47.526352 20.000000 234.231598
v 50.309338 20.000000 247.135147
v 183.881592 0.000000 163.542953
v 193.733368 0.000000 167.245377
v 189.647949 0.000000 178.119522
v 183.436325 0.000000 175.788376
v 185.428940 0.000000 170.166168
v 181.955765 0.000000 168.657776
v 183.881592 20.000000 163.542953
v 181.955765 20.000000 168.657776
v 185.428940 20.000000 170.166168
v 183.436325 20.000000 175.788376
v 189.647949 20.000000 178.119522
v 193.733368 20.000000 167.245377
v 77.782990 0.000000 195.274048
v 69.467422 0.000000 216.405212
v 62.120338 0.000000 217.378815
v 57.200016 0.000000 215.788147
v 66.350479 0.000000 193.230865
v 70.313454 0.000000 192.106430
v 77.782990 20.000000 195.274048
v 70.313454 20.000000 192.106430
v 66.350479 20.000000 193.230865
v 57.200016 20.000000 215.788147
v 62.120338 20.000000 217.378815
v 69.467422 20.000000 216.405212
v 106.659264 0.000000 360.606140
v 105.123055 0.000000 350.349243
v 122.333046 0.000000 347.455902
v 123.624359 0.000000 355.176025
v 114.240120 0.000000 356.752960
v 114.663139 0.000000 359.289764
v 106.659264 20.000000 360.606140
v 114.663139 20.000000 359.289764
v 114.240120 20.000000 356.752960
v 123.624359 20.000000 355.176025
v 122.333046 20.000000 347.455902
v 105.123055 20.000000 350.349243
v -69.904579 0.000000 209.782028
v -65.062180 0.000000 240.553116
v -76.160736 0.000000 242.294601
v -79.533714 0.000000 220.875534
v -74.836029 0.000000 219.888214
v -76.416771 0.000000 210.810471
v -69.904579 20.000000 209.782028
v -76.416771 20.000000 210.810471
v -74.836029 20.000000 219.888214
v -79.533714 20.000000 220.875534
v -76.160736 20.000000 242.294601
v -65.062180 20.000000 240.553116
v 101.816864 0.000000 147.169998
v 107.839249 0.000000 149.693130
v 127.420349 0.000000 157.865906
v 124.192085 0.000000 165.586136
v 98.599731 0.000000 154.876526
v 101.816864 20.000000 147.169998
v 98.599731 20.000000 154.876526
v 124.192085 20.000000 165.586136
v 127.420349 20.000000 157.865906
v 107.839249 20.000000 149.693130
v 147.179565 0.000000 86.957344
v 141.190567 0.000000 84.557610
v 143.216583 0.000000 79.483879
v 176.122620 0.000000 92.689285
v 162.920135 0.000000 124.873116
v 136.147797 0.000000 113.944061
v 147.179565 20.000000 86.957344
v 136.147797 20.000000 113.944061
v 162.920135 20.000000 124.873116
v 176.122620 20.000000 92.689285
v 143.216583 20.000000 79.483879
v 141.190567 20.000000 84.557610
v 37.674576 0.000000 195.945969
v 35.503845 0.000000 201.033356
v 27.054697 0.000000 197.440659
v 34.223671 0.000000 180.601517
v 49.741608 0.000000 186.676224
v 44.988266 0.000000 198.811920
v 37.674576 20.000000 195.945969
v 44.988266 20.000000 198.811920
v 49.741608 20.000000 186.676224
v 34.223671 20.000000 180.601517
v 27.054697 20.000000 197.440659
v 35.503845 20.000000 201.033356
v -295.415619 0.000000 159.799393
v -286.810608 0.000000 176.501434
v -295.359955 0.000000 180.903198
v -299.311798 0.000000 173.251526
v -295.615967 0.000000 170.975220
v -299.645752 0.000000 161.993423
v -295.415619 20.000000 159.799393
v -299.645752 20.000000 161.993423
v -295.615967 20.000000 170.975220
v -299.311798 20.000000 173.251526
v -295.359955 20.000000 180.903198
v -286.810608 20.000000 176.501434
v 90.273033 0.000000 152.325974
v 101.271400 0.000000 156.974579
v 98.755585 0.000000 164.393143
v 96.061653 0.000000 163.488098
v 92.221130 0.000000 173.690338
v 85.898178 0.000000 171.455170
v 84.328575 0.000000 166.408905
v 90.273033 20.000000 152.325974
v 84.328575 20.000000 166.408905
v 85.898178 20.000000 171.455170
v 92.221130 20.000000 173.690338
v 96.061653 20.000000 163.488098
v 98.755585 20.000000 164.393143
v 101.271400 20.000000 156.974579
v 175.098495 0.000000 241.087906
v 186.864960 0.000000 241.033051
v 190.560760 0.000000 246.600357
v 190.171143 0.000000 256.322571
v 186.976273 0.000000 264.166168
v 176.200546 0.000000 264.221008
v 173.829453 0.000000 256.980774
v 173.718124 0.000000 247.765930
v 175.098495 20.000000 241.087906
v 173.718124 20.000000 247.765930
v 173.829453 20.000000 256.980774
v 176.200546 20.000000 264.221008
v 186.976273 20.000000 264.166168
v 190.171143 20.000000 256.322571
v 190.560760 20.000000 246.600357
v 186.864960 20.000000 241.033051
v -226.965256 0.000000 156.275223
v -213.094833 0.000000 150.365051
v -206.215302 0.000000 155.164505
v -232.275192 0.000000 167.409927
v -234.345734 0.000000 163.008163
v -234.401398 0.000000 163.049301
v -250.932343 0.000000 142.274551
v -241.648285 0.000000 138.201889
v -226.965256 20.000000 156.275223
v -241.648285 20.000000 138.201889
v -250.932343 20.000000 142.274551
v -234.401398 20.000000 163.049301
v -234.345734 20.000000 163.008163
v -232.275192 20.000000 167.409927
v -206.215302 20.000000 155.164505
v -213.094833 20.000000 150.365051
v -242.549973 0.000000 189.473602
v -225.963379 0.000000 221.794281
v -235.625900 0.000000 226.758240
v -240.078690 0.000000 218.105576
v -244.319962 0.000000 220.025345
v -255.941711 0.000000 194.410156
v -246.746719 0.000000 190.241516
v -246.234650 0.000000 191.365952
v -242.549973 20.000000 189.473602
v -246.234650 20.000000 191.365952
v -246.746719 20.000000 190.241516
v -255.941711 20.000000 194.410156
v -244.319962 20.000000 220.025345
v -240.078690 20.000000 218.105576
v -235.625900 20.000000 226.758240
v -225.963379 20.000000 221.794281
v -346.967651 0.000000 176.899094
v -343.872986 0.000000 184.303940
v -348.949158 0.000000 186.415680
v -341.513000 0.000000 200.553421
v -336.614960 0.000000 198.085144
v -329.089752 0.000000 213.086761
v -339.442474 0.000000 217.474808
v -358.055084 0.000000 182.137329
v -346.967651 20.000000 176.899094
v -358.055084 20.000000 182.137329
v -339.442474 20.000000 217.474808
v -329.089752 20.000000 213.086761
v -336.614960 20.000000 198.085144
v -341.513000 20.000000 200.553421
v -348.949158 20.000000 186.415680
v -343.872986 20.000000 184.303940
v -199.825562 0.000000 111.009537
v -186.144394 0.000000 123.186447
v -203.922119 0.000000 143.165878
v -217.970627 0.000000 130.659882
v -219.774017 0.000000 132.593384
v -251.733841 0.000000 103.083565
v -226.998642 0.000000 76.288795
v -195.038818 0.000000 105.812401
v -199.825562 20.000000 111.009537
v -195.038818 20.000000 105.812401
v -226.998642 20.000000 76.288795
v -251.733841 20.000000 103.083565
v -219.774017 20.000000 132.593384
v -217.970627 20.000000 130.659882
v -203.922119 20.000000 143.165878
v -186.144394 20.000000 123.186447
v -354.915863 0.000000 212.154312
v -357.509613 0.000000 213.319885
v -360.537506 0.000000 206.655548
v -364.979156 0.000000 208.986694
v -376.055450 0.000000 187.978928
v -362.084839 0.000000 181.657394
v -342.937897 0.000000 218.859772
v -349.672729 0.000000 222.329071
v -354.915863 20.000000 212.154312
v -349.672729 20.000000 222.329071
v -342.937897 20.000000 218.859772
v -362.084839 20.000000 181.657394
v -376.055450 20.000000 187.978928
v -364.979156 20.000000 208.986694
v -360.537506 20.000000 206.655548
v -357.509613 20.000000 213.319885
v 145.053360 0.000000 284.008209
v 152.567429 0.000000 283.569397
v 153.569305 0.000000 300.243835
v 145.999573 0.000000 300.682648
v 146.144287 0.000000 303.123474
v 131.862000 0.000000 303.932495
v 129.780319 0.000000 267.237762
v 144.051483 0.000000 266.428741
v 145.053360 20.000000 284.008209
v 144.051483 20.000000 266.428741
v 129.780319 20.000000 267.237762
v 131.862000 20.000000 303.932495
v 146.144287 20.000000 303.123474
v 145.999573 20.000000 300.682648
v 153.569305 20.000000 300.243835
v 152.567429 20.000000 283.569397
v -111.437881 0.000000 247.025452
v -98.213127 0.000000 246.271255
v -97.500679 0.000000 258.735992
v -110.725433 0.000000 259.490173
v -111.437881 20.000000 247.025452
v -110.725433 20.000000 259.490173
v -97.500679 20.000000 258.735992
v -98.213127 20.000000 246.271255
v -93.827141 0.000000 353.269989
v -88.762100 0.000000 353.187714
v -88.572861 0.000000 365.995117
v -93.637894 0.000000 366.077393
v -93.827141 20.000000 353.269989
v -93.637894 20.000000 366.077393
v -88.572861 20.000000 365.995117
v -88.762100 20.000000 353.187714
v -127.389961 0.000000 353.023163
v -113.385971 0.000000 352.748901
v -113.118805 0.000000 366.447632
v -127.122795 0.000000 366.721893
v -127.389961 20.000000 353.023163
v -127.122795 20.000000 366.721893
v -113.118805 20.000000 366.447632
v -113.385971 20.000000 352.748901
v -108.565842 0.000000 355.162292
v -94.840149 0.000000 354.819489
v -94.584114 0.000000 364.788452
v -108.309807 0.000000 365.144958
v -108.565842 20.000000 355.162292
v -108.309807 20.000000 365.144958
v -94.584114 20.000000 364.788452
v -94.840149 20.000000 354.819489
v -188.381912 0.000000 349.526489
v -169.813828 0.000000 344.877960
v -164.503876 0.000000 366.104828
v -183.071976 0.000000 370.753357
v -188.381912 20.000000 349.526489
v -183.071976 20.000000 370.753357
v -164.503876 20.000000 366.104828
v -169.813828 20.000000 344.877960
v 165.291245 0.000000 288.067108
v 164.790298 0.000000 281.279419
v 178.749771 0.000000 280.250977
v 179.239578 0.000000 287.038666
v 165.291245 20.000000 288.067108
v 179.239578 20.000000 287.038666
v 178.749771 20.000000 280.250977
v 164.790298 20.000000 281.279419
v -91.745461 0.000000 323.719635
v -76.884308 0.000000 323.335693
v -76.505829 0.000000 338.227417
v -91.355843 0.000000 338.611389
v -91.745461 20.000000 323.719635
v -91.355843 20.000000 338.611389
v -76.505829 20.000000 338.227417
v -76.884308 20.000000 323.335693
v 175.287735 0.000000 302.739502
v 181.866714 0.000000 303.658264
v 179.695984 0.000000 319.112244
v 173.117004 0.000000 318.193512
v 175.287735 20.000000 302.739502
v 173.117004 20.000000 318.193512
v 179.695984 20.000000 319.112244
v 181.866714 20.000000 303.658264
v 162.998062 0.000000 303.644531
v 172.449081 0.000000 303.329163
v 172.716248 0.000000 311.501801
v 163.276352 0.000000 311.817200
v 162.998062 20.000000 303.644531
v 163.276352 20.000000 311.817200
v 172.716248 20.000000 311.501801
v 172.449081 20.000000 303.329163
v 126.752434 0.000000 309.924866
v 137.305527 0.000000 309.335236
v 138.607956 0.000000 332.536743
v 128.054871 0.000000 333.126404
v 126.752434 20.000000 309.924866
v 128.054871 20.000000 333.126404
v 138.607956 20.000000 332.536743
v 137.305527 20.000000 309.335236
v 159.992432 0.000000 339.406708
v 162.174301 0.000000 334.936432
v 171.113251 0.000000 339.296997
v 168.942520 0.000000 343.767273
v 159.992432 20.000000 339.406708
v 168.942520 20.000000 343.767273
v 171.113251 20.000000 339.296997
v 162.174301 20.000000 334.936432
v 174.898117 0.000000 292.098602
v 181.833313 0.000000 291.536377
v 182.579163 0.000000 300.833466
v 175.643951 0.000000 301.395691
v 174.898117 20.000000 292.098602
v 175.643951 20.000000 301.395691
v 182.579163 20.000000 300.833466
v 181.833313 20.000000 291.536377
v 156.541534 0.000000 348.004395
v 158.868103 0.000000 341.134460
v 168.007431 0.000000 344.247192
v 165.669724 0.000000 351.103424
v 156.541534 20.000000 348.004395
v 165.669724 20.000000 351.103424
v 168.007431 20.000000 344.247192
v 158.868103 20.000000 341.134460
v 164.345032 0.000000 291.591248
v 172.961151 0.000000 290.987885
v 173.707001 0.000000 301.903046
v 165.090866 0.000000 302.506409
v 164.345032 20.000000 291.591248
v 165.090866 20.000000 302.506409
v 173.707001 20.000000 301.903046
v 172.961151 20.000000 290.987885
v 163.910873 0.000000 334.963867
v 164.055588 0.000000 329.684570
v 171.825699 0.000000 329.917664
v 171.680984 0.000000 335.183258
v 163.910873 20.000000 334.963867
v 171.680984 20.000000 335.183258
v 171.825699 20.000000 329.917664
v 164.055588 20.000000 329.684570
v -125.608856 0.000000 249.041199
v -112.885033 0.000000 248.067596
v -111.682785 0.000000 263.713654
v -124.395470 0.000000 264.687225
v -125.608856 20.000000 249.041199
v -124.395470 20.000000 264.687225
v -111.682785 20.000000 263.713654
v -112.885033 20.000000 248.067596
v 141.736038 0.000000 308.512482
v 154.181549 0.000000 308.608459
v 153.992310 0.000000 332.015686
v 141.535660 0.000000 331.905975
v 141.736038 20.000000 308.512482
v 141.535660 20.000000 331.905975
v 153.992310 20.000000 332.015686
v 154.181549 20.000000 308.608459
v 163.665970 0.000000 312.297119
v 170.801559 0.000000 312.598816
v 170.122513 0.000000 328.724670
v 162.998062 0.000000 328.423004
v 163.665970 20.000000 312.297119
v 162.998062 20.000000 328.423004
v 170.122513 20.000000 328.724670
v 170.801559 20.000000 312.598816
v -82.383492 0.000000 341.477295
v -80.914078 0.000000 360.921539
v -87.481926 0.000000 361.428894
v -88.951347 0.000000 341.970917
v -82.383492 20.000000 341.477295
v -88.951347 20.000000 341.970917
v -87.481926 20.000000 361.428894
v -80.914078 20.000000 360.921539
v 138.819473 0.000000 333.592621
v 147.068237 0.000000 333.345795
v 147.569183 0.000000 349.553925
v 139.320404 0.000000 349.800751
v 138.819473 20.000000 333.592621
v 139.320404 20.000000 349.800751
v 147.569183 20.000000 349.553925
v 147.068237 20.000000 333.345795
v 128.589203 0.000000 335.718048
v 136.003082 0.000000 334.607330
v 138.006836 0.000000 348.086670
v 130.604080 0.000000 349.197388
v 128.589203 20.000000 335.718048
v 130.604080 20.000000 349.197388
v 138.006836 20.000000 348.086670
v 136.003082 20.000000 334.607330
v -122.391716 0.000000 324.610931
v -102.743828 0.000000 323.513947
v -101.964592 0.000000 332.344788
v -95.552589 0.000000 332.838440
v -94.762222 0.000000 346.934845
v -121.067017 0.000000 348.415771
v -122.391716 20.000000 324.610931
v -121.067017 20.000000 348.415771
v -94.762222 20.000000 346.934845
v -95.552589 20.000000 332.838440
v -101.964592 20.000000 332.344788
v -102.743828 20.000000 323.513947
v -80.758232 0.000000 342.053192
v -74.580002 0.000000 341.737823
v -74.056793 0.000000 352.173004
v -77.541100 0.000000 352.296417
v -77.318459 0.000000 356.177032
v -73.845291 0.000000 356.423859
v -73.566994 0.000000 361.895111
v -79.745224 0.000000 362.210510
v -80.758232 20.000000 342.053192
v -79.745224 20.000000 362.210510
v -73.566994 20.000000 361.895111
v -73.845291 20.000000 356.423859
v -77.318459 20.000000 356.177032
v -77.541100 20.000000 352.296417
v -74.056793 20.000000 352.173004
v -74.580002 20.000000 341.737823
v 381.930115 0.000000 201.595581
v 373.514343 0.000000 216.158386
v 360.412048 0.000000 269.226105
v 378.111847 0.000000 274.052917
v 384.212158 0.000000 247.190002
v 390.100952 0.000000 248.574966
v 395.188263 0.000000 249.767960
v 398.026886 0.000000 238.811615
v 403.370239 0.000000 216.117249
v 388.208527 0.000000 214.677429
v 389.433044 0.000000 195.959686
v 381.930115 18.000000 201.595581
v 373.514343 18.000000 216.158386
v 360.412048 18.000000 269.226105
v 378.111847 18.000000 274.052917
v 384.212158 18.000000 247.190002
v 390.100952 18.000000 248.574966
v 395.188263 18.000000 249.767960
v 398.026886 18.000000 238.811615
v 403.370239 18.000000 216.117249
v 388.208527 18.000000 214.677429
v 389.433044 18.000000 195.959686
v -415.996887 0.000000 110.557014
v -427.062042 0.000000 115.891273
v -422.319824 0.000000 125.723305
v -411.254669 0.000000 120.389053
v -415.996887 20.000000 110.557014
v -427.062042 20.000000 115.891273
v -422.319824 20.000000 125.723305
v -411.254669 20.000000 120.389053
v -449.459503 0.000000 19.929075
v -453.967957 0.000000 22.068281
v -451.285156 0.000000 27.690554
v -453.812103 0.000000 28.897284
v -449.158966 0.000000 38.674541
v -442.123566 0.000000 35.314896
v -449.459503 20.000000 19.929075
v -453.967957 20.000000 22.068281
v -451.285156 20.000000 27.690554
v -453.812103 20.000000 28.897284
v -449.158966 20.000000 38.674541
v -442.123566 20.000000 35.314896
v -278.628632 0.000000 167.903580
v -287.166840 0.000000 171.921402
v -281.723297 0.000000 183.467468
v -273.185089 0.000000 179.449646
v -278.628632 20.000000 167.903580
v -287.166840 20.000000 171.921402
v -281.723297 20.000000 183.467468
v -273.185089 20.000000 179.449646
v -455.303802 0.000000 -4.562127
v -463.240875 0.000000 -0.640240
v -456.650757 0.000000 12.688681
v -448.724792 0.000000 8.780511
v -455.303802 20.000000 -4.562127
v -463.240875 20.000000 -0.640240
v -456.650757 20.000000 12.688681
v -448.724792 20.000000 8.780511
v -330.948792 0.000000 167.341370
v -344.385040 0.000000 174.609085
v -339.141907 0.000000 184.303940
v -325.705627 0.000000 177.036224
v -330.948792 20.000000 167.341370
v -344.385040 20.000000 174.609085
v -339.141907 20.000000 184.303940
v -325.705627 20.000000 177.036224
v -408.460541 0.000000 124.735985
v -419.269684 0.000000 129.878265
v -416.097076 0.000000 136.556351
v -405.287933 0.000000 131.414093
v -408.460541 20.000000 124.735985
v -419.269684 20.000000 129.878265
v -416.097076 20.000000 136.556351
v -405.287933 20.000000 131.414093
v -442.257141 0.000000 132.223145
v -451.229492 0.000000 136.542648
v -445.296173 0.000000 148.884079
v -436.312683 0.000000 144.550873
v -442.257141 20.000000 132.223145
v -451.229492 20.000000 136.542648
v -445.296173 20.000000 148.884079
v -436.312683 20.000000 144.550873
v -221.543991 0.000000 141.081558
v -227.666565 0.000000 146.827179
v -223.336227 0.000000 153.916641
v -212.961258 0.000000 147.499100
v -221.543991 20.000000 141.081558
v -227.666565 20.000000 146.827179
v -223.336227 20.000000 153.916641
v -212.961258 20.000000 147.499100
v -337.049103 0.000000 155.932404
v -346.578033 0.000000 160.471313
v -342.370178 0.000000 169.302277
v -332.841217 0.000000 164.777100
v -337.049103 20.000000 155.932404
v -346.578033 20.000000 160.471313
v -342.370178 20.000000 169.302277
v -332.841217 20.000000 164.777100
v -400.122711 0.000000 17.899570
v -414.649902 0.000000 29.418373
v -404.208130 0.000000 42.596416
v -396.560486 0.000000 36.535339
v -401.992889 0.000000 29.678917
v -395.113342 0.000000 24.221201
v -400.122711 20.000000 17.899570
v -414.649902 20.000000 29.418373
v -404.208130 20.000000 42.596416
v -396.560486 20.000000 36.535339
v -401.992889 20.000000 29.678917
v -395.113342 20.000000 24.221201
v -427.718811 0.000000 132.579666
v -438.271912 0.000000 137.557388
v -434.987976 0.000000 144.537155
v -424.423767 0.000000 139.545731
v -427.718811 20.000000 132.579666
v -438.271912 20.000000 137.557388
v -434.987976 20.000000 144.537155
v -424.423767 20.000000 139.545731
v -348.036316 0.000000 135.212509
v -356.162659 0.000000 139.052078
v -351.253448 0.000000 149.460022
v -343.127136 0.000000 145.634171
v -348.036316 20.000000 135.212509
v -356.162659 20.000000 139.052078
v -351.253448 20.000000 149.460022
v -343.127136 20.000000 145.634171
v -410.208252 0.000000 12.071601
v -419.470032 0.000000 16.322592
v -415.707458 0.000000 24.522882
v -404.553223 0.000000 19.394274
v -406.712830 0.000000 14.704473
v -408.594116 0.000000 15.568383
v -410.208252 20.000000 12.071601
v -419.470032 20.000000 16.322592
v -415.707458 20.000000 24.522882
v -404.553223 20.000000 19.394274
v -406.712830 20.000000 14.704473
v -408.594116 20.000000 15.568383
v -435.778351 0.000000 -4.781533
v -433.563080 0.000000 -5.974555
v -418.857788 0.000000 -4.781533
v -418.601746 0.000000 -3.739353
v -431.370087 0.000000 2.088625
v -432.717072 0.000000 -1.490439
v -434.576111 0.000000 -0.749943
v -435.778351 20.000000 -4.781533
v -434.576111 20.000000 -0.749943
v -432.717072 20.000000 -1.490439
v -431.370087 20.000000 2.088625
v -418.601746 20.000000 -3.739353
v -418.857788 20.000000 -4.781533
v -433.563080 20.000000 -5.974555
v -366.270447 0.000000 168.602936
v -378.994263 0.000000 174.828491
v -375.754883 0.000000 181.451706
v -363.031067 0.000000 175.226151
v -366.270447 20.000000 168.602936
v -378.994263 20.000000 174.828491
v -375.754883 20.000000 181.451706
v -363.031067 20.000000 175.226151
v -400.167236 0.000000 140.711304
v -412.545959 0.000000 146.319809
v -406.534729 0.000000 159.593704
v -394.144867 0.000000 153.985214
v -400.167236 20.000000 140.711304
v -412.545959 20.000000 146.319809
v -406.534729 20.000000 159.593704
v -394.144867 20.000000 153.985214
v -297.085388 0.000000 181.835663
v -312.158051 0.000000 188.856537
v -306.491882 0.000000 199.374130
v -292.532440 0.000000 193.107452
v -297.085388 20.000000 181.835663
v -312.158051 20.000000 188.856537
v -306.491882 20.000000 199.374130
v -292.532440 20.000000 193.107452
v -452.209106 0.000000 42.020477
v -468.127808 0.000000 49.219711
v -463.530304 0.000000 59.394627
v -455.159088 0.000000 55.609886
v -451.518921 0.000000 63.659309
v -443.971466 0.000000 60.244820
v -452.209106 20.000000 42.020477
v -468.127808 20.000000 49.219711
v -463.530304 20.000000 59.394627
v -455.159088 20.000000 55.609886
v -451.518921 20.000000 63.659309
v -443.971466 20.000000 60.244820
v -299.990845 0.000000 164.146317
v -313.282379 0.000000 169.672516
v -309.775818 0.000000 177.584732
v -305.668121 0.000000 175.856934
v -305.089264 0.000000 177.063644
v -301.059509 0.000000 175.486694
v -301.638367 0.000000 172.949844
v -297.107666 0.000000 170.934082
v -299.990845 20.000000 164.146317
v -313.282379 20.000000 169.672516
v -309.775818 20.000000 177.584732
v -305.668121 20.000000 175.856934
v -305.089264 20.000000 177.063644
v -301.059509 20.000000 175.486694
v -301.638367 20.000000 172.949844
v -297.107666 20.000000 170.934082
v -452.420624 0.000000 -3.506234
v -447.589355 0.000000 8.807937
v -434.954590 0.000000 3.583329
v -438.984344 0.000000 -6.577923
v -449.058777 0.000000 -2.683460
v -449.904785 0.000000 -5.000939
v -451.774963 0.000000 -5.234059
v -452.420624 20.000000 -3.506234
v -447.589355 20.000000 8.807937
v -434.954590 20.000000 3.583329
v -438.984344 20.000000 -6.577923
v -449.058777 20.000000 -2.683460
v -449.904785 20.000000 -5.000939
v -451.774963 20.000000 -5.234059
v -446.798981 0.000000 123.309868
v -458.710175 0.000000 129.096634
v -454.747192 0.000000 137.255707
v -442.835999 0.000000 131.468933
v -446.798981 20.000000 123.309868
v -458.710175 20.000000 129.096634
v -454.747192 20.000000 137.255707
v -442.835999 20.000000 131.468933
v -436.757965 0.000000 88.109222
v -442.112427 0.000000 90.577522
v -441.166199 0.000000 92.607010
v -445.819366 0.000000 94.759918
v -438.149445 0.000000 111.366066
v -428.141846 0.000000 106.758583
v -436.757965 20.000000 88.109222
v -442.112427 20.000000 90.577522
v -441.166199 20.000000 92.607010
v -445.819366 20.000000 94.759918
v -438.149445 20.000000 111.366066
v -428.141846 20.000000 106.758583
v -245.611267 0.000000 127.300270
v -253.937958 0.000000 131.057556
v -250.086304 0.000000 139.586868
v -241.759613 0.000000 135.843292
v -245.611267 20.000000 127.300270
v -253.937958 20.000000 131.057556
v -250.086304 20.000000 139.586868
v -241.759613 20.000000 135.843292
v -404.697937 0.000000 132.250565
v -413.926331 0.000000 136.597488
v -410.787109 0.000000 143.289307
v -401.547607 0.000000 138.942368
v -404.697937 20.000000 132.250565
v -413.926331 20.000000 136.597488
v -410.787109 20.000000 143.289307
v -401.547607 20.000000 138.942368
v -232.675934 0.000000 133.841232
v -238.253052 0.000000 139.134354
v -229.982010 0.000000 147.869339
v -224.393768 0.000000 142.576233
v -232.675934 20.000000 133.841232
v -238.253052 20.000000 139.134354
v -229.982010 20.000000 147.869339
v -224.393768 20.000000 142.576233
v -348.425934 0.000000 160.827835
v -364.968018 0.000000 168.685211
v -360.325989 0.000000 178.462341
v -343.783936 0.000000 170.591263
v -348.425934 20.000000 160.827835
v -364.968018 20.000000 168.685211
v -360.325989 20.000000 178.462341
v -343.783936 20.000000 170.591263
v -416.085938 0.000000 30.227430
v -427.741089 0.000000 37.838058
v -420.772491 0.000000 48.520359
v -409.106201 0.000000 40.909737
v -416.085938 20.000000 30.227430
v -427.741089 20.000000 37.838058
v -420.772491 20.000000 48.520359
v -409.106201 20.000000 40.909737
v -397.028046 0.000000 41.430824
v -404.876068 0.000000 44.927597
v -394.567871 0.000000 59.559177
v -387.354370 0.000000 53.511826
v -397.028046 20.000000 41.430824
v -404.876068 20.000000 44.927597
v -394.567871 20.000000 59.559177
v -387.354370 20.000000 53.511826
v -432.728210 0.000000 116.892303
v -445.418610 0.000000 122.720215
v -439.229248 0.000000 136.213547
v -426.527710 0.000000 130.385635
v -432.728210 20.000000 116.892303
v -445.418610 20.000000 122.720215
v -439.229248 20.000000 136.213547
v -426.527710 20.000000 130.385635
v -283.916290 0.000000 154.917664
v -294.102020 0.000000 159.182312
v -291.474884 0.000000 165.449020
v -290.350555 0.000000 164.982788
v -289.192841 0.000000 167.752747
v -280.131439 0.000000 163.954330
v -283.916290 20.000000 154.917664
v -294.102020 20.000000 159.182312
v -291.474884 20.000000 165.449020
v -290.350555 20.000000 164.982788
v -289.192841 20.000000 167.752747
v -280.131439 20.000000 163.954330
v -433.930450 0.000000 33.943611
v -448.980835 0.000000 40.621765
v -441.555817 0.000000 57.365128
v -426.505432 0.000000 50.686985
v -433.930450 20.000000 33.943611
v -448.980835 20.000000 40.621765
v -441.555817 20.000000 57.365128
v -426.505432 20.000000 50.686985
v -381.810669 0.000000 34.039604
v -394.946350 0.000000 39.634441
v -391.907349 0.000000 46.202888
v -384.137238 0.000000 42.843246
v -377.324493 0.000000 48.671200
v -372.871704 0.000000 43.666016
v -379.116730 0.000000 37.769497
v -378.370880 0.000000 36.946724
v -381.810669 20.000000 34.039604
v -394.946350 20.000000 39.634441
v -391.907349 20.000000 46.202888
v -384.137238 20.000000 42.843246
v -377.324493 20.000000 48.671200
v -372.871704 20.000000 43.666016
v -379.116730 20.000000 37.769497
v -378.370880 20.000000 36.946724
v -428.119568 0.000000 8.780511
v -436.958344 0.000000 13.017790
v -427.629761 0.000000 32.531189
v -417.187988 0.000000 27.539711
v -422.687164 0.000000 16.048334
v -424.290192 0.000000 16.816254
v -428.119568 20.000000 8.780511
v -436.958344 20.000000 13.017790
v -427.629761 20.000000 32.531189
v -417.187988 20.000000 27.539711
v -422.687164 20.000000 16.048334
v -424.290192 20.000000 16.816254
v -468.484009 0.000000 74.039902
v -444.728424 0.000000 63.371342
v -435.021362 0.000000 84.612457
v -459.222229 0.000000 94.074280
v -468.484009 20.000000 74.039902
v -459.222229 20.000000 94.074280
v -435.021362 20.000000 84.612457
v -444.728424 20.000000 63.371342
v -308.773956 0.000000 179.861038
v -315.063507 0.000000 183.110931
v -312.670135 0.000000 187.745804
v -306.380585 0.000000 184.509628
v -308.773956 20.000000 179.861038
v -315.063507 20.000000 183.110931
v -312.670135 20.000000 187.745804
v -306.380585 20.000000 184.509628
v -420.471924 0.000000 3.802735
v -426.371857 0.000000 7.834322
v -420.349457 0.000000 16.048334
v -413.080292 0.000000 12.085314
v -414.649902 0.000000 9.260462
v -415.540466 0.000000 10.069522
v -420.471924 20.000000 3.802735
v -426.371857 20.000000 7.834322
v -420.349457 20.000000 16.048334
v -413.080292 20.000000 12.085314
v -414.649902 20.000000 9.260462
v -415.540466 20.000000 10.069522
v -428.052765 0.000000 86.312843
v -434.320068 0.000000 89.192528
v -427.139954 0.000000 104.852509
v -420.861542 0.000000 101.972832
v -428.052765 20.000000 86.312843
v -434.320068 20.000000 89.192528
v -427.139954 20.000000 104.852509
v -420.861542 20.000000 101.972832
v -453.478149 0.000000 157.481949
v -462.717651 0.000000 161.417480
v -460.880890 0.000000 165.723267
v -459.277893 0.000000 165.037628
v -456.405853 0.000000 171.743134
v -448.780457 0.000000 168.493225
v -453.478149 20.000000 157.481949
v -462.717651 20.000000 161.417480
v -460.880890 20.000000 165.723267
v -459.277893 20.000000 165.037628
v -456.405853 20.000000 171.743134
v -448.780457 20.000000 168.493225
v -357.554138 0.000000 140.354782
v -374.051697 0.000000 147.965332
v -367.684204 0.000000 161.801437
v -351.175537 0.000000 154.190903
v -357.554138 20.000000 140.354782
v -374.051697 20.000000 147.965332
v -367.684204 20.000000 161.801437
v -351.175537 20.000000 154.190903
v -319.961548 0.000000 -74.456970
v -344.006561 0.000000 -53.764103
v -334.366302 0.000000 -42.560623
v -310.321289 0.000000 -63.239758
v -319.961548 20.000000 -74.456970
v -344.006561 20.000000 -53.764103
v -334.366302 20.000000 -42.560623
v -310.321289 20.000000 -63.239758
v -300.814606 0.000000 -82.808182
v -309.486389 0.000000 -74.799797
v -304.989075 0.000000 -69.917976
v -296.317291 0.000000 -77.926361
v -300.814606 20.000000 -82.808182
v -309.486389 20.000000 -74.799797
v -304.989075 20.000000 -69.917976
v -296.317291 20.000000 -77.926361
v -288.947937 0.000000 -89.500122
v -298.198578 0.000000 -81.066635
v -294.870148 0.000000 -77.035011
v -292.176208 0.000000 -79.201668
v -290.161316 0.000000 -76.513924
v -292.153931 0.000000 -74.566673
v -284.172333 0.000000 -64.940170
v -275.066406 0.000000 -73.455925
v -283.048004 0.000000 -82.931602
v -285.686279 0.000000 -80.847221
v -288.046265 0.000000 -83.233284
v -285.508179 0.000000 -85.317657
v -288.947937 20.000000 -89.500122
v -298.198578 20.000000 -81.066635
v -294.870148 20.000000 -77.035011
v -292.176208 20.000000 -79.201668
v -290.161316 20.000000 -76.513924
v -292.153931 20.000000 -74.566673
v -284.172333 20.000000 -64.940170
v -275.066406 20.000000 -73.455925
v -283.048004 20.000000 -82.931602
v -285.686279 20.000000 -80.847221
v -288.046265 20.000000 -83.233284
v -285.508179 20.000000 -85.317657
v -360.236938 0.000000 -50.706116
v -369.565521 0.000000 -45.700886
v -365.468964 0.000000 -38.076492
v -356.151520 0.000000 -43.081715
v -360.236938 20.000000 -50.706116
v -369.565521 20.000000 -45.700886
v -365.468964 20.000000 -38.076492
v -356.151520 20.000000 -43.081715
v -354.259094 0.000000 -64.391647
v -364.032928 0.000000 -58.741905
v -358.812042 0.000000 -49.732494
v -349.038208 0.000000 -55.382233
v -354.259094 20.000000 -64.391647
v -364.032928 20.000000 -58.741905
v -358.812042 20.000000 -49.732494
v -349.038208 20.000000 -55.382233
v -365.491211 0.000000 -58.906464
v -372.103607 0.000000 -55.217674
v -367.962524 0.000000 -47.812683
v -361.350128 0.000000 -51.501465
v -365.491211 20.000000 -58.906464
v -372.103607 20.000000 -55.217674
v -367.962524 20.000000 -47.812683
v -361.350128 20.000000 -51.501465
v -327.831848 0.000000 -89.253288
v -337.928528 0.000000 -81.916840
v -333.074982 0.000000 -75.238609
v -322.978302 0.000000 -82.588776
v -327.831848 20.000000 -89.253288
v -337.928528 20.000000 -81.916840
v -333.074982 20.000000 -75.238609
v -322.978302 20.000000 -82.588776
v -334.867218 0.000000 -71.522392
v -342.147522 0.000000 -66.105774
v -338.429443 0.000000 -61.114250
v -331.149170 0.000000 -66.530869
v -334.867218 20.000000 -71.522392
v -342.147522 20.000000 -66.105774
v -338.429443 20.000000 -61.114250
v -331.149170 20.000000 -66.530869
v -359.402039 0.000000 -72.304031
v -365.413300 0.000000 -68.724945
v -361.339020 0.000000 -61.895889
v -355.327759 0.000000 -65.488686
v -359.402039 20.000000 -72.304031
v -365.413300 20.000000 -68.724945
v -361.339020 20.000000 -61.895889
v -355.327759 20.000000 -65.488686
v -305.579071 0.000000 -62.170147
v -313.093140 0.000000 -55.231388
v -306.491882 0.000000 -48.086941
v -298.977814 0.000000 -55.025696
v -305.579071 20.000000 -62.170147
v -313.093140 20.000000 -55.231388
v -306.491882 20.000000 -48.086941
v -298.977814 20.000000 -55.025696
v -292.231873 0.000000 -70.548775
v -299.990845 0.000000 -63.514019
v -291.118683 0.000000 -53.736675
v -283.359711 0.000000 -60.757713
v -292.231873 20.000000 -70.548775
v -299.990845 20.000000 -63.514019
v -291.118683 20.000000 -53.736675
v -283.359711 20.000000 -60.757713
v -180.411438 0.000000 6.065361
v -191.365280 0.000000 14.841601
v -181.146149 0.000000 27.594563
v -170.192307 0.000000 18.818333
v -180.411438 20.000000 6.065361
v -191.365280 20.000000 14.841601
v -181.146149 20.000000 27.594563
v -170.192307 20.000000 18.818333
v -323.434723 0.000000 -80.929504
v -333.542542 0.000000 -73.442215
v -330.314270 0.000000 -69.095200
v -320.206451 0.000000 -76.568771
v -323.434723 20.000000 -80.929504
v -333.542542 20.000000 -73.442215
v -330.314270 20.000000 -69.095200
v -320.206451 20.000000 -76.568771
v -314.328796 0.000000 -54.216629
v -319.293640 0.000000 -49.348530
v -312.158051 0.000000 -42.080669
v -307.193207 0.000000 -46.948765
v -314.328796 20.000000 -54.216629
v -319.293640 20.000000 -49.348530
v -312.158051 20.000000 -42.080669
v -307.193207 20.000000 -46.948765
v -310.232239 0.000000 -39.200954
v -316.744415 0.000000 -32.399338
v -309.553192 0.000000 -25.515450
v -303.040985 0.000000 -32.317059
v -310.232239 20.000000 -39.200954
v -316.744415 20.000000 -32.399338
v -309.553192 20.000000 -25.515450
v -303.040985 20.000000 -32.317059
v -341.056610 0.000000 -81.450600
v -346.900879 0.000000 -76.939026
v -340.544525 0.000000 -68.711235
v -334.700256 0.000000 -73.222801
v -341.056610 20.000000 -81.450600
v -346.900879 20.000000 -76.939026
v -340.544525 20.000000 -68.711235
v -334.700256 20.000000 -73.222801
v -277.671265 0.000000 -57.727146
v -284.573090 0.000000 -51.871716
v -277.893921 0.000000 -44.000481
v -270.992096 0.000000 -49.855911
v -277.671265 20.000000 -57.727146
v -284.573090 20.000000 -51.871716
v -277.893921 20.000000 -44.000481
v -270.992096 20.000000 -49.855911
v -372.148132 0.000000 -64.899025
v -376.723358 0.000000 -62.375843
v -373.261322 0.000000 -56.095306
v -366.315002 0.000000 -59.934937
v -367.884583 0.000000 -62.787231
v -370.255707 0.000000 -61.470787
v -372.148132 20.000000 -64.899025
v -376.723358 20.000000 -62.375843
v -373.261322 20.000000 -56.095306
v -366.315002 20.000000 -59.934937
v -367.884583 20.000000 -62.787231
v -370.255707 20.000000 -61.470787
v -295.593719 0.000000 -77.048729
v -304.076263 0.000000 -69.643715
v -300.146667 0.000000 -65.145859
v -291.664124 0.000000 -72.550865
v -295.593719 20.000000 -77.048729
v -304.076263 20.000000 -69.643715
v -300.146667 20.000000 -65.145859
v -291.664124 20.000000 -72.550865
v -184.697235 0.000000 -172.162415
v -180.778793 0.000000 -171.600174
v -181.725006 0.000000 -165.100159
v -185.643448 0.000000 -165.662399
v -184.697235 20.000000 -172.162415
v -185.643448 20.000000 -165.662399
v -181.725006 20.000000 -165.100159
v -180.778793 20.000000 -171.600174
v 251.107437 0.000000 105.963242
v 262.306183 0.000000 108.006439
v 256.528687 0.000000 134.595444
v 221.463058 0.000000 222.726730
v 212.746735 0.000000 218.996902
v 242.168488 0.000000 151.338654
v 251.107437 20.000000 105.963242
v 242.168488 20.000000 151.338654
v 212.746735 20.000000 218.996902
v 221.463058 20.000000 222.726730
v 256.528687 20.000000 134.595444
v 262.306183 20.000000 108.006439
v 414.491058 0.000000 275.424164
v 411.362976 0.000000 288.670471
v 425.945831 0.000000 292.222015
v 429.240875 0.000000 278.934570
v 414.491058 20.000000 275.424164
v 411.362976 20.000000 288.670471
v 425.945831 20.000000 292.222015
v 429.240875 20.000000 278.934570
v 410.695068 0.000000 267.895966
v 405.663422 0.000000 287.381500
v 410.494690 0.000000 288.629333
v 415.526337 0.000000 269.130096
v 410.695068 20.000000 267.895966
v 405.663422 20.000000 287.381500
v 410.494690 20.000000 288.629333
v 415.526337 20.000000 269.130096
v 402.769104 0.000000 265.797943
v 397.637268 0.000000 285.310913
v 404.906433 0.000000 287.285492
v 410.194122 0.000000 267.813690
v 402.769104 20.000000 265.797943
v 397.637268 20.000000 285.310913
v 404.906433 20.000000 287.285492
v 410.194122 20.000000 267.813690
v 445.003723 0.000000 276.877686
v 442.209595 0.000000 290.178833
v 453.831360 0.000000 293.415009
v 456.235870 0.000000 283.980774
v 453.553070 0.000000 279.455658
v 445.003723 20.000000 276.877686
v 442.209595 20.000000 290.178833
v 453.831360 20.000000 293.415009
v 456.235870 20.000000 283.980774
v 453.553070 20.000000 279.455658
v 431.255768 0.000000 272.914764
v 426.669403 0.000000 291.906616
v 435.263275 0.000000 294.086914
v 436.810608 0.000000 287.655731
v 441.530548 0.000000 288.793884
v 444.558441 0.000000 276.233215
v 431.255768 20.000000 272.914764
v 426.669403 20.000000 291.906616
v 435.263275 20.000000 294.086914
v 436.810608 20.000000 287.655731
v 441.530548 20.000000 288.793884
v 444.558441 20.000000 276.233215
v 436.465515 0.000000 248.355576
v 461.401093 0.000000 253.964005
v 459.441864 0.000000 263.288544
v 452.573456 0.000000 264.934052
v 433.827240 0.000000 260.134674
v 436.465515 37.000000 248.355576
v 433.827240 37.000000 260.134674
v 452.573456 37.000000 264.934052
v 459.441864 37.000000 263.288544
v 461.401093 37.000000 253.964005
v 391.236420 0.000000 261.697906
v 386.026672 0.000000 282.390137
v 396.468414 0.000000 285.022949
v 401.566864 0.000000 264.755798
v 391.236420 20.000000 261.697906
v 386.026672 20.000000 282.390137
v 396.468414 20.000000 285.022949
v 401.566864 20.000000 264.755798
v 436.999847 0.000000 289.397247
v 436.053650 0.000000 294.141754
v 449.066895 0.000000 297.542480
v 450.135559 0.000000 297.487610
v 451.137421 0.000000 296.705994
v 451.638367 0.000000 295.814697
v 453.341553 0.000000 293.634399
v 436.999847 9.000000 289.397247
v 436.053650 9.000000 294.141754
v 449.066895 9.000000 297.542480
v 450.135559 9.000000 297.487610
v 451.137421 9.000000 296.705994
v 451.638367 9.000000 295.814697
v 453.341553 9.000000 293.634399
v 436.754944 0.000000 240.155441
v 446.573334 0.000000 242.418015
v 445.181824 0.000000 248.410416
v 462.113525 0.000000 252.318497
v 464.250854 0.000000 243.089935
v 447.319183 0.000000 239.181854
v 437.500793 0.000000 236.919266
v 436.754944 20.000000 240.155441
v 446.573334 20.000000 242.418015
v 445.181824 20.000000 248.410416
v 462.113525 20.000000 252.318497
v 464.250854 20.000000 243.089935
v 447.319183 20.000000 239.181854
v 437.500793 20.000000 236.919266
v 438.190979 0.000000 234.080765
v 448.198608 0.000000 236.439331
v 465.330658 0.000000 240.470840
v 468.024597 0.000000 229.061951
v 450.881409 0.000000 225.016739
v 449.089142 0.000000 232.640945
v 439.092651 0.000000 230.282379
v 438.190979 20.000000 234.080765
v 448.198608 20.000000 236.439331
v 465.330658 20.000000 240.470840
v 468.024597 20.000000 229.061951
v 450.881409 20.000000 225.016739
v 449.089142 20.000000 232.640945
v 439.092651 20.000000 230.282379
v 420.112701 0.000000 256.487122
v 395.188263 0.000000 249.767960
v 398.026886 0.000000 238.811615
v 403.370239 0.000000 216.117249
v 441.742065 0.000000 219.284866
v 439.092651 0.000000 230.282379
v 438.190979 0.000000 234.080765
v 437.500793 0.000000 236.919266
v 436.754944 0.000000 240.155441
v 432.057281 0.000000 259.613586
v 420.112701 11.000000 256.487122
v 432.057281 11.000000 259.613586
v 436.754944 11.000000 240.155441
v 437.500793 11.000000 236.919266
v 438.190979 11.000000 234.080765
v 439.092651 11.000000 230.282379
v 441.742065 11.000000 219.284866
v 403.370239 11.000000 216.117249
v 398.026886 11.000000 238.811615
v 395.188263 11.000000 249.767960
v 231.793503 0.000000 89.384506
v 223.032654 0.000000 110.954681
v 228.375992 0.000000 113.244713
v 236.903076 0.000000 91.290581
v 231.793503 23.000000 89.384506
v 223.032654 23.000000 110.954681
v 228.375992 23.000000 113.244713
v 236.903076 23.000000 91.290581
v 248.413498 0.000000 -191.539047
v 268.016876 0.000000 -193.170898
v 268.161591 0.000000 -185.285858
v 249.894058 0.000000 -184.106522
v 249.404251 0.000000 -188.618149
v 248.413498 18.000000 -191.539047
v 249.404251 18.000000 -188.618149
v 249.894058 18.000000 -184.106522
v 268.161591 18.000000 -185.285858
v 268.016876 18.000000 -193.170898
v 525.821655 0.000000 -171.655029
v 522.504333 0.000000 -172.971481
v 517.606323 0.000000 -175.069580
v 491.757904 0.000000 -185.875519
v 412.142212 0.000000 8.341699
v 388.676056 0.000000 78.030327
v 386.071198 0.000000 85.750626
v 406.553986 0.000000 92.648148
v 419.700806 0.000000 97.077370
v 430.354095 0.000000 101.232338
v 427.526550 0.000000 146.566635
v 408.001129 0.000000 145.291351
v 406.153229 0.000000 173.320084
v 390.991516 0.000000 172.319061
v 388.208527 0.000000 214.677429
v 403.370239 0.000000 216.117249
v 441.742065 0.000000 219.284866
v 445.638245 0.000000 219.613968
v 445.938812 0.000000 216.898865
v 454.755310 0.000000 219.051758
v 469.683258 0.000000 222.438766
v 474.158295 0.000000 198.702209
v 476.852234 0.000000 165.037628
v 472.688873 0.000000 164.790802
v 472.744537 0.000000 163.940613
v 477.742798 0.000000 164.228592
v 478.343903 0.000000 155.562164
v 472.288147 0.000000 149.734268
v 460.054108 0.000000 148.774384
v 459.864868 0.000000 150.296494
v 459.274872 0.000000 150.255356
v 459.375061 0.000000 148.664673
v 434.595367 0.000000 147.032867
v 437.578705 0.000000 101.712288
v 439.938690 0.000000 101.739716
v 439.404358 0.000000 109.322868
v 438.747559 0.000000 118.757233
v 454.076263 0.000000 119.538864
v 461.467865 0.000000 120.059944
v 462.970703 0.000000 126.820320
v 462.547668 0.000000 132.908768
v 479.067474 0.000000 134.060638
v 479.056366 0.000000 130.495331
v 483.030457 0.000000 130.769592
v 485.112152 0.000000 104.605682
v 489.186432 0.000000 46.312592
v 499.294250 0.000000 -108.931465
v 525.821655 20.000000 -171.655029
v 522.504333 20.000000 -172.971481
v 517.606323 20.000000 -175.069580
v 491.757904 20.000000 -185.875519
v 412.142212 20.000000 8.341699
v 388.676056 20.000000 78.030327
v 386.071198 20.000000 85.750626
v 406.553986 20.000000 92.648148
v 419.700806 20.000000 97.077370
v 430.354095 20.000000 101.232338
v 427.526550 20.000000 146.566635
v 408.001129 20.000000 145.291351
v 406.153229 20.000000 173.320084
v 390.991516 20.000000 172.319061
v 388.208527 20.000000 214.677429
v 403.370239 20.000000 216.117249
v 441.742065 20.000000 219.284866
v 445.638245 20.000000 219.613968
v 445.938812 20.000000 216.898865
v 454.755310 20.000000 219.051758
v 469.683258 20.000000 222.438766
v 474.158295 20.000000 198.702209
v 476.852234 20.000000 165.037628
v 472.688873 20.000000 164.790802
v 472.744537 20.000000 163.940613
v 477.742798 20.000000 164.228592
v 478.343903 20.000000 155.562164
v 472.288147 20.000000 149.734268
v 460.054108 20.000000 148.774384
v 459.864868 20.000000 150.296494
v 459.274872 20.000000 150.255356
v 459.375061 20.000000 148.664673
v 434.595367 20.000000 147.032867
v 437.578705 20.000000 101.712288
v 439.938690 20.000000 101.739716
v 439.404358 20.000000 109.322868
v 438.747559 20.000000 118.757233
v 454.076263 20.000000 119.538864
v 461.467865 20.000000 120.059944
v 462.970703 20.000000 126.820320
v 462.547668 20.000000 132.908768
v 479.067474 20.000000 134.060638
v 479.056366 20.000000 130.495331
v 483.030457 20.000000 130.769592
v 485.112152 20.000000 104.605682
v 489.186432 20.000000 46.312592
v 499.294250 20.000000 -108.931465
v 101.816864 0.000000 147.169998
v 103.353073 0.000000 143.481277
v 105.067398 0.000000 139.353745
v 111.100914 0.000000 141.876892
v 109.375458 0.000000 146.018127
v 107.839249 0.000000 149.693130
v 101.816864 20.000000 147.169998
v 107.839249 20.000000 149.693130
v 109.375458 20.000000 146.018127
v 111.100914 20.000000 141.876892
v 105.067398 20.000000 139.353745
v 103.353073 20.000000 143.481277
v 219.915710 0.000000 366.886444
v 224.179245 0.000000 358.905792
v 245.686172 0.000000 370.396820
v 241.411514 0.000000 378.377441
v 219.915710 20.000000 366.886444
v 241.411514 20.000000 378.377441
v 245.686172 20.000000 370.396820
v 224.179245 20.000000 358.905792
v -230.950485 0.000000 -199.314392
v -226.798264 0.000000 -187.041138
v -231.907837 0.000000 -185.299576
v -236.071182 0.000000 -197.586533
v -230.950485 20.000000 -199.314392
v -236.071182 20.000000 -197.586533
v -231.907837 20.000000 -185.299576
v -226.798264 20.000000 -187.041138
v -239.288315 0.000000 -228.084595
v -232.230667 0.000000 -207.226868
v -241.102829 0.000000 -204.223694
v -248.160477 0.000000 -225.081406
v -239.288315 20.000000 -228.084595
v -248.160477 20.000000 -225.081406
v -241.102829 20.000000 -204.223694
v -232.230667 20.000000 -207.226868
v 119.349686 0.000000 -122.383949
v 130.136551 0.000000 -127.800606
v 144.140533 0.000000 -115.829117
v 140.756424 0.000000 -104.323891
v 135.413086 0.000000 -103.418831
v 129.468628 0.000000 -104.488441
v 124.704155 0.000000 -107.080208
v 120.885895 0.000000 -111.331245
v 118.759697 0.000000 -116.624474
v 119.349686 20.000000 -122.383949
v 118.759697 20.000000 -116.624474
v 120.885895 20.000000 -111.331245
v 124.704155 20.000000 -107.080208
v 129.468628 20.000000 -104.488441
v 135.413086 20.000000 -103.418831
v 140.756424 20.000000 -104.323891
v 144.140533 20.000000 -115.829117
v 130.136551 20.000000 -127.800606
v 181.855576 0.000000 -150.358597
v 183.213684 0.000000 -146.683487
v 184.104233 0.000000 -140.498901
v 183.881592 0.000000 -134.643417
v 182.222931 0.000000 -128.403976
v 179.952011 0.000000 -123.864960
v 174.196793 0.000000 -126.991531
v 176.489975 0.000000 -132.339630
v 177.458466 0.000000 -137.797424
v 177.191299 0.000000 -143.625473
v 175.844330 0.000000 -148.383911
v 181.855576 20.000000 -150.358597
v 175.844330 20.000000 -148.383911
v 177.191299 20.000000 -143.625473
v 177.458466 20.000000 -137.797424
v 176.489975 20.000000 -132.339630
v 174.196793 20.000000 -126.991531
v 179.952011 20.000000 -123.864960
v 182.222931 20.000000 -128.403976
v 183.881592 20.000000 -134.643417
v 184.104233 20.000000 -140.498901
v 183.213684 20.000000 -146.683487
v 221.329468 0.000000 -129.514740
v 227.118088 0.000000 -130.049545
v 227.897324 0.000000 -121.670876
v 222.119843 0.000000 -121.136063
v 221.329468 20.000000 -129.514740
v 222.119843 20.000000 -121.136063
v 227.897324 20.000000 -121.670876
v 227.118088 20.000000 -130.049545
v -172.797180 0.000000 -68.971779
v -177.060715 0.000000 -66.160622
v -184.808563 0.000000 -77.926361
v -180.556152 0.000000 -80.737518
v -172.797180 20.000000 -68.971779
v -180.556152 20.000000 -80.737518
v -184.808563 20.000000 -77.926361
v -177.060715 20.000000 -66.160622
v -137.787201 0.000000 -17.616810
v -134.647995 0.000000 -13.242393
v -141.516403 0.000000 -8.319461
v -144.655624 0.000000 -12.693876
v -137.787201 20.000000 -17.616810
v -144.655624 20.000000 -12.693876
v -141.516403 20.000000 -8.319461
v -134.647995 20.000000 -13.242393
v -116.736687 0.000000 -30.452103
v -120.321175 0.000000 -22.388905
v -124.005852 0.000000 -24.034454
v -120.421364 0.000000 -32.097652
v -116.736687 20.000000 -30.452103
v -120.421364 20.000000 -32.097652
v -124.005852 20.000000 -24.034454
v -120.321175 20.000000 -22.388905
v -280.387482 0.000000 270.652191
v -371.970032 0.000000 308.882721
v -396.838806 0.000000 257.378448
v -378.860687 0.000000 249.315445
v -362.775024 0.000000 283.994507
v -335.535156 0.000000 270.994995
v -336.648346 0.000000 268.773590
v -350.340637 0.000000 274.669983
v -365.301971 0.000000 242.459152
v -349.271973 0.000000 233.984772
v -332.874603 0.000000 269.898010
v -290.840363 0.000000 250.083359
v -280.387482 20.000000 270.652191
v -290.840363 20.000000 250.083359
v -332.874603 20.000000 269.898010
v -349.271973 20.000000 233.984772
v -365.301971 20.000000 242.459152
v -350.340637 20.000000 274.669983
v -336.648346 20.000000 268.773590
v -335.535156 20.000000 270.994995
v -362.775024 20.000000 283.994507
v -378.860687 20.000000 249.315445
v -396.838806 20.000000 257.378448
v -371.970032 20.000000 308.882721
v -393.788635 0.000000 295.581573
v -436.501923 0.000000 314.587128
v -451.463257 0.000000 284.131622
v -442.824860 0.000000 280.388092
v -438.372101 0.000000 289.465790
v -413.792755 0.000000 278.043243
v -417.533081 0.000000 268.828430
v -408.059784 0.000000 264.371857
v -393.788635 20.000000 295.581573
v -408.059784 20.000000 264.371857
v -417.533081 20.000000 268.828430
v -413.792755 20.000000 278.043243
v -438.372101 20.000000 289.465790
v -442.824860 20.000000 280.388092
v -451.463257 20.000000 284.131622
v -436.501923 20.000000 314.587128
v -348.058594 0.000000 359.906799
v -358.589417 0.000000 339.379272
v -262.565216 0.000000 296.239777
v -254.015884 0.000000 313.037598
v -330.169556 0.000000 347.675323
v -329.612946 0.000000 350.431519
v -348.058594 20.000000 359.906799
v -329.612946 20.000000 350.431519
v -330.169556 20.000000 347.675323
v -254.015884 20.000000 313.037598
v -262.565216 20.000000 296.239777
v -358.589417 20.000000 339.379272
v -419.447784 0.000000 360.894104
v -423.466400 0.000000 353.187714
v -406.690552 0.000000 345.481323
v -402.315704 0.000000 353.503113
v -419.447784 20.000000 360.894104
v -402.315704 20.000000 353.503113
v -406.690552 20.000000 345.481323
v -423.466400 20.000000 353.187714
v -423.878296 0.000000 350.582336
v -427.896942 0.000000 342.875946
v -411.121094 0.000000 335.183258
v -406.757355 0.000000 343.205048
v -423.878296 20.000000 350.582336
v -406.757355 20.000000 343.205048
v -411.121094 20.000000 335.183258
v -427.896942 20.000000 342.875946
v -428.308807 0.000000 340.407715
v -432.327454 0.000000 332.701294
v -415.551605 0.000000 325.008606
v -411.187866 0.000000 333.030396
v -428.308807 20.000000 340.407715
v -411.187866 20.000000 333.030396
v -415.551605 20.000000 325.008606
v -432.327454 20.000000 332.701294
v -434.130829 0.000000 328.806946
v -438.149445 0.000000 321.100555
v -421.373596 0.000000 313.407837
v -417.009888 0.000000 321.429657
v -434.130829 20.000000 328.806946
v -417.009888 20.000000 321.429657
v -421.373596 20.000000 313.407837
v -438.149445 20.000000 321.100555
v -467.448730 0.000000 341.559540
v -471.467377 0.000000 333.853149
v -454.691528 0.000000 326.160461
v -450.327820 0.000000 334.168549
v -467.448730 20.000000 341.559540
v -450.327820 20.000000 334.168549
v -454.691528 20.000000 326.160461
v -471.467377 20.000000 333.853149
v -413.024658 0.000000 319.482483
v -417.065552 0.000000 311.666351
v -404.909454 0.000000 305.591705
v -400.712708 0.000000 314.038605
v -413.024658 20.000000 319.482483
v -400.712708 20.000000 314.038605
v -404.909454 20.000000 305.591705
v -417.065552 20.000000 311.666351
v -398.174622 0.000000 312.941620
v -402.226654 0.000000 305.139191
v -390.059448 0.000000 299.050842
v -385.862701 0.000000 307.497742
v -398.174622 20.000000 312.941620
v -385.862701 20.000000 307.497742
v -390.059448 20.000000 299.050842
v -402.226654 20.000000 305.139191
v -377.446930 0.000000 235.520584
v -381.487823 0.000000 227.704407
v -369.331757 0.000000 221.629730
v -365.135010 0.000000 230.076691
v -377.446930 20.000000 235.520584
v -365.135010 20.000000 230.076691
v -369.331757 20.000000 221.629730
v -381.487823 20.000000 227.704407
v 80.298813 0.000000 1.882931
v 73.252289 0.000000 22.068281
v 96.707306 0.000000 32.064953
v 104.744568 0.000000 11.893333
v 80.298813 20.000000 1.882931
v 73.252289 20.000000 22.068281
v 96.707306 20.000000 32.064953
v 104.744568 20.000000 11.893333
v 107.427368 0.000000 9.137046
v 112.926552 0.000000 -5.494604
v 108.974709 0.000000 -7.592677
v 107.761330 0.000000 -5.275198
v 94.770340 0.000000 -10.115850
v 89.271164 0.000000 2.650853
v 107.427368 20.000000 9.137046
v 112.926552 20.000000 -5.494604
v 108.974709 20.000000 -7.592677
v 107.761330 20.000000 -5.275198
v 94.770340 20.000000 -10.115850
v 89.271164 20.000000 2.650853
v 205.377396 0.000000 -200.603424
v 205.666824 0.000000 -188.823837
v 218.713470 0.000000 -189.139252
v 218.424026 0.000000 -200.905106
v 205.377396 20.000000 -200.603424
v 205.666824 20.000000 -188.823837
v 218.713470 20.000000 -189.139252
v 218.424026 20.000000 -200.905106
v 399.685547 0.000000 10.631749
v 393.718842 0.000000 6.723579
v 371.755493 0.000000 40.484638
v 386.082306 0.000000 49.891640
v 399.685547 13.700000 10.631749
v 393.718842 13.700000 6.723579
v 371.755493 13.700000 40.484638
v 386.082306 13.700000 49.891640
v 382.553497 0.000000 65.688805
v 375.974518 0.000000 62.809116
v 375.028290 0.000000 62.589710
v 353.877594 0.000000 110.844978
v 361.324860 0.000000 114.136040
v 382.553497 11.500000 65.688805
v 375.974518 11.500000 62.809116
v 375.028290 11.500000 62.589710
v 353.877594 11.500000 110.844978
v 361.324860 11.500000 114.136040
v 348.166901 0.000000 123.584122
v 345.751282 0.000000 129.672577
v 347.933136 0.000000 130.550186
v 347.554657 0.000000 131.482651
v 353.287598 0.000000 133.772675
v 356.070587 0.000000 126.738045
v 348.166901 6.300000 123.584122
v 345.751282 6.300000 129.672577
v 347.933136 6.300000 130.550186
v 347.554657 6.300000 131.482651
v 353.287598 6.300000 133.772675
v 356.070587 6.300000 126.738045
v 354.367401 0.000000 113.806938
v 352.964783 0.000000 116.988289
v 356.961151 0.000000 118.757233
v 358.352631 0.000000 115.575882
v 354.367401 3.400000 113.806938
v 352.964783 3.400000 116.988289
v 356.961151 3.400000 118.757233
v 358.352631 3.400000 115.575882
v 355.870209 0.000000 102.603615
v 352.341370 0.000000 101.163780
v 349.680847 0.000000 107.759613
v 353.209686 0.000000 109.199455
v 355.870209 2.980000 102.603615
v 352.341370 2.980000 101.163780
v 349.680847 2.980000 107.759613
v 353.209686 2.980000 109.199455
v 356.693970 0.000000 100.341011
v 358.141113 0.000000 97.104797
v 354.801544 0.000000 95.596397
v 353.354401 0.000000 98.832603
v 356.693970 3.030000 100.341011
v 358.141113 3.030000 97.104797
v 354.801544 3.030000 95.596397
v 353.354401 3.030000 98.832603
v 332.582184 0.000000 160.622147
v 339.973785 0.000000 163.542953
v 350.315369 0.000000 137.118576
v 342.934875 0.000000 134.197769
v 332.582184 10.300000 160.622147
v 339.973785 10.300000 163.542953
v 350.315369 10.300000 137.118576
v 342.934875 10.300000 134.197769
v 297.227112 0.000000 221.012650
v 302.603821 0.000000 224.043137
v 310.574310 0.000000 209.795731
v 305.197571 0.000000 206.765244
v 297.227112 10.300000 221.012650
v 302.603821 10.300000 224.043137
v 310.574310 10.300000 209.795731
v 305.197571 10.300000 206.765244
v 307.123413 0.000000 240.937057
v 312.900879 0.000000 230.529205
v 302.648346 0.000000 224.811050
v 296.893158 0.000000 235.218918
v 307.123413 9.600000 240.937057
v 312.900879 9.600000 230.529205
v 302.648346 9.600000 224.811050
v 296.893158 9.600000 235.218918
v 294.755798 0.000000 150.927277
v 287.898529 0.000000 167.409927
v 293.753937 0.000000 169.878204
v 300.622345 0.000000 153.395554
v 294.755798 5.000000 150.927277
v 287.898529 5.000000 167.409927
v 293.753937 5.000000 169.878204
v 300.622345 5.000000 153.395554
v 310.407318 0.000000 107.403084
v 297.917267 0.000000 137.406540
v 308.737549 0.000000 141.945450
v 321.227570 0.000000 111.942001
v 310.407318 5.500000 107.403084
v 297.917267 5.500000 137.406540
v 308.737549 5.500000 141.945450
v 321.227570 5.500000 111.942001
v 159.747528 0.000000 168.109268
v 155.072113 0.000000 179.751328
v 166.359909 0.000000 184.317642
v 167.395172 0.000000 181.753372
v 184.794418 0.000000 188.801682
v 188.434570 0.000000 179.737625
v 159.747528 29.299999 168.109268
v 155.072113 29.299999 179.751328
v 166.359909 29.299999 184.317642
v 167.395172 29.299999 181.753372
v 184.794418 29.299999 188.801682
v 188.434570 29.299999 179.737625
v 171.536270 0.000000 204.872894
v 177.291489 0.000000 207.190338
v 179.573532 0.000000 201.472168
v 176.846207 0.000000 200.375153
v 179.061462 0.000000 194.807831
v 181.844452 0.000000 195.932266
v 183.825943 0.000000 190.981995
v 172.571533 0.000000 186.443115
v 166.048218 0.000000 202.802292
v 167.161407 0.000000 203.254807
v 166.927643 0.000000 203.844452
v 171.246826 0.000000 205.572250
v 171.536270 27.799999 204.872894
v 177.291489 27.799999 207.190338
v 179.573532 27.799999 201.472168
v 176.846207 27.799999 200.375153
v 179.061462 27.799999 194.807831
v 181.844452 27.799999 195.932266
v 183.825943 27.799999 190.981995
v 172.571533 27.799999 186.443115
v 166.048218 27.799999 202.802292
v 167.161407 27.799999 203.254807
v 166.927643 27.799999 203.844452
v 171.246826 27.799999 205.572250
v 171.235703 0.000000 188.157196
v 166.181793 0.000000 186.113998
v 159.647339 0.000000 202.377197
v 164.701248 0.000000 204.420380
v 171.235703 12.100000 188.157196
v 166.181793 12.100000 186.113998
v 159.647339 12.100000 202.377197
v 164.701248 12.100000 204.420380
v 154.437592 0.000000 199.758087
v 158.979431 0.000000 201.595581
v 165.012939 0.000000 186.566528
v 160.471100 0.000000 184.729019
v 154.437592 11.900000 199.758087
v 158.979431 11.900000 201.595581
v 165.012939 11.900000 186.566528
v 160.471100 11.900000 184.729019
v 157.187180 0.000000 190.707748
v 160.126022 0.000000 183.727997
v 152.712143 0.000000 180.560379
v 149.773300 0.000000 187.540115
v 157.187180 6.800000 190.707748
v 160.126022 6.800000 183.727997
v 152.712143 6.800000 180.560379
v 149.773300 6.800000 187.540115
v 153.535904 0.000000 200.155762
v 156.986801 0.000000 191.585358
v 149.183304 0.000000 188.431442
v 147.435593 0.000000 192.778351
v 149.650848 0.000000 198.578796
v 153.535904 6.600000 200.155762
v 156.986801 6.600000 191.585358
v 149.183304 6.600000 188.431442
v 147.435593 6.600000 192.778351
v 149.650848 6.600000 198.578796
v 152.723267 0.000000 148.637253
v 151.665741 0.000000 145.277649
v 148.949539 0.000000 144.084641
v 144.307510 0.000000 155.219345
v 149.116516 0.000000 157.111694
v 152.723267 14.900000 148.637253
v 151.665741 14.900000 145.277649
v 148.949539 14.900000 144.084641
v 144.307510 14.900000 155.219345
v 149.116516 14.900000 157.111694
v 108.562828 0.000000 10.755165
v 107.137939 0.000000 10.165512
v 97.942947 0.000000 32.339211
v 103.097038 0.000000 34.492126
v 118.336678 0.000000 -2.299500
v 114.618607 0.000000 -3.849056
v 108.562828 2.970000 10.755165
v 107.137939 2.970000 10.165512
v 97.942947 2.970000 32.339211
v 103.097038 2.970000 34.492126
v 118.336678 2.970000 -2.299500
v 114.618607 2.970000 -3.849056
v 187.076462 0.000000 275.862976
v 186.274963 0.000000 277.741577
v 191.195282 0.000000 279.908173
v 193.622055 0.000000 274.382019
v 184.950256 0.000000 270.556213
v 183.336136 0.000000 274.217468
v 187.076462 4.200000 275.862976
v 186.274963 4.200000 277.741577
v 191.195282 4.200000 279.908173
v 193.622055 4.200000 274.382019
v 184.950256 4.200000 270.556213
v 183.336136 4.200000 274.217468
v 194.946747 0.000000 257.899506
v 191.763016 0.000000 256.569397
v 188.935501 0.000000 263.507965
v 191.818680 0.000000 264.700958
v 190.861328 0.000000 267.059509
v 194.957886 0.000000 268.746155
v 198.508972 0.000000 260.038666
v 194.712982 0.000000 258.475433
v 194.946747 3.020000 257.899506
v 191.763016 3.020000 256.569397
v 188.935501 3.020000 263.507965
v 191.818680 3.020000 264.700958
v 190.861328 3.020000 267.059509
v 194.957886 3.020000 268.746155
v 198.508972 3.020000 260.038666
v 194.712982 3.020000 258.475433
v 108.562828 0.000000 259.682159
v 108.395851 0.000000 258.571442
v 104.343819 0.000000 259.202209
v 105.512672 0.000000 266.689270
v 116.611229 0.000000 264.934052
v 115.609352 0.000000 258.571442
v 108.562828 9.100000 259.682159
v 108.395851 9.100000 258.571442
v 104.343819 9.100000 259.202209
v 105.512672 9.100000 266.689270
v 116.611229 9.100000 264.934052
v 115.609352 9.100000 258.571442
v 119.550064 0.000000 284.817261
v 119.260628 0.000000 282.828918
v 108.217735 0.000000 284.419586
v 109.241875 0.000000 291.673523
v 119.282898 0.000000 290.219971
v 118.525925 0.000000 284.968079
v 119.550064 6.700000 284.817261
v 119.260628 6.700000 282.828918
v 108.217735 6.700000 284.419586
v 109.241875 6.700000 291.673523
v 119.282898 6.700000 290.219971
v 118.525925 6.700000 284.968079
v 119.260628 0.000000 299.366241
v 118.759697 0.000000 292.386566
v 106.236252 0.000000 293.305298
v 106.792847 0.000000 301.148865
v 109.586967 0.000000 300.956879
v 109.664894 0.000000 301.861908
v 118.180832 0.000000 301.244843
v 118.058380 0.000000 299.462219
v 119.260628 7.100000 299.366241
v 118.759697 7.100000 292.386566
v 106.236252 7.100000 293.305298
v 106.792847 7.100000 301.148865
v 109.586967 7.100000 300.956879
v 109.664894 7.100000 301.861908
v 118.180832 7.100000 301.244843
v 118.058380 7.100000 299.462219
v 102.507050 0.000000 304.467285
v 101.460648 0.000000 297.048828
v 94.302803 0.000000 298.063538
v 95.349205 0.000000 305.495728
v 102.507050 9.500000 304.467285
v 101.460648 9.500000 297.048828
v 94.302803 9.500000 298.063538
v 95.349205 9.500000 305.495728
v 106.881905 0.000000 291.111298
v 105.935692 0.000000 284.611572
v 93.768471 0.000000 286.394196
v 95.349205 0.000000 297.336792
v 105.746445 0.000000 295.814697
v 105.167587 0.000000 291.412964
v 106.881905 9.000000 291.111298
v 105.935692 9.000000 284.611572
v 93.768471 9.000000 286.394196
v 95.349205 9.000000 297.336792
v 105.746445 9.000000 295.814697
v 105.167587 9.000000 291.412964
v 79.241272 0.000000 278.372345
v 76.614136 0.000000 266.785248
v 65.727089 0.000000 269.280945
v 68.654793 0.000000 282.157013
v 77.148468 0.000000 280.209839
v 76.892433 0.000000 278.852295
v 79.241272 12.000000 278.372345
v 76.614136 12.000000 266.785248
v 65.727089 12.000000 269.280945
v 68.654793 12.000000 282.157013
v 77.148468 12.000000 280.209839
v 76.892433 12.000000 278.852295
v 64.914459 0.000000 285.544006
v 64.513702 0.000000 284.529297
v 55.007023 0.000000 286.243347
v 56.064556 0.000000 292.153442
v 76.202255 0.000000 288.547058
v 75.868294 0.000000 286.641022
v 71.549095 0.000000 285.804565
v 67.263298 0.000000 286.545013
v 67.107452 0.000000 285.160065
v 64.914459 7.200000 285.544006
v 64.513702 7.200000 284.529297
v 55.007023 7.200000 286.243347
v 56.064556 7.200000 292.153442
v 76.202255 7.200000 288.547058
v 75.868294 7.200000 286.641022
v 71.549095 7.200000 285.804565
v 67.263298 7.200000 286.545013
v 67.107452 7.200000 285.160065
v 65.459923 0.000000 280.799469
v 63.890316 0.000000 270.076263
v 56.765869 0.000000 271.132141
v 58.335472 0.000000 281.855347
v 65.459923 7.400000 280.799469
v 63.890316 7.400000 270.076263
v 56.765869 7.400000 271.132141
v 58.335472 7.400000 281.855347
v 56.509834 0.000000 282.499817
v 55.040417 0.000000 271.255554
v 47.771255 0.000000 272.215424
v 49.251804 0.000000 283.459717
v 56.509834 6.900000 282.499817
v 55.040417 6.900000 271.255554
v 47.771255 6.900000 272.215424
v 49.251804 6.900000 283.459717
v 47.314846 0.000000 283.500854
v 46.034672 0.000000 272.859924
v 38.798904 0.000000 273.723816
v 40.079079 0.000000 284.364746
v 47.314846 7.000000 283.500854
v 46.034672 7.000000 272.859924
v 38.798904 7.000000 273.723816
v 40.079079 7.000000 284.364746
v 53.426285 0.000000 292.825378
v 52.301956 0.000000 286.298187
v 40.357376 0.000000 288.355072
v 41.470570 0.000000 294.895966
v 53.426285 9.100000 292.825378
v 52.301956 9.100000 286.298187
v 40.357376 9.100000 288.355072
v 41.470570 9.100000 294.895966
v 40.646809 0.000000 294.909668
v 38.643055 0.000000 284.529297
v 33.188400 0.000000 285.585144
v 35.181019 0.000000 295.965546
v 40.646809 9.800000 294.909668
v 38.643055 9.800000 284.529297
v 33.188400 9.800000 285.585144
v 35.181019 9.800000 295.965546
v 39.143993 0.000000 281.581085
v 37.841557 0.000000 274.094055
v 25.819050 0.000000 276.219482
v 27.756010 0.000000 287.312927
v 32.809914 0.000000 286.435333
v 32.175392 0.000000 282.801514
v 39.143993 8.100000 281.581085
v 37.841557 8.100000 274.094055
v 25.819050 8.100000 276.219482
v 27.756010 8.100000 287.312927
v 32.809914 8.100000 286.435333
v 32.175392 8.100000 282.801514
v 32.398033 0.000000 263.206268
v 31.396156 0.000000 255.582092
v 25.062078 0.000000 256.418549
v 26.052822 0.000000 264.042755
v 32.398033 6.800000 263.206268
v 31.396156 6.800000 255.582092
v 25.062078 6.800000 256.418549
v 26.052822 6.800000 264.042755
v 22.724369 0.000000 233.943634
v 22.056452 0.000000 229.994415
v 15.310491 0.000000 231.159988
v 16.969151 0.000000 240.854782
v 25.830183 0.000000 239.318970
v 24.839439 0.000000 233.559692
v 22.724369 10.300000 233.943634
v 22.056452 10.300000 229.994415
v 15.310491 10.300000 231.159988
v 16.969151 10.300000 240.854782
v 25.830183 10.300000 239.318970
v 24.839439 10.300000 233.559692
v 15.009928 0.000000 241.334732
v 13.406927 0.000000 231.955307
v 3.866847 0.000000 233.600830
v 5.547771 0.000000 243.542450
v 6.338140 0.000000 243.802994
v 8.108120 0.000000 244.488617
v 13.039573 0.000000 243.515030
v 12.772407 0.000000 241.718674
v 15.009928 11.800000 241.334732
v 13.406927 11.800000 231.955307
v 3.866847 11.800000 233.600830
v 5.547771 11.800000 243.542450
v 6.338140 11.800000 243.802994
v 8.108120 11.800000 244.488617
v 13.039573 11.800000 243.515030
v 12.772407 11.800000 241.718674
v 22.958139 0.000000 264.618683
v 22.256826 0.000000 256.843658
v 16.145388 0.000000 257.405853
v 16.846701 0.000000 265.167175
v 22.958139 9.200000 264.618683
v 22.256826 9.200000 256.843658
v 16.145388 9.200000 257.405853
v 16.846701 9.200000 265.167175
v 24.171522 0.000000 274.546570
v 22.958139 0.000000 266.689270
v 17.614803 0.000000 267.525726
v 18.839319 0.000000 275.383026
v 24.171522 7.700000 274.546570
v 22.958139 7.700000 266.689270
v 17.614803 7.700000 267.525726
v 18.839319 7.700000 275.383026
v 4.890986 0.000000 316.767395
v 3.243458 0.000000 307.442902
v -1.966294 0.000000 308.361633
v -0.630460 0.000000 315.821228
v 0.137644 0.000000 315.684113
v 0.471603 0.000000 317.562714
v 4.890986 9.300000 316.767395
v 3.243458 9.300000 307.442902
v -1.966294 9.300000 308.361633
v -0.630460 9.300000 315.821228
v 0.137644 9.300000 315.684113
v 0.471603 9.300000 317.562714
v 8.263967 0.000000 306.318481
v 7.150772 0.000000 300.134125
v -0.207446 0.000000 301.464264
v 0.894617 0.000000 307.648590
v 8.263967 9.100000 306.318481
v 7.150772 9.100000 300.134125
v -0.207446 9.100000 301.464264
v 0.894617 9.100000 307.648590
v 121.553810 0.000000 317.411896
v 121.164192 0.000000 307.223511
v 112.514671 0.000000 307.552612
v 112.904289 0.000000 317.740997
v 121.553810 7.800000 317.411896
v 121.164192 7.800000 307.223511
v 112.514671 7.800000 307.552612
v 112.904289 7.800000 317.740997
v 122.054749 0.000000 328.162476
v 121.620605 0.000000 318.385468
v 113.249382 0.000000 318.755707
v 113.672394 0.000000 328.532715
v 122.054749 9.000000 328.162476
v 121.620605 9.000000 318.385468
v 113.249382 9.000000 318.755707
v 113.672394 9.000000 328.532715
v 112.069389 0.000000 327.092896
v 111.345818 0.000000 316.753693
v 103.408737 0.000000 317.302185
v 104.121178 0.000000 327.655121
v 112.069389 9.200000 327.092896
v 111.345818 9.200000 316.753693
v 103.408737 9.200000 317.302185
v 104.121178 9.200000 327.655121
v 111.946938 0.000000 315.190460
v 111.412605 0.000000 308.539917
v 101.293663 0.000000 309.376373
v 101.827995 0.000000 316.026917
v 111.946938 9.700000 315.190460
v 111.412605 9.700000 308.539917
v 101.293663 9.700000 309.376373
v 101.827995 9.700000 316.026917
v 102.317802 0.000000 328.779541
v 100.236130 0.000000 312.475403
v 95.404861 0.000000 313.092438
v 97.475410 0.000000 329.396606
v 102.317802 12.400000 328.779541
v 100.236130 12.400000 312.475403
v 95.404861 12.400000 313.092438
v 97.475410 12.400000 329.396606
v 94.992981 0.000000 317.480438
v 93.957710 0.000000 310.459656
v 85.998367 0.000000 311.652649
v 87.033638 0.000000 318.673431
v 94.992981 12.000000 317.480438
v 93.957710 12.000000 310.459656
v 85.998367 12.000000 311.652649
v 87.033638 12.000000 318.673431
v 96.696167 0.000000 328.450439
v 95.594109 0.000000 320.716583
v 88.647774 0.000000 321.717621
v 89.749832 0.000000 329.437744
v 96.696167 9.600000 328.450439
v 95.594109 9.600000 320.716583
v 88.647774 9.600000 321.717621
v 89.749832 9.600000 329.437744
v 86.343460 0.000000 331.096954
v 85.018753 0.000000 322.663757
v 78.484299 0.000000 323.733337
v 78.684677 0.000000 324.940033
v 71.916451 0.000000 326.050751
v 73.063042 0.000000 333.277222
v 86.343460 7.700000 331.096954
v 85.018753 7.700000 322.663757
v 78.484299 7.700000 323.733337
v 78.684677 7.700000 324.940033
v 71.916451 7.700000 326.050751
v 73.063042 7.700000 333.277222
v 86.232140 0.000000 319.482483
v 84.651405 0.000000 312.160004
v 75.589996 0.000000 314.120880
v 77.170731 0.000000 321.457062
v 86.232140 9.900000 319.482483
v 84.651405 9.900000 312.160004
v 75.589996 9.900000 314.120880
v 77.170731 9.900000 321.457062
v 49.474442 0.000000 308.526184
v 47.125603 0.000000 295.896973
v 42.817535 0.000000 296.705994
v 45.177509 0.000000 309.335236
v 49.474442 9.900000 308.526184
v 47.125603 9.900000 295.896973
v 42.817535 9.900000 296.705994
v 45.177509 9.900000 309.335236
v 44.876949 0.000000 309.225525
v 42.505844 0.000000 296.596313
v 38.208912 0.000000 297.405334
v 40.568882 0.000000 310.034576
v 44.876949 9.800000 309.225525
v 42.505844 9.800000 296.596313
v 38.208912 9.800000 297.405334
v 40.568882 9.800000 310.034576
v 39.689461 0.000000 309.883728
v 37.329487 0.000000 297.254517
v 33.032555 0.000000 298.063538
v 35.392529 0.000000 310.692780
v 39.689461 9.800000 309.883728
v 37.329487 9.800000 297.254517
v 33.032555 9.800000 298.063538
v 35.392529 9.800000 310.692780
v 34.746876 0.000000 310.349945
v 32.386902 0.000000 297.720734
v 28.089968 0.000000 298.529785
v 30.438810 0.000000 311.158997
v 34.746876 9.800000 310.349945
v 32.386902 9.800000 297.720734
v 28.089968 9.800000 298.529785
v 30.438810 9.800000 311.158997
v 29.804289 0.000000 310.761322
v 27.444315 0.000000 298.145813
v 23.147383 0.000000 298.954865
v 25.507357 0.000000 311.570374
v 29.804289 9.900000 310.761322
v 27.444315 9.900000 298.145813
v 23.147383 9.900000 298.954865
v 25.507357 9.900000 311.570374
v 25.273584 0.000000 312.214844
v 22.312487 0.000000 298.488647
v 18.015554 0.000000 299.434784
v 20.976652 0.000000 313.147308
v 25.273584 10.000000 312.214844
v 22.312487 10.000000 298.488647
v 18.015554 10.000000 299.434784
v 20.976652 10.000000 313.147308
v 20.486847 0.000000 312.612518
v 17.514616 0.000000 298.913727
v 13.228816 0.000000 299.846161
v 16.178783 0.000000 313.558685
v 20.486847 10.000000 312.612518
v 17.514616 10.000000 298.913727
v 13.228816 10.000000 299.846161
v 16.178783 10.000000 313.558685
v 15.533130 0.000000 313.311859
v 12.560900 0.000000 299.599335
v 8.252835 0.000000 300.545502
v 11.225065 0.000000 314.244293
v 15.533130 10.000000 313.311859
v 12.560900 10.000000 299.599335
v 8.252835 10.000000 300.545502
v 11.225065 10.000000 314.244293
v 10.746391 0.000000 315.053345
v 8.998675 0.000000 306.757263
v 3.811188 0.000000 307.854279
v 5.570035 0.000000 316.164062
v 10.746391 9.700000 315.053345
v 8.998675 9.700000 306.757263
v 3.811188 9.700000 307.854279
v 5.570035 9.700000 316.164062
v 69.211388 0.000000 324.076141
v 68.131592 0.000000 318.001526
v 62.420898 0.000000 319.016235
v 63.489567 0.000000 325.090881
v 69.211388 9.800000 324.076141
v 68.131592 9.800000 318.001526
v 62.420898 9.800000 319.016235
v 63.489567 9.800000 325.090881
v 70.803253 0.000000 332.084229
v 69.456291 0.000000 325.008606
v 65.103699 0.000000 325.845062
v 65.281807 0.000000 326.832367
v 63.689941 0.000000 327.134033
v 64.847664 0.000000 333.236084
v 70.803253 9.900000 332.084229
v 69.456291 9.900000 325.008606
v 65.103699 9.900000 325.845062
v 65.281807 9.900000 326.832367
v 63.689941 9.900000 327.134033
v 64.847664 9.900000 333.236084
v 63.734470 0.000000 333.496613
v 62.331844 0.000000 326.311279
v 56.465305 0.000000 327.476837
v 57.867931 0.000000 334.648468
v 63.734470 10.000000 333.496613
v 62.331844 10.000000 326.311279
v 56.465305 10.000000 327.476837
v 57.867931 10.000000 334.648468
v 61.875435 0.000000 325.282867
v 60.795635 0.000000 319.413910
v 55.040417 0.000000 320.483490
v 56.120216 0.000000 326.366150
v 61.875435 9.700000 325.282867
v 60.795635 9.700000 319.413910
v 55.040417 9.700000 320.483490
v 56.120216 9.700000 326.366150
v 55.029285 0.000000 333.112671
v 53.014400 0.000000 320.168091
v 38.698715 0.000000 322.430664
v 40.724731 0.000000 335.361511
v 55.029285 8.200000 333.112671
v 53.014400 8.200000 320.168091
v 38.698715 8.200000 322.430664
v 40.724731 8.200000 335.361511
v 39.800777 0.000000 335.183258
v 37.874950 0.000000 323.116272
v 26.353384 0.000000 324.967468
v 28.268080 0.000000 337.020721
v 39.800777 10.000000 335.183258
v 37.874950 10.000000 323.116272
v 26.353384 10.000000 324.967468
v 28.268080 10.000000 337.020721
v -10.192804 0.000000 315.409851
v -10.582423 0.000000 303.918793
v -34.761017 0.000000 304.714111
v -34.594036 0.000000 310.048279
v -22.538136 0.000000 309.650604
v -22.326630 0.000000 315.821228
v -10.192804 5.900000 315.409851
v -10.582423 5.900000 303.918793
v -34.761017 5.900000 304.714111
v -34.594036 5.900000 310.048279
v -22.538136 5.900000 309.650604
v -22.326630 5.900000 315.821228
v 2.954027 0.000000 333.757172
v 2.163659 0.000000 325.406281
v -3.290996 0.000000 325.927338
v -2.478364 0.000000 334.278229
v 2.954027 7.100000 333.757172
v 2.163659 7.100000 325.406281
v -3.290996 7.100000 325.927338
v -2.478364 7.100000 334.278229
v 5.391924 0.000000 340.887634
v 4.701743 0.000000 334.209686
v -2.478364 0.000000 334.950134
v -1.799315 0.000000 341.641815
v 5.391924 7.200000 340.887634
v 4.701743 7.200000 334.209686
v -2.478364 7.200000 334.950134
v -1.799315 7.200000 341.641815
v 5.592299 0.000000 348.786011
v 5.414188 0.000000 344.466583
v -1.031210 0.000000 344.740845
v -0.853099 0.000000 349.046570
v 5.592299 2.990000 348.786011
v 5.414188 2.990000 344.466583
v -1.031210 2.990000 344.740845
v -0.853099 2.990000 349.046570
v 17.225185 0.000000 339.543823
v 17.191790 0.000000 338.487976
v 8.341890 0.000000 338.803345
v 6.560779 0.000000 338.871918
v 6.738890 0.000000 343.876953
v 8.208307 0.000000 343.822113
v 8.241703 0.000000 344.617432
v 17.013680 0.000000 344.302032
v 16.969151 0.000000 343.301025
v 18.505360 0.000000 343.246185
v 18.382908 0.000000 339.502686
v 17.225185 9.800000 339.543823
v 17.191790 9.800000 338.487976
v 8.341890 9.800000 338.803345
v 6.560779 9.800000 338.871918
v 6.738890 9.800000 343.876953
v 8.208307 9.800000 343.822113
v 8.241703 9.800000 344.617432
v 17.013680 9.800000 344.302032
v 16.969151 9.800000 343.301025
v 18.505360 9.800000 343.246185
v 18.382908 9.800000 339.502686
v 9.555273 0.000000 328.327026
v 9.499614 0.000000 327.613983
v 4.957778 0.000000 328.025360
v 5.881730 0.000000 338.693665
v 11.826191 0.000000 338.172577
v 10.946767 0.000000 328.203613
v 9.555273 9.700000 328.327026
v 9.499614 9.700000 327.613983
v 4.957778 9.700000 328.025360
v 5.881730 9.700000 338.693665
v 11.826191 9.700000 338.172577
v 10.946767 9.700000 328.203613
v 16.479345 0.000000 332.742432
v 16.212179 0.000000 329.369171
v 11.881850 0.000000 329.698273
v 12.494107 0.000000 337.816040
v 18.338381 0.000000 337.377258
v 17.993290 0.000000 332.619019
v 16.479345 9.400000 332.742432
v 16.212179 9.400000 329.369171
v 11.881850 9.400000 329.698273
v 12.494107 9.400000 337.816040
v 18.338381 9.400000 337.377258
v 17.993290 9.400000 332.619019
v 21.844944 0.000000 354.243561
v 21.121368 0.000000 344.781982
v 6.393800 0.000000 345.933838
v 7.584918 0.000000 361.456329
v 18.160271 0.000000 360.633575
v 18.204798 0.000000 361.785400
v 22.023056 0.000000 361.634583
v 23.136251 0.000000 359.865662
v 22.690973 0.000000 354.175018
v 21.844944 9.700000 354.243561
v 21.121368 9.700000 344.781982
v 6.393800 9.700000 345.933838
v 7.584918 9.700000 361.456329
v 18.160271 9.700000 360.633575
v 18.204798 9.700000 361.785400
v 22.023056 9.700000 361.634583
v 23.136251 9.700000 359.865662
v 22.690973 9.700000 354.175018
v 37.652313 0.000000 350.335541
v 36.650436 0.000000 343.588989
v 29.147503 0.000000 344.713409
v 31.730116 0.000000 362.114502
v 42.338863 0.000000 360.510162
v 40.769257 0.000000 349.869293
v 37.652313 3.040000 350.335541
v 36.650436 3.040000 343.588989
v 29.147503 3.040000 344.713409
v 31.730116 3.040000 362.114502
v 42.338863 3.040000 360.510162
v 40.769257 3.040000 349.869293
v 141.635849 0.000000 358.083069
v 143.428085 0.000000 352.639221
v 143.027344 0.000000 350.390381
v 130.581818 0.000000 352.652924
v 130.904648 0.000000 354.490387
v 141.635849 8.700000 358.083069
v 143.428085 8.700000 352.639221
v 143.027344 8.700000 350.390381
v 130.581818 8.700000 352.652924
v 130.904648 8.700000 354.490387
v 135.635727 0.000000 365.295807
v 138.151550 0.000000 366.104828
v 138.374191 0.000000 365.378082
v 139.520782 0.000000 365.748322
v 141.557922 0.000000 359.413177
v 131.171814 0.000000 356.039917
v 130.459366 0.000000 358.233887
v 135.635727 7.500000 365.295807
v 138.151550 7.500000 366.104828
v 138.374191 7.500000 365.378082
v 139.520782 7.500000 365.748322
v 141.557922 7.500000 359.413177
v 131.171814 7.500000 356.039917
v 130.459366 7.500000 358.233887
v 159.168671 0.000000 349.841888
v 158.690002 0.000000 351.089722
v 156.307755 0.000000 349.992706
v 155.561920 0.000000 351.706757
v 153.435715 0.000000 350.884033
v 149.372559 0.000000 361.483734
v 154.003448 0.000000 363.266357
v 153.380051 0.000000 364.925568
v 158.200195 0.000000 366.790466
v 159.246597 0.000000 364.075378
v 161.662231 0.000000 365.021545
v 163.977676 0.000000 358.988068
v 161.562042 0.000000 358.041931
v 163.988800 0.000000 351.706757
v 159.168671 6.400000 349.841888
v 158.690002 6.400000 351.089722
v 156.307755 6.400000 349.992706
v 155.561920 6.400000 351.706757
v 153.435715 6.400000 350.884033
v 149.372559 6.400000 361.483734
v 154.003448 6.400000 363.266357
v 153.380051 6.400000 364.925568
v 158.200195 6.400000 366.790466
v 159.246597 6.400000 364.075378
v 161.662231 6.400000 365.021545
v 163.977676 6.400000 358.988068
v 161.562042 6.400000 358.041931
v 163.988800 6.400000 351.706757
v -13.855216 0.000000 270.803040
v -16.382168 0.000000 258.516571
v -24.786789 0.000000 260.258087
v -22.259838 0.000000 272.544525
v -13.855216 7.100000 270.803040
v -16.382168 7.100000 258.516571
v -24.786789 7.100000 260.258087
v -22.259838 7.100000 272.544525
v -11.539770 0.000000 283.583130
v -13.732764 0.000000 272.667938
v -19.343267 0.000000 273.806091
v -18.998177 0.000000 275.506439
v -21.369282 0.000000 275.986389
v -19.510246 0.000000 285.201202
v -11.539770 7.400000 283.583130
v -13.732764 7.400000 272.667938
v -19.343267 7.400000 273.806091
v -18.998177 7.400000 275.506439
v -21.369282 7.400000 275.986389
v -19.510246 7.400000 285.201202
v -10.693742 0.000000 299.859894
v -12.608438 0.000000 286.545013
v -22.860962 0.000000 288.039703
v -21.903614 0.000000 294.676544
v -24.263588 0.000000 295.019379
v -23.306240 0.000000 301.697357
v -10.693742 12.300000 299.859894
v -12.608438 12.300000 286.545013
v -22.860962 12.300000 288.039703
v -21.903614 12.300000 294.676544
v -24.263588 12.300000 295.019379
v -23.306240 12.300000 301.697357
v -24.363775 0.000000 302.273285
v -24.675470 0.000000 297.528748
v -32.679340 0.000000 298.077271
v -32.345383 0.000000 302.808075
v -24.363775 7.000000 302.273285
v -24.675470 7.000000 297.528748
v -32.679340 7.000000 298.077271
v -32.345383 7.000000 302.808075
v -22.783039 0.000000 274.601410
v -25.343388 0.000000 264.111298
v -36.742504 0.000000 266.990936
v -34.182156 0.000000 277.467316
v -22.783039 7.000000 274.601410
v -25.343388 7.000000 264.111298
v -36.742504 7.000000 266.990936
v -34.182156 7.000000 277.467316
v -38.267582 0.000000 291.577515
v -40.549629 0.000000 289.986877
v -47.607285 0.000000 290.357117
v -47.006161 0.000000 302.191010
v -36.063454 0.000000 301.628784
v -36.586655 0.000000 291.481537
v -38.267582 7.600000 291.577515
v -40.549629 7.600000 289.986877
v -47.607285 7.600000 290.357117
v -47.006161 7.600000 302.191010
v -36.063454 7.600000 301.628784
v -36.586655 7.600000 291.481537
v -61.099209 0.000000 282.143311
v -61.856182 0.000000 268.444489
v -68.001015 0.000000 268.773590
v -67.277443 0.000000 282.307861
v -63.147488 0.000000 282.074738
v -62.958244 0.000000 285.461731
v -67.065933 0.000000 285.694855
v -66.665184 0.000000 292.852783
v -64.906334 0.000000 292.743103
v -64.761620 0.000000 295.444458
v -66.498199 0.000000 295.540436
v -66.064056 0.000000 303.370300
v -48.976517 0.000000 302.424133
v -49.399529 0.000000 294.470856
v -50.835552 0.000000 294.553131
v -50.980267 0.000000 291.769501
v -49.299343 0.000000 291.673523
v -49.855938 0.000000 281.430267
v -53.240051 0.000000 281.608521
v -53.162128 0.000000 282.952332
v -56.011906 0.000000 283.103180
v -56.089832 0.000000 281.869049
v -61.099209 12.100000 282.143311
v -61.856182 12.100000 268.444489
v -68.001015 12.100000 268.773590
v -67.277443 12.100000 282.307861
v -63.147488 12.100000 282.074738
v -62.958244 12.100000 285.461731
v -67.065933 12.100000 285.694855
v -66.665184 12.100000 292.852783
v -64.906334 12.100000 292.743103
v -64.761620 12.100000 295.444458
v -66.498199 12.100000 295.540436
v -66.064056 12.100000 303.370300
v -48.976517 12.100000 302.424133
v -49.399529 12.100000 294.470856
v -50.835552 12.100000 294.553131
v -50.980267 12.100000 291.769501
v -49.299343 12.100000 291.673523
v -49.855938 12.100000 281.430267
v -53.240051 12.100000 281.608521
v -53.162128 12.100000 282.952332
v -56.011906 12.100000 283.103180
v -56.089832 12.100000 281.869049
v -52.661190 0.000000 313.092438
v -52.961754 0.000000 306.853271
v -65.540855 0.000000 307.456604
v -65.251427 0.000000 313.668365
v -52.661190 5.600000 313.092438
v -52.961754 5.600000 306.853271
v -65.540855 5.600000 307.456604
v -65.251427 5.600000 313.668365
v -68.924965 0.000000 312.324554
v -69.381378 0.000000 302.478973
v -90.287178 0.000000 303.466278
v -89.641525 0.000000 317.549011
v -84.153473 0.000000 317.288483
v -84.353851 0.000000 313.051300
v -68.924965 7.700000 312.324554
v -69.381378 7.700000 302.478973
v -90.287178 7.700000 303.466278
v -89.641525 7.700000 317.549011
v -84.153473 7.700000 317.288483
v -84.353851 7.700000 313.051300
v -86.502312 0.000000 292.921356
v -86.724953 0.000000 286.997528
v -90.788116 0.000000 287.148376
v -90.287178 0.000000 300.257538
v -82.839905 0.000000 299.983307
v -83.107071 0.000000 292.797943
v -86.502312 7.800000 292.921356
v -86.724953 7.800000 286.997528
v -90.788116 7.800000 287.148376
v -90.287178 7.800000 300.257538
v -82.839905 7.800000 299.983307
v -83.107071 7.800000 292.797943
v -93.982986 0.000000 299.379944
v -94.372604 0.000000 287.792877
v -102.020256 0.000000 288.053406
v -101.630630 0.000000 299.640472
v -93.982986 10.000000 299.379944
v -94.372604 10.000000 287.792877
v -102.020256 10.000000 288.053406
v -101.630630 10.000000 299.640472
v -77.719208 0.000000 8.602243
v -78.320335 0.000000 8.355412
v -77.919586 0.000000 7.354372
v -91.456032 0.000000 1.869219
v -95.752968 0.000000 12.578978
v -82.350098 0.000000 18.009274
v -81.982742 0.000000 17.076799
v -81.225769 0.000000 17.378483
v -77.719208 39.900002 8.602243
v -78.320335 39.900002 8.355412
v -77.919586 39.900002 7.354372
v -91.456032 39.900002 1.869219
v -95.752968 39.900002 12.578978
v -82.350098 39.900002 18.009274
v -81.982742 39.900002 17.076799
v -81.225769 39.900002 17.378483
v -176.181290 0.000000 50.152184
v -169.936279 0.000000 58.407303
v -173.598679 0.000000 61.095013
v -166.752533 0.000000 64.056984
v -163.001068 0.000000 61.163578
v -163.457474 0.000000 58.530716
v -163.179184 0.000000 58.325024
v -164.548416 0.000000 56.514935
v -144.288269 0.000000 41.088001
v -145.702026 0.000000 39.209343
v -143.030350 0.000000 37.166130
v -147.594452 0.000000 28.952135
v -151.323654 0.000000 31.804409
v -151.601959 0.000000 31.434162
v -176.181290 8.000000 50.152184
v -169.936279 8.000000 58.407303
v -173.598679 8.000000 61.095013
v -166.752533 8.000000 64.056984
v -163.001068 8.000000 61.163578
v -163.457474 8.000000 58.530716
v -163.179184 8.000000 58.325024
v -164.548416 8.000000 56.514935
v -144.288269 8.000000 41.088001
v -145.702026 8.000000 39.209343
v -143.030350 8.000000 37.166130
v -147.594452 8.000000 28.952135
v -151.323654 8.000000 31.804409
v -151.601959 8.000000 31.434162
v -162.288620 0.000000 62.713127
v -159.216202 0.000000 66.717262
v -154.128906 0.000000 69.144432
v -146.347672 0.000000 50.056194
v -162.288620 9.900000 62.713127
v -159.216202 9.900000 66.717262
v -154.128906 9.900000 69.144432
v -146.347672 9.900000 50.056194
v -183.161026 0.000000 47.053085
v -187.669464 0.000000 41.526814
v -198.545380 0.000000 50.508717
v -174.444717 0.000000 60.477936
v -171.160782 0.000000 58.338737
v -175.936401 0.000000 52.305099
v -176.927139 0.000000 53.114155
v -182.404053 0.000000 46.422295
v -183.161026 19.799999 47.053085
v -187.669464 19.799999 41.526814
v -198.545380 19.799999 50.508717
v -174.444717 19.799999 60.477936
v -171.160782 19.799999 58.338737
v -175.936401 19.799999 52.305099
v -176.927139 19.799999 53.114155
v -182.404053 19.799999 46.422295
v -184.307617 0.000000 26.291842
v -193.179779 0.000000 15.486106
v -205.124359 0.000000 25.386793
v -197.665955 0.000000 34.464699
v -191.576782 0.000000 29.432085
v -190.174164 0.000000 31.146191
v -184.307617 8.200000 26.291842
v -193.179779 8.200000 15.486106
v -205.124359 8.200000 25.386793
v -197.665955 8.200000 34.464699
v -191.576782 8.200000 29.432085
v -190.174164 8.200000 31.146191
v -200.437820 0.000000 41.375973
v -209.732986 0.000000 29.939461
v -220.185898 0.000000 38.509991
v -217.703461 0.000000 41.938198
v -206.393402 0.000000 46.477146
v -205.881332 0.000000 46.038338
v -204.723618 0.000000 47.464470
v -199.647446 0.000000 43.295769
v -200.905350 0.000000 41.759933
v -200.437820 19.100000 41.375973
v -209.732986 19.100000 29.939461
v -220.185898 19.100000 38.509991
v -217.703461 19.100000 41.938198
v -206.393402 19.100000 46.477146
v -205.881332 19.100000 46.038338
v -204.723618 19.100000 47.464470
v -199.647446 19.100000 43.295769
v -200.905350 19.100000 41.759933
v -222.445679 0.000000 38.167168
v -232.264053 0.000000 25.674763
v -240.312454 0.000000 32.339211
v -224.037552 0.000000 39.291622
v -222.445679 17.700001 38.167168
v -232.264053 17.700001 25.674763
v -240.312454 17.700001 32.339211
v -224.037552 17.700001 39.291622
v -210.935242 0.000000 28.952135
v -220.497589 0.000000 16.679125
v -231.195389 0.000000 25.098824
v -221.633041 0.000000 37.371822
v -210.935242 23.100000 28.952135
v -220.497589 23.100000 16.679125
v -231.195389 23.100000 25.098824
v -221.633041 23.100000 37.371822
v -184.619308 0.000000 -1.970390
v -189.740005 0.000000 -8.305748
v -202.174393 0.000000 1.855506
v -197.042572 0.000000 8.190857
v -184.619308 14.900000 -1.970390
v -189.740005 14.900000 -8.305748
v -202.174393 14.900000 1.855506
v -197.042572 14.900000 8.190857
v -169.012329 0.000000 -4.959801
v -178.852966 0.000000 -16.574629
v -188.626816 0.000000 -8.237184
v -181.702744 0.000000 -0.050586
v -179.632202 0.000000 -1.819548
v -176.726761 0.000000 1.608674
v -169.012329 16.900000 -4.959801
v -178.852966 16.900000 -16.574629
v -188.626816 16.900000 -8.237184
v -181.702744 16.900000 -0.050586
v -179.632202 16.900000 -1.819548
v -176.726761 16.900000 1.608674
v -234.223282 0.000000 1.896644
v -235.893066 0.000000 -0.119150
v -256.654144 0.000000 17.076799
v -248.461044 0.000000 27.059761
v -229.358612 0.000000 11.235116
v -229.870682 0.000000 10.508333
v -228.835419 0.000000 9.685561
v -234.802139 0.000000 2.417734
v -234.223282 17.200001 1.896644
v -235.893066 17.200001 -0.119150
v -256.654144 17.200001 17.076799
v -248.461044 17.200001 27.059761
v -229.358612 17.200001 11.235116
v -229.870682 17.200001 10.508333
v -228.835419 17.200001 9.685561
v -234.802139 17.200001 2.417734
v -252.880432 0.000000 24.797140
v -258.635651 0.000000 18.064125
v -262.353729 0.000000 21.272936
v -260.049408 0.000000 23.974369
v -254.394379 0.000000 26.113575
v -252.880432 13.700000 24.797140
v -258.635651 13.700000 18.064125
v -262.353729 13.700000 21.272936
v -260.049408 13.700000 23.974369
v -254.394379 13.700000 26.113575
v -259.214508 0.000000 16.624275
v -268.287048 0.000000 5.914519
v -277.359589 0.000000 13.429175
v -277.448639 0.000000 14.389076
v -273.307556 0.000000 19.325708
v -265.838013 0.000000 22.328825
v -259.214508 17.299999 16.624275
v -268.287048 17.299999 5.914519
v -277.359589 17.299999 13.429175
v -277.448639 17.299999 14.389076
v -273.307556 17.299999 19.325708
v -265.838013 17.299999 22.328825
v -253.492691 0.000000 11.989324
v -262.643158 0.000000 0.854465
v -267.852905 0.000000 5.174024
v -258.713562 0.000000 16.308878
v -253.492691 13.800000 11.989324
v -262.643158 13.800000 0.854465
v -267.852905 13.800000 5.174024
v -258.713562 13.800000 16.308878
v -243.585251 0.000000 4.172983
v -252.602127 0.000000 -6.811042
v -256.442657 0.000000 -3.725640
v -247.481430 0.000000 7.614916
v -243.585251 9.300000 4.172983
v -252.602127 9.300000 -6.811042
v -256.442657 9.300000 -3.725640
v -247.481430 9.300000 7.614916
v -239.800385 0.000000 0.689910
v -248.438782 0.000000 -9.978722
v -252.179108 0.000000 -6.920745
v -243.540726 0.000000 3.747884
v -239.800385 7.700000 0.689910
v -248.438782 7.700000 -9.978722
v -252.179108 7.700000 -6.920745
v -243.540726 7.700000 3.747884
v -242.972992 0.000000 -11.610557
v -245.243912 0.000000 -12.309915
v -247.948975 0.000000 -10.115850
v -239.544357 0.000000 0.264811
v -235.893066 0.000000 -2.820590
v -242.972992 7.100000 -11.610557
v -245.243912 7.100000 -12.309915
v -247.948975 7.100000 -10.115850
v -239.544357 7.100000 0.264811
v -235.893066 7.100000 -2.820590
v -226.876190 0.000000 -9.197086
v -229.458801 0.000000 -12.049370
v -233.065552 0.000000 -8.744560
v -230.471817 0.000000 -5.892278
v -226.876190 9.000000 -9.197086
v -229.458801 9.000000 -12.049370
v -233.065552 9.000000 -8.744560
v -230.471817 9.000000 -5.892278
v -229.948608 0.000000 -12.652738
v -235.470062 0.000000 -19.180082
v -239.210388 0.000000 -16.615768
v -239.555481 0.000000 -15.532448
v -234.123093 0.000000 -9.101096
v -229.948608 11.300000 -12.652738
v -235.470062 11.300000 -19.180082
v -239.210388 11.300000 -16.615768
v -239.555481 11.300000 -15.532448
v -234.123093 11.300000 -9.101096
v -222.634918 0.000000 -11.212883
v -231.184265 0.000000 -21.333010
v -234.156494 0.000000 -18.809834
v -225.618286 0.000000 -8.675996
v -222.634918 10.800000 -11.212883
v -231.184265 10.800000 -21.333010
v -234.156494 10.800000 -18.809834
v -225.618286 10.800000 -8.675996
v -215.287842 0.000000 -17.164284
v -222.980011 0.000000 -26.091393
v -229.469940 0.000000 -20.441669
v -221.777756 0.000000 -11.528279
v -215.287842 12.600000 -17.164284
v -222.980011 12.600000 -26.091393
v -229.469940 12.600000 -20.441669
v -221.777756 12.600000 -11.528279
v -125.130180 0.000000 -88.732193
v -124.584717 0.000000 -84.069778
v -122.725677 0.000000 -81.724854
v -116.347069 0.000000 -94.011703
v -121.100410 0.000000 -96.507469
v -125.130180 6.100000 -88.732193
v -124.584717 6.100000 -84.069778
v -122.725677 6.100000 -81.724854
v -116.347069 6.100000 -94.011703
v -121.100410 6.100000 -96.507469
v -188.960770 0.000000 -62.526684
v -191.253952 0.000000 -65.913788
v -196.274460 0.000000 -62.512974
v -202.241196 0.000000 -58.453934
v -196.196548 0.000000 -49.485661
v -185.220444 0.000000 -56.945507
v -188.960770 13.600000 -62.526684
v -191.253952 13.600000 -65.913788
v -196.274460 13.600000 -62.512974
v -202.241196 13.600000 -58.453934
v -196.196548 13.600000 -49.485661
v -185.220444 13.600000 -56.945507
v -187.513626 0.000000 -50.418140
v -189.628693 0.000000 -53.503555
v -195.628815 0.000000 -49.362244
v -193.513748 0.000000 -46.276833
v -187.513626 8.600000 -50.418140
v -189.628693 8.600000 -53.503555
v -195.628815 8.600000 -49.362244
v -193.513748 8.600000 -46.276833
v -207.718109 0.000000 -87.360893
v -208.352631 0.000000 -87.936844
v -217.859314 0.000000 -80.655243
v -216.623672 0.000000 -79.050819
v -217.202530 0.000000 -78.612007
v -214.419540 0.000000 -74.950638
v -204.111359 0.000000 -82.835609
v -205.235687 0.000000 -84.302902
v -204.823807 0.000000 -84.536018
v -207.194901 0.000000 -87.662582
v -207.718109 9.800000 -87.360893
v -208.352631 9.800000 -87.936844
v -217.859314 9.800000 -80.655243
v -216.623672 9.800000 -79.050819
v -217.202530 9.800000 -78.612007
v -214.419540 9.800000 -74.950638
v -204.111359 9.800000 -82.835609
v -205.235687 9.800000 -84.302902
v -204.823807 9.800000 -84.536018
v -207.194901 9.800000 -87.662582
v -208.753387 0.000000 -89.143585
v -212.460312 0.000000 -93.819717
v -221.210037 0.000000 -86.510689
v -217.302719 0.000000 -81.930550
v -208.753387 12.500000 -89.143585
v -212.460312 12.500000 -93.819717
v -221.210037 12.500000 -86.510689
v -217.302719 12.500000 -81.930550
v -217.959503 0.000000 -103.158279
v -219.618164 0.000000 -103.487396
v -237.106461 0.000000 -90.034935
v -230.783508 0.000000 -81.765991
v -212.894470 0.000000 -95.533844
v -217.959503 10.600000 -103.158279
v -219.618164 10.600000 -103.487396
v -237.106461 10.600000 -90.034935
v -230.783508 10.600000 -81.765991
v -212.894470 10.600000 -95.533844
v -231.484818 0.000000 -80.572968
v -238.308701 0.000000 -88.526505
v -249.206879 0.000000 -79.064537
v -242.371872 0.000000 -71.111008
v -231.484818 14.800000 -80.572968
v -238.308701 14.800000 -88.526505
v -249.206879 14.800000 -79.064537
v -242.371872 14.800000 -71.111008
v -237.952484 0.000000 -62.458118
v -238.765121 0.000000 -63.664860
v -240.557358 0.000000 -62.458118
v -245.165985 0.000000 -59.331566
v -238.319839 0.000000 -49.115410
v -231.907837 0.000000 -53.434990
v -237.952484 9.200000 -62.458118
v -238.765121 9.200000 -63.664860
v -240.557358 9.200000 -62.458118
v -245.165985 9.200000 -59.331566
v -238.319839 9.200000 -49.115410
v -231.907837 9.200000 -53.434990
v -220.152496 0.000000 -38.597584
v -230.282562 0.000000 -51.858002
v -236.516464 0.000000 -47.044758
v -228.501465 0.000000 -36.568069
v -224.059814 0.000000 -39.996304
v -221.944733 0.000000 -37.226292
v -220.152496 7.100000 -38.597584
v -230.282562 7.100000 -51.858002
v -236.516464 7.100000 -47.044758
v -228.501465 7.100000 -36.568069
v -224.059814 7.100000 -39.996304
v -221.944733 7.100000 -37.226292
v -212.015045 0.000000 -41.024773
v -221.710968 0.000000 -53.517269
v -226.375259 0.000000 -49.869625
v -216.668198 0.000000 -37.363419
v -212.015045 12.600000 -41.024773
v -221.710968 12.600000 -53.517269
v -226.375259 12.600000 -49.869625
v -216.668198 12.600000 -37.363419
v -226.486572 0.000000 -31.987949
v -235.024780 0.000000 -43.150280
v -239.611145 0.000000 -39.612343
v -231.084076 0.000000 -28.450014
v -226.486572 14.000000 -31.987949
v -235.024780 14.000000 -43.150280
v -239.611145 14.000000 -39.612343
v -231.084076 14.000000 -28.450014
v -231.596146 0.000000 -28.998531
v -239.900574 0.000000 -39.859173
v -244.631653 0.000000 -36.211533
v -236.316086 0.000000 -25.364607
v -231.596146 13.200000 -28.998531
v -239.900574 13.200000 -39.859173
v -244.631653 13.200000 -36.211533
v -236.316086 13.200000 -25.364607
v -236.961746 0.000000 -44.850685
v -239.266052 0.000000 -48.525753
v -248.461044 0.000000 -42.684040
v -245.065796 0.000000 -37.294853
v -238.598129 0.000000 -41.408737
v -239.689072 0.000000 -43.122852
v -236.961746 10.100000 -44.850685
v -239.266052 10.100000 -48.525753
v -248.461044 10.100000 -42.684040
v -245.065796 10.100000 -37.294853
v -238.598129 10.100000 -41.408737
v -239.689072 10.100000 -43.122852
v -239.856049 0.000000 -51.076363
v -245.755981 0.000000 -59.756664
v -255.518692 0.000000 -53.064743
v -249.629898 0.000000 -44.398159
v -239.856049 10.000000 -51.076363
v -245.755981 10.000000 -59.756664
v -255.518692 10.000000 -53.064743
v -249.629898 10.000000 -44.398159
v -267.418762 0.000000 -55.848473
v -272.472656 0.000000 -61.991879
v -276.725067 0.000000 -58.467648
v -271.671143 0.000000 -52.310528
v -267.418762 11.200000 -55.848473
v -272.472656 11.200000 -61.991879
v -276.725067 11.200000 -58.467648
v -271.671143 11.200000 -52.310528
v -261.195984 0.000000 -49.513088
v -264.635773 0.000000 -53.777817
v -273.719421 0.000000 -46.413960
v -270.279663 0.000000 -42.149235
v -261.195984 9.000000 -49.513088
v -264.635773 9.000000 -53.777817
v -273.719421 9.000000 -46.413960
v -270.279663 9.000000 -42.149235
v -255.262665 0.000000 -42.944584
v -260.850891 0.000000 -49.499374
v -265.626495 0.000000 -45.385490
v -260.049408 0.000000 -38.844418
v -255.262665 6.800000 -42.944584
v -260.850891 6.800000 -49.499374
v -265.626495 6.800000 -45.385490
v -260.049408 6.800000 -38.844418
v -260.461273 0.000000 -38.556446
v -265.737823 0.000000 -45.234646
v -270.123810 0.000000 -41.751560
v -264.836151 0.000000 -35.073360
v -260.461273 7.600000 -38.556446
v -265.737823 7.600000 -45.234646
v -270.123810 7.600000 -41.751560
v -264.836151 7.600000 -35.073360
v -267.530060 0.000000 -36.046978
v -274.264893 0.000000 -44.836971
v -280.565582 0.000000 -39.955166
v -273.819611 0.000000 -31.178886
v -267.530060 9.600000 -36.046978
v -274.264893 9.600000 -44.836971
v -280.565582 9.600000 -39.955166
v -273.819611 9.600000 -31.178886
v -268.799103 0.000000 -23.527077
v -276.023743 0.000000 -31.439432
v -284.472900 0.000000 -23.664206
v -282.335571 0.000000 -21.305584
v -282.736328 0.000000 -20.935335
v -277.649017 0.000000 -15.367893
v -268.799103 15.100000 -23.527077
v -276.023743 15.100000 -31.439432
v -284.472900 15.100000 -23.664206
v -282.335571 15.100000 -21.305584
v -282.736328 15.100000 -20.935335
v -277.649017 15.100000 -15.367893
v -279.329926 0.000000 -35.004795
v -286.376465 0.000000 -43.287411
v -289.560211 0.000000 -40.544823
v -288.903412 0.000000 -39.776897
v -291.931305 0.000000 -37.198864
v -290.751312 0.000000 -35.800144
v -293.434113 0.000000 -33.482658
v -292.376587 0.000000 -32.221069
v -294.803345 0.000000 -30.150417
v -288.124176 0.000000 -22.306627
v -281.055389 0.000000 -28.367737
v -281.500671 0.000000 -28.902542
v -278.005249 0.000000 -31.891960
v -280.086914 0.000000 -34.346573
v -279.329926 12.000000 -35.004795
v -286.376465 12.000000 -43.287411
v -289.560211 12.000000 -40.544823
v -288.903412 12.000000 -39.776897
v -291.931305 12.000000 -37.198864
v -290.751312 12.000000 -35.800144
v -293.434113 12.000000 -33.482658
v -292.376587 12.000000 -32.221069
v -294.803345 12.000000 -30.150417
v -288.124176 12.000000 -22.306627
v -281.055389 12.000000 -28.367737
v -281.500671 12.000000 -28.902542
v -278.005249 12.000000 -31.891960
v -280.086914 12.000000 -34.346573
v -274.609985 0.000000 2.678279
v -286.064758 0.000000 -10.609515
v -293.478638 0.000000 -4.178166
v -282.012726 0.000000 9.123333
v -274.609985 7.800000 2.678279
v -286.064758 7.800000 -10.609515
v -293.478638 7.800000 -4.178166
v -282.012726 7.800000 9.123333
v -282.458008 0.000000 9.589571
v -293.857117 0.000000 -3.492521
v -299.411987 0.000000 1.389268
v -290.105652 0.000000 11.701354
v -287.100037 0.000000 12.949225
v -286.153809 0.000000 12.839522
v -282.458008 15.800000 9.589571
v -293.857117 15.800000 -3.492521
v -299.411987 15.800000 1.389268
v -290.105652 15.800000 11.701354
v -287.100037 15.800000 12.949225
v -286.153809 15.800000 12.839522
v -289.315308 0.000000 -10.568377
v -300.235748 0.000000 -24.020741
v -321.486633 0.000000 -1.079052
v -302.673645 0.000000 6.668728
v -302.150421 0.000000 6.024222
v -300.146667 0.000000 6.751005
v -298.154053 0.000000 4.310112
v -301.393463 0.000000 0.525356
v -298.309906 0.000000 -3.039996
v -298.031616 0.000000 -2.683460
v -289.704926 0.000000 -9.498770
v -290.061127 0.000000 -9.937583
v -289.315308 25.100000 -10.568377
v -300.235748 25.100000 -24.020741
v -321.486633 25.100000 -1.079052
v -302.673645 25.100000 6.668728
v -302.150421 25.100000 6.024222
v -300.146667 25.100000 6.751005
v -298.154053 25.100000 4.310112
v -301.393463 25.100000 0.525356
v -298.309906 25.100000 -3.039996
v -298.031616 25.100000 -2.683460
v -289.704926 25.100000 -9.498770
v -290.061127 25.100000 -9.937583
v -312.581055 0.000000 -24.788664
v -325.004333 0.000000 -37.678818
v -333.086121 0.000000 -29.807594
v -320.651733 0.000000 -16.931164
v -312.581055 14.700000 -24.788664
v -325.004333 14.700000 -37.678818
v -333.086121 14.700000 -29.807594
v -320.651733 14.700000 -16.931164
v -345.108612 0.000000 -64.089966
v -351.676483 0.000000 -73.263947
v -356.240570 0.000000 -69.959114
v -350.774780 0.000000 -62.307278
v -349.683868 0.000000 -60.785137
v -347.579926 0.000000 -62.307278
v -345.108612 12.400000 -64.089966
v -351.676483 12.400000 -73.263947
v -356.240570 12.400000 -69.959114
v -350.774780 12.400000 -62.307278
v -349.683868 12.400000 -60.785137
v -347.579926 12.400000 -62.307278
v -340.321899 0.000000 -62.320992
v -345.431458 0.000000 -68.944359
v -346.811798 0.000000 -67.861031
v -343.895233 0.000000 -64.076248
v -346.155029 0.000000 -62.307278
v -349.238586 0.000000 -59.907509
v -345.965790 0.000000 -55.670204
v -343.906372 0.000000 -57.260906
v -343.271851 0.000000 -56.438129
v -338.585297 0.000000 -60.072063
v -340.321899 11.900000 -62.320992
v -345.431458 11.900000 -68.944359
v -346.811798 11.900000 -67.861031
v -343.895233 11.900000 -64.076248
v -346.155029 11.900000 -62.307278
v -349.238586 11.900000 -59.907509
v -345.965790 11.900000 -55.670204
v -343.906372 11.900000 -57.260906
v -343.271851 11.900000 -56.438129
v -338.585297 11.900000 -60.072063
v -338.418335 0.000000 -43.534241
v -342.759796 0.000000 -49.060558
v -363.576538 0.000000 -36.403515
v -356.318512 0.000000 -24.363564
v -358.244324 0.000000 -23.266531
v -353.980774 0.000000 -15.765568
v -353.101349 0.000000 -16.341509
v -352.466858 0.000000 -15.367893
v -351.375916 0.000000 -16.080965
v -341.802429 0.000000 -25.350895
v -342.080750 0.000000 -25.871986
v -340.199432 0.000000 -26.886742
v -341.846954 0.000000 -29.917297
v -338.117767 0.000000 -31.933098
v -339.442474 0.000000 -34.374001
v -334.332886 0.000000 -36.609207
v -338.418335 22.700001 -43.534241
v -342.759796 22.700001 -49.060558
v -363.576538 22.700001 -36.403515
v -356.318512 22.700001 -24.363564
v -358.244324 22.700001 -23.266531
v -353.980774 22.700001 -15.765568
v -353.101349 22.700001 -16.341509
v -352.466858 22.700001 -15.367893
v -351.375916 22.700001 -16.080965
v -341.802429 22.700001 -25.350895
v -342.080750 22.700001 -25.871986
v -340.199432 22.700001 -26.886742
v -341.846954 22.700001 -29.917297
v -338.117767 22.700001 -31.933098
v -339.442474 22.700001 -34.374001
v -334.332886 22.700001 -36.609207
v -362.463348 0.000000 -23.691631
v -366.248199 0.000000 -24.912081
v -368.352142 0.000000 -23.746483
v -368.975525 0.000000 -23.924751
v -370.110992 0.000000 -20.318254
v -362.674835 0.000000 -17.932207
v -361.428070 0.000000 -21.867813
v -362.463348 14.300000 -23.691631
v -366.248199 14.300000 -24.912081
v -368.352142 14.300000 -23.746483
v -368.975525 14.300000 -23.924751
v -370.110992 14.300000 -20.318254
v -362.674835 14.300000 -17.932207
v -361.428070 14.300000 -21.867813
v -366.904968 0.000000 -27.078722
v -371.636047 0.000000 -34.977367
v -377.858826 0.000000 -31.220026
v -378.727112 0.000000 -32.673595
v -386.808899 0.000000 -27.805508
v -385.127991 0.000000 -24.994358
v -382.311584 0.000000 -26.708473
v -380.185394 0.000000 -23.129402
v -376.322601 0.000000 -25.460598
v -374.530365 0.000000 -22.471182
v -366.904968 9.500000 -27.078722
v -371.636047 9.500000 -34.977367
v -377.858826 9.500000 -31.220026
v -378.727112 9.500000 -32.673595
v -386.808899 9.500000 -27.805508
v -385.127991 9.500000 -24.994358
v -382.311584 9.500000 -26.708473
v -380.185394 9.500000 -23.129402
v -376.322601 9.500000 -25.460598
v -374.530365 9.500000 -22.471182
v -401.803650 0.000000 -32.193645
v -406.879822 0.000000 -44.836971
v -424.646393 0.000000 -37.623966
v -423.021149 0.000000 -33.551224
v -421.963593 0.000000 -33.976326
v -420.516449 0.000000 -30.383537
v -414.427277 0.000000 -32.851864
v -413.158234 0.000000 -29.684177
v -407.948486 0.000000 -31.782255
v -407.224915 0.000000 -29.999575
v -401.803650 2.990000 -32.193645
v -406.879822 2.990000 -44.836971
v -424.646393 2.990000 -37.623966
v -423.021149 2.990000 -33.551224
v -421.963593 2.990000 -33.976326
v -420.516449 2.990000 -30.383537
v -414.427277 2.990000 -32.851864
v -413.158234 2.990000 -29.684177
v -407.948486 2.990000 -31.782255
v -407.224915 2.990000 -29.999575
v -319.894745 0.000000 28.060801
v -358.722992 0.000000 11.728780
v -362.374268 0.000000 20.491302
v -370.667572 0.000000 31.749557
v -373.049805 0.000000 34.711533
v -344.852600 0.000000 60.477936
v -344.195801 0.000000 59.833435
v -340.321899 0.000000 63.865002
v -321.508881 0.000000 45.613239
v -318.759308 0.000000 38.084892
v -315.341797 0.000000 39.346474
v -313.471619 0.000000 34.190445
v -316.588562 0.000000 33.038563
v -316.143280 0.000000 31.818121
v -319.894745 22.799999 28.060801
v -358.722992 22.799999 11.728780
v -362.374268 22.799999 20.491302
v -370.667572 22.799999 31.749557
v -373.049805 22.799999 34.711533
v -344.852600 22.799999 60.477936
v -344.195801 22.799999 59.833435
v -340.321899 22.799999 63.865002
v -321.508881 22.799999 45.613239
v -318.759308 22.799999 38.084892
v -315.341797 22.799999 39.346474
v -313.471619 22.799999 34.190445
v -316.588562 22.799999 33.038563
v -316.143280 22.799999 31.818121
v -369.153625 0.000000 25.359367
v -373.584137 0.000000 21.972292
v -377.981262 0.000000 27.800255
v -373.550751 0.000000 31.173616
v -369.153625 8.200000 25.359367
v -373.584137 8.200000 21.972292
v -377.981262 8.200000 27.800255
v -373.550751 8.200000 31.173616
v -374.663940 0.000000 21.656895
v -376.645447 0.000000 20.134768
v -380.719727 0.000000 25.537634
v -378.738251 0.000000 27.059761
v -374.663940 2.970000 21.656895
v -376.645447 2.970000 20.134768
v -380.719727 2.970000 25.537634
v -378.738251 2.970000 27.059761
v -363.042206 0.000000 71.201355
v -369.131378 0.000000 61.725803
v -372.838318 0.000000 64.139259
v -366.749146 0.000000 73.614807
v -363.042206 7.200000 71.201355
v -369.131378 7.200000 61.725803
v -372.838318 7.200000 64.139259
v -366.749146 7.200000 73.614807
v -349.739502 0.000000 66.854393
v -356.351898 0.000000 60.244820
v -361.105225 0.000000 62.740551
v -361.728638 0.000000 61.821793
v -365.413300 0.000000 64.152969
v -359.813934 0.000000 73.011444
v -356.229431 0.000000 70.735115
v -354.915863 0.000000 72.051544
v -349.739502 7.000000 66.854393
v -356.351898 7.000000 60.244820
v -361.105225 7.000000 62.740551
v -361.728638 7.000000 61.821793
v -365.413300 7.000000 64.152969
v -359.813934 7.000000 73.011444
v -356.229431 7.000000 70.735115
v -354.915863 7.000000 72.051544
v -365.335388 0.000000 55.294495
v -369.209290 0.000000 50.385303
v -379.695587 0.000000 58.695271
v -375.821686 0.000000 63.631886
v -365.335388 11.600000 55.294495
v -369.209290 11.600000 50.385303
v -379.695587 11.600000 58.695271
v -375.821686 11.600000 63.631886
v -385.729095 0.000000 4.049567
v -386.897949 0.000000 2.417734
v -393.710724 0.000000 7.381797
v -390.905457 0.000000 11.289968
v -392.018646 0.000000 12.112740
v -387.554749 0.000000 18.283531
v -377.369019 0.000000 10.864868
v -381.365387 0.000000 5.324865
v -382.790283 0.000000 6.298480
v -384.849670 0.000000 3.405062
v -385.729095 9.400000 4.049567
v -386.897949 9.400000 2.417734
v -393.710724 9.400000 7.381797
v -390.905457 9.400000 11.289968
v -392.018646 9.400000 12.112740
v -387.554749 9.400000 18.283531
v -377.369019 9.400000 10.864868
v -381.365387 9.400000 5.324865
v -382.790283 9.400000 6.298480
v -384.849670 9.400000 3.405062
v -409.017151 0.000000 3.871300
v -410.642395 0.000000 0.415653
v -417.588745 0.000000 3.720458
v -415.963470 0.000000 7.162392
v -409.017151 6.300000 3.871300
v -410.642395 6.300000 0.415653
v -417.588745 6.300000 3.720458
v -415.963470 6.300000 7.162392
v -406.568115 0.000000 8.382837
v -408.193390 0.000000 4.803776
v -414.928223 0.000000 7.902887
v -413.314087 0.000000 11.454522
v -406.568115 6.400000 8.382837
v -408.193390 6.400000 4.803776
v -414.928223 6.400000 7.902887
v -413.314087 6.400000 11.454522
v -436.112305 0.000000 30.899361
v -443.359192 0.000000 14.978730
v -449.492920 0.000000 17.803581
v -442.246002 0.000000 33.724209
v -436.112305 12.200000 30.899361
v -443.359192 12.200000 14.978730
v -449.492920 12.200000 17.803581
v -442.246002 12.200000 33.724209
v -453.912292 0.000000 118.606392
v -456.784332 0.000000 112.641350
v -465.233490 0.000000 116.741463
v -463.029358 0.000000 121.335228
v -460.791840 0.000000 121.938591
v -453.912292 14.300000 118.606392
v -456.784332 14.300000 112.641350
v -465.233490 14.300000 116.741463
v -463.029358 14.300000 121.335228
v -460.791840 14.300000 121.938591
v -422.542450 0.000000 144.221756
v -424.690918 0.000000 139.751419
v -436.201355 0.000000 145.332489
v -432.939697 0.000000 152.133987
v -427.229004 0.000000 149.377747
v -428.353333 0.000000 147.060287
v -422.542450 11.000000 144.221756
v -424.690918 11.000000 139.751419
v -436.201355 11.000000 145.332489
v -432.939697 11.000000 152.133987
v -427.229004 11.000000 149.377747
v -428.353333 11.000000 147.060287
v -391.072449 0.000000 164.873077
v -394.423157 0.000000 164.310867
v -413.113708 0.000000 172.442474
v -414.293701 0.000000 174.567947
v -412.378998 0.000000 179.010849
v -414.828033 0.000000 180.066727
v -418.813263 0.000000 170.810669
v -433.574219 0.000000 177.228195
v -433.897064 0.000000 179.367371
v -425.525818 0.000000 198.770782
v -423.600006 0.000000 198.976471
v -411.043152 0.000000 193.518829
v -411.521820 0.000000 192.408112
v -410.074677 0.000000 191.763611
v -410.686951 0.000000 190.310074
v -407.926208 0.000000 189.117081
v -410.152588 0.000000 183.933685
v -407.492065 0.000000 182.781830
v -405.065308 0.000000 188.390305
v -384.749481 0.000000 179.559357
v -391.072449 17.799999 164.873077
v -394.423157 17.799999 164.310867
v -413.113708 17.799999 172.442474
v -414.293701 17.799999 174.567947
v -412.378998 17.799999 179.010849
v -414.828033 17.799999 180.066727
v -418.813263 17.799999 170.810669
v -433.574219 17.799999 177.228195
v -433.897064 17.799999 179.367371
v -425.525818 17.799999 198.770782
v -423.600006 17.799999 198.976471
v -411.043152 17.799999 193.518829
v -411.521820 17.799999 192.408112
v -410.074677 17.799999 191.763611
v -410.686951 17.799999 190.310074
v -407.926208 17.799999 189.117081
v -410.152588 17.799999 183.933685
v -407.492065 17.799999 182.781830
v -405.065308 17.799999 188.390305
v -384.749481 17.799999 179.559357
v -380.864441 0.000000 196.713882
v -385.751373 0.000000 185.798615
v -405.844543 0.000000 194.876389
v -403.773987 0.000000 199.524979
v -400.946472 0.000000 198.249695
v -397.618042 0.000000 205.681946
v -384.281952 0.000000 199.662094
v -383.536102 0.000000 201.321335
v -378.771637 0.000000 199.154724
v -380.029541 0.000000 196.343643
v -380.864441 10.400000 196.713882
v -385.751373 10.400000 185.798615
v -405.844543 10.400000 194.876389
v -403.773987 10.400000 199.524979
v -400.946472 10.400000 198.249695
v -397.618042 10.400000 205.681946
v -384.281952 10.400000 199.662094
v -383.536102 10.400000 201.321335
v -378.771637 10.400000 199.154724
v -380.029541 10.400000 196.343643
v -371.558136 0.000000 211.893768
v -376.122223 0.000000 201.732712
v -383.413666 0.000000 205.037445
v -378.860687 0.000000 215.184799
v -371.558136 8.100000 211.893768
v -376.122223 8.100000 201.732712
v -383.413666 8.100000 205.037445
v -378.860687 8.100000 215.184799
v -355.906616 0.000000 224.372238
v -361.505981 0.000000 213.388443
v -367.584015 0.000000 216.514923
v -361.984650 0.000000 227.498718
v -355.906616 9.800000 224.372238
v -361.505981 9.800000 213.388443
v -367.584015 9.800000 216.514923
v -361.984650 9.800000 227.498718
v -393.488068 0.000000 234.176758
v -392.653168 0.000000 233.765381
v -390.003784 0.000000 239.305267
v -381.688202 0.000000 235.273758
v -388.055695 0.000000 221.972534
v -398.675568 0.000000 227.114761
v -397.673676 0.000000 229.240219
v -399.799896 0.000000 230.200104
v -395.024292 0.000000 241.060471
v -391.194885 0.000000 239.373825
v -393.488068 12.400000 234.176758
v -392.653168 12.400000 233.765381
v -390.003784 12.400000 239.305267
v -381.688202 12.400000 235.273758
v -388.055695 12.400000 221.972534
v -398.675568 12.400000 227.114761
v -397.673676 12.400000 229.240219
v -399.799896 12.400000 230.200104
v -395.024292 12.400000 241.060471
v -391.194885 12.400000 239.373825
v -387.821899 0.000000 206.614410
v -388.423035 0.000000 205.393982
v -393.888824 0.000000 208.136505
v -393.421295 0.000000 209.082672
v -397.128235 0.000000 210.933884
v -391.773743 0.000000 221.698288
v -387.988892 0.000000 219.792236
v -389.146606 0.000000 217.461090
v -382.055573 0.000000 213.909515
v -386.118713 0.000000 205.764221
v -387.821899 8.800000 206.614410
v -388.423035 8.800000 205.393982
v -393.888824 8.800000 208.136505
v -393.421295 8.800000 209.082672
v -397.128235 8.800000 210.933884
v -391.773743 8.800000 221.698288
v -387.988892 8.800000 219.792236
v -389.146606 8.800000 217.461090
v -382.055573 8.800000 213.909515
v -386.118713 8.800000 205.764221
v -400.178375 0.000000 213.621552
v -402.349121 0.000000 208.931839
v -405.978119 0.000000 210.618484
v -402.048553 0.000000 219.120316
v -400.824036 0.000000 218.544388
v -399.944611 0.000000 220.450439
v -400.879700 0.000000 220.889236
v -398.931610 0.000000 225.112732
v -393.588257 0.000000 222.617035
v -398.174622 0.000000 212.689102
v -400.178375 9.800000 213.621552
v -402.349121 9.800000 208.931839
v -405.978119 9.800000 210.618484
v -402.048553 9.800000 219.120316
v -400.824036 9.800000 218.544388
v -399.944611 9.800000 220.450439
v -400.879700 9.800000 220.889236
v -398.931610 9.800000 225.112732
v -393.588257 9.800000 222.617035
v -398.174622 9.800000 212.689102
v -399.221039 0.000000 225.606384
v -401.491943 0.000000 220.628708
v -414.616516 0.000000 226.675964
v -412.345612 0.000000 231.653641
v -399.221039 10.000000 225.606384
v -401.491943 10.000000 220.628708
v -414.616516 10.000000 226.675964
v -412.345612 10.000000 231.653641
v -405.399261 0.000000 202.212646
v -407.959595 0.000000 196.439636
v -423.188110 0.000000 203.282242
v -420.627777 0.000000 209.041534
v -405.399261 10.600000 202.212646
v -407.959595 10.600000 196.439636
v -423.188110 10.600000 203.282242
v -420.627777 10.600000 209.041534
v -29.484472 0.000000 200.100906
v -30.041069 0.000000 197.413223
v -40.070957 0.000000 199.483841
v -38.479088 0.000000 207.300034
v -27.191290 0.000000 204.955170
v -28.248825 0.000000 199.840363
v -29.484472 11.400000 200.100906
v -30.041069 11.400000 197.413223
v -40.070957 11.400000 199.483841
v -38.479088 11.400000 207.300034
v -27.191290 11.400000 204.955170
v -28.248825 11.400000 199.840363
v -22.226442 0.000000 214.279755
v -23.862839 0.000000 205.764221
v -39.046818 0.000000 208.698730
v -37.410419 0.000000 217.214264
v -22.226442 8.400000 214.279755
v -23.862839 8.400000 205.764221
v -39.046818 8.400000 208.698730
v -37.410419 8.400000 217.214264
v -40.260201 0.000000 210.344238
v -41.874332 0.000000 200.334015
v -68.212524 0.000000 204.612366
v -66.598389 0.000000 214.622574
v -40.260201 8.900000 210.344238
v -41.874332 8.900000 200.334015
v -68.212524 8.900000 204.612366
v -66.598389 8.900000 214.622574
v -22.783039 0.000000 226.634827
v -23.940762 0.000000 217.227982
v -40.905853 0.000000 219.353424
v -40.516235 0.000000 222.562180
v -41.518108 0.000000 222.685593
v -40.237934 0.000000 233.038605
v -34.671959 0.000000 232.352982
v -34.805546 0.000000 231.310822
v -33.447445 0.000000 231.132553
v -33.848198 0.000000 228.006088
v -22.783039 13.500000 226.634827
v -23.940762 13.500000 217.227982
v -40.905853 13.500000 219.353424
v -40.516235 13.500000 222.562180
v -41.518108 13.500000 222.685593
v -40.237934 13.500000 233.038605
v -34.671959 13.500000 232.352982
v -34.805546 13.500000 231.310822
v -33.447445 13.500000 231.132553
v -33.848198 13.500000 228.006088
v -42.186028 0.000000 231.667343
v -43.911480 0.000000 219.284866
v -66.475937 0.000000 222.466187
v -64.171623 0.000000 239.085861
v -53.507217 0.000000 237.591187
v -53.952496 0.000000 234.505859
v -55.087955 0.000000 234.670410
v -55.444176 0.000000 232.202133
v -52.238174 0.000000 231.749619
v -52.048935 0.000000 233.066040
v -42.186028 13.600000 231.667343
v -43.911480 13.600000 219.284866
v -66.475937 13.600000 222.466187
v -64.171623 13.600000 239.085861
v -53.507217 13.600000 237.591187
v -53.952496 13.600000 234.505859
v -55.087955 13.600000 234.670410
v -55.444176 13.600000 232.202133
v -52.238174 13.600000 231.749619
v -52.048935 13.600000 233.066040
v -20.322878 0.000000 240.594254
v -21.180038 0.000000 234.889816
v -32.746132 0.000000 236.645020
v -31.888973 0.000000 242.349457
v -20.322878 11.500000 240.594254
v -21.180038 11.500000 234.889816
v -32.746132 11.500000 236.645020
v -31.888973 11.500000 242.349457
v -30.664459 0.000000 255.074722
v -33.280468 0.000000 236.439331
v -42.519985 0.000000 237.755737
v -39.903976 0.000000 256.391144
v -30.664459 12.600000 255.074722
v -33.280468 12.600000 236.439331
v -42.519985 12.600000 237.755737
v -39.903976 12.600000 256.391144
v -40.972645 0.000000 254.306824
v -43.087715 0.000000 238.194550
v -49.766884 0.000000 239.085861
v -47.662945 0.000000 255.184433
v -40.972645 9.300000 254.306824
v -43.087715 9.300000 238.194550
v -49.766884 9.300000 239.085861
v -47.662945 9.300000 255.184433
v -76.639412 0.000000 275.232178
v -76.683937 0.000000 265.989929
v -94.428261 0.000000 266.099640
v -94.339211 0.000000 280.292114
v -89.686050 0.000000 280.264679
v -89.730583 0.000000 275.314453
v -76.639412 7.300000 275.232178
v -76.683937 7.300000 265.989929
v -94.428261 7.300000 266.099640
v -94.339211 7.300000 280.292114
v -89.686050 7.300000 280.264679
v -89.730583 7.300000 275.314453
v -83.507820 0.000000 226.305725
v -83.652534 0.000000 225.195007
v -92.580360 0.000000 226.415421
v -90.765854 0.000000 239.936035
v -81.915955 0.000000 238.756760
v -82.094063 0.000000 237.399216
v -79.956726 0.000000 237.111252
v -81.437279 0.000000 226.031464
v -83.507820 7.800000 226.305725
v -83.652534 7.800000 225.195007
v -92.580360 7.800000 226.415421
v -90.765854 7.800000 239.936035
v -81.915955 7.800000 238.756760
v -82.094063 7.800000 237.399216
v -79.956726 7.800000 237.111252
v -81.437279 7.800000 226.031464
v -87.526451 0.000000 225.565247
v -88.194374 0.000000 218.681519
v -103.901550 0.000000 220.285889
v -102.254021 0.000000 237.083817
v -92.647148 0.000000 236.206223
v -93.604500 0.000000 226.154877
v -87.526451 7.900000 225.565247
v -88.194374 7.900000 218.681519
v -103.901550 7.900000 220.285889
v -102.254021 7.900000 237.083817
v -92.647148 7.900000 236.206223
v -93.604500 7.900000 226.154877
v -118.540062 0.000000 223.138107
v -118.573463 0.000000 220.656128
v -130.907654 0.000000 220.779541
v -130.685028 0.000000 243.213348
v -115.033501 0.000000 243.048798
v -115.055763 0.000000 240.388565
v -105.860771 0.000000 240.306290
v -105.960960 0.000000 230.117828
v -108.944328 0.000000 230.145248
v -108.988853 0.000000 226.264587
v -113.552948 0.000000 226.319427
v -113.486160 0.000000 232.229568
v -118.161575 0.000000 232.270706
v -118.217239 0.000000 226.579971
v -114.109550 0.000000 226.538834
v -114.131813 0.000000 223.096970
v -118.540062 11.600000 223.138107
v -118.573463 11.600000 220.656128
v -130.907654 11.600000 220.779541
v -130.685028 11.600000 243.213348
v -115.033501 11.600000 243.048798
v -115.055763 11.600000 240.388565
v -105.860771 11.600000 240.306290
v -105.960960 11.600000 230.117828
v -108.944328 11.600000 230.145248
v -108.988853 11.600000 226.264587
v -113.552948 11.600000 226.319427
v -113.486160 11.600000 232.229568
v -118.161575 11.600000 232.270706
v -118.217239 11.600000 226.579971
v -114.109550 11.600000 226.538834
v -114.131813 11.600000 223.096970
v -124.406601 0.000000 208.054230
v -131.842743 0.000000 207.258896
v -133.056122 0.000000 218.708939
v -125.631119 0.000000 219.517975
v -124.406601 7.700000 208.054230
v -131.842743 7.700000 207.258896
v -133.056122 7.700000 218.708939
v -125.631119 7.700000 219.517975
v -102.532326 0.000000 278.687744
v -103.356087 0.000000 265.030060
v -128.024490 0.000000 266.867523
v -129.026367 0.000000 267.114349
v -129.594086 0.000000 267.635437
v -129.861252 0.000000 268.293640
v -129.950317 0.000000 269.061554
v -129.705414 0.000000 270.007690
v -129.304657 0.000000 270.432800
v -128.759201 0.000000 270.720764
v -128.002228 0.000000 270.665894
v -127.902031 0.000000 272.325134
v -129.972580 0.000000 272.448547
v -129.505035 0.000000 280.319550
v -102.532326 12.100000 278.687744
v -103.356087 12.100000 265.030060
v -128.024490 12.100000 266.867523
v -129.026367 12.100000 267.114349
v -129.594086 12.100000 267.635437
v -129.861252 12.100000 268.293640
v -129.950317 12.100000 269.061554
v -129.705414 12.100000 270.007690
v -129.304657 12.100000 270.432800
v -128.759201 12.100000 270.720764
v -128.002228 12.100000 270.665894
v -127.902031 12.100000 272.325134
v -129.972580 12.100000 272.448547
v -129.505035 12.100000 280.319550
v -102.365341 0.000000 297.103668
v -102.587982 0.000000 287.559753
v -110.024124 0.000000 287.724304
v -109.912804 0.000000 292.592255
v -108.977722 0.000000 292.578552
v -108.966591 0.000000 293.264160
v -107.174347 0.000000 293.236725
v -103.567596 0.000000 296.075226
v -103.545326 0.000000 297.131104
v -102.365341 9.900000 297.103668
v -102.587982 9.900000 287.559753
v -110.024124 9.900000 287.724304
v -109.912804 9.900000 292.592255
v -108.977722 9.900000 292.578552
v -108.966591 9.900000 293.264160
v -107.174347 9.900000 293.236725
v -103.567596 9.900000 296.075226
v -103.545326 9.900000 297.131104
v -119.285904 0.000000 294.731415
v -119.653259 0.000000 286.819275
v -131.620102 0.000000 287.381500
v -131.575577 0.000000 288.697906
v -132.677643 0.000000 288.739044
v -132.377075 0.000000 295.362183
v -119.285904 7.200000 294.731415
v -119.653259 7.200000 286.819275
v -131.620102 7.200000 287.381500
v -131.575577 7.200000 288.697906
v -132.677643 7.200000 288.739044
v -132.377075 7.200000 295.362183
v -143.943176 0.000000 210.824188
v -144.978439 0.000000 199.675812
v -161.509384 0.000000 201.211624
v -160.351669 0.000000 213.813538
v -157.891510 0.000000 213.580414
v -157.735657 0.000000 215.321915
v -151.279129 0.000000 214.718567
v -151.178940 0.000000 215.856720
v -144.266006 0.000000 215.212219
v -143.932037 0.000000 218.873489
v -139.690765 0.000000 218.489532
v -140.436615 0.000000 210.508789
v -143.943176 5.500000 210.824188
v -144.978439 5.500000 199.675812
v -161.509384 5.500000 201.211624
v -160.351669 5.500000 213.813538
v -157.891510 5.500000 213.580414
v -157.735657 5.500000 215.321915
v -151.279129 5.500000 214.718567
v -151.178940 5.500000 215.856720
v -144.266006 5.500000 215.212219
v -143.932037 5.500000 218.873489
v -139.690765 5.500000 218.489532
v -140.436615 5.500000 210.508789
v -152.637222 0.000000 195.671722
v -158.336777 0.000000 194.286743
v -158.915649 0.000000 196.659027
v -153.204956 0.000000 198.044006
v -152.637222 3.030000 195.671722
v -158.336777 3.030000 194.286743
v -158.915649 3.030000 196.659027
v -153.204956 3.030000 198.044006
v -159.349792 0.000000 189.309052
v -173.943771 0.000000 178.668030
v -178.708252 0.000000 185.263824
v -164.114258 0.000000 195.904831
v -159.349792 12.600000 189.309052
v -173.943771 12.600000 178.668030
v -178.708252 12.600000 185.263824
v -164.114258 12.600000 195.904831
v -171.394562 0.000000 196.837296
v -178.886368 0.000000 186.703644
v -191.977539 0.000000 196.467056
v -186.378159 0.000000 204.022720
v -178.841827 0.000000 198.400543
v -176.949402 0.000000 200.978516
v -171.394562 9.200000 196.837296
v -178.886368 9.200000 186.703644
v -191.977539 9.200000 196.467056
v -186.378159 9.200000 204.022720
v -178.841827 9.200000 198.400543
v -176.949402 9.200000 200.978516
v -140.648117 0.000000 239.469818
v -140.770569 0.000000 234.807541
v -153.917404 0.000000 235.191483
v -153.783813 0.000000 239.853760
v -140.648117 10.100000 239.469818
v -140.770569 10.100000 234.807541
v -153.917404 10.100000 235.191483
v -153.783813 10.100000 239.853760
v -140.347549 0.000000 244.995987
v -140.525665 0.000000 240.525681
v -153.572311 0.000000 241.019333
v -153.405334 0.000000 245.503357
v -140.347549 9.900000 244.995987
v -140.525665 9.900000 240.525681
v -153.572311 9.900000 241.019333
v -153.405334 9.900000 245.503357
v -143.297516 0.000000 248.712097
v -143.364319 0.000000 246.710052
v -153.071365 0.000000 247.025452
v -152.804199 0.000000 254.978745
v -148.640854 0.000000 254.841614
v -148.596329 0.000000 255.979752
v -146.726166 0.000000 255.911194
v -146.703903 0.000000 256.857361
v -139.623978 0.000000 256.624237
v -139.891144 0.000000 248.602402
v -143.297516 9.900000 248.712097
v -143.364319 9.900000 246.710052
v -153.071365 9.900000 247.025452
v -152.804199 9.900000 254.978745
v -148.640854 9.900000 254.841614
v -148.596329 9.900000 255.979752
v -146.726166 9.900000 255.911194
v -146.703903 9.900000 256.857361
v -139.623978 9.900000 256.624237
v -139.891144 9.900000 248.602402
v -140.481140 0.000000 266.634430
v -140.714905 0.000000 257.913239
v -152.726288 0.000000 258.242340
v -152.492508 0.000000 266.949799
v -140.481140 11.300000 266.634430
v -140.714905 11.300000 257.913239
v -152.726288 11.300000 258.242340
v -152.492508 11.300000 266.949799
v -157.268112 0.000000 259.764435
v -158.782059 0.000000 247.601379
v -169.112503 0.000000 248.904068
v -168.477982 0.000000 253.964005
v -169.490997 0.000000 254.087418
v -167.643097 0.000000 268.924408
v -158.782059 0.000000 267.799988
v -159.750534 0.000000 260.079803
v -157.268112 9.400000 259.764435
v -158.782059 9.400000 247.601379
v -169.112503 9.400000 248.904068
v -168.477982 9.400000 253.964005
v -169.490997 9.400000 254.087418
v -167.643097 9.400000 268.924408
v -158.782059 9.400000 267.799988
v -159.750534 9.400000 260.079803
v -170.136642 0.000000 256.295135
v -172.507751 0.000000 247.779633
v -175.624695 0.000000 248.643539
v -175.290741 0.000000 249.781677
v -185.754776 0.000000 252.702454
v -183.706497 0.000000 260.079803
v -170.136642 8.300000 256.295135
v -172.507751 8.300000 247.779633
v -175.624695 8.300000 248.643539
v -175.290741 8.300000 249.781677
v -185.754776 8.300000 252.702454
v -183.706497 8.300000 260.079803
v -168.745148 0.000000 265.372864
v -170.537399 0.000000 258.777130
v -179.442963 0.000000 261.217957
v -179.031082 0.000000 262.740051
v -182.404053 0.000000 263.658783
v -180.934647 0.000000 269.061554
v -182.203674 0.000000 269.390656
v -180.834457 0.000000 274.368286
v -179.765778 0.000000 274.066620
v -179.342773 0.000000 275.602417
v -171.049469 0.000000 273.326141
v -171.405685 0.000000 272.009735
v -168.277618 0.000000 271.159546
v -169.769287 0.000000 265.647125
v -168.745148 8.800000 265.372864
v -170.537399 8.800000 258.777130
v -179.442963 8.800000 261.217957
v -179.031082 8.800000 262.740051
v -182.404053 8.800000 263.658783
v -180.934647 8.800000 269.061554
v -182.203674 8.800000 269.390656
v -180.834457 8.800000 274.368286
v -179.765778 8.800000 274.066620
v -179.342773 8.800000 275.602417
v -171.049469 8.800000 273.326141
v -171.405685 8.800000 272.009735
v -168.277618 8.800000 271.159546
v -169.769287 8.800000 265.647125
v -155.186447 0.000000 244.680603
v -156.132660 0.000000 230.529205
v -171.149658 0.000000 231.585068
v -170.203445 0.000000 245.750183
v -155.186447 8.500000 244.680603
v -156.132660 8.500000 230.529205
v -171.149658 8.500000 231.585068
v -170.203445 8.500000 245.750183
v -171.962296 0.000000 240.525681
v -173.153412 0.000000 232.476395
v -184.752899 0.000000 234.190460
v -183.984787 0.000000 239.414963
v -181.680481 0.000000 239.085861
v -180.867844 0.000000 244.639465
v -172.863983 0.000000 243.446457
v -173.264725 0.000000 240.731369
v -171.962296 8.700000 240.525681
v -173.153412 8.700000 232.476395
v -184.752899 8.700000 234.190460
v -183.984787 8.700000 239.414963
v -181.680481 8.700000 239.085861
v -180.867844 8.700000 244.639465
v -172.863983 8.700000 243.446457
v -173.264725 8.700000 240.731369
v -180.789917 0.000000 245.750183
v -186.044205 0.000000 236.631302
v -193.513748 0.000000 241.170181
v -192.890350 0.000000 242.280899
v -195.729004 0.000000 243.940125
v -195.450699 0.000000 244.433777
v -197.465591 0.000000 245.599335
v -195.773529 0.000000 248.547546
v -192.522995 0.000000 246.668915
v -189.973785 0.000000 251.084366
v -180.789917 8.600000 245.750183
v -186.044205 8.600000 236.631302
v -193.513748 8.600000 241.170181
v -192.890350 8.600000 242.280899
v -195.729004 8.600000 243.940125
v -195.450699 8.600000 244.433777
v -197.465591 8.600000 245.599335
v -195.773529 8.600000 248.547546
v -192.522995 8.600000 246.668915
v -189.973785 8.600000 251.084366
v -196.330124 0.000000 160.059937
v -199.001785 0.000000 159.950226
v -204.868332 0.000000 165.572433
v -196.218811 0.000000 174.677643
v -189.016434 0.000000 167.766464
v -196.330124 15.200000 160.059937
v -199.001785 15.200000 159.950226
v -204.868332 15.200000 165.572433
v -196.218811 15.200000 174.677643
v -189.016434 15.200000 167.766464
v -201.306107 0.000000 173.498352
v -207.695847 0.000000 167.163101
v -210.245056 0.000000 169.741089
v -208.230179 0.000000 171.756851
v -209.154129 0.000000 172.703018
v -204.846069 0.000000 176.940231
v -205.558517 0.000000 177.913834
v -202.152130 0.000000 181.287155
v -196.140884 0.000000 175.185013
v -199.591782 0.000000 171.756851
v -201.306107 13.100000 173.498352
v -207.695847 13.100000 167.163101
v -210.245056 13.100000 169.741089
v -208.230179 13.100000 171.756851
v -209.154129 13.100000 172.703018
v -204.846069 13.100000 176.940231
v -205.558517 13.100000 177.913834
v -202.152130 13.100000 181.287155
v -196.140884 13.100000 175.185013
v -199.591782 13.100000 171.756851
v -209.666199 0.000000 174.622787
v -211.948242 0.000000 169.110306
v -220.542114 0.000000 172.703018
v -218.271194 0.000000 178.215515
v -209.666199 11.400000 174.622787
v -211.948242 11.400000 169.110306
v -220.542114 11.400000 172.703018
v -218.271194 11.400000 178.215515
v -205.558517 0.000000 179.778763
v -207.818298 0.000000 174.910767
v -218.772141 0.000000 180.011871
v -216.523483 0.000000 184.879868
v -205.558517 9.900000 179.778763
v -207.818298 9.900000 174.910767
v -218.772141 9.900000 180.011871
v -216.523483 9.900000 184.879868
v -205.981522 0.000000 183.481171
v -206.526993 0.000000 182.329315
v -215.532730 0.000000 186.593948
v -213.350876 0.000000 191.256256
v -205.981522 8.700000 183.481171
v -206.526993 8.700000 182.329315
v -215.532730 8.700000 186.593948
v -213.350876 8.700000 191.256256
v -176.838089 0.000000 178.818863
v -186.968155 0.000000 167.944717
v -205.781143 0.000000 185.620346
v -197.643692 0.000000 194.369019
v -192.278091 0.000000 189.336472
v -190.296616 0.000000 191.461945
v -176.838089 12.400000 178.818863
v -186.968155 12.400000 167.944717
v -205.781143 12.400000 185.620346
v -197.643692 12.400000 194.369019
v -192.278091 12.400000 189.336472
v -190.296616 12.400000 191.461945
v -201.061203 0.000000 202.665161
v -195.795792 0.000000 197.399521
v -207.050186 0.000000 185.990585
v -211.013168 0.000000 189.939835
v -208.942627 0.000000 192.037872
v -210.256195 0.000000 193.354279
v -207.606796 0.000000 196.028244
v -211.079956 0.000000 199.497543
v -209.899979 0.000000 202.445770
v -205.680969 0.000000 207.423447
v -201.061203 11.800000 202.665161
v -195.795792 11.800000 197.399521
v -207.050186 11.800000 185.990585
v -211.013168 11.800000 189.939835
v -208.942627 11.800000 192.037872
v -210.256195 11.800000 193.354279
v -207.606796 11.800000 196.028244
v -211.079956 11.800000 199.497543
v -209.899979 11.800000 202.445770
v -205.680969 11.800000 207.423447
v -188.370789 0.000000 204.379242
v -194.682602 0.000000 197.865738
v -200.393280 0.000000 203.460495
v -194.103729 0.000000 209.973999
v -188.370789 9.100000 204.379242
v -194.682602 9.100000 197.865738
v -200.393280 9.100000 203.460495
v -194.103729 9.100000 209.973999
v -177.249969 0.000000 216.350372
v -187.157394 0.000000 205.613388
v -195.328247 0.000000 213.223892
v -188.381912 0.000000 220.765823
v -184.018188 0.000000 216.706894
v -182.760284 0.000000 218.064438
v -180.934647 0.000000 216.364075
v -179.253708 0.000000 218.201569
v -177.249969 7.200000 216.350372
v -187.157394 7.200000 205.613388
v -195.328247 7.200000 213.223892
v -188.381912 7.200000 220.765823
v -184.018188 7.200000 216.706894
v -182.760284 7.200000 218.064438
v -180.934647 7.200000 216.364075
v -179.253708 7.200000 218.201569
v -220.809280 0.000000 189.665588
v -228.356735 0.000000 173.896027
v -233.855927 0.000000 176.542572
v -234.301208 0.000000 175.966629
v -235.358734 0.000000 176.803101
v -227.622040 0.000000 192.956619
v -220.809280 10.900000 189.665588
v -228.356735 10.900000 173.896027
v -233.855927 10.900000 176.542572
v -234.301208 10.900000 175.966629
v -235.358734 10.900000 176.803101
v -227.622040 10.900000 192.956619
v -227.566376 0.000000 194.807831
v -228.824280 0.000000 192.188705
v -235.893066 0.000000 195.616867
v -233.154617 0.000000 201.307617
v -228.668442 0.000000 199.113586
v -229.347488 0.000000 197.673767
v -225.729599 0.000000 195.932266
v -226.519974 0.000000 194.300461
v -227.566376 11.200000 194.807831
v -228.824280 11.200000 192.188705
v -235.893066 11.200000 195.616867
v -233.154617 11.200000 201.307617
v -228.668442 11.200000 199.113586
v -229.347488 11.200000 197.673767
v -225.729599 11.200000 195.932266
v -226.519974 11.200000 194.300461
v -229.302963 0.000000 190.131805
v -234.935730 0.000000 178.928574
v -243.318085 0.000000 183.179489
v -237.696442 0.000000 194.382736
v -229.302963 10.800000 190.131805
v -234.935730 10.800000 178.928574
v -243.318085 10.800000 183.179489
v -237.696442 10.800000 194.382736
v -261.407501 0.000000 152.202560
v -262.309174 0.000000 149.583435
v -269.990234 0.000000 152.353394
v -269.366852 0.000000 155.150787
v -275.122070 0.000000 156.672897
v -276.101685 0.000000 154.122330
v -280.498779 0.000000 155.850128
v -278.272400 0.000000 161.609467
v -275.745453 0.000000 160.992386
v -275.500549 0.000000 162.829895
v -277.793732 0.000000 163.213852
v -277.248260 0.000000 169.343414
v -274.977356 0.000000 169.398270
v -274.966217 0.000000 172.305359
v -272.717560 0.000000 172.291641
v -272.750946 0.000000 174.513092
v -273.530182 0.000000 174.513092
v -273.263031 0.000000 178.105804
v -272.160950 0.000000 178.050964
v -271.737946 0.000000 181.108887
v -270.992096 0.000000 181.122604
v -270.914185 0.000000 182.658417
v -266.283295 0.000000 182.329315
v -266.405731 0.000000 179.902176
v -264.591248 0.000000 179.710190
v -264.958588 0.000000 174.814774
v -266.561584 0.000000 174.814774
v -266.572723 0.000000 173.196671
v -269.912323 0.000000 173.128113
v -269.878906 0.000000 171.674576
v -260.461273 0.000000 171.331757
v -260.728455 0.000000 163.817200
v -261.741455 0.000000 163.803497
v -261.663544 0.000000 160.128494
v -254.817383 0.000000 157.523087
v -257.489044 0.000000 150.982132
v -261.407501 7.700000 152.202560
v -262.309174 7.700000 149.583435
v -269.990234 7.700000 152.353394
v -269.366852 7.700000 155.150787
v -275.122070 7.700000 156.672897
v -276.101685 7.700000 154.122330
v -280.498779 7.700000 155.850128
v -278.272400 7.700000 161.609467
v -275.745453 7.700000 160.992386
v -275.500549 7.700000 162.829895
v -277.793732 7.700000 163.213852
v -277.248260 7.700000 169.343414
v -274.977356 7.700000 169.398270
v -274.966217 7.700000 172.305359
v -272.717560 7.700000 172.291641
v -272.750946 7.700000 174.513092
v -273.530182 7.700000 174.513092
v -273.263031 7.700000 178.105804
v -272.160950 7.700000 178.050964
v -271.737946 7.700000 181.108887
v -270.992096 7.700000 181.122604
v -270.914185 7.700000 182.658417
v -266.283295 7.700000 182.329315
v -266.405731 7.700000 179.902176
v -264.591248 7.700000 179.710190
v -264.958588 7.700000 174.814774
v -266.561584 7.700000 174.814774
v -266.572723 7.700000 173.196671
v -269.912323 7.700000 173.128113
v -269.878906 7.700000 171.674576
v -260.461273 7.700000 171.331757
v -260.728455 7.700000 163.817200
v -261.741455 7.700000 163.803497
v -261.663544 7.700000 160.128494
v -254.817383 7.700000 157.523087
v -257.489044 7.700000 150.982132
v -281.244629 0.000000 191.311096
v -286.810608 0.000000 180.149002
v -294.168823 0.000000 183.823990
v -293.033356 0.000000 186.072861
v -294.024109 0.000000 186.566528
v -289.571320 0.000000 195.466034
v -281.244629 10.100000 191.311096
v -286.810608 10.100000 180.149002
v -294.168823 10.100000 183.823990
v -293.033356 10.100000 186.072861
v -294.024109 10.100000 186.566528
v -289.571320 10.100000 195.466034
v -284.506287 0.000000 126.038696
v -290.606598 0.000000 116.000977
v -299.701416 0.000000 121.568344
v -292.376587 0.000000 133.594406
v -284.205719 0.000000 128.589264
v -285.430237 0.000000 126.600922
v -284.506287 10.800000 126.038696
v -290.606598 10.800000 116.000977
v -299.701416 10.800000 121.568344
v -292.376587 10.800000 133.594406
v -284.205719 10.800000 128.589264
v -285.430237 10.800000 126.600922
v -264.958588 0.000000 213.470718
v -274.665649 0.000000 195.712860
v -286.253998 0.000000 202.089233
v -276.558075 0.000000 219.847076
v -264.958588 10.900000 213.470718
v -274.665649 10.900000 195.712860
v -286.253998 10.900000 202.089233
v -276.558075 10.900000 219.847076
v -280.721436 0.000000 215.637314
v -283.370850 0.000000 210.467651
v -294.536194 0.000000 216.226959
v -291.886780 0.000000 221.410324
v -280.721436 12.500000 215.637314
v -283.370850 12.500000 210.467651
v -294.536194 12.500000 216.226959
v -291.886780 12.500000 221.410324
v -284.272522 0.000000 209.494049
v -288.691895 0.000000 201.293900
v -294.224487 0.000000 204.283264
v -289.805115 0.000000 212.497116
v -284.272522 10.000000 209.494049
v -288.691895 10.000000 201.293900
v -294.224487 10.000000 204.283264
v -289.805115 10.000000 212.497116
v -205.870209 0.000000 223.124405
v -210.768265 0.000000 213.539276
v -224.126602 0.000000 220.423019
v -219.239670 0.000000 230.008118
v -205.870209 8.400000 223.124405
v -210.768265 8.400000 213.539276
v -224.126602 8.400000 220.423019
v -219.239670 8.400000 230.008118
v -311.612579 0.000000 219.572830
v -312.269379 0.000000 219.490555
v -312.970673 0.000000 219.504272
v -315.742554 0.000000 221.204636
v -329.846710 0.000000 228.897400
v -326.841095 0.000000 234.464722
v -312.725800 0.000000 226.771957
v -314.339905 0.000000 223.782608
v -311.345428 0.000000 222.150803
v -310.866760 0.000000 221.506317
v -310.799957 0.000000 221.081223
v -310.900146 0.000000 220.450439
v -311.222961 0.000000 220.011642
v -311.612579 13.100000 219.572830
v -312.269379 13.100000 219.490555
v -312.970673 13.100000 219.504272
v -315.742554 13.100000 221.204636
v -329.846710 13.100000 228.897400
v -326.841095 13.100000 234.464722
v -312.725800 13.100000 226.771957
v -314.339905 13.100000 223.782608
v -311.345428 13.100000 222.150803
v -310.866760 13.100000 221.506317
v -310.799957 13.100000 221.081223
v -310.900146 13.100000 220.450439
v -311.222961 13.100000 220.011642
v -274.153595 0.000000 288.889862
v -279.485779 0.000000 277.453613
v -291.152069 0.000000 282.938629
v -283.560089 0.000000 299.270233
v -276.346588 0.000000 295.883270
v -278.617493 0.000000 290.987885
v -274.153595 4.200000 288.889862
v -279.485779 4.200000 277.453613
v -291.152069 4.200000 282.938629
v -283.560089 4.200000 299.270233
v -276.346588 4.200000 295.883270
v -278.617493 4.200000 290.987885
v -245.934097 0.000000 269.843140
v -249.774612 0.000000 262.630341
v -255.106812 0.000000 263.329681
v -263.388977 0.000000 267.772552
v -258.680176 0.000000 276.658295
v -245.934097 8.400000 269.843140
v -249.774612 8.400000 262.630341
v -255.106812 8.400000 263.329681
v -263.388977 8.400000 267.772552
v -258.680176 8.400000 276.658295
v -240.323593 0.000000 280.922882
v -245.577866 0.000000 271.214417
v -257.322083 0.000000 277.631866
v -252.067795 0.000000 287.340363
v -240.323593 6.300000 280.922882
v -245.577866 6.300000 271.214417
v -257.322083 6.300000 277.631866
v -252.067795 6.300000 287.340363
v -230.271439 0.000000 273.504395
v -235.904205 0.000000 263.110291
v -244.965607 0.000000 268.060516
v -239.343979 0.000000 278.468353
v -230.271439 6.600000 273.504395
v -235.904205 6.600000 263.110291
v -244.965607 6.600000 268.060516
v -239.343979 6.600000 278.468353
v -194.871841 0.000000 249.987366
v -198.311615 0.000000 247.477966
v -203.298721 0.000000 253.484070
v -205.758881 0.000000 254.306824
v -204.723618 0.000000 258.173767
v -208.608658 0.000000 259.284485
v -208.219040 0.000000 259.778137
v -210.412033 0.000000 260.504913
v -209.710724 0.000000 262.095551
v -208.586395 0.000000 261.615631
v -206.883209 0.000000 267.402313
v -203.465698 0.000000 266.401306
v -203.009293 0.000000 268.238800
v -189.539642 0.000000 263.754791
v -192.200165 0.000000 253.580063
v -193.346756 0.000000 254.155991
v -194.871841 6.700000 249.987366
v -198.311615 6.700000 247.477966
v -203.298721 6.700000 253.484070
v -205.758881 6.700000 254.306824
v -204.723618 6.700000 258.173767
v -208.608658 6.700000 259.284485
v -208.219040 6.700000 259.778137
v -210.412033 6.700000 260.504913
v -209.710724 6.700000 262.095551
v -208.586395 6.700000 261.615631
v -206.883209 6.700000 267.402313
v -203.465698 6.700000 266.401306
v -203.009293 6.700000 268.238800
v -189.539642 6.700000 263.754791
v -192.200165 6.700000 253.580063
v -193.346756 6.700000 254.155991
v -185.175919 0.000000 276.438904
v -188.081345 0.000000 266.785248
v -196.341263 0.000000 269.280945
v -193.435822 0.000000 278.934570
v -185.175919 7.400000 276.438904
v -188.081345 7.400000 266.785248
v -196.341263 7.400000 269.280945
v -193.435822 7.400000 278.934570
v -193.168655 0.000000 281.361694
v -197.988785 0.000000 269.678619
v -205.603043 0.000000 272.859924
v -200.782898 0.000000 284.515564
v -193.168655 8.500000 281.361694
v -197.988785 8.500000 269.678619
v -205.603043 8.500000 272.859924
v -200.782898 8.500000 284.515564
v -219.551376 0.000000 283.610535
v -222.211914 0.000000 278.756317
v -228.356735 0.000000 282.157013
v -225.673950 0.000000 287.011261
v -219.551376 7.400000 283.610535
v -222.211914 7.400000 278.756317
v -228.356735 7.400000 282.157013
v -225.673950 7.400000 287.011261
v -213.462189 0.000000 292.290588
v -216.746124 0.000000 286.161072
v -224.338104 0.000000 290.274841
v -220.920593 0.000000 296.637451
v -213.462189 11.500000 292.290588
v -216.746124 11.500000 286.161072
v -224.338104 11.500000 290.274841
v -220.920593 11.500000 296.637451
v -223.514343 0.000000 294.799957
v -231.540482 0.000000 281.251984
v -237.496078 0.000000 284.817261
v -236.883820 0.000000 285.831970
v -240.857925 0.000000 288.204254
v -232.931976 0.000000 301.587646
v -224.505081 0.000000 296.541443
v -225.006027 0.000000 295.691284
v -223.514343 11.500000 294.799957
v -231.540482 11.500000 281.251984
v -237.496078 11.500000 284.817261
v -236.883820 11.500000 285.831970
v -240.857925 11.500000 288.204254
v -232.931976 11.500000 301.587646
v -224.505081 11.500000 296.541443
v -225.006027 11.500000 295.691284
v -236.115707 0.000000 302.108734
v -242.360733 0.000000 290.480530
v -249.151230 0.000000 294.155487
v -242.906204 0.000000 305.797394
v -236.115707 9.900000 302.108734
v -242.360733 9.900000 290.480530
v -249.151230 9.900000 294.155487
v -242.906204 9.900000 305.797394
v -138.811340 0.000000 277.193085
v -139.557190 0.000000 271.241821
v -153.828339 0.000000 273.038177
v -152.425720 0.000000 284.227600
v -140.046997 0.000000 282.664368
v -140.703781 0.000000 277.439911
v -138.811340 9.400000 277.193085
v -139.557190 9.400000 271.241821
v -153.828339 9.400000 273.038177
v -152.425720 9.400000 284.227600
v -140.046997 9.400000 282.664368
v -140.703781 9.400000 277.439911
v -153.538910 0.000000 283.212891
v -154.741165 0.000000 275.890381
v -170.203445 0.000000 278.454620
v -169.502121 0.000000 282.664368
v -168.522522 0.000000 282.499817
v -168.010452 0.000000 285.585144
v -153.538910 6.800000 283.212891
v -154.741165 6.800000 275.890381
v -170.203445 6.800000 278.454620
v -169.502121 6.800000 282.664368
v -168.522522 6.800000 282.499817
v -168.010452 6.800000 285.585144
v -140.614716 0.000000 289.054413
v -141.137924 0.000000 284.707550
v -150.989700 0.000000 285.914246
v -150.666870 0.000000 288.588196
v -154.318146 0.000000 289.027008
v -154.117767 0.000000 290.686218
v -140.614716 9.700000 289.054413
v -141.137924 9.700000 284.707550
v -150.989700 9.700000 285.914246
v -150.666870 9.700000 288.588196
v -154.318146 9.700000 289.027008
v -154.117767 9.700000 290.686218
v -139.534927 0.000000 297.089966
v -140.024719 0.000000 289.890869
v -151.980438 0.000000 290.727356
v -151.746674 0.000000 294.128052
v -152.960052 0.000000 294.224030
v -152.704010 0.000000 298.008698
v -139.534927 9.900000 297.089966
v -140.024719 9.900000 289.890869
v -151.980438 9.900000 290.727356
v -151.746674 9.900000 294.128052
v -152.960052 9.900000 294.224030
v -152.704010 9.900000 298.008698
v -153.650238 0.000000 301.011749
v -155.264359 0.000000 288.739044
v -167.375931 0.000000 290.343384
v -165.761795 0.000000 302.616089
v -153.650238 13.200000 301.011749
v -155.264359 13.200000 288.739044
v -167.375931 13.200000 290.343384
v -165.761795 13.200000 302.616089
v -177.127518 0.000000 290.178833
v -179.877106 0.000000 283.596832
v -185.342896 0.000000 285.818268
v -180.968033 0.000000 296.733429
v -175.557907 0.000000 294.374878
v -170.247971 0.000000 293.360138
v -170.993805 0.000000 289.452087
v -177.127518 8.300000 290.178833
v -179.877106 8.300000 283.596832
v -185.342896 8.300000 285.818268
v -180.968033 8.300000 296.733429
v -175.557907 8.300000 294.374878
v -170.247971 8.300000 293.360138
v -170.993805 8.300000 289.452087
v -168.978928 0.000000 300.778625
v -170.604187 0.000000 294.566864
v -181.457840 0.000000 297.405334
v -178.519012 0.000000 308.759308
v -177.717499 0.000000 308.553619
v -177.539398 0.000000 309.225525
v -168.311005 0.000000 306.798401
v -169.813828 0.000000 300.998016
v -168.978928 10.400000 300.778625
v -170.604187 10.400000 294.566864
v -181.457840 10.400000 297.405334
v -178.519012 10.400000 308.759308
v -177.717499 10.400000 308.553619
v -177.539398 10.400000 309.225525
v -168.311005 10.400000 306.798401
v -169.813828 10.400000 300.998016
v -180.912369 0.000000 309.856293
v -189.083221 0.000000 289.314972
v -198.233688 0.000000 292.921356
v -196.975784 0.000000 296.349487
v -199.268967 0.000000 297.199646
v -198.422928 0.000000 301.738495
v -194.526749 0.000000 315.231598
v -180.912369 11.100000 309.856293
v -189.083221 11.100000 289.314972
v -198.233688 11.100000 292.921356
v -196.975784 11.100000 296.349487
v -199.268967 11.100000 297.199646
v -198.422928 11.100000 301.738495
v -194.526749 11.100000 315.231598
v -214.085587 0.000000 330.959808
v -216.701599 0.000000 318.851685
v -226.987518 0.000000 321.086823
v -224.371506 0.000000 333.194946
v -214.085587 9.100000 330.959808
v -216.701599 9.100000 318.851685
v -226.987518 9.100000 321.086823
v -224.371506 9.100000 333.194946
v -203.744003 0.000000 304.576996
v -204.601166 0.000000 300.806061
v -216.089340 0.000000 303.425140
v -213.328613 0.000000 315.684113
v -215.755371 0.000000 316.232605
v -216.234055 0.000000 316.342316
v -213.228424 0.000000 329.670837
v -196.530502 0.000000 325.872498
v -198.868210 0.000000 315.546997
v -197.599167 0.000000 315.245300
v -199.101974 0.000000 308.539917
v -201.862701 0.000000 309.170685
v -202.931366 0.000000 304.385010
v -203.744003 13.400000 304.576996
v -204.601166 13.400000 300.806061
v -216.089340 13.400000 303.425140
v -213.328613 13.400000 315.684113
v -215.755371 13.400000 316.232605
v -216.234055 13.400000 316.342316
v -213.228424 13.400000 329.670837
v -196.530502 13.400000 325.872498
v -198.868210 13.400000 315.546997
v -197.599167 13.400000 315.245300
v -199.101974 13.400000 308.539917
v -201.862701 13.400000 309.170685
v -202.931366 13.400000 304.385010
v -184.919876 0.000000 325.749084
v -187.023819 0.000000 313.764374
v -192.567520 0.000000 314.751648
v -192.367157 0.000000 315.848663
v -195.339386 0.000000 316.383453
v -193.146393 0.000000 328.875519
v -185.621185 0.000000 327.517975
v -185.899490 0.000000 325.913635
v -184.919876 7.400000 325.749084
v -187.023819 7.400000 313.764374
v -192.567520 7.400000 314.751648
v -192.367157 7.400000 315.848663
v -195.339386 7.400000 316.383453
v -193.146393 7.400000 328.875519
v -185.621185 7.400000 327.517975
v -185.899490 7.400000 325.913635
v -171.917755 0.000000 312.146301
v -171.940018 0.000000 310.528229
v -176.081116 0.000000 310.596771
v -175.825073 0.000000 325.639374
v -171.138519 0.000000 325.570801
v -171.160782 0.000000 324.103577
v -168.077240 0.000000 324.048737
v -168.277618 0.000000 312.077728
v -171.917755 8.000000 312.146301
v -171.940018 8.000000 310.528229
v -176.081116 8.000000 310.596771
v -175.825073 8.000000 325.639374
v -171.138519 8.000000 325.570801
v -171.160782 8.000000 324.103577
v -168.077240 8.000000 324.048737
v -168.277618 8.000000 312.077728
v -145.590698 0.000000 318.508881
v -146.536911 0.000000 311.158997
v -148.663116 0.000000 311.433228
v -149.108398 0.000000 307.963989
v -147.839355 0.000000 307.799438
v -148.651993 0.000000 301.477966
v -157.646606 0.000000 302.629822
v -157.323776 0.000000 305.139191
v -167.520645 0.000000 306.455597
v -166.407440 0.000000 315.149323
v -167.542908 0.000000 315.300171
v -166.752533 0.000000 321.594208
v -161.409195 0.000000 320.908569
v -161.865616 0.000000 317.329620
v -153.127029 0.000000 316.205200
v -152.459106 0.000000 321.361084
v -145.857864 0.000000 320.510895
v -145.690887 0.000000 321.662750
v -140.113785 0.000000 320.908569
v -140.514526 0.000000 317.823273
v -145.590698 7.200000 318.508881
v -146.536911 7.200000 311.158997
v -148.663116 7.200000 311.433228
v -149.108398 7.200000 307.963989
v -147.839355 7.200000 307.799438
v -148.651993 7.200000 301.477966
v -157.646606 7.200000 302.629822
v -157.323776 7.200000 305.139191
v -167.520645 7.200000 306.455597
v -166.407440 7.200000 315.149323
v -167.542908 7.200000 315.300171
v -166.752533 7.200000 321.594208
v -161.409195 7.200000 320.908569
v -161.865616 7.200000 317.329620
v -153.127029 7.200000 316.205200
v -152.459106 7.200000 321.361084
v -145.857864 7.200000 320.510895
v -145.690887 7.200000 321.662750
v -140.113785 7.200000 320.908569
v -140.514526 7.200000 317.823273
v -145.779938 0.000000 323.198547
v -157.334900 0.000000 324.583527
v -156.633591 0.000000 330.452454
v -156.076996 0.000000 335.251831
v -154.885880 0.000000 335.100983
v -154.741165 0.000000 336.252838
v -143.275253 0.000000 334.867859
v -143.442230 0.000000 333.674896
v -142.162064 0.000000 333.441772
v -142.841110 0.000000 327.627686
v -139.212097 0.000000 327.188873
v -139.779831 0.000000 322.471802
v -145.779938 9.900000 323.198547
v -157.334900 9.900000 324.583527
v -156.633591 9.900000 330.452454
v -156.076996 9.900000 335.251831
v -154.885880 9.900000 335.100983
v -154.741165 9.900000 336.252838
v -143.275253 9.900000 334.867859
v -143.442230 9.900000 333.674896
v -142.162064 9.900000 333.441772
v -142.841110 9.900000 327.627686
v -139.212097 9.900000 327.188873
v -139.779831 9.900000 322.471802
v -158.002823 0.000000 336.458527
v -159.227341 0.000000 325.337708
v -167.309128 0.000000 326.229004
v -166.084625 0.000000 337.349823
v -158.002823 7.300000 336.458527
v -159.227341 7.300000 325.337708
v -167.309128 7.300000 326.229004
v -166.084625 7.300000 337.349823
v -167.620834 0.000000 336.074554
v -168.555908 0.000000 326.475830
v -177.895615 0.000000 327.380859
v -177.138641 0.000000 335.100983
v -175.045837 0.000000 334.895294
v -174.867722 0.000000 336.773895
v -167.620834 7.600000 336.074554
v -168.555908 7.600000 326.475830
v -177.895615 7.600000 327.380859
v -177.138641 7.600000 335.100983
v -175.045837 7.600000 334.895294
v -174.867722 7.600000 336.773895
v -177.940140 0.000000 335.512360
v -178.953156 0.000000 327.559113
v -185.832703 0.000000 328.436737
v -184.841949 0.000000 336.389954
v -177.940140 7.200000 335.512360
v -178.953156 7.200000 327.559113
v -185.832703 7.200000 328.436737
v -184.841949 7.200000 336.389954
v -186.823441 0.000000 338.158875
v -188.582291 0.000000 329.149780
v -195.639938 0.000000 330.534729
v -193.881104 0.000000 339.543823
v -186.823441 9.900000 338.158875
v -188.582291 9.900000 329.149780
v -195.639938 9.900000 330.534729
v -193.881104 9.900000 339.543823
v -195.617676 0.000000 338.803345
v -197.621429 0.000000 330.795258
v -205.814545 0.000000 332.852142
v -203.810791 0.000000 340.860229
v -195.617676 7.400000 338.803345
v -197.621429 7.400000 330.795258
v -205.814545 7.400000 332.852142
v -203.810791 7.400000 340.860229
v -204.712479 0.000000 341.052185
v -207.039062 0.000000 332.235077
v -217.959503 0.000000 335.142120
v -214.519730 0.000000 348.127808
v -209.031677 0.000000 346.660583
v -209.899979 0.000000 343.424438
v -208.541870 0.000000 343.067932
v -208.797913 0.000000 342.135468
v -204.712479 6.700000 341.052185
v -207.039062 6.700000 332.235077
v -217.959503 6.700000 335.142120
v -214.519730 6.700000 348.127808
v -209.031677 6.700000 346.660583
v -209.899979 6.700000 343.424438
v -208.541870 6.700000 343.067932
v -208.797913 6.700000 342.135468
v -214.875946 0.000000 348.772308
v -218.749878 0.000000 335.567200
v -229.425415 0.000000 338.721069
v -222.122849 0.000000 350.911438
v -214.875946 9.900000 348.772308
v -218.749878 9.900000 335.567200
v -229.425415 9.900000 338.721069
v -222.122849 9.900000 350.911438
v -157.479630 0.000000 341.861237
v -157.769058 0.000000 337.144135
v -166.552155 0.000000 337.692627
v -165.917633 0.000000 348.100403
v -163.724640 0.000000 347.963257
v -163.624466 0.000000 349.403076
v -158.926773 0.000000 349.101410
v -159.015839 0.000000 347.661591
v -158.314514 0.000000 347.606750
v -158.670746 0.000000 341.943512
v -157.479630 8.800000 341.861237
v -157.769058 8.800000 337.144135
v -166.552155 8.800000 337.692627
v -165.917633 8.800000 348.100403
v -163.724640 8.800000 347.963257
v -163.624466 8.800000 349.403076
v -158.926773 8.800000 349.101410
v -159.015839 8.800000 347.661591
v -158.314514 8.800000 347.606750
v -158.670746 8.800000 341.943512
v -146.948792 0.000000 366.845306
v -148.974808 0.000000 348.690033
v -157.078873 0.000000 349.581329
v -156.410950 0.000000 355.655945
v -153.160431 0.000000 355.285706
v -151.824600 0.000000 367.393799
v -146.948792 10.400000 366.845306
v -148.974808 10.400000 348.690033
v -157.078873 10.400000 349.581329
v -156.410950 10.400000 355.655945
v -153.160431 10.400000 355.285706
v -151.824600 10.400000 367.393799
v -156.388687 0.000000 359.276031
v -157.635468 0.000000 349.581329
v -165.182938 0.000000 350.568634
v -162.589188 0.000000 370.945312
v -157.034348 0.000000 370.218567
v -157.423965 0.000000 367.215546
v -155.854355 0.000000 367.009857
v -156.833969 0.000000 359.330902
v -156.388687 11.300000 359.276031
v -157.635468 11.300000 349.581329
v -165.182938 11.300000 350.568634
v -162.589188 11.300000 370.945312
v -157.034348 11.300000 370.218567
v -157.423965 11.300000 367.215546
v -155.854355 11.300000 367.009857
v -156.833969 11.300000 359.330902
v -134.937424 0.000000 362.471039
v -136.084015 0.000000 353.585388
v -143.141678 0.000000 354.504120
v -143.074875 0.000000 354.997772
v -147.460861 0.000000 355.559967
v -146.570312 0.000000 362.471039
v -142.217728 0.000000 361.908813
v -141.694519 0.000000 366.008850
v -139.757553 0.000000 365.762024
v -139.523788 0.000000 367.613190
v -136.440247 0.000000 367.229248
v -135.182327 0.000000 365.775726
v -135.605347 0.000000 362.553314
v -134.937424 8.300000 362.471039
v -136.084015 8.300000 353.585388
v -143.141678 8.300000 354.504120
v -143.074875 8.300000 354.997772
v -147.460861 8.300000 355.559967
v -146.570312 8.300000 362.471039
v -142.217728 8.300000 361.908813
v -141.694519 8.300000 366.008850
v -139.757553 8.300000 365.762024
v -139.523788 8.300000 367.613190
v -136.440247 8.300000 367.229248
v -135.182327 8.300000 365.775726
v -135.605347 8.300000 362.553314
v -192.500732 0.000000 355.683380
v -196.953522 0.000000 347.839874
v -204.233810 0.000000 351.981018
v -203.565887 0.000000 353.160278
v -206.293213 0.000000 354.709808
v -207.139252 0.000000 353.187714
v -215.120850 0.000000 357.740234
v -208.586395 0.000000 369.313538
v -201.050064 0.000000 365.021545
v -202.953629 0.000000 361.662018
v -192.500732 12.900000 355.683380
v -196.953522 12.900000 347.839874
v -204.233810 12.900000 351.981018
v -203.565887 12.900000 353.160278
v -206.293213 12.900000 354.709808
v -207.139252 12.900000 353.187714
v -215.120850 12.900000 357.740234
v -208.586395 12.900000 369.313538
v -201.050064 12.900000 365.021545
v -202.953629 12.900000 361.662018
v -278.929199 0.000000 339.749512
v -279.875397 0.000000 337.061859
v -282.869904 0.000000 338.145142
v -281.912537 0.000000 340.819092
v -278.929199 2.950000 339.749512
v -279.875397 2.950000 337.061859
v -282.869904 2.950000 338.145142
v -281.912537 2.950000 340.819092
v -378.215027 0.000000 351.720490
v -379.294830 0.000000 349.361938
v -386.875702 0.000000 352.858612
v -385.784760 0.000000 355.244568
v -387.576996 0.000000 356.053619
v -383.101959 0.000000 365.858002
v -372.738129 0.000000 361.086090
v -377.224304 0.000000 351.254272
v -378.215027 8.500000 351.720490
v -379.294830 8.500000 349.361938
v -386.875702 8.500000 352.858612
v -385.784760 8.500000 355.244568
v -387.576996 8.500000 356.053619
v -383.101959 8.500000 365.858002
v -372.738129 8.500000 361.086090
v -377.224304 8.500000 351.254272
v -397.662567 0.000000 367.955994
v -401.525330 0.000000 359.413177
v -410.853912 0.000000 363.773712
v -406.991119 0.000000 372.330261
v -397.662567 10.100000 367.955994
v -401.525330 10.100000 359.413177
v -410.853912 10.100000 363.773712
v -406.991119 10.100000 372.330261
v -371.168518 0.000000 337.747498
v -374.597168 0.000000 330.287903
v -378.960876 0.000000 332.317352
v -374.819794 0.000000 341.312744
v -371.413422 0.000000 339.722076
v -371.168518 7.900000 337.747498
v -374.597168 7.900000 330.287903
v -378.960876 7.900000 332.317352
v -374.819794 7.900000 341.312744
v -371.413422 7.900000 339.722076
v -375.387512 0.000000 330.082214
v -377.079590 0.000000 325.941040
v -386.296844 0.000000 329.739410
v -384.615906 0.000000 333.880585
v -375.387512 9.600000 330.082214
v -377.079590 9.600000 325.941040
v -386.296844 9.600000 329.739410
v -384.615906 9.600000 333.880585
v -381.265198 0.000000 342.725128
v -387.320984 0.000000 329.286896
v -393.254303 0.000000 331.974548
v -387.187378 0.000000 345.426483
v -381.265198 9.600000 342.725128
v -387.320984 9.600000 329.286896
v -393.254303 9.600000 331.974548
v -387.187378 9.600000 345.426483
v -388.812653 0.000000 344.452881
v -394.066925 0.000000 332.317352
v -406.512451 0.000000 337.733765
v -400.434418 0.000000 351.802765
v -394.823914 0.000000 349.348236
v -396.348999 0.000000 345.824127
v -394.534485 0.000000 345.028809
v -393.844299 0.000000 346.633179
v -388.812653 12.200000 344.452881
v -394.066925 12.200000 332.317352
v -406.512451 12.200000 337.733765
v -400.434418 12.200000 351.802765
v -394.823914 12.200000 349.348236
v -396.348999 12.200000 345.824127
v -394.534485 12.200000 345.028809
v -393.844299 12.200000 346.633179
v -381.810669 0.000000 316.081787
v -382.734619 0.000000 312.969025
v -389.591888 0.000000 314.998474
v -388.679077 0.000000 318.111237
v -381.810669 2.990000 316.081787
v -382.734619 2.990000 312.969025
v -389.591888 2.990000 314.998474
v -388.679077 2.990000 318.111237
v -425.670532 0.000000 350.966309
v -429.154846 0.000000 342.409729
v -435.333069 0.000000 344.932831
v -431.848785 0.000000 353.489380
v -425.670532 8.500000 350.966309
v -429.154846 8.500000 342.409729
v -435.333069 8.500000 344.932831
v -431.848785 8.500000 353.489380
v -438.327576 0.000000 339.324432
v -440.687531 0.000000 333.633759
v -446.409363 0.000000 336.019714
v -444.049377 0.000000 341.710388
v -438.327576 9.300000 339.324432
v -440.687531 9.300000 333.633759
v -446.409363 9.300000 336.019714
v -444.049377 9.300000 341.710388
v -436.880402 0.000000 327.312286
v -442.357330 0.000000 314.189453
v -448.914062 0.000000 316.945648
v -447.912170 0.000000 319.345337
v -449.648773 0.000000 320.072113
v -448.891785 0.000000 321.854736
v -450.394592 0.000000 322.485504
v -446.654266 0.000000 331.439758
v -436.880402 11.800000 327.312286
v -442.357330 11.800000 314.189453
v -448.914062 11.800000 316.945648
v -447.912170 11.800000 319.345337
v -449.648773 11.800000 320.072113
v -448.891785 11.800000 321.854736
v -450.394592 11.800000 322.485504
v -446.654266 11.800000 331.439758
v -447.433502 0.000000 355.518829
v -454.457764 0.000000 338.707367
v -458.398468 0.000000 340.366577
v -457.919800 0.000000 341.532135
v -460.791840 0.000000 342.738831
v -457.786224 0.000000 349.951569
v -457.040375 0.000000 349.636200
v -453.500427 0.000000 358.069336
v -447.433502 11.300000 355.518829
v -454.457764 11.300000 338.707367
v -458.398468 11.300000 340.366577
v -457.919800 11.300000 341.532135
v -460.791840 11.300000 342.738831
v -457.786224 11.300000 349.951569
v -457.040375 11.300000 349.636200
v -453.500427 11.300000 358.069336
v -441.333191 0.000000 372.289124
v -447.589355 0.000000 358.645264
v -463.263123 0.000000 365.899139
v -457.686035 0.000000 378.075775
v -455.893768 0.000000 379.035645
v -453.444763 0.000000 377.911224
v -450.706299 0.000000 371.137299
v -448.212738 0.000000 372.069733
v -449.626495 0.000000 376.142334
v -441.333191 8.500000 372.289124
v -447.589355 8.500000 358.645264
v -463.263123 8.500000 365.899139
v -457.686035 8.500000 378.075775
v -455.893768 8.500000 379.035645
v -453.444763 8.500000 377.911224
v -450.706299 8.500000 371.137299
v -448.212738 8.500000 372.069733
v -449.626495 8.500000 376.142334
v -442.991852 0.000000 312.831909
v -445.730316 0.000000 306.579010
v -454.891907 0.000000 310.637909
v -452.142303 0.000000 316.890808
v -442.991852 6.900000 312.831909
v -445.730316 6.900000 306.579010
v -454.891907 6.900000 310.637909
v -452.142303 6.900000 316.890808
v -445.485413 0.000000 305.180328
v -447.912170 0.000000 300.257538
v -458.231506 0.000000 305.386017
v -455.815857 0.000000 310.322540
v -445.485413 6.800000 305.180328
v -447.912170 6.800000 300.257538
v -458.231506 6.800000 305.386017
v -455.815857 6.800000 310.322540
v -447.889923 0.000000 299.242828
v -451.173828 0.000000 291.796936
v -460.658264 0.000000 295.992950
v -457.374329 0.000000 303.452576
v -447.889923 7.500000 299.242828
v -451.173828 7.500000 291.796936
v -460.658264 7.500000 295.992950
v -457.374329 7.500000 303.452576
v -453.556061 0.000000 291.632385
v -457.240753 0.000000 282.527252
v -466.135162 0.000000 286.161072
v -462.439362 0.000000 295.252472
v -453.556061 9.800000 291.632385
v -457.240753 9.800000 282.527252
v -466.135162 9.800000 286.161072
v -462.439362 9.800000 295.252472
v -434.097412 0.000000 234.574417
v -437.949066 0.000000 227.827820
v -453.812103 0.000000 236.974121
v -448.936310 0.000000 245.503357
v -438.271912 0.000000 239.360107
v -439.296051 0.000000 237.563766
v -434.097412 9.600000 234.574417
v -437.949066 9.600000 227.827820
v -453.812103 9.600000 236.974121
v -448.936310 9.600000 245.503357
v -438.271912 9.600000 239.360107
v -439.296051 9.600000 237.563766
v -450.205353 0.000000 250.768982
v -457.129425 0.000000 238.441376
v -466.201965 0.000000 243.569885
v -460.491272 0.000000 253.744614
v -456.016235 0.000000 251.194077
v -454.791718 0.000000 253.374374
v -450.205353 8.900000 250.768982
v -457.129425 8.900000 238.441376
v -466.201965 8.900000 243.569885
v -460.491272 8.900000 253.744614
v -456.016235 8.900000 251.194077
v -454.791718 8.900000 253.374374
v -443.915802 0.000000 265.921356
v -450.049500 0.000000 255.952332
v -463.797455 0.000000 264.508972
v -458.654510 0.000000 272.846191
v -451.296295 0.000000 268.266205
v -450.695160 0.000000 270.144836
v -443.915802 8.000000 265.921356
v -450.049500 8.000000 255.952332
v -463.797455 8.000000 264.508972
v -458.654510 8.000000 272.846191
v -451.296295 8.000000 268.266205
v -450.695160 8.000000 270.144836
v -49.098965 0.000000 -221.200577
v -50.891209 0.000000 -216.812363
v -32.991035 0.000000 -209.448410
v -30.898230 0.000000 -214.316574
v -29.885223 0.000000 -216.853500
v -29.295229 0.000000 -218.279678
v -48.920856 0.000000 -226.274460
v -50.701969 0.000000 -221.858810
v -49.098965 21.500000 -221.200577
v -50.891209 21.500000 -216.812363
v -32.991035 21.500000 -209.448410
v -30.898230 21.500000 -214.316574
v -29.885223 21.500000 -216.853500
v -29.295229 21.500000 -218.279678
v -48.920856 21.500000 -226.274460
v -50.701969 21.500000 -221.858810
v -24.541887 0.000000 -227.453781
v -28.649576 0.000000 -217.456894
v -15.881230 0.000000 -212.163605
v -11.773541 0.000000 -222.160507
v -24.541887 10.700000 -227.453781
v -28.649576 10.700000 -217.456894
v -15.881230 10.700000 -212.163605
v -11.773541 10.700000 -222.160507
v -30.285973 0.000000 -219.061325
v -28.627312 0.000000 -222.955872
v -48.508972 0.000000 -231.499176
v -50.167633 0.000000 -227.604630
v -30.285973 4.800000 -219.061325
v -28.627312 4.800000 -222.955872
v -48.508972 4.800000 -231.499176
v -50.167633 4.800000 -227.604630
v -86.468918 0.000000 -265.384491
v -105.938698 0.000000 -265.754761
v -106.573219 0.000000 -233.789276
v -87.092308 0.000000 -233.405304
v -86.468918 20.200001 -265.384491
v -105.938698 20.200001 -265.754761
v -106.573219 20.200001 -233.789276
v -87.092308 20.200001 -233.405304
v -180.511627 0.000000 -230.333557
v -181.658218 0.000000 -230.333557
v -181.647079 0.000000 -233.254456
v -186.122131 0.000000 -233.473877
v -186.122131 0.000000 -230.347260
v -183.628571 0.000000 -230.333557
v -183.661972 0.000000 -223.874649
v -177.172043 0.000000 -220.089813
v -170.303635 0.000000 -223.422119
v -169.869476 0.000000 -232.705933
v -180.500488 0.000000 -233.199600
v -180.511627 0.000000 -232.445389
v -180.511627 0.000000 -232.198547
v -180.511627 25.200001 -230.333557
v -181.658218 25.200001 -230.333557
v -181.647079 25.200001 -233.254456
v -186.122131 25.200001 -233.473877
v -186.122131 25.200001 -230.347260
v -183.628571 25.200001 -230.333557
v -183.661972 25.200001 -223.874649
v -177.172043 25.200001 -220.089813
v -170.303635 25.200001 -223.422119
v -169.869476 25.200001 -232.705933
v -180.500488 25.200001 -233.199600
v -180.511627 25.200001 -232.445389
v -180.511627 25.200001 -232.198547
v -184.507996 0.000000 -248.873779
v -184.608185 0.000000 -245.719742
v -184.218567 0.000000 -245.706039
v -184.441208 0.000000 -238.643738
v -185.710251 0.000000 -238.698593
v -185.854965 0.000000 -234.406372
v -173.465103 0.000000 -234.008682
v -172.196060 0.000000 -235.146881
v -171.227585 0.000000 -237.779816
v -171.127396 0.000000 -244.965530
v -174.400192 0.000000 -247.708160
v -174.377914 0.000000 -248.544662
v -184.507996 31.200001 -248.873779
v -184.608185 31.200001 -245.719742
v -184.218567 31.200001 -245.706039
v -184.441208 31.200001 -238.643738
v -185.710251 31.200001 -238.698593
v -185.854965 31.200001 -234.406372
v -173.465103 31.200001 -234.008682
v -172.196060 31.200001 -235.146881
v -171.227585 31.200001 -237.779816
v -171.127396 31.200001 -244.965530
v -174.400192 31.200001 -247.708160
v -174.377914 31.200001 -248.544662
v -185.710251 0.000000 -268.799072
v -199.202164 0.000000 -269.457306
v -199.413681 0.000000 -264.493134
v -196.051819 0.000000 -264.342285
v -197.443314 0.000000 -232.555084
v -187.747391 0.000000 -226.781845
v -185.710251 31.000000 -268.799072
v -199.202164 31.000000 -269.457306
v -199.413681 31.000000 -264.493134
v -196.051819 31.000000 -264.342285
v -197.443314 31.000000 -232.555084
v -187.747391 31.000000 -226.781845
v -315.909515 0.000000 -225.191116
v -316.777802 0.000000 -230.594101
v -319.416077 0.000000 -230.168991
v -318.536652 0.000000 -224.766006
v -315.909515 2.980000 -225.191116
v -316.777802 2.980000 -230.594101
v -319.416077 2.980000 -230.168991
v -318.536652 2.980000 -224.766006
vn -0.0000 1.0000 -0.0000
vn -0.3559 -0.0000 0.9345
vn -0.3561 -0.0000 0.9345
vn 0.9722 -0.0000 0.2340
vn 0.4849 -0.0000 0.8746
vn 0.4418 -0.0000 0.8971
vn 0.9641 -0.0000 0.2656
vn -0.2727 -0.0000 0.9621
vn -0.3948 -0.0000 0.9188
vn -0.3949 -0.0000 0.9187
vn -0.3956 -0.0000 0.9184
vn -0.9322 -0.0000 -0.3620
vn -0.3619 -0.0000 0.9322
vn 0.9203 -0.0000 0.3912
vn -0.4372 -0.0000 0.8994
vn -0.3651 -0.0000 0.9310
vn -0.3908 -0.0000 0.9205
vn -0.4329 -0.0000 0.9014
vn -0.9165 -0.0000 -0.4000
vn -0.4123 -0.0000 0.9110
vn -0.4166 -0.0000 0.9091
vn 0.9159 -0.0000 0.4014
vn 0.4062 -0.0000 -0.9138
vn 0.4065 -0.0000 -0.9136
vn -0.9093 -0.0000 -0.4161
vn 0.3957 -0.0000 -0.9184
vn 0.4018 -0.0000 -0.9157
vn 0.4039 -0.0000 -0.9148
vn 0.3771 -0.0000 -0.9262
vn 0.9248 -0.0000 0.3804
vn 0.3867 -0.0000 -0.9222
vn 0.3847 -0.0000 -0.9231
vn -0.9408 -0.0000 -0.3389
vn 0.4020 -0.0000 -0.9156
vn 0.3574 -0.0000 -0.9339
vn 0.4183 -0.0000 -0.9083
vn 0.9225 -0.0000 0.3859
vn 0.5021 -0.0000 -0.8648
vn 0.5012 -0.0000 -0.8653
vn -0.9405 -0.0000 -0.3397
vn 0.3597 -0.0000 -0.9331
vn 0.3604 -0.0000 -0.9328
vn 0.3660 -0.0000 -0.9306
vn 0.9508 -0.0000 0.3098
vn 0.3453 -0.0000 -0.9385
vn 0.3471 -0.0000 -0.9378
vn 0.9538 -0.0000 0.3005
vn 0.3911 -0.0000 -0.9204
vn 0.4004 -0.0000 -0.9163
vn 0.9516 -0.0000 0.3075
vn 0.9330 -0.0000 0.3598
vn 0.9204 -0.0000 0.3909
vn 0.9270 -0.0000 0.3750
vn 0.9288 -0.0000 0.3707
vn 0.3704 -0.0000 -0.9289
vn 0.8926 -0.0000 0.4509
vn -0.4394 -0.0000 0.8983
vn 0.9246 -0.0000 0.3809
vn 0.3783 -0.0000 -0.9257
vn -0.8695 -0.0000 -0.4940
vn -0.4409 -0.0000 0.8976
vn -0.9225 -0.0000 -0.3860
vn 0.3694 -0.0000 -0.9293
vn -0.8896 -0.0000 -0.4567
vn 0.4001 -0.0000 -0.9165
vn 0.8891 -0.0000 0.4576
vn 0.3585 -0.0000 -0.9335
vn 0.3584 -0.0000 -0.9335
vn -0.8575 -0.0000 -0.5144
vn 0.3730 -0.0000 -0.9278
vn 0.9287 -0.0000 0.3709
vn 0.3752 -0.0000 -0.9269
vn -0.9269 -0.0000 -0.3752
vn -0.3766 -0.0000 0.9264
vn -0.9267 -0.0000 -0.3758
vn -0.9265 -0.0000 -0.3762
vn -0.9261 -0.0000 -0.3774
vn -0.9268 -0.0000 -0.3754
vn -0.9998 -0.0000 0.0188
vn -0.9998 -0.0000 0.0190
vn -0.9998 -0.0000 0.0184
vn -0.9731 -0.0000 -0.2303
vn -0.9215 -0.0000 -0.3883
vn -0.9213 -0.0000 -0.3890
vn -0.9211 -0.0000 -0.3894
vn 0.3510 -0.0000 -0.9364
vn -0.9277 -0.0000 -0.3734
vn 0.3751 -0.0000 -0.9270
vn -0.9284 -0.0000 -0.3716
vn 0.3735 -0.0000 -0.9276
vn -0.9273 -0.0000 -0.3743
vn 0.3727 -0.0000 -0.9279
vn -0.9271 -0.0000 -0.3747
vn 0.3744 -0.0000 -0.9273
vn -0.9279 -0.0000 -0.3727
vn 0.3732 -0.0000 -0.9278
vn 0.3729 -0.0000 -0.9279
vn -0.9270 -0.0000 -0.3750
vn -0.9283 -0.0000 -0.3719
vn 0.3709 -0.0000 -0.9287
vn -0.9272 -0.0000 -0.3745
vn 0.3701 -0.0000 -0.9290
vn -0.9279 -0.0000 -0.3729
vn 0.3721 -0.0000 -0.9282
vn 0.3738 -0.0000 -0.9275
vn -0.9286 -0.0000 -0.3712
vn -0.9277 -0.0000 -0.3733
vn -0.9278 -0.0000 -0.3732
vn -0.9278 -0.0000 -0.3731
vn -0.9279 -0.0000 -0.3728
vn -0.9275 -0.0000 -0.3737
vn -0.3754 -0.0000 0.9269
vn -0.3735 -0.0000 0.9276
vn -0.9285 -0.0000 -0.3714
vn -0.3728 -0.0000 0.9279
vn -0.3721 -0.0000 0.9282
vn -0.9280 -0.0000 -0.3725
vn -0.3726 -0.0000 0.9280
vn -0.3731 -0.0000 0.9278
vn -0.3730 -0.0000 0.9278
vn -0.9110 -0.0000 -0.4125
vn -0.9879 -0.0000 0.1554
vn 0.1561 -0.0000 0.9877
vn 0.9878 -0.0000 -0.1554
vn -0.1552 -0.0000 -0.9879
vn -0.9541 -0.0000 0.2995
vn 0.3074 -0.0000 0.9516
vn 0.9572 -0.0000 -0.2894
vn -0.3254 -0.0000 -0.9456
vn -0.9745 -0.0000 0.2244
vn -0.2969 -0.0000 -0.9549
vn 0.9584 -0.0000 -0.2855
vn -0.2903 -0.0000 -0.9569
vn -0.9873 -0.0000 0.1590
vn 0.1594 -0.0000 0.9872
vn 0.9873 -0.0000 -0.1590
vn -0.1594 -0.0000 -0.9872
vn -0.9929 -0.0000 0.1193
vn 0.1738 -0.0000 0.9848
vn -0.9852 -0.0000 0.1716
vn 0.1675 -0.0000 0.9859
vn 0.9868 -0.0000 -0.1617
vn -0.1698 -0.0000 -0.9855
vn 0.9800 -0.0000 -0.1989
vn -0.1636 -0.0000 -0.9865
vn -0.9878 -0.0000 0.1556
vn 0.1559 -0.0000 0.9878
vn 0.9878 -0.0000 -0.1559
vn -0.1555 -0.0000 -0.9878
vn -0.9850 -0.0000 0.1726
vn 0.1807 -0.0000 0.9835
vn 0.9912 -0.0000 -0.1325
vn 0.2451 -0.0000 0.9695
vn -0.9864 -0.0000 0.1644
vn 0.1260 -0.0000 0.9920
vn -0.9868 -0.0000 0.1617
vn 0.1870 -0.0000 0.9824
vn -0.9852 -0.0000 0.1711
vn 0.1787 -0.0000 0.9839
vn 0.9867 -0.0000 -0.1627
vn 0.2556 -0.0000 0.9668
vn 0.9863 -0.0000 -0.1651
vn -0.1498 -0.0000 -0.9887
vn -0.9875 -0.0000 0.1573
vn -0.2568 -0.0000 -0.9665
vn 0.9830 -0.0000 -0.1836
vn -0.1643 -0.0000 -0.9864
vn -0.9858 -0.0000 0.1681
vn 0.1682 -0.0000 0.9857
vn 0.1685 -0.0000 0.9857
vn 0.9857 -0.0000 -0.1683
vn -0.1681 -0.0000 -0.9858
vn -0.1683 -0.0000 -0.9857
vn -0.9879 -0.0000 0.1549
vn 0.2625 -0.0000 0.9649
vn 0.9914 -0.0000 -0.1307
vn -0.1883 -0.0000 -0.9821
vn -0.9896 -0.0000 0.1437
vn 0.1961 -0.0000 0.9806
vn -0.9031 -0.0000 0.4294
vn 0.2623 -0.0000 0.9650
vn 0.9636 -0.0000 -0.2674
vn 0.2354 -0.0000 0.9719
vn 0.9882 -0.0000 -0.1532
vn -0.0349 -0.0000 -0.9994
vn 0.9863 -0.0000 -0.1650
vn -0.1655 -0.0000 -0.9862
vn -0.9889 -0.0000 0.1488
vn 0.1569 -0.0000 0.9876
vn -0.9913 -0.0000 0.1315
vn 0.1701 -0.0000 0.9854
vn 0.4888 -0.0000 0.8724
vn 0.9876 -0.0000 -0.1572
vn -0.1810 -0.0000 -0.9835
vn -0.9747 -0.0000 -0.2233
vn -0.2046 -0.0000 0.9789
vn -0.9247 -0.0000 -0.3806
vn -0.1657 -0.0000 0.9862
vn 0.9899 -0.0000 0.1417
vn 0.1430 -0.0000 -0.9897
vn 0.9785 -0.0000 0.2064
vn -0.0545 -0.0000 0.9985
vn 0.9986 -0.0000 0.0538
vn -0.0000 -0.0000 -1.0000
vn -0.9138 -0.0000 -0.4061
vn -0.4060 -0.0000 0.9139
vn 0.9137 -0.0000 0.4064
vn -0.4246 -0.0000 0.9054
vn 0.9059 -0.0000 0.4236
vn 0.4234 -0.0000 -0.9060
vn 0.9481 -0.0000 0.3178
vn 0.3169 -0.0000 -0.9484
vn -0.9486 -0.0000 -0.3165
vn 0.4057 -0.0000 -0.9140
vn -0.9899 -0.0000 -0.1420
vn -0.9122 -0.0000 0.4098
vn 0.4133 -0.0000 0.9106
vn -0.9322 -0.0000 -0.3619
vn -0.3659 -0.0000 0.9306
vn 0.7362 -0.0000 0.6768
vn 0.9998 -0.0000 0.0200
vn 0.7634 -0.0000 -0.6459
vn 0.7912 -0.0000 -0.6116
vn 0.7988 -0.0000 -0.6016
vn 0.7016 -0.0000 -0.7126
vn 0.5588 -0.0000 -0.8293
vn -0.1000 -0.0000 -0.9950
vn -0.5499 -0.0000 -0.8352
vn -0.8569 -0.0000 -0.5154
vn -0.4932 -0.0000 0.8699
vn 0.8700 -0.0000 0.4931
vn 0.4932 -0.0000 -0.8699
vn -0.8700 -0.0000 -0.4931
vn -0.4923 -0.0000 0.8704
vn -0.8567 -0.0000 -0.5158
vn -0.5153 -0.0000 0.8570
vn 0.8571 -0.0000 0.5152
vn -0.4921 -0.0000 0.8705
vn -0.8923 -0.0000 -0.4515
vn -0.4511 -0.0000 0.8925
vn 0.8924 -0.0000 0.4512
vn -0.3865 -0.0000 0.9223
vn -0.9328 -0.0000 -0.3603
vn -0.3604 -0.0000 0.9328
vn 0.9328 -0.0000 0.3604
vn -0.3966 -0.0000 0.9180
vn -0.9250 -0.0000 -0.3800
vn -0.3802 -0.0000 0.9249
vn 0.9257 -0.0000 0.3782
vn -0.3670 -0.0000 0.9302
vn 0.9302 -0.0000 0.3670
vn 0.3672 -0.0000 -0.9301
vn 0.9235 -0.0000 0.3837
vn 0.3844 -0.0000 -0.9232
vn 0.9180 -0.0000 0.3966
vn 0.3971 -0.0000 -0.9178
vn -0.9176 -0.0000 -0.3974
vn 0.3861 -0.0000 -0.9224
vn -0.9224 -0.0000 -0.3863
vn -0.3415 -0.0000 0.9399
vn 0.9038 -0.0000 0.4279
vn 0.0484 -0.0000 -0.9988
vn -0.8851 -0.0000 -0.4654
vn 0.4453 -0.0000 -0.8954
vn -0.8808 -0.0000 -0.4735
vn -0.5898 -0.0000 0.8076
vn 0.8955 -0.0000 0.4451
vn -0.4048 -0.0000 0.9144
vn 0.2419 -0.0000 0.9703
vn 0.9265 -0.0000 0.3763
vn 0.3812 -0.0000 -0.9245
vn 0.9957 -0.0000 -0.0926
vn -0.0928 -0.0000 -0.9957
vn -0.9957 -0.0000 0.0926
vn 0.0928 -0.0000 0.9957
vn -0.9993 -0.0000 -0.0381
vn -0.0379 -0.0000 0.9993
vn 0.9993 -0.0000 0.0381
vn 0.0379 -0.0000 -0.9993
vn -0.9289 -0.0000 -0.3704
vn 0.9283 -0.0000 0.3718
vn 0.3717 -0.0000 -0.9283
vn -0.9384 -0.0000 -0.3456
vn -0.3452 -0.0000 0.9385
vn 0.9384 -0.0000 0.3456
vn 0.3452 -0.0000 -0.9385
vn 0.0229 -0.0000 0.9997
vn 0.9997 -0.0000 -0.0232
vn -0.0229 -0.0000 -0.9997
vn -0.9997 -0.0000 0.0232
vn -0.4302 -0.0000 0.9028
vn 0.9026 -0.0000 0.4304
vn 0.4304 -0.0000 -0.9027
vn -0.9023 -0.0000 -0.4312
vn -0.9134 -0.0000 -0.4071
vn -0.3958 -0.0000 0.9183
vn 0.9225 -0.0000 0.3860
vn 0.3939 -0.0000 -0.9192
vn -0.9942 -0.0000 0.1076
vn 0.1083 -0.0000 0.9941
vn 0.9940 -0.0000 -0.1092
vn -0.1084 -0.0000 -0.9941
vn -0.9237 -0.0000 -0.3832
vn -0.3837 -0.0000 0.9234
vn 0.9237 -0.0000 0.3832
vn 0.3837 -0.0000 -0.9234
vn -0.9099 -0.0000 -0.4148
vn -0.4146 -0.0000 0.9100
vn 0.9099 -0.0000 0.4148
vn 0.4146 -0.0000 -0.9100
vn -0.9574 -0.0000 -0.2888
vn -0.4537 -0.0000 0.8912
vn 0.3410 -0.0000 -0.9401
vn -0.9367 -0.0000 -0.3500
vn -0.3498 -0.0000 0.9368
vn 0.9313 -0.0000 0.3643
vn 0.3801 -0.0000 -0.9249
vn -0.3864 -0.0000 0.9223
vn 0.9224 -0.0000 0.3863
vn 0.3864 -0.0000 -0.9223
vn -0.9736 -0.0000 -0.2282
vn -0.2591 -0.0000 0.9658
vn 0.9767 -0.0000 0.2148
vn 0.1679 -0.0000 -0.9858
vn -0.9450 -0.0000 -0.3271
vn -0.3287 -0.0000 0.9444
vn 0.9452 -0.0000 0.3265
vn 0.3258 -0.0000 -0.9454
vn -0.0264 -0.0000 -0.9997
vn -0.9997 -0.0000 0.0240
vn 0.0238 -0.0000 0.9997
vn 0.9997 -0.0000 -0.0240
vn -1.0000 -0.0000 -0.0042
vn -0.0045 -0.0000 1.0000
vn 1.0000 -0.0000 0.0042
vn 0.0045 -0.0000 -1.0000
vn -0.8920 -0.0000 -0.4521
vn -0.4523 -0.0000 0.8919
vn 0.8917 -0.0000 0.4527
vn 0.4531 -0.0000 -0.8915
vn -0.9237 -0.0000 -0.3830
vn -0.3832 -0.0000 0.9237
vn 0.9238 -0.0000 0.3829
vn 0.3826 -0.0000 -0.9239
vn -0.9955 -0.0000 0.0946
vn 0.0932 -0.0000 0.9956
vn 0.9956 -0.0000 -0.0932
vn -0.0932 -0.0000 -0.9957
vn -0.3862 -0.0000 0.9224
vn 0.9205 -0.0000 0.3907
vn 0.3681 -0.0000 -0.9298
vn -0.2574 -0.0000 -0.9663
vn -0.9204 -0.0000 -0.3909
vn -0.8941 -0.0000 0.4478
vn -0.3814 -0.0000 0.9244
vn 0.9242 -0.0000 0.3818
vn 0.3814 -0.0000 -0.9244
vn -0.9242 -0.0000 -0.3818
vn -0.8932 -0.0000 -0.4496
vn -0.4485 -0.0000 0.8938
vn 0.8932 -0.0000 0.4496
vn 0.4485 -0.0000 -0.8938
vn -0.9066 -0.0000 -0.4220
vn -0.4213 -0.0000 0.9069
vn 0.9070 -0.0000 0.4212
vn 0.4218 -0.0000 -0.9067
vn -0.9249 -0.0000 -0.3801
vn -0.3790 -0.0000 0.9254
vn 0.9252 -0.0000 0.3795
vn 0.3798 -0.0000 -0.9251
vn -0.9959 -0.0000 0.0909
vn 0.0882 -0.0000 0.9961
vn 0.9960 -0.0000 -0.0897
vn -0.0879 -0.0000 -0.9961
vn -0.9825 -0.0000 -0.1861
vn -0.1873 -0.0000 0.9823
vn 0.9824 -0.0000 0.1866
vn 0.1852 -0.0000 -0.9827
vn -0.9255 -0.0000 -0.3787
vn 0.9251 -0.0000 0.3798
vn 0.3798 -0.0000 -0.9250
vn -0.9997 -0.0000 0.0238
vn 0.0240 -0.0000 0.9997
vn 0.9997 -0.0000 -0.0238
vn -0.0240 -0.0000 -0.9997
vn -0.9365 -0.0000 -0.3506
vn -0.3507 -0.0000 0.9365
vn 0.9365 -0.0000 0.3506
vn 0.3507 -0.0000 -0.9365
vn 0.1130 -0.0000 0.9936
vn 0.6667 -0.0000 0.7453
vn 0.9943 -0.0000 -0.1071
vn 0.9942 -0.0000 -0.1073
vn -0.1129 -0.0000 -0.9936
vn -0.9936 -0.0000 0.1133
vn -0.9998 -0.0000 0.0183
vn 0.0171 -0.0000 0.9999
vn 0.9998 -0.0000 -0.0183
vn -0.0171 -0.0000 -0.9999
vn -0.9139 -0.0000 -0.4060
vn -0.4062 -0.0000 0.9138
vn 0.9139 -0.0000 0.4060
vn -0.9320 -0.0000 -0.3625
vn -0.3625 -0.0000 0.9320
vn 0.9320 -0.0000 0.3625
vn 0.3625 -0.0000 -0.9320
vn -0.9574 -0.0000 -0.2886
vn -0.2888 -0.0000 0.9574
vn 0.9574 -0.0000 0.2886
vn 0.2888 -0.0000 -0.9574
vn 0.1212 -0.0000 -0.9926
vn -0.2329 -0.0000 -0.9725
vn -0.0481 -0.0000 -0.9988
vn -0.9196 -0.0000 -0.3928
vn -0.3819 -0.0000 0.9242
vn 0.9254 -0.0000 0.3789
vn -0.9203 -0.0000 -0.3911
vn -0.3902 -0.0000 0.9207
vn 0.3734 -0.0000 0.9277
vn 0.9204 -0.0000 0.3910
vn 0.3903 -0.0000 -0.9207
vn -0.9986 -0.0000 0.0532
vn 0.0540 -0.0000 0.9985
vn 0.9986 -0.0000 -0.0532
vn -0.0540 -0.0000 -0.9985
vn -0.8732 -0.0000 -0.4874
vn -0.4880 -0.0000 0.8729
vn 0.8738 -0.0000 0.4864
vn 0.4875 -0.0000 -0.8731
vn -0.3917 -0.0000 0.9201
vn 0.9202 -0.0000 0.3914
vn 0.3917 -0.0000 -0.9201
vn -0.9202 -0.0000 -0.3914
vn -0.9233 -0.0000 -0.3840
vn -0.3861 -0.0000 0.9225
vn 0.9227 -0.0000 0.3854
vn 0.4138 -0.0000 -0.9104
vn -0.9994 -0.0000 0.0334
vn 0.0233 -0.0000 0.9997
vn 0.9984 -0.0000 -0.0559
vn -0.0109 -0.0000 -0.9999
vn -0.0924 -0.0000 -0.9957
vn -0.9957 -0.0000 0.0921
vn 0.0924 -0.0000 0.9957
vn 0.9957 -0.0000 -0.0921
vn -0.9253 -0.0000 -0.3792
vn -0.3791 -0.0000 0.9254
vn 0.9253 -0.0000 0.3792
vn 0.3791 -0.0000 -0.9254
vn -0.9286 -0.0000 -0.3711
vn -0.3711 -0.0000 0.9286
vn 0.3695 -0.0000 -0.9292
vn 0.3939 -0.0000 -0.9191
vn -0.9191 -0.0000 -0.3939
vn -0.3932 -0.0000 0.9194
vn 0.9193 -0.0000 0.3935
vn 0.9281 -0.0000 0.3722
vn -0.9084 -0.0000 -0.4181
vn -0.4182 -0.0000 0.9083
vn 0.9084 -0.0000 0.4181
vn 0.4182 -0.0000 -0.9083
vn -0.0672 -0.0000 -0.9977
vn -0.6332 -0.0000 -0.7740
vn -0.9264 -0.0000 -0.3765
vn -0.3769 -0.0000 0.9262
vn 0.9247 -0.0000 0.3807
vn 0.9249 -0.0000 0.3803
vn 0.3745 -0.0000 -0.9272
vn -0.9195 -0.0000 -0.3931
vn 0.3343 -0.0000 -0.9425
vn -0.9209 -0.0000 -0.3899
vn 0.3230 -0.0000 -0.9464
vn 0.9937 -0.0000 0.1124
vn 0.7423 -0.0000 -0.6701
vn -0.9087 -0.0000 -0.4174
vn -0.4172 -0.0000 0.9088
vn 0.9087 -0.0000 0.4174
vn 0.4172 -0.0000 -0.9088
vn -0.9973 -0.0000 0.0731
vn 0.0733 -0.0000 0.9973
vn 0.9972 -0.0000 -0.0743
vn -0.0718 -0.0000 -0.9974
vn -0.8481 -0.0000 -0.5298
vn -0.5296 -0.0000 0.8483
vn 0.8488 -0.0000 0.5288
vn 0.5291 -0.0000 -0.8486
vn 0.9321 -0.0000 0.3623
vn 0.9168 -0.0000 -0.3993
vn 0.3598 -0.0000 -0.9330
vn -0.9326 -0.0000 -0.3610
vn -0.9999 -0.0000 0.0140
vn -0.6248 -0.0000 0.7808
vn 0.0735 -0.0000 0.9973
vn 0.9985 -0.0000 -0.0539
vn -0.0177 -0.0000 -0.9998
vn -0.9117 -0.0000 -0.4108
vn -0.4105 -0.0000 0.9119
vn 0.9119 -0.0000 0.4104
vn 0.4107 -0.0000 -0.9118
vn -0.9330 -0.0000 -0.3598
vn -0.3597 -0.0000 0.9331
vn 0.9332 -0.0000 0.3594
vn 0.3588 -0.0000 -0.9334
vn -0.3750 -0.0000 0.9270
vn 0.9273 -0.0000 0.3744
vn 0.3750 -0.0000 -0.9270
vn -0.9273 -0.0000 -0.3744
vn -0.3775 -0.0000 0.9260
vn 0.9277 -0.0000 0.3734
vn -0.9250 -0.0000 -0.3801
vn -0.3876 -0.0000 0.9218
vn 0.9217 -0.0000 0.3878
vn 0.3875 -0.0000 -0.9219
vn -0.9220 -0.0000 -0.3873
vn -0.9174 -0.0000 -0.3979
vn -0.3969 -0.0000 0.9179
vn 0.9177 -0.0000 0.3972
vn 0.3979 -0.0000 -0.9174
vn -0.9243 -0.0000 -0.3816
vn -0.9190 -0.0000 -0.3943
vn -0.3842 -0.0000 0.9233
vn 0.9211 -0.0000 0.3894
vn -0.4008 -0.0000 0.9162
vn 0.9218 -0.0000 0.3877
vn 0.4133 -0.0000 -0.9106
vn 0.9282 -0.0000 0.3720
vn 0.9300 -0.0000 0.3676
vn 0.4255 -0.0000 -0.9050
vn 0.4500 -0.0000 -0.8930
vn 0.9108 -0.0000 0.4127
vn 0.4217 -0.0000 -0.9067
vn -0.9182 -0.0000 -0.3962
vn 0.3348 -0.0000 -0.9423
vn -0.9136 -0.0000 -0.4065
vn 0.3186 -0.0000 0.9479
vn 0.9104 -0.0000 0.4137
vn 0.3791 -0.0000 -0.9253
vn -0.8014 -0.0000 0.5981
vn 0.5985 -0.0000 0.8011
vn 0.8014 -0.0000 -0.5981
vn -0.5985 -0.0000 -0.8011
vn -0.9379 -0.0000 -0.3468
vn -0.3470 -0.0000 0.9379
vn 0.9379 -0.0000 0.3469
vn 0.3466 -0.0000 -0.9380
vn -0.8724 -0.0000 -0.4888
vn -0.0230 -0.0000 0.9997
vn 0.8507 -0.0000 0.5256
vn 0.9741 -0.0000 -0.2259
vn 0.5035 -0.0000 -0.8640
vn -0.0053 -0.0000 1.0000
vn 0.9997 -0.0000 0.0225
vn -0.1592 -0.0000 -0.9872
vn -0.8242 -0.0000 -0.5663
vn -1.0000 -0.0000 -0.0067
vn -0.9988 -0.0000 0.0480
vn 0.0546 -0.0000 0.9985
vn 0.9893 -0.0000 -0.1461
vn 0.9942 -0.0000 -0.1079
vn 0.9470 -0.0000 -0.3212
vn 0.9472 -0.0000 -0.3206
vn 0.3313 -0.0000 -0.9435
vn 0.3314 -0.0000 -0.9435
vn 0.3320 -0.0000 -0.9433
vn -0.9693 -0.0000 0.2457
vn -0.0699 -0.0000 0.9976
vn -0.1525 -0.0000 0.9883
vn 0.9808 -0.0000 0.1951
vn 0.1948 -0.0000 -0.9808
vn -0.9077 -0.0000 -0.4197
vn -0.7427 -0.0000 0.6697
vn 0.0445 -0.0000 0.9990
vn 0.8846 -0.0000 0.4663
vn 0.4202 -0.0000 -0.9075
vn -0.8586 -0.0000 -0.5127
vn -0.9108 -0.0000 0.4128
vn 0.0007 -0.0000 1.0000
vn 0.8783 -0.0000 0.4781
vn 0.4959 -0.0000 -0.8684
vn -0.4498 -0.0000 0.8931
vn 0.8933 -0.0000 0.4494
vn 0.8698 -0.0000 -0.4933
vn 0.0751 -0.0000 -0.9972
vn -0.8933 -0.0000 -0.4494
vn -0.9309 -0.0000 -0.3652
vn -0.4012 -0.0000 0.9160
vn 0.9659 -0.0000 -0.2590
vn 0.7551 -0.0000 -0.6557
vn 0.3646 -0.0000 -0.9312
vn 0.8598 -0.0000 0.5106
vn 0.5237 -0.0000 -0.8519
vn 0.5235 -0.0000 -0.8521
vn -0.3052 -0.0000 -0.9523
vn -0.3062 -0.0000 -0.9520
vn -0.9087 -0.0000 -0.4175
vn -0.4040 -0.0000 0.9147
vn 0.9146 -0.0000 0.4043
vn 0.4416 -0.0000 -0.8972
vn -0.2173 -0.0000 -0.9761
vn -0.8499 -0.0000 -0.5270
vn -0.9772 -0.0000 -0.2124
vn -0.2180 -0.0000 0.9760
vn 0.9734 -0.0000 0.2289
vn 0.2306 -0.0000 -0.9730
vn 0.9753 -0.0000 0.2208
vn 0.3150 -0.0000 -0.9491
vn -0.5845 -0.0000 -0.8114
vn 0.0264 -0.0000 -0.9997
vn -0.7050 -0.0000 -0.7092
vn -0.9925 -0.0000 -0.1226
vn -0.3792 -0.0000 0.9253
vn 0.9338 -0.0000 0.3577
vn -0.3658 -0.0000 0.9307
vn 0.9197 -0.0000 0.3926
vn -0.3770 -0.0000 0.9262
vn 0.7600 -0.0000 0.6499
vn 0.9108 -0.0000 0.4129
vn 0.3976 -0.0000 -0.9176
vn -0.9088 -0.0000 -0.4172
vn -0.4168 -0.0000 0.9090
vn 0.9088 -0.0000 0.4171
vn 0.4070 -0.0000 -0.9134
vn 0.9088 -0.0000 0.4172
vn 0.4171 -0.0000 -0.9089
vn -0.4181 -0.0000 0.9084
vn -0.9597 -0.0000 -0.2810
vn -0.2807 -0.0000 0.9598
vn 0.9597 -0.0000 0.2810
vn 0.2807 -0.0000 -0.9598
vn -0.9619 -0.0000 -0.2734
vn -0.2719 -0.0000 0.9623
vn -0.9621 -0.0000 -0.2726
vn -0.2730 -0.0000 0.9620
vn 0.9622 -0.0000 0.2724
vn 0.7876 -0.0000 -0.6162
vn 0.2728 -0.0000 -0.9621
vn -0.9393 -0.0000 -0.3432
vn -0.3420 -0.0000 0.9397
vn 0.9394 -0.0000 0.3428
vn 0.3440 -0.0000 -0.9390
vn -0.3132 -0.0000 0.9497
vn 0.9497 -0.0000 0.3131
vn 0.3131 -0.0000 -0.9497
vn -0.9497 -0.0000 -0.3131
vn -0.9403 -0.0000 -0.3403
vn -0.3401 -0.0000 0.9404
vn 0.9403 -0.0000 0.3403
vn 0.3401 -0.0000 -0.9404
vn -0.9549 -0.0000 -0.2969
vn -0.2986 -0.0000 0.9544
vn 0.9549 -0.0000 0.2969
vn 0.2986 -0.0000 -0.9544
vn -0.0163 -0.0000 -0.9999
vn -0.9998 -0.0000 -0.0194
vn 0.1387 -0.0000 0.9903
vn 1.0000 -0.0000 -0.0000
vn 0.1658 -0.0000 0.9862
vn -0.9786 -0.0000 0.2056
vn 0.1469 -0.0000 0.9892
vn 0.9761 -0.0000 -0.2173
vn -0.1060 -0.0000 -0.9944
vn -0.9221 -0.0000 -0.3869
vn -0.4030 -0.0000 0.9152
vn 0.9228 -0.0000 0.3853
vn -0.9856 -0.0000 0.1692
vn -0.6921 -0.0000 -0.7218
vn 0.8553 -0.0000 -0.5181
vn -0.4107 -0.0000 -0.9118
vn -0.8949 -0.0000 0.4463
vn 0.4396 -0.0000 0.8982
vn -0.8875 -0.0000 0.4609
vn 0.4780 -0.0000 0.8784
vn 0.9777 -0.0000 -0.2099
vn -0.1444 -0.0000 -0.9895
vn -0.9790 -0.0000 0.2038
vn 0.2046 -0.0000 0.9788
vn 0.9790 -0.0000 -0.2038
vn -0.2046 -0.0000 -0.9788
vn -0.9810 -0.0000 0.1941
vn 0.1937 -0.0000 0.9811
vn 0.9811 -0.0000 -0.1937
vn -0.1940 -0.0000 -0.9810
vn -0.9763 -0.0000 -0.2163
vn -0.2311 -0.0000 0.9729
vn 0.9939 -0.0000 0.1105
vn 0.1437 -0.0000 -0.9896
vn -0.0688 -0.0000 -0.9976
vn -0.9977 -0.0000 0.0685
vn 0.0678 -0.0000 0.9977
vn 0.9977 -0.0000 -0.0684
vn -0.7742 -0.0000 0.6329
vn 0.6330 -0.0000 0.7742
vn 0.7744 -0.0000 -0.6327
vn -0.6326 -0.0000 -0.7745
vn -0.9971 -0.0000 0.0761
vn 0.0759 -0.0000 0.9971
vn 0.9971 -0.0000 -0.0761
vn -0.0759 -0.0000 -0.9971
vn -0.9245 -0.0000 -0.3813
vn -0.3991 -0.0000 0.9169
vn -0.7745 -0.0000 0.6326
vn 0.5194 -0.0000 0.8545
vn 0.8695 -0.0000 -0.4939
vn 0.9155 -0.0000 0.4024
vn 0.3925 -0.0000 -0.9197
vn -0.9305 -0.0000 -0.3662
vn 0.1423 -0.0000 0.9898
vn 0.9268 -0.0000 0.3756
vn 0.3890 -0.0000 -0.9213
vn -0.3039 -0.0000 -0.9527
vn -0.9533 -0.0000 0.3021
vn 0.3019 -0.0000 0.9533
vn 0.9534 -0.0000 -0.3017
vn -0.9527 -0.0000 0.3039
vn 0.3045 -0.0000 0.9525
vn 0.9526 -0.0000 -0.3042
vn -0.3032 -0.0000 -0.9529
vn -0.9997 -0.0000 0.0259
vn 0.0275 -0.0000 0.9996
vn 0.9997 -0.0000 -0.0260
vn -0.0250 -0.0000 -0.9997
vn -0.3456 -0.0000 -0.9384
vn -0.8535 -0.0000 0.5212
vn 0.5997 -0.0000 0.8002
vn 0.8529 -0.0000 -0.5221
vn -0.9770 -0.0000 0.2130
vn -0.3506 -0.0000 -0.9365
vn -0.9995 -0.0000 0.0314
vn 0.2424 -0.0000 0.9702
vn -0.9676 -0.0000 0.2524
vn 0.2195 -0.0000 0.9756
vn 0.9727 -0.0000 -0.2322
vn 0.2171 -0.0000 0.9762
vn 0.9285 -0.0000 -0.3713
vn -0.0874 -0.0000 -0.9962
vn 0.9592 -0.0000 -0.2827
vn -0.2129 -0.0000 -0.9771
vn -1.0000 -0.0000 0.0059
vn 0.0065 -0.0000 1.0000
vn 1.0000 -0.0000 -0.0059
vn -0.0065 -0.0000 -1.0000
vn 0.2540 -0.0000 -0.9672
vn -0.9673 -0.0000 -0.2535
vn -0.2540 -0.0000 0.9672
vn 0.9673 -0.0000 0.2535
vn -0.9969 -0.0000 -0.0783
vn -0.1203 -0.0000 0.9927
vn 0.9905 -0.0000 0.1374
vn 0.2614 -0.0000 -0.9652
vn -0.9487 -0.0000 0.3161
vn 0.3155 -0.0000 0.9489
vn 0.9490 -0.0000 -0.3153
vn -0.3157 -0.0000 -0.9489
vn 0.9488 -0.0000 -0.3158
vn -0.3160 -0.0000 -0.9487
vn -0.9456 -0.0000 0.3253
vn 0.3251 -0.0000 0.9457
vn 0.9456 -0.0000 -0.3253
vn -0.3251 -0.0000 -0.9457
vn -0.5737 -0.0000 -0.8190
vn -0.8189 -0.0000 0.5739
vn 0.5739 -0.0000 0.8189
vn 0.8192 -0.0000 -0.5735
vn -0.0131 -0.0000 -0.9999
vn -0.9999 -0.0000 0.0132
vn 0.0131 -0.0000 0.9999
vn 0.9999 -0.0000 -0.0118
vn -0.2459 -0.0000 -0.9693
vn -0.9911 -0.0000 0.1329
vn 0.1928 -0.0000 0.9812
vn 0.9904 -0.0000 -0.1385
vn -0.9999 -0.0000 -0.0172
vn -0.0156 -0.0000 0.9999
vn 0.9999 -0.0000 0.0172
vn 0.0173 -0.0000 -0.9998
vn -0.6371 -0.0000 -0.7708
vn -0.7704 -0.0000 0.6375
vn 0.6371 -0.0000 0.7708
vn 0.7704 -0.0000 -0.6375
vn -0.5299 -0.0000 -0.8480
vn -0.8476 -0.0000 0.5306
vn 0.5313 -0.0000 0.8472
vn 0.8474 -0.0000 -0.5310
vn 0.7658 -0.0000 -0.6431
vn -0.6440 -0.0000 -0.7650
vn 0.7632 -0.0000 -0.6462
vn -0.6434 -0.0000 -0.7655
vn -0.7659 -0.0000 0.6429
vn 0.6432 -0.0000 0.7657
vn -0.6341 -0.0000 -0.7732
vn -0.7729 -0.0000 0.6345
vn 0.6350 -0.0000 0.7725
vn 0.7729 -0.0000 -0.6345
vn -0.6288 -0.0000 -0.7775
vn -0.9477 -0.0000 -0.3193
vn -0.3499 -0.0000 0.9368
vn 0.9429 -0.0000 0.3331
vn -0.3053 -0.0000 0.9523
vn 0.9359 -0.0000 0.3522
vn -0.3313 -0.0000 0.9435
vn 0.9626 -0.0000 0.2710
vn -0.2516 -0.0000 0.9678
vn 0.9521 -0.0000 0.3059
vn 0.2873 -0.0000 -0.9578
vn 0.9922 -0.0000 0.1250
vn 0.3168 -0.0000 -0.9485
vn -1.0000 -0.0000 -0.0048
vn -0.1453 -0.0000 0.9894
vn -0.9939 -0.0000 -0.1105
vn 0.7582 -0.0000 0.6520
vn 0.9955 -0.0000 0.0944
vn 0.1413 -0.0000 -0.9900
vn -0.9975 -0.0000 -0.0701
vn -0.0688 -0.0000 0.9976
vn 0.9973 -0.0000 0.0731
vn -0.0695 -0.0000 0.9976
vn 0.9975 -0.0000 0.0707
vn 0.0703 -0.0000 -0.9975
vn -0.6462 -0.0000 -0.7632
vn -0.7631 -0.0000 0.6463
vn 0.6459 -0.0000 0.7634
vn 0.7638 -0.0000 -0.6455
vn -0.9992 -0.0000 -0.0394
vn -0.0393 -0.0000 0.9992
vn 0.9992 -0.0000 0.0394
vn 0.0393 -0.0000 -0.9992
vn -0.3752 -0.0000 0.9269
vn 0.9267 -0.0000 0.3758
vn -0.6286 -0.0000 -0.7777
vn -0.8270 -0.0000 0.5622
vn -0.6334 -0.0000 -0.7739
vn -0.7678 -0.0000 0.6407
vn 0.6445 -0.0000 0.7646
vn 0.7407 -0.0000 -0.6718
vn -0.9992 -0.0000 -0.0410
vn -0.0421 -0.0000 0.9991
vn 0.9991 -0.0000 0.0414
vn 0.0402 -0.0000 -0.9992
vn -0.9985 -0.0000 -0.0542
vn -0.0535 -0.0000 0.9986
vn 0.9985 -0.0000 0.0542
vn 0.0535 -0.0000 -0.9986
vn -0.9373 -0.0000 -0.3485
vn -0.4265 -0.0000 0.9045
vn 0.9241 -0.0000 0.3822
vn 0.9058 -0.0000 -0.4238
vn 0.4143 -0.0000 -0.9101
vn -0.9995 -0.0000 -0.0328
vn -0.7593 -0.0000 0.6507
vn -0.0916 -0.0000 0.9958
vn 0.9961 -0.0000 0.0880
vn -0.0255 -0.0000 -0.9997
vn -0.9990 -0.0000 -0.0442
vn -0.0441 -0.0000 0.9990
vn 0.9990 -0.0000 0.0443
vn -0.0438 -0.0000 0.9990
vn 0.9991 -0.0000 0.0432
vn 0.0447 -0.0000 -0.9990
vn 0.3718 -0.0000 -0.9283
vn -0.9286 -0.0000 -0.3710
vn 0.3716 -0.0000 -0.9284
vn -0.3722 -0.0000 0.9281
vn -0.3707 -0.0000 0.9288
vn 0.9286 -0.0000 0.3712
vn 0.3504 -0.0000 -0.9366
vn -0.9363 -0.0000 -0.3513
vn -0.3508 -0.0000 0.9365
vn 0.9367 -0.0000 0.3502
vn -0.6312 -0.0000 -0.7756
vn 0.7764 -0.0000 -0.6303
vn -0.6305 -0.0000 -0.7762
vn -0.7760 -0.0000 0.6307
vn 0.6305 -0.0000 0.7762
vn -0.9983 -0.0000 -0.0589
vn -0.0580 -0.0000 0.9983
vn 0.9983 -0.0000 0.0585
vn 0.0580 -0.0000 -0.9983
vn -0.4022 -0.0000 -0.9155
vn -0.9156 -0.0000 0.4021
vn 0.4023 -0.0000 0.9155
vn -0.9317 -0.0000 0.3632
vn -0.4066 -0.0000 -0.9136
vn -0.9138 -0.0000 0.4061
vn 0.4065 -0.0000 0.9136
vn 0.9202 -0.0000 -0.3916
vn -0.3648 -0.0000 -0.9311
vn -0.9301 -0.0000 0.3673
vn -0.7538 -0.0000 0.6571
vn 0.6573 -0.0000 0.7536
vn 0.9994 -0.0000 -0.0342
vn 0.4369 -0.0000 -0.8995
vn 0.5306 -0.0000 -0.8476
vn 0.3590 -0.0000 -0.9333
vn 0.2542 -0.0000 -0.9672
vn -0.1771 -0.0000 -0.9842
vn 0.2186 -0.0000 -0.9758
vn -0.9598 -0.0000 -0.2808
vn -0.9154 -0.0000 0.4026
vn -0.4015 -0.0000 -0.9158
vn -0.9158 -0.0000 0.4016
vn 0.4007 -0.0000 0.9162
vn 0.9175 -0.0000 -0.3978
vn 0.4050 -0.0000 0.9143
vn 0.9140 -0.0000 -0.4058
vn -0.4051 -0.0000 -0.9143
vn 0.9156 -0.0000 -0.4021
vn 0.4263 -0.0000 0.9046
vn 0.9041 -0.0000 -0.4273
vn -0.4075 -0.0000 -0.9132
vn 0.6886 -0.0000 -0.7252
vn -0.7250 -0.0000 -0.6887
vn 0.7321 -0.0000 -0.6812
vn -0.6814 -0.0000 -0.7319
vn -0.5499 -0.0000 0.8353
vn 0.7346 -0.0000 0.6785
vn 0.7230 -0.0000 -0.6908
vn 0.6841 -0.0000 0.7294
vn -0.4544 -0.0000 0.8908
vn -0.7887 -0.0000 0.6148
vn -0.7233 -0.0000 -0.6905
vn -0.6886 -0.0000 0.7252
vn 0.7247 -0.0000 0.6891
vn 0.9992 -0.0000 -0.0406
vn 0.0539 -0.0000 0.9985
vn 0.9985 -0.0000 -0.0547
vn -0.0548 -0.0000 -0.9985
vn 0.9994 -0.0000 -0.0341
vn -0.0397 -0.0000 -0.9992
vn -0.9991 -0.0000 0.0414
vn -0.0541 -0.0000 -0.9985
vn -0.9985 -0.0000 0.0547
vn 0.0552 -0.0000 0.9985
vn -0.9990 -0.0000 0.0438
vn -0.0487 -0.0000 -0.9988
vn -0.9988 -0.0000 0.0494
vn 0.0484 -0.0000 0.9988
vn -0.9986 -0.0000 0.0523
vn -0.0022 -0.0000 -1.0000
vn -1.0000 -0.0000 0.0023
vn 0.0019 -0.0000 1.0000
vn 0.0431 -0.0000 0.9991
vn 0.9991 -0.0000 -0.0424
vn -0.0424 -0.0000 -0.9991
vn 0.9986 -0.0000 -0.0522
vn 0.0489 -0.0000 0.9988
vn -0.9990 -0.0000 0.0450
vn -0.0104 -0.0000 -0.9999
vn -1.0000 -0.0000 0.0082
vn 0.0085 -0.0000 1.0000
vn -0.9991 -0.0000 0.0427
vn 0.0409 -0.0000 0.9992
vn 0.9992 -0.0000 -0.0412
vn -0.0413 -0.0000 -0.9991
vn 0.9990 -0.0000 -0.0447
vn 0.0496 -0.0000 0.9988
vn 0.9988 -0.0000 -0.0494
vn -0.9894 -0.0000 0.1454
vn 0.1453 -0.0000 0.9894
vn 0.9896 -0.0000 -0.1441
vn -0.1452 -0.0000 -0.9894
vn -0.9248 -0.0000 -0.3806
vn 0.9248 -0.0000 0.3806
vn 0.3802 -0.0000 -0.9249
vn -0.6910 -0.0000 0.7228
vn 0.7226 -0.0000 0.6913
vn 0.6901 -0.0000 -0.7237
vn -0.9961 -0.0000 0.0877
vn 0.0888 -0.0000 0.9961
vn 0.9960 -0.0000 -0.0891
vn -0.0888 -0.0000 -0.9960
vn -0.9891 -0.0000 0.1473
vn 0.1468 -0.0000 0.9892
vn 0.9892 -0.0000 -0.1464
vn -0.1467 -0.0000 -0.9892
vn -0.9289 -0.0000 -0.3702
vn -0.3700 -0.0000 0.9290
vn 0.9289 -0.0000 0.3702
vn 0.3700 -0.0000 -0.9290
vn -0.3668 -0.0000 0.9303
vn 0.9305 -0.0000 0.3662
vn 0.3668 -0.0000 -0.9303
vn 0.1167 -0.0000 0.9932
vn 0.9932 -0.0000 -0.1165
vn -0.1156 -0.0000 -0.9933
vn -0.9932 -0.0000 0.1162
vn -0.3734 -0.0000 0.9277
vn 0.9277 -0.0000 0.3733
vn 0.3734 -0.0000 -0.9277
vn -0.9050 -0.0000 0.4255
vn 0.4258 -0.0000 0.9048
vn 0.9048 -0.0000 -0.4258
vn -0.4254 -0.0000 -0.9050
vn -0.9227 -0.0000 -0.3854
vn -0.3860 -0.0000 0.9225
vn 0.3860 -0.0000 -0.9225
vn -0.9290 -0.0000 -0.3700
vn -0.3698 -0.0000 0.9291
vn 0.9290 -0.0000 0.3700
vn 0.3698 -0.0000 -0.9291
vn -0.9833 -0.0000 0.1818
vn 0.1815 -0.0000 0.9834
vn 0.9833 -0.0000 -0.1818
vn -0.1815 -0.0000 -0.9834
vn -0.9952 -0.0000 0.0984
vn 0.0975 -0.0000 0.9952
vn 0.9952 -0.0000 -0.0984
vn -0.0975 -0.0000 -0.9952
vn 0.3499 -0.0000 -0.9368
vn -0.9229 -0.0000 -0.3851
vn 0.0937 -0.0000 0.9956
vn 0.9368 -0.0000 0.3499
vn -0.9889 -0.0000 0.1489
vn 0.1503 -0.0000 0.9886
vn 0.9888 -0.0000 -0.1490
vn -0.1477 -0.0000 -0.9890
vn 0.4630 -0.0000 0.8864
vn 0.8862 -0.0000 -0.4633
vn -0.4628 -0.0000 -0.8865
vn -0.8867 -0.0000 0.4624
vn -0.9272 -0.0000 -0.3746
vn 0.1201 -0.0000 0.9928
vn 0.9001 -0.0000 0.4357
vn 0.3969 -0.0000 -0.9178
vn 0.0335 -0.0000 0.9994
vn 0.9994 -0.0000 -0.0334
vn -0.0335 -0.0000 -0.9994
vn -0.9801 -0.0000 0.1984
vn 0.1978 -0.0000 0.9803
vn 0.9802 -0.0000 -0.1982
vn -0.1992 -0.0000 -0.9800
vn -0.9962 -0.0000 0.0875
vn 0.0872 -0.0000 0.9962
vn 0.9962 -0.0000 -0.0875
vn -0.0872 -0.0000 -0.9962
vn 0.5133 -0.0000 0.8582
vn 0.8583 -0.0000 -0.5132
vn -0.5133 -0.0000 -0.8582
vn -0.8583 -0.0000 0.5132
vn -0.9255 -0.0000 -0.3788
vn -0.3787 -0.0000 0.9255
vn -0.9293 -0.0000 -0.3694
vn -0.3708 -0.0000 0.9287
vn 0.9296 -0.0000 0.3686
vn 0.3674 -0.0000 -0.9301
vn -0.9292 -0.0000 -0.3695
vn -0.3697 -0.0000 0.9291
vn 0.9292 -0.0000 0.3695
vn 0.3697 -0.0000 -0.9291
vn -0.9818 -0.0000 0.1897
vn 0.1895 -0.0000 0.9819
vn 0.9820 -0.0000 -0.1890
vn -0.1894 -0.0000 -0.9819
vn -0.7353 -0.0000 -0.6777
vn -0.7682 -0.0000 0.6403
vn 0.6325 -0.0000 0.7745
vn 0.7742 -0.0000 -0.6330
vn -0.9905 -0.0000 0.1372
vn 0.1372 -0.0000 0.9905
vn 0.9905 -0.0000 -0.1372
vn -0.1372 -0.0000 -0.9905
vn -0.9291 -0.0000 -0.3699
vn -0.3695 -0.0000 0.9292
vn 0.9294 -0.0000 0.3690
vn 0.3699 -0.0000 -0.9291
vn -0.9825 -0.0000 0.1864
vn 0.1869 -0.0000 0.9824
vn 0.9824 -0.0000 -0.1867
vn -0.1860 -0.0000 -0.9826
vn -0.9866 -0.0000 0.1633
vn 0.1637 -0.0000 0.9865
vn 0.9866 -0.0000 -0.1633
vn -0.1637 -0.0000 -0.9865
vn -0.8908 -0.0000 0.4545
vn 0.4541 -0.0000 0.8909
vn 0.8909 -0.0000 -0.4542
vn -0.4549 -0.0000 -0.8906
vn -0.4009 -0.0000 0.9161
vn 0.9161 -0.0000 0.4009
vn 0.4006 -0.0000 -0.9162
vn -0.9165 -0.0000 -0.4001
vn 0.6550 -0.0000 0.7556
vn 0.7558 -0.0000 -0.6548
vn -0.6550 -0.0000 -0.7556
vn -0.7558 -0.0000 0.6548
vn -0.9706 -0.0000 0.2408
vn -0.3716 -0.0000 0.9284
vn 0.9326 -0.0000 0.3609
vn 0.3758 -0.0000 -0.9267
vn -0.9777 -0.0000 0.2100
vn 0.2099 -0.0000 0.9777
vn 0.9779 -0.0000 -0.2092
vn -0.2093 -0.0000 -0.9778
vn 0.1331 -0.0000 0.9911
vn 0.9911 -0.0000 -0.1329
vn -0.1331 -0.0000 -0.9911
vn -0.4011 -0.0000 0.9160
vn 0.9162 -0.0000 0.4007
vn 0.4011 -0.0000 -0.9160
vn -0.9162 -0.0000 -0.4007
vn -0.9071 -0.0000 0.4208
vn 0.4212 -0.0000 0.9070
vn 0.9071 -0.0000 -0.4208
vn -0.4212 -0.0000 -0.9070
vn 0.9050 -0.0000 -0.4254
vn -0.4253 -0.0000 -0.9050
vn -0.9050 -0.0000 0.4254
vn 0.4253 -0.0000 0.9050
vn 0.7277 -0.0000 0.6859
vn 0.6856 -0.0000 -0.7280
vn -0.7280 -0.0000 -0.6856
vn -0.6859 -0.0000 0.7277
vn -0.3657 -0.0000 -0.9307
vn -0.3919 -0.0000 0.9200
vn 0.9200 -0.0000 0.3919
vn 0.3918 -0.0000 -0.9201
vn -0.6184 -0.0000 -0.7859
vn -0.7859 -0.0000 0.6183
vn 0.6184 -0.0000 0.7859
vn 0.7859 -0.0000 -0.6183
vn -0.9902 -0.0000 0.1395
vn 0.1406 -0.0000 0.9901
vn 0.9901 -0.0000 -0.1401
vn -0.1408 -0.0000 -0.9900
vn -0.4005 -0.0000 0.9163
vn 0.9167 -0.0000 0.3995
vn 0.4005 -0.0000 -0.9163
vn -0.9167 -0.0000 -0.3995
vn -0.9248 -0.0000 -0.3805
vn -0.3807 -0.0000 0.9247
vn 0.3803 -0.0000 -0.9249
vn 0.1717 -0.0000 0.9852
vn 0.9852 -0.0000 -0.1711
vn -0.1717 -0.0000 -0.9852
vn -0.9901 -0.0000 0.1404
vn 0.1400 -0.0000 0.9901
vn 0.9902 -0.0000 -0.1394
vn -0.1400 -0.0000 -0.9902
vn -0.9961 -0.0000 0.0886
vn 0.0896 -0.0000 0.9960
vn 0.9961 -0.0000 -0.0886
vn -0.0896 -0.0000 -0.9960
vn 0.1994 -0.0000 0.9799
vn 0.9226 -0.0000 0.3857
vn 0.3898 -0.0000 -0.9209
vn -0.9261 -0.0000 -0.3773
vn -0.3776 -0.0000 0.9260
vn 0.9258 -0.0000 0.3779
vn 0.9250 -0.0000 0.3799
vn -0.3821 -0.0000 0.9241
vn 0.9261 -0.0000 0.3773
vn 0.3774 -0.0000 -0.9261
vn -0.9810 -0.0000 0.1939
vn 0.1934 -0.0000 0.9811
vn 0.9812 -0.0000 -0.1928
vn -0.1932 -0.0000 -0.9812
vn -0.9429 -0.0000 -0.3330
vn -0.3331 -0.0000 0.9429
vn 0.9433 -0.0000 0.3321
vn 0.3336 -0.0000 -0.9427
vn -0.4175 -0.0000 -0.9087
vn -0.9085 -0.0000 0.4180
vn 0.4186 -0.0000 0.9082
vn 0.9084 -0.0000 -0.4182
vn 0.9249 -0.0000 0.3802
vn 0.3809 -0.0000 -0.9246
vn -0.9256 -0.0000 -0.3786
vn 0.9257 -0.0000 0.3783
vn 0.3775 -0.0000 -0.9260
vn -0.9827 -0.0000 0.1852
vn 0.1853 -0.0000 0.9827
vn 0.9827 -0.0000 -0.1852
vn -0.1853 -0.0000 -0.9827
vn -0.7123 -0.0000 0.7018
vn 0.7018 -0.0000 0.7124
vn 0.7123 -0.0000 -0.7018
vn -0.7018 -0.0000 -0.7124
vn -0.9774 -0.0000 0.2112
vn 0.2120 -0.0000 0.9773
vn 0.9774 -0.0000 -0.2112
vn -0.2120 -0.0000 -0.9773
vn -0.9893 -0.0000 0.1456
vn 0.1454 -0.0000 0.9894
vn 0.9893 -0.0000 -0.1456
vn -0.1454 -0.0000 -0.9894
vn -0.9841 -0.0000 0.1778
vn 0.1791 -0.0000 0.9838
vn 0.9840 -0.0000 -0.1780
vn -0.1757 -0.0000 -0.9844
vn -0.9257 -0.0000 -0.3783
vn -0.3778 -0.0000 0.9259
vn 0.3778 -0.0000 -0.9259
vn -0.8968 -0.0000 0.4425
vn 0.4421 -0.0000 0.8970
vn 0.8966 -0.0000 -0.4428
vn -0.4418 -0.0000 -0.8971
vn -0.9291 -0.0000 -0.3697
vn -0.3683 -0.0000 0.9297
vn 0.3705 -0.0000 -0.9288
vn -0.4004 -0.0000 0.9163
vn 0.9163 -0.0000 0.4005
vn -0.9163 -0.0000 -0.4005
vn -0.8925 -0.0000 0.4511
vn 0.4504 -0.0000 0.8928
vn 0.8927 -0.0000 -0.4507
vn -0.4509 -0.0000 -0.8926
vn -0.3740 -0.0000 0.9274
vn 0.3740 -0.0000 -0.9274
vn -0.8966 -0.0000 0.4428
vn 0.4438 -0.0000 0.8961
vn 0.8964 -0.0000 -0.4433
vn -0.4431 -0.0000 -0.8965
vn -0.9374 -0.0000 -0.3483
vn -0.3487 -0.0000 0.9372
vn 0.9374 -0.0000 0.3483
vn 0.3487 -0.0000 -0.9372
vn -0.9290 -0.0000 -0.3701
vn 0.9289 -0.0000 0.3704
vn -0.7297 -0.0000 -0.6838
vn -0.6828 -0.0000 0.7306
vn 0.7291 -0.0000 0.6844
vn 0.6840 -0.0000 -0.7295
vn -0.9025 -0.0000 0.4307
vn 0.4309 -0.0000 0.9024
vn 0.9025 -0.0000 -0.4307
vn -0.4309 -0.0000 -0.9024
vn -0.9809 -0.0000 0.1946
vn 0.1946 -0.0000 0.9809
vn 0.9809 -0.0000 -0.1946
vn -0.1946 -0.0000 -0.9809
vn -0.9951 -0.0000 0.0990
vn 0.0989 -0.0000 0.9951
vn 0.9951 -0.0000 -0.0990
vn -0.0989 -0.0000 -0.9951
vn -0.4604 -0.0000 -0.8877
vn -0.8878 -0.0000 0.4601
vn 0.4604 -0.0000 0.8877
vn 0.8878 -0.0000 -0.4601
vn -0.9940 -0.0000 0.1091
vn 0.1091 -0.0000 0.9940
vn 0.9940 -0.0000 -0.1097
vn -0.1091 -0.0000 -0.9940
vn -0.9915 -0.0000 0.1300
vn 0.1299 -0.0000 0.9915
vn 0.9915 -0.0000 -0.1300
vn -0.1299 -0.0000 -0.9915
vn -0.3838 -0.0000 0.9234
vn 0.9235 -0.0000 0.3836
vn 0.3836 -0.0000 -0.9235
vn -0.6769 -0.0000 0.7361
vn 0.7361 -0.0000 0.6769
vn 0.6767 -0.0000 -0.7362
vn 0.3428 -0.0000 -0.9394
vn -0.7209 -0.0000 -0.6930
vn -0.9232 -0.0000 -0.3844
vn -0.6619 -0.0000 0.7496
vn 0.2596 -0.0000 0.9657
vn 0.9813 -0.0000 0.1926
vn 0.3841 -0.0000 -0.9233
vn 0.9755 -0.0000 0.2200
vn 0.9754 -0.0000 0.2206
vn 0.8967 -0.0000 -0.4426
vn 0.3714 -0.0000 -0.9285
vn 0.3723 -0.0000 -0.9281
vn -0.9264 -0.0000 -0.3766
vn 0.9211 -0.0000 0.3892
vn -0.3732 -0.0000 -0.9277
vn -0.9187 -0.0000 -0.3950
vn 0.0794 -0.0000 0.9968
vn 0.9968 -0.0000 -0.0795
vn 0.3974 -0.0000 -0.9177
vn -0.1209 -0.0000 -0.9927
vn -0.9968 -0.0000 0.0797
vn 0.9157 -0.0000 0.4018
vn 0.4026 -0.0000 -0.9154
vn -0.9155 -0.0000 -0.4023
vn -0.9594 -0.0000 0.2820
vn 0.1059 -0.0000 0.9944
vn -0.9388 -0.0000 -0.3445
vn -0.3447 -0.0000 0.9387
vn 0.4722 -0.0000 0.8815
vn 0.9387 -0.0000 0.3449
vn 0.3446 -0.0000 -0.9387
vn 0.4104 -0.0000 -0.9119
vn -0.3769 -0.0000 -0.9262
vn -0.9327 -0.0000 -0.3605
vn -0.3611 -0.0000 0.9325
vn 0.9329 -0.0000 0.3601
vn -0.3591 -0.0000 0.9333
vn 0.9372 -0.0000 -0.3487
vn 0.2629 -0.0000 -0.9648
vn -0.9334 -0.0000 -0.3588
vn -0.9763 -0.0000 0.2163
vn 0.2167 -0.0000 0.9762
vn 0.9763 -0.0000 -0.2163
vn -0.2116 -0.0000 -0.9774
vn -0.9775 -0.0000 0.2108
vn 0.2111 -0.0000 0.9775
vn -0.9359 -0.0000 -0.3524
vn -0.3984 -0.0000 0.9172
vn -0.9426 -0.0000 -0.3341
vn -0.3514 -0.0000 0.9362
vn 0.9361 -0.0000 0.3517
vn 0.3518 -0.0000 -0.9361
vn 0.3904 -0.0000 -0.9206
vn -0.2730 -0.0000 -0.9620
vn -0.9267 -0.0000 -0.3759
vn -0.3076 -0.0000 0.9515
vn 0.1314 -0.0000 0.9913
vn 0.1623 -0.0000 0.9867
vn 0.9864 -0.0000 -0.1645
vn 0.1657 -0.0000 0.9862
vn -0.1658 -0.0000 -0.9862
vn -0.9890 -0.0000 0.1481
vn -0.1560 -0.0000 -0.9878
vn -0.2057 -0.0000 -0.9786
vn 0.1550 -0.0000 0.9879
vn 0.9878 -0.0000 -0.1555
vn -0.9228 -0.0000 -0.3852
vn 0.9226 -0.0000 0.3858
vn 0.3852 -0.0000 -0.9228
vn -0.9256 -0.0000 -0.3784
vn -0.3779 -0.0000 0.9258
vn 0.3724 -0.0000 -0.9281
vn -0.9287 -0.0000 -0.3708
vn -0.3719 -0.0000 0.9283
vn -0.3648 -0.0000 0.9311
vn 0.9311 -0.0000 0.3647
vn 0.3645 -0.0000 -0.9312
vn -0.9201 -0.0000 -0.3917
vn -0.3913 -0.0000 0.9203
vn 0.9198 -0.0000 0.3925
vn -0.9124 -0.0000 0.4093
vn -0.5244 -0.0000 -0.8515
vn -0.8885 -0.0000 0.4589
vn 0.4578 -0.0000 0.8891
vn 0.8890 -0.0000 -0.4580
vn -0.9213 -0.0000 -0.3889
vn -0.9549 -0.0000 0.2970
vn -0.3333 -0.0000 0.9428
vn 0.9359 -0.0000 0.3523
vn -0.3185 -0.0000 0.9479
vn 0.9470 -0.0000 0.3212
vn 0.3893 -0.0000 -0.9211
vn -0.9793 -0.0000 -0.2024
vn -0.9999 -0.0000 0.0121
vn -0.9503 -0.0000 0.3112
vn 0.0051 -0.0000 1.0000
vn 0.9261 -0.0000 0.3772
vn 0.9992 -0.0000 0.0400
vn 0.8331 -0.0000 -0.5531
vn -0.0047 -0.0000 -1.0000
vn 0.7761 -0.0000 -0.6306
vn -0.4017 -0.0000 -0.9158
vn -0.7825 -0.0000 0.6227
vn 0.5943 -0.0000 0.8042
vn -0.9049 -0.0000 0.4256
vn 0.4253 -0.0000 0.9051
vn 0.5722 -0.0000 -0.8201
vn -0.3920 -0.0000 -0.9200
vn -0.4568 -0.0000 -0.8895
vn 0.9101 -0.0000 -0.4145
vn -0.4129 -0.0000 -0.9108
vn -0.9107 -0.0000 0.4132
vn 0.4124 -0.0000 0.9110
vn -0.8892 -0.0000 0.4576
vn 0.4570 -0.0000 0.8895
vn 0.8897 -0.0000 -0.4566
vn -0.4272 -0.0000 -0.9042
vn -0.8848 -0.0000 0.4660
vn 0.3902 -0.0000 0.9207
vn 0.8938 -0.0000 -0.4484
vn -0.4500 -0.0000 -0.8930
vn 0.8850 -0.0000 -0.4655
vn 0.3841 -0.0000 0.9233
vn 0.9227 -0.0000 -0.3856
vn 0.7356 -0.0000 0.6775
vn 0.6786 -0.0000 -0.7345
vn -0.7348 -0.0000 -0.6783
vn -0.6784 -0.0000 0.7347
vn 0.7313 -0.0000 0.6821
vn -0.6649 -0.0000 0.7469
vn 0.7471 -0.0000 0.6647
vn 0.6648 -0.0000 -0.7470
vn -0.8889 -0.0000 0.4581
vn 0.4579 -0.0000 0.8890
vn 0.8891 -0.0000 -0.4576
vn -0.4122 -0.0000 -0.9111
vn -0.8846 -0.0000 0.4664
vn 0.4647 -0.0000 0.8855
vn -0.9104 -0.0000 0.4136
vn 0.4099 -0.0000 0.9121
vn 0.9984 -0.0000 -0.0569
vn -0.0566 -0.0000 -0.9984
vn -0.9984 -0.0000 0.0566
vn 0.0566 -0.0000 0.9984
vn 0.9982 -0.0000 -0.0592
vn 0.0579 -0.0000 0.9983
vn 0.9982 -0.0000 -0.0600
vn -0.0583 -0.0000 -0.9983
vn -0.9984 -0.0000 0.0571
vn 0.0569 -0.0000 0.9984
vn 0.9984 -0.0000 -0.0571
vn -0.0569 -0.0000 -0.9984
vn -0.9999 -0.0000 0.0148
vn 0.0162 -0.0000 0.9999
vn 0.9999 -0.0000 -0.0148
vn -0.0162 -0.0000 -0.9999
vn -0.9998 -0.0000 0.0195
vn 0.0196 -0.0000 0.9998
vn 0.9998 -0.0000 -0.0195
vn -0.0196 -0.0000 -0.9998
vn -0.9997 -0.0000 0.0256
vn 0.0260 -0.0000 0.9997
vn 0.9997 -0.0000 -0.0257
vn -0.9701 -0.0000 0.2427
vn 0.2429 -0.0000 0.9701
vn 0.9701 -0.0000 -0.2427
vn -0.2429 -0.0000 -0.9701
vn 0.9974 -0.0000 -0.0720
vn -0.0735 -0.0000 -0.9973
vn -0.9973 -0.0000 0.0736
vn -0.9997 -0.0000 0.0262
vn 0.0258 -0.0000 0.9997
vn 0.9997 -0.0000 -0.0254
vn -0.0258 -0.0000 -0.9997
vn -0.9903 -0.0000 -0.1391
vn -0.1383 -0.0000 0.9904
vn 0.9903 -0.0000 0.1391
vn 0.1383 -0.0000 -0.9904
vn -0.9994 -0.0000 0.0340
vn 0.0334 -0.0000 0.9994
vn 0.9995 -0.0000 -0.0327
vn -0.0334 -0.0000 -0.9994
vn -0.9984 -0.0000 0.0560
vn 0.0558 -0.0000 0.9984
vn 0.9984 -0.0000 -0.0560
vn -0.0558 -0.0000 -0.9984
vn -0.4380 -0.0000 0.8990
vn 0.8996 -0.0000 0.4368
vn 0.4384 -0.0000 -0.8988
vn -0.8987 -0.0000 -0.4386
vn -0.9968 -0.0000 0.0800
vn 0.0808 -0.0000 0.9967
vn 0.9968 -0.0000 -0.0800
vn -0.0808 -0.0000 -0.9967
vn -0.3215 -0.0000 0.9469
vn 0.9465 -0.0000 0.3227
vn 0.3224 -0.0000 -0.9466
vn -0.9472 -0.0000 -0.3208
vn -0.9977 -0.0000 0.0682
vn 0.0699 -0.0000 0.9976
vn 0.9977 -0.0000 -0.0682
vn -0.0699 -0.0000 -0.9976
vn -0.0282 -0.0000 0.9996
vn 0.9996 -0.0000 0.0275
vn 0.0300 -0.0000 -0.9996
vn -0.9996 -0.0000 -0.0274
vn -0.9970 -0.0000 0.0773
vn 0.0764 -0.0000 0.9971
vn 0.9971 -0.0000 -0.0766
vn -0.0763 -0.0000 -0.9971
vn -1.0000 -0.0000 -0.0086
vn -0.0088 -0.0000 1.0000
vn 1.0000 -0.0000 0.0081
vn 0.0077 -0.0000 -1.0000
vn -0.9991 -0.0000 -0.0414
vn -0.0423 -0.0000 0.9991
vn 0.9991 -0.0000 0.0421
vn 0.0422 -0.0000 -0.9991
vn -0.0749 -0.0000 -0.9972
vn -0.9972 -0.0000 0.0753
vn 0.0770 -0.0000 0.9970
vn 0.9972 -0.0000 -0.0754
vn -0.9995 -0.0000 0.0309
vn 0.0299 -0.0000 0.9996
vn 0.9995 -0.0000 -0.0309
vn -0.0299 -0.0000 -0.9996
vn -0.9890 -0.0000 0.1478
vn 0.1484 -0.0000 0.9889
vn 0.9891 -0.0000 -0.1470
vn -0.1482 -0.0000 -0.9890
vn -0.9985 -0.0000 0.0556
vn 0.0562 -0.0000 0.9984
vn 0.0768 -0.0000 -0.9970
vn 0.9961 -0.0000 -0.0879
vn -0.0557 -0.0000 -0.9984
vn -0.9987 -0.0000 0.0502
vn 0.0510 -0.0000 0.9987
vn 0.9987 -0.0000 -0.0508
vn 0.0709 -0.0000 -0.9975
vn 0.9984 -0.0000 -0.0573
vn 0.0354 -0.0000 0.9994
vn 0.9987 -0.0000 -0.0501
vn -0.0510 -0.0000 -0.9987
vn -0.8658 -0.0000 -0.5004
vn -0.9708 -0.0000 -0.2397
vn -0.2631 -0.0000 0.9648
vn 0.9752 -0.0000 0.2215
vn -0.2289 -0.0000 0.9734
vn -0.2283 -0.0000 0.9736
vn 0.9680 -0.0000 0.2508
vn 0.9734 -0.0000 0.2292
vn 0.0945 -0.0000 -0.9955
vn 0.9979 -0.0000 0.0653
vn -0.6006 -0.0000 -0.7996
vn -0.4343 -0.0000 -0.9008
vn -0.9007 -0.0000 0.4344
vn 0.4343 -0.0000 0.9008
vn 0.9007 -0.0000 -0.4344
vn -0.4287 -0.0000 -0.9035
vn -0.9030 -0.0000 0.4297
vn 0.9026 -0.0000 -0.4304
vn -0.4258 -0.0000 -0.9048
vn -0.9045 -0.0000 0.4264
vn 0.9045 -0.0000 -0.4264
vn -0.4430 -0.0000 -0.8965
vn -0.8964 -0.0000 0.4432
vn 0.4422 -0.0000 0.8969
vn 0.8969 -0.0000 -0.4422
vn -0.4758 -0.0000 -0.8796
vn -0.8796 -0.0000 0.4757
vn 0.4758 -0.0000 0.8796
vn 0.8796 -0.0000 -0.4757
vn -0.4296 -0.0000 -0.9030
vn -0.9033 -0.0000 0.4291
vn 0.4296 -0.0000 0.9030
vn 0.9033 -0.0000 -0.4291
vn -0.4338 -0.0000 -0.9010
vn -0.9013 -0.0000 0.4333
vn 0.4345 -0.0000 0.9007
vn 0.9007 -0.0000 -0.4343
vn -0.6843 -0.0000 -0.7292
vn -0.8534 -0.0000 0.5213
vn 0.5261 -0.0000 0.8505
vn 0.5988 -0.0000 -0.8009
vn -0.4300 -0.0000 -0.9028
vn -0.9028 -0.0000 0.4302
vn 0.4290 -0.0000 0.9033
vn 0.9030 -0.0000 -0.4296
vn -0.6213 -0.0000 -0.7836
vn -0.7838 -0.0000 0.6210
vn 0.6211 -0.0000 0.7837
vn 0.7838 -0.0000 -0.6210
vn 0.6215 -0.0000 0.7834
vn 0.7838 -0.0000 -0.6211
vn -0.4266 -0.0000 -0.9044
vn -0.9049 -0.0000 0.4257
vn 0.4272 -0.0000 0.9042
vn 0.9040 -0.0000 -0.4276
vn -0.9044 -0.0000 0.4266
vn 0.4260 -0.0000 0.9047
vn 0.9047 -0.0000 -0.4261
vn -0.4171 -0.0000 -0.9088
vn -0.9089 -0.0000 0.4170
vn 0.4177 -0.0000 0.9086
vn 0.9083 -0.0000 -0.4183
vn -0.4173 -0.0000 -0.9088
vn 0.9079 -0.0000 -0.4191
vn -0.9583 -0.0000 0.2858
vn 0.3700 -0.0000 0.9290
vn -0.9359 -0.0000 0.3522
vn 0.4152 -0.0000 0.9097
vn 0.9711 -0.0000 -0.2386
vn 0.0809 -0.0000 -0.9967
vn -0.4742 -0.0000 -0.8804
vn -0.4395 -0.0000 -0.8982
vn -0.8983 -0.0000 0.4394
vn 0.4395 -0.0000 0.8982
vn 0.8983 -0.0000 -0.4394
vn -0.4127 -0.0000 -0.9109
vn -0.9109 -0.0000 0.4125
vn 0.9107 -0.0000 -0.4132
vn -0.4222 -0.0000 -0.9065
vn -0.8804 -0.0000 0.4743
vn 0.4095 -0.0000 0.9123
vn 0.9272 -0.0000 -0.3745
vn -0.4121 -0.0000 -0.9112
vn -0.9113 -0.0000 0.4118
vn 0.4120 -0.0000 0.9112
vn -0.9112 -0.0000 0.4120
vn 0.4122 -0.0000 0.9111
vn 0.9112 -0.0000 -0.4119
vn -0.3839 -0.0000 -0.9234
vn -0.9142 -0.0000 0.4052
vn 0.3877 -0.0000 0.9218
vn -0.9016 -0.0000 0.4325
vn 0.3644 -0.0000 0.9312
vn 0.9749 -0.0000 -0.2225
vn 0.4065 -0.0000 0.9137
vn 0.9204 -0.0000 -0.3910
vn -0.9309 -0.0000 0.3652
vn 0.3821 -0.0000 0.9241
vn 0.9296 -0.0000 -0.3686
vn -0.3606 -0.0000 -0.9327
vn 0.9394 -0.0000 -0.3429
vn 0.1237 -0.0000 -0.9923
vn -0.4370 -0.0000 -0.8995
vn -0.8995 -0.0000 0.4369
vn 0.4370 -0.0000 0.8995
vn 0.8995 -0.0000 -0.4369
vn -0.4186 -0.0000 -0.9082
vn -0.9063 -0.0000 0.4226
vn -0.4199 -0.0000 -0.9076
vn -0.9078 -0.0000 0.4193
vn 0.4182 -0.0000 0.9084
vn 0.9078 -0.0000 -0.4194
vn -0.4113 -0.0000 -0.9115
vn -0.9114 -0.0000 0.4116
vn 0.4101 -0.0000 0.9121
vn 0.9116 -0.0000 -0.4110
vn -0.4261 -0.0000 -0.9047
vn -0.9053 -0.0000 0.4247
vn 0.4257 -0.0000 0.9049
vn 0.9048 -0.0000 -0.4259
vn -0.6884 -0.0000 -0.7253
vn -0.7261 -0.0000 0.6876
vn 0.6877 -0.0000 0.7260
vn 0.7257 -0.0000 -0.6880
vn -0.4291 -0.0000 -0.9033
vn -0.9034 -0.0000 0.4289
vn 0.4297 -0.0000 0.9030
vn 0.9031 -0.0000 -0.4294
vn -0.5467 -0.0000 -0.8373
vn -0.8375 -0.0000 0.5464
vn 0.5464 -0.0000 0.8375
vn 0.8371 -0.0000 -0.5470
vn -0.4070 -0.0000 -0.9134
vn -0.8175 -0.0000 0.5759
vn 0.6424 -0.0000 0.7663
vn 0.7806 -0.0000 -0.6250
vn -0.9089 -0.0000 0.4169
vn 0.4170 -0.0000 0.9089
vn 0.9087 -0.0000 -0.4175
vn -0.3862 -0.0000 -0.9224
vn -0.9222 -0.0000 0.3866
vn 0.3831 -0.0000 0.9237
vn -0.9227 -0.0000 0.3856
vn 0.3866 -0.0000 0.9222
vn 0.9224 -0.0000 -0.3863
vn -0.4056 -0.0000 -0.9141
vn -0.9141 -0.0000 0.4054
vn 0.4056 -0.0000 0.9141
vn 0.9141 -0.0000 -0.4054
vn -0.3919 -0.0000 -0.9200
vn -0.9076 -0.0000 0.4199
vn 0.3969 -0.0000 0.9179
vn -0.6500 -0.0000 0.7599
vn 0.6865 -0.0000 -0.7271
vn 0.7409 -0.0000 0.6716
vn 0.6455 -0.0000 -0.7638
vn -0.4323 -0.0000 -0.9017
vn -0.9022 -0.0000 0.4313
vn 0.4313 -0.0000 0.9022
vn 0.9020 -0.0000 -0.4317
vn -0.4320 -0.0000 -0.9019
vn 0.9027 -0.0000 -0.4302
vn -0.9077 -0.0000 0.4196
vn 0.3641 -0.0000 0.9313
vn 0.9095 -0.0000 -0.4156
vn -0.4097 -0.0000 -0.9122
vn -0.4591 -0.0000 -0.8884
vn -0.8885 -0.0000 0.4588
vn 0.4575 -0.0000 0.8892
vn 0.8891 -0.0000 -0.4577
vn -0.5642 -0.0000 -0.8256
vn -0.8065 -0.0000 0.5913
vn 0.4787 -0.0000 0.8780
vn 0.8741 -0.0000 -0.4857
vn -0.6724 -0.0000 -0.7402
vn 0.7859 -0.0000 -0.6184
vn -0.9090 -0.0000 0.4168
vn 0.4169 -0.0000 0.9090
vn 0.9088 -0.0000 -0.4173
vn -0.9198 -0.0000 0.3924
vn 0.3933 -0.0000 0.9194
vn -0.9192 -0.0000 0.3937
vn 0.3921 -0.0000 0.9199
vn 0.9198 -0.0000 -0.3924
vn -0.4189 -0.0000 -0.9080
vn -0.9084 -0.0000 0.4181
vn 0.4187 -0.0000 0.9081
vn 0.9081 -0.0000 -0.4187
vn -0.6523 -0.0000 -0.7580
vn -0.7580 -0.0000 0.6522
vn 0.6520 -0.0000 0.7582
vn 0.7584 -0.0000 -0.6518
vn -0.6784 -0.0000 -0.7346
vn -0.7355 -0.0000 0.6775
vn 0.6784 -0.0000 0.7346
vn 0.7355 -0.0000 -0.6775
vn -0.6737 -0.0000 -0.7390
vn -0.7712 -0.0000 0.6367
vn 0.6267 -0.0000 0.7792
vn -0.8001 -0.0000 0.5998
vn -0.6989 -0.0000 -0.7152
vn -0.7698 -0.0000 0.6383
vn 0.6830 -0.0000 0.7304
vn 0.7648 -0.0000 -0.6442
vn -0.6199 -0.0000 -0.7847
vn 0.7110 -0.0000 -0.7032
vn 0.6347 -0.0000 0.7728
vn 0.7723 -0.0000 -0.6352
vn -0.4728 -0.0000 -0.8812
vn -0.8809 -0.0000 0.4733
vn 0.4732 -0.0000 0.8809
vn 0.8814 -0.0000 -0.4723
vn -0.5005 -0.0000 -0.8658
vn -0.8652 -0.0000 0.5014
vn 0.5005 -0.0000 0.8658
vn 0.8652 -0.0000 -0.5014
vn -0.4872 -0.0000 -0.8733
vn -0.8728 -0.0000 0.4881
vn 0.4872 -0.0000 0.8733
vn 0.8728 -0.0000 -0.4881
vn -0.5878 -0.0000 -0.8090
vn -0.8089 -0.0000 0.5879
vn 0.5885 -0.0000 0.8085
vn 0.8084 -0.0000 -0.5887
vn -0.5969 -0.0000 -0.8023
vn -0.8020 -0.0000 0.5974
vn 0.5969 -0.0000 0.8023
vn 0.8020 -0.0000 -0.5974
vn -0.5116 -0.0000 -0.8592
vn -0.8588 -0.0000 0.5124
vn 0.5130 -0.0000 0.8584
vn 0.8583 -0.0000 -0.5131
vn -0.6784 -0.0000 -0.7347
vn -0.7345 -0.0000 0.6786
vn 0.6784 -0.0000 0.7347
vn 0.7345 -0.0000 -0.6786
vn -0.6717 -0.0000 -0.7408
vn -0.7406 -0.0000 0.6720
vn 0.6710 -0.0000 0.7415
vn 0.7410 -0.0000 -0.6715
vn -0.6253 -0.0000 -0.7804
vn -0.7804 -0.0000 0.6253
vn 0.6253 -0.0000 0.7804
vn 0.7804 -0.0000 -0.6253
vn -0.5952 -0.0000 -0.8036
vn -0.8028 -0.0000 0.5962
vn 0.5945 -0.0000 0.8041
vn 0.8037 -0.0000 -0.5950
vn -0.7001 -0.0000 -0.7140
vn -0.7136 -0.0000 0.7006
vn 0.7001 -0.0000 0.7140
vn 0.7136 -0.0000 -0.7006
vn -0.7223 -0.0000 -0.6916
vn -0.6915 -0.0000 0.7224
vn 0.7223 -0.0000 0.6916
vn 0.6915 -0.0000 -0.7224
vn -0.6111 -0.0000 -0.7916
vn -0.7914 -0.0000 0.6114
vn 0.6111 -0.0000 0.7916
vn 0.7914 -0.0000 -0.6114
vn -0.6469 -0.0000 -0.7625
vn -0.7625 -0.0000 0.6470
vn 0.6469 -0.0000 0.7625
vn 0.7625 -0.0000 -0.6470
vn -0.4829 -0.0000 -0.8757
vn -0.8758 -0.0000 0.4827
vn 0.4838 -0.0000 0.8752
vn 0.8761 -0.0000 -0.4821
vn -0.4854 -0.0000 -0.8743
vn 0.8755 -0.0000 -0.4833
vn -0.6576 -0.0000 -0.7533
vn -0.7531 -0.0000 0.6579
vn 0.6576 -0.0000 0.7533
vn 0.7531 -0.0000 -0.6579
vn -0.9896 -0.0000 -0.1441
vn -0.1420 -0.0000 0.9899
vn 0.9896 -0.0000 0.1441
vn 0.1420 -0.0000 -0.9899
vn -0.9811 -0.0000 -0.1933
vn -0.9170 -0.0000 -0.3988
vn -0.3934 -0.0000 0.9194
vn 0.9292 -0.0000 0.3697
vn 0.9772 -0.0000 0.2123
vn 0.1795 -0.0000 -0.9838
vn -0.9732 -0.0000 -0.2298
vn -0.2366 -0.0000 0.9716
vn 0.9706 -0.0000 0.2407
vn 0.2315 -0.0000 -0.9728
vn -0.9682 -0.0000 -0.2500
vn -0.2501 -0.0000 0.9682
vn 0.9683 -0.0000 0.2499
vn 0.2475 -0.0000 -0.9689
vn -0.9671 -0.0000 -0.2543
vn -0.2621 -0.0000 0.9650
vn 0.9650 -0.0000 0.2621
vn 0.2620 -0.0000 -0.9651
vn -0.9786 -0.0000 -0.2056
vn -0.2683 -0.0000 0.9633
vn 0.9690 -0.0000 0.2470
vn 0.8602 -0.0000 -0.5100
vn 0.2887 -0.0000 -0.9574
vn -0.9721 -0.0000 -0.2347
vn -0.2459 -0.0000 0.9693
vn 0.9723 -0.0000 0.2339
vn -0.2344 -0.0000 0.9721
vn 0.9722 -0.0000 0.2343
vn 0.2420 -0.0000 -0.9703
vn -0.9758 -0.0000 -0.2186
vn -0.2480 -0.0000 0.9688
vn 0.2330 -0.0000 0.9725
vn 0.9786 -0.0000 0.2056
vn 0.2194 -0.0000 -0.9756
vn -0.9697 -0.0000 -0.2442
vn -0.2445 -0.0000 0.9697
vn 0.9698 -0.0000 0.2440
vn 0.2838 -0.0000 -0.9589
vn -0.9807 -0.0000 -0.1956
vn -0.2528 -0.0000 0.9675
vn 0.0513 -0.0000 0.9987
vn 0.6151 -0.0000 0.7884
vn 0.8717 -0.0000 0.4900
vn 0.7881 -0.0000 0.6156
vn 0.2510 -0.0000 -0.9680
vn -0.2246 -0.0000 0.9745
vn -0.9741 -0.0000 -0.2262
vn -0.2249 -0.0000 0.9744
vn 0.9742 -0.0000 0.2256
vn 0.2249 -0.0000 -0.9744
vn 0.2246 -0.0000 -0.9745
vn -0.9745 -0.0000 -0.2246
vn -0.2294 -0.0000 0.9733
vn -0.2291 -0.0000 0.9734
vn 0.9732 -0.0000 0.2298
vn 0.2297 -0.0000 -0.9733
vn -0.9735 -0.0000 -0.2288
vn 0.2296 -0.0000 -0.9733
vn -0.9730 -0.0000 -0.2310
vn -0.2532 -0.0000 0.9674
vn 0.9721 -0.0000 0.2347
vn 0.9745 -0.0000 0.2246
vn 0.9717 -0.0000 0.2363
vn 0.9730 -0.0000 0.2310
vn 0.9722 -0.0000 0.2342
vn 0.0823 -0.0000 -0.9966
vn -0.9734 -0.0000 -0.2292
vn -0.9680 -0.0000 -0.2508
vn -0.2603 -0.0000 0.9655
vn -0.9265 -0.0000 -0.3763
vn -0.3939 -0.0000 0.9191
vn 0.9322 -0.0000 0.3621
vn 0.3495 -0.0000 -0.9369
vn -0.9470 -0.0000 0.3212
vn -0.9942 -0.0000 0.1079
vn 0.0644 -0.0000 0.9979
vn 0.9998 -0.0000 -0.0184
vn -0.0830 -0.0000 -0.9966
vn 0.3689 -0.0000 -0.9295
vn 0.3938 -0.0000 -0.9192
vn 0.3857 -0.0000 -0.9226
vn -0.9253 -0.0000 -0.3793
vn -0.9477 -0.0000 -0.3191
vn -0.9475 -0.0000 -0.3197
vn -0.3191 -0.0000 0.9477
vn -0.3193 -0.0000 0.9477
vn -0.3634 -0.0000 0.9316
vn -0.9981 -0.0000 -0.0622
vn 0.0652 -0.0000 -0.9979
vn -0.9978 -0.0000 -0.0658
vn 0.0659 -0.0000 -0.9978
vn -0.9978 -0.0000 -0.0656
vn -0.0945 -0.0000 0.9955
vn -0.0823 -0.0000 0.9966
vn -0.0842 -0.0000 0.9965
vn 0.9939 -0.0000 0.1100
vn -0.2372 -0.0000 0.9715
vn -0.2213 -0.0000 0.9752
vn 0.9827 -0.0000 0.1853
vn 0.9968 -0.0000 0.0798
vn 0.0592 -0.0000 -0.9982
vn -0.0575 -0.0000 0.9983
vn 0.9976 -0.0000 0.0692
vn 0.6934 -0.0000 -0.7205
vn 0.0782 -0.0000 -0.9969
vn -0.9924 -0.0000 -0.1234
vn 0.0696 -0.0000 -0.9976
vn 0.9980 -0.0000 0.0629
vn 0.0657 -0.0000 -0.9978
vn 0.9978 -0.0000 0.0657
vn -0.0116 -0.0000 0.9999
vn -0.9975 -0.0000 -0.0703
vn -0.9976 -0.0000 -0.0694
vn -0.0509 -0.0000 0.9987
vn -0.0703 -0.0000 0.9975
vn -0.9762 -0.0000 0.2170
vn -0.9976 -0.0000 -0.0693
vn -0.0696 -0.0000 0.9976
vn 1.0000 -0.0000 -0.0031
vn 0.9968 -0.0000 0.0793
vn 0.9976 -0.0000 0.0697
vn 0.9979 -0.0000 0.0650
vn 0.9210 -0.0000 0.3895
vn 0.9231 -0.0000 0.3846
vn 0.3858 -0.0000 -0.9226
vn -0.9235 -0.0000 -0.3836
vn -0.9231 -0.0000 -0.3845
vn -0.4714 -0.0000 0.8819
vn 0.8815 -0.0000 0.4722
vn 0.4712 -0.0000 -0.8820
vn -0.8820 -0.0000 -0.4712
vn -0.3197 -0.0000 -0.9475
vn -0.9471 -0.0000 0.3209
vn 0.3226 -0.0000 0.9465
vn 0.9473 -0.0000 -0.3205
vn -0.3206 -0.0000 -0.9472
vn -0.9472 -0.0000 0.3205
vn 0.3206 -0.0000 0.9472
vn 0.9472 -0.0000 -0.3205
vn -0.9948 -0.0000 -0.1019
vn -0.9279 -0.0000 0.3727
vn -0.7440 -0.0000 0.6682
vn -0.4779 -0.0000 0.8784
vn -0.1771 -0.0000 0.9842
vn 0.1670 -0.0000 0.9860
vn 0.9594 -0.0000 0.2822
vn 0.6498 -0.0000 -0.7601
vn -0.4488 -0.0000 -0.8937
vn -0.3121 -0.0000 -0.9501
vn -0.9622 -0.0000 0.2724
vn -0.9990 -0.0000 0.0458
vn -0.9846 -0.0000 -0.1747
vn -0.9191 -0.0000 -0.3941
vn -0.4774 -0.0000 0.8787
vn 0.8943 -0.0000 0.4474
vn 0.9664 -0.0000 0.2569
vn 0.9993 -0.0000 0.0380
vn 0.9898 -0.0000 -0.1425
vn 0.9380 -0.0000 -0.3466
vn -0.9956 -0.0000 0.0939
vn 0.0922 -0.0000 0.9957
vn -0.0920 -0.0000 -0.9958
vn 0.8348 -0.0000 -0.5505
vn -0.5515 -0.0000 -0.8342
vn -0.8352 -0.0000 0.5500
vn 0.5505 -0.0000 0.8349
vn -0.5826 -0.0000 -0.8128
vn -0.8124 -0.0000 0.5830
vn 0.5826 -0.0000 0.8128
vn 0.8124 -0.0000 -0.5830
vn 0.4078 -0.0000 -0.9131
vn -0.9138 -0.0000 -0.4062
vn -0.4078 -0.0000 0.9131
vn 0.9138 -0.0000 0.4062
vn 0.8915 -0.0000 -0.4530
vn -0.4264 -0.0000 -0.9045
vn 0.9097 -0.0000 -0.4153
vn -0.4674 -0.0000 -0.8841
vn -0.9069 -0.0000 0.4213
vn 0.3955 -0.0000 0.9185
vn -0.8940 -0.0000 0.4480
vn -0.4307 -0.0000 -0.9025
vn 0.9072 -0.0000 -0.4208
vn -0.4092 -0.0000 -0.9124
vn -0.9005 -0.0000 0.4348
vn 0.3852 -0.0000 0.9228
vn 0.9094 -0.0000 -0.4159
vn -0.4257 -0.0000 -0.9049
vn -0.9266 -0.0000 0.3761
vn -0.4214 -0.0000 -0.9069
vn 0.8978 -0.0000 -0.4404
vn -0.3976 -0.0000 -0.9175
vn -0.8975 -0.0000 0.4409
vn 0.4569 -0.0000 0.8895
vn 0.9802 -0.0000 -0.1980
vn 0.4140 -0.0000 0.9103
vn 0.8912 -0.0000 -0.4536
vn -0.4098 -0.0000 -0.9122
vn -0.8897 -0.0000 0.4564
vn 0.3961 -0.0000 0.9182
vn 0.8779 -0.0000 -0.4788
vn -0.4174 -0.0000 -0.9087
vn 0.3957 -0.0000 0.9184
vn 0.8784 -0.0000 -0.4779
vn -0.4168 -0.0000 -0.9090
vn 0.3963 -0.0000 0.9181
vn 0.8781 -0.0000 -0.4785
vn 0.4044 -0.0000 0.9146
vn 0.8956 -0.0000 -0.4449
vn -0.4470 -0.0000 -0.8945
vn -0.8883 -0.0000 0.4592
vn -0.4475 -0.0000 -0.8943
vn -0.9441 -0.0000 -0.3296
vn -0.3921 -0.0000 0.9199
vn 0.9290 -0.0000 0.3701
vn 0.3790 -0.0000 -0.9254
vn 0.9361 -0.0000 0.3518
vn 0.4689 -0.0000 -0.8832
vn -0.8859 -0.0000 -0.4638
vn 0.3492 -0.0000 -0.9371
vn -0.9184 -0.0000 -0.3956
vn -0.3364 -0.0000 0.9417
vn -0.9997 -0.0000 0.0246
vn 0.0242 -0.0000 0.9997
vn 0.9997 -0.0000 -0.0246
vn -0.0231 -0.0000 -0.9997
vn 0.5479 -0.0000 -0.8365
vn -0.8382 -0.0000 -0.5453
vn -0.5489 -0.0000 0.8359
vn 0.9449 -0.0000 0.3274
vn 0.4010 -0.0000 -0.9161
vn 0.2259 -0.0000 -0.9742
vn -0.9159 -0.0000 -0.4014
vn -0.4042 -0.0000 0.9147
vn 0.9159 -0.0000 0.4013
vn -0.9295 -0.0000 -0.3688
vn -0.3732 -0.0000 0.9278
vn -0.9266 -0.0000 -0.3761
vn -0.3710 -0.0000 0.9287
vn 0.9299 -0.0000 0.3679
vn 0.3706 -0.0000 -0.9288
vn -0.9150 -0.0000 -0.4034
vn -0.9274 -0.0000 -0.3741
vn 0.9274 -0.0000 0.3741
vn 0.9129 -0.0000 0.4082
vn 0.4116 -0.0000 -0.9113
vn -0.9129 -0.0000 -0.4082
vn -0.4116 -0.0000 0.9113
vn -0.3675 -0.0000 0.9300
vn 0.9312 -0.0000 0.3644
vn 0.3680 -0.0000 -0.9298
vn -0.9311 -0.0000 -0.3648
vn -0.4910 -0.0000 0.8712
vn 0.8727 -0.0000 0.4882
vn 0.4910 -0.0000 -0.8712
vn -0.8727 -0.0000 -0.4882
vn 0.8743 -0.0000 0.4853
vn 0.4871 -0.0000 -0.8733
vn -0.8751 -0.0000 -0.4839
vn -0.4879 -0.0000 0.8729
vn -0.9233 -0.0000 -0.3841
vn -0.3884 -0.0000 0.9215
vn 0.3878 -0.0000 -0.9217
vn -0.9232 -0.0000 -0.3843
vn -0.3868 -0.0000 0.9222
vn 0.9232 -0.0000 0.3843
vn 0.3868 -0.0000 -0.9222
vn -0.9280 -0.0000 -0.3727
vn -0.3755 -0.0000 0.9268
vn 0.9280 -0.0000 0.3727
vn 0.3757 -0.0000 -0.9268
vn 0.9291 -0.0000 0.3697
vn -0.3746 -0.0000 0.9272
vn 0.9284 -0.0000 0.3716
vn -0.9296 -0.0000 -0.3685
vn -0.3714 -0.0000 0.9285
vn 0.9240 -0.0000 0.3824
vn 0.3748 -0.0000 -0.9271
vn -0.3748 -0.0000 0.9271
vn 0.9279 -0.0000 0.3728
vn 0.9280 -0.0000 0.3726
vn -0.9280 -0.0000 -0.3726
vn 0.9216 -0.0000 0.3881
vn 0.3929 -0.0000 -0.9196
vn -0.9216 -0.0000 -0.3881
vn -0.3929 -0.0000 0.9196
vn 0.9276 -0.0000 0.3735
vn 0.3747 -0.0000 -0.9271
vn -0.9278 -0.0000 -0.3730
vn -0.9342 -0.0000 0.3568
vn -0.3761 -0.0000 0.9266
vn 0.9539 -0.0000 -0.3003
vn 0.4021 -0.0000 -0.9156
vn -0.9230 -0.0000 -0.3848
vn -0.3662 -0.0000 0.9305
vn 0.9201 -0.0000 0.3916
vn 0.3824 -0.0000 -0.9240
vn -0.9237 -0.0000 -0.3831
vn -0.3854 -0.0000 0.9227
vn 0.9239 -0.0000 0.3827
vn 0.3847 -0.0000 -0.9230
vn -0.9198 -0.0000 -0.3924
vn 0.9156 -0.0000 0.4021
vn 0.4036 -0.0000 -0.9149
vn -0.4027 -0.0000 0.9153
vn 0.3855 -0.0000 -0.9227
vn -0.3823 -0.0000 0.9240
vn 0.9260 -0.0000 0.3776
vn 0.3808 -0.0000 -0.9247
vn 0.9266 -0.0000 0.3761
vn 0.9889 -0.0000 -0.1487
vn -0.1538 -0.0000 -0.9881
vn -0.9880 -0.0000 0.1542
vn 0.1562 -0.0000 0.9877
vn -0.1557 -0.0000 -0.9878
vn 0.9896 -0.0000 -0.1440
vn -0.1426 -0.0000 -0.9898
vn -0.9902 -0.0000 0.1398
vn 0.1433 -0.0000 0.9897
vn 0.9898 -0.0000 -0.1427
vn 0.1457 -0.0000 0.9893
vn 0.9974 -0.0000 -0.0716
vn -0.0732 -0.0000 -0.9973
vn -0.9975 -0.0000 0.0708
vn 0.0685 -0.0000 0.9976
vn -0.9963 -0.0000 0.0858
vn 0.0723 -0.0000 0.9974
vn 0.9976 -0.0000 -0.0685
vn 0.0796 -0.0000 0.9968
vn 0.9902 -0.0000 -0.1397
vn -0.1404 -0.0000 -0.9901
vn -0.9902 -0.0000 0.1394
vn 0.1422 -0.0000 0.9898
vn -0.1450 -0.0000 -0.9894
vn -0.9897 -0.0000 0.1430
vn 0.1449 -0.0000 0.9895
vn 0.9915 -0.0000 -0.1304
vn 0.1733 -0.0000 0.9849
vn 0.9752 -0.0000 -0.2211
vn -0.2234 -0.0000 -0.9747
vn -0.9751 -0.0000 0.2217
vn 0.2235 -0.0000 0.9747
vn 0.9827 -0.0000 -0.1853
vn 0.2002 -0.0000 0.9798
vn 0.9301 -0.0000 -0.3673
vn -0.1774 -0.0000 -0.9841
vn -0.9844 -0.0000 0.1761
vn 0.1763 -0.0000 0.9843
vn 0.9850 -0.0000 -0.1726
vn 0.1901 -0.0000 -0.9818
vn -0.1702 -0.0000 -0.9854
vn 0.9937 -0.0000 -0.1118
vn -0.1725 -0.0000 -0.9850
vn 0.9895 -0.0000 -0.1448
vn -0.1466 -0.0000 -0.9892
vn -0.9895 -0.0000 0.1448
vn 0.1466 -0.0000 0.9892
vn 0.9916 -0.0000 -0.1296
vn -0.1309 -0.0000 -0.9914
vn -0.9914 -0.0000 0.1305
vn 0.1311 -0.0000 0.9914
vn 0.9928 -0.0000 -0.1194
vn -0.1185 -0.0000 -0.9929
vn -0.9928 -0.0000 0.1194
vn 0.1185 -0.0000 0.9929
vn 0.9855 -0.0000 -0.1698
vn -0.1697 -0.0000 -0.9855
vn -0.9858 -0.0000 0.1678
vn 0.1706 -0.0000 0.9853
vn 0.9819 -0.0000 -0.1895
vn -0.1900 -0.0000 -0.9818
vn -0.9821 -0.0000 0.1885
vn 0.1897 -0.0000 0.9818
vn 0.9852 -0.0000 -0.1714
vn -0.1741 -0.0000 -0.9847
vn -0.9851 -0.0000 0.1720
vn 0.1711 -0.0000 0.9853
vn 0.9851 -0.0000 -0.1720
vn 0.1725 -0.0000 0.9850
vn 0.9915 -0.0000 -0.1303
vn -0.9917 -0.0000 0.1289
vn 0.1307 -0.0000 0.9914
vn 0.9860 -0.0000 -0.1668
vn -0.1703 -0.0000 -0.9854
vn -0.9857 -0.0000 0.1686
vn 0.1708 -0.0000 0.9853
vn 0.9855 -0.0000 -0.1695
vn -0.1786 -0.0000 -0.9839
vn 0.9857 -0.0000 -0.1685
vn -0.1700 -0.0000 -0.9854
vn -0.9860 -0.0000 0.1667
vn -0.3131 -0.0000 0.9497
vn -0.3612 -0.0000 0.9325
vn 0.9891 -0.0000 -0.1471
vn 0.1691 -0.0000 0.9856
vn 0.9960 -0.0000 -0.0898
vn -0.0916 -0.0000 -0.9958
vn -0.9959 -0.0000 0.0900
vn 0.0894 -0.0000 0.9960
vn 0.9883 -0.0000 -0.1526
vn -0.1547 -0.0000 -0.9880
vn -0.9881 -0.0000 0.1540
vn 0.9847 -0.0000 -0.1740
vn -0.1737 -0.0000 -0.9848
vn -0.9843 -0.0000 0.1763
vn 0.1757 -0.0000 0.9844
vn -0.9846 -0.0000 0.1750
vn 0.1771 -0.0000 0.9842
vn 0.9842 -0.0000 -0.1772
vn -0.1779 -0.0000 -0.9841
vn -0.9845 -0.0000 0.1754
vn 0.1776 -0.0000 0.9841
vn 0.9993 -0.0000 -0.0382
vn -0.0380 -0.0000 -0.9993
vn -0.9993 -0.0000 0.0382
vn 0.0380 -0.0000 0.9993
vn 0.9990 -0.0000 -0.0444
vn -0.0442 -0.0000 -0.9990
vn -0.9991 -0.0000 0.0432
vn 0.0441 -0.0000 0.9990
vn 0.9976 -0.0000 -0.0698
vn -0.0689 -0.0000 -0.9976
vn -0.9976 -0.0000 0.0687
vn 0.0706 -0.0000 0.9975
vn 0.9968 -0.0000 -0.0801
vn -0.0824 -0.0000 -0.9966
vn -0.9968 -0.0000 0.0801
vn 0.0824 -0.0000 0.9966
vn 0.9919 -0.0000 -0.1266
vn -0.1267 -0.0000 -0.9919
vn -0.9920 -0.0000 0.1260
vn 0.1264 -0.0000 0.9920
vn 0.9893 -0.0000 -0.1459
vn -0.9893 -0.0000 0.1459
vn 0.1482 -0.0000 0.9890
vn 0.9900 -0.0000 -0.1411
vn -0.9900 -0.0000 0.1413
vn 0.1407 -0.0000 0.9900
vn 0.9879 -0.0000 -0.1552
vn -0.1615 -0.0000 -0.9869
vn -0.9865 -0.0000 0.1638
vn -0.1619 -0.0000 -0.9868
vn -0.9876 -0.0000 0.1567
vn 0.1620 -0.0000 0.9868
vn 0.9775 -0.0000 -0.2110
vn -0.2115 -0.0000 -0.9774
vn -0.9776 -0.0000 0.2106
vn 0.2129 -0.0000 0.9771
vn 0.9831 -0.0000 -0.1828
vn -0.1846 -0.0000 -0.9828
vn -0.9830 -0.0000 0.1837
vn 0.1850 -0.0000 0.9827
vn 0.9828 -0.0000 -0.1845
vn -0.1850 -0.0000 -0.9827
vn 0.1846 -0.0000 0.9828
vn 0.9830 -0.0000 -0.1837
vn -0.9831 -0.0000 0.1828
vn 0.9829 -0.0000 -0.1839
vn -0.9829 -0.0000 0.1839
vn 0.9775 -0.0000 -0.2109
vn -0.2150 -0.0000 -0.9766
vn -0.9775 -0.0000 0.2111
vn 0.2121 -0.0000 0.9773
vn 0.9773 -0.0000 -0.2120
vn -0.2126 -0.0000 -0.9771
vn -0.9776 -0.0000 0.2103
vn 0.2145 -0.0000 0.9767
vn 0.9773 -0.0000 -0.2118
vn -0.2145 -0.0000 -0.9767
vn -0.9773 -0.0000 0.2120
vn 0.2115 -0.0000 0.9774
vn 0.9785 -0.0000 -0.2061
vn -0.2069 -0.0000 -0.9784
vn -0.9783 -0.0000 0.2071
vn 0.2098 -0.0000 0.9777
vn 0.9846 -0.0000 -0.1750
vn -0.1749 -0.0000 -0.9846
vn -0.9849 -0.0000 0.1733
vn 0.1746 -0.0000 0.9846
vn 0.9824 -0.0000 -0.1870
vn -0.1887 -0.0000 -0.9820
vn -0.9841 -0.0000 0.1775
vn -0.1862 -0.0000 -0.9825
vn 0.1899 -0.0000 0.9818
vn 0.9815 -0.0000 -0.1916
vn -0.1949 -0.0000 -0.9808
vn -0.9814 -0.0000 0.1919
vn 0.1927 -0.0000 0.9813
vn 0.9835 -0.0000 -0.1809
vn -0.1827 -0.0000 -0.9832
vn -0.9836 -0.0000 0.1805
vn 0.9881 -0.0000 -0.1538
vn -0.1561 -0.0000 -0.9877
vn -0.9879 -0.0000 0.1548
vn 0.1553 -0.0000 0.9879
vn 0.9875 -0.0000 -0.1576
vn -0.1586 -0.0000 -0.9873
vn -0.9876 -0.0000 0.1569
vn 0.1573 -0.0000 0.9875
vn 0.9994 -0.0000 -0.0339
vn -0.0329 -0.0000 -0.9995
vn -0.9995 -0.0000 0.0313
vn 0.0330 -0.0000 0.9995
vn -0.9994 -0.0000 0.0343
vn 0.0339 -0.0000 0.9994
vn 0.9956 -0.0000 -0.0942
vn -0.0951 -0.0000 -0.9955
vn -0.9953 -0.0000 0.0969
vn 0.0955 -0.0000 0.9954
vn 0.9947 -0.0000 -0.1028
vn -0.1026 -0.0000 -0.9947
vn -0.9949 -0.0000 0.1010
vn 0.1043 -0.0000 0.9945
vn -0.0425 -0.0000 -0.9991
vn -0.9991 -0.0000 0.0413
vn 0.0404 -0.0000 0.9992
vn 0.9995 -0.0000 -0.0316
vn -0.0356 -0.0000 -0.9994
vn -0.0385 -0.0000 -0.9993
vn -0.9994 -0.0000 0.0356
vn 0.0373 -0.0000 0.9993
vn -0.9991 -0.0000 0.0420
vn 0.0359 -0.0000 0.9994
vn 0.0357 -0.0000 0.9994
vn -0.0355 -0.0000 -0.9994
vn 0.9970 -0.0000 -0.0778
vn -0.0902 -0.0000 -0.9959
vn -0.9963 -0.0000 0.0863
vn 0.0873 -0.0000 0.9962
vn -0.0883 -0.0000 -0.9961
vn 0.9969 -0.0000 -0.0790
vn -0.0758 -0.0000 -0.9971
vn -0.9972 -0.0000 0.0752
vn 0.0749 -0.0000 0.9972
vn 0.9974 -0.0000 -0.0723
vn -0.0812 -0.0000 -0.9967
vn 0.9971 -0.0000 -0.0763
vn -0.0780 -0.0000 -0.9970
vn -0.9971 -0.0000 0.0765
vn 0.0776 -0.0000 0.9970
vn -0.9993 -0.0000 0.0386
vn 0.0395 -0.0000 0.9992
vn 0.8464 -0.0000 0.5326
vn 0.9970 -0.0000 -0.0780
vn 0.9892 -0.0000 -0.1469
vn -0.9892 -0.0000 0.1468
vn 0.1495 -0.0000 0.9888
vn -0.1479 -0.0000 -0.9890
vn 0.9498 -0.0000 0.3127
vn 0.9845 -0.0000 -0.1754
vn -0.1789 -0.0000 -0.9839
vn -0.9849 -0.0000 0.1730
vn -0.3175 -0.0000 0.9483
vn -0.3061 -0.0000 0.9520
vn 0.9561 -0.0000 0.2929
vn -0.3073 -0.0000 0.9516
vn 0.9520 -0.0000 0.3061
vn 0.3089 -0.0000 -0.9511
vn -0.9511 -0.0000 -0.3089
vn -0.8065 -0.0000 0.5912
vn -0.9337 -0.0000 -0.3582
vn -0.9170 -0.0000 -0.3990
vn 0.3609 -0.0000 -0.9326
vn -0.9337 -0.0000 -0.3579
vn -0.3592 -0.0000 0.9332
vn -0.9361 -0.0000 -0.3517
vn -0.3608 -0.0000 0.9326
vn 0.9331 -0.0000 0.3596
vn -0.3647 -0.0000 0.9311
vn 0.9336 -0.0000 0.3583
vn 0.3647 -0.0000 -0.9311
vn 0.3608 -0.0000 -0.9326
vn 0.9795 -0.0000 -0.2015
vn -0.2029 -0.0000 -0.9792
vn -0.9795 -0.0000 0.2015
vn 0.2029 -0.0000 0.9792
vn 0.9804 -0.0000 -0.1970
vn -0.1988 -0.0000 -0.9800
vn -0.9800 -0.0000 0.1989
vn -0.1984 -0.0000 -0.9801
vn -0.9803 -0.0000 0.1978
vn 0.1990 -0.0000 0.9800
vn 0.9898 -0.0000 -0.1423
vn -0.1443 -0.0000 -0.9895
vn -0.9898 -0.0000 0.1428
vn -0.1438 -0.0000 -0.9896
vn -0.9899 -0.0000 0.1419
vn 0.1442 -0.0000 0.9896
vn 0.9978 -0.0000 -0.0656
vn -0.0684 -0.0000 -0.9977
vn -0.9975 -0.0000 0.0704
vn 0.0669 -0.0000 0.9978
vn 0.9715 -0.0000 -0.2371
vn -0.2449 -0.0000 -0.9695
vn -0.9714 -0.0000 0.2374
vn 0.2438 -0.0000 0.9698
vn 0.5718 -0.0000 -0.8204
vn -0.0524 -0.0000 -0.9986
vn -0.9987 -0.0000 0.0507
vn 0.9987 -0.0000 -0.0515
vn -0.0570 -0.0000 -0.9984
vn 0.9985 -0.0000 -0.0552
vn -0.0535 -0.0000 -0.9986
vn -0.9986 -0.0000 0.0534
vn 0.0564 -0.0000 0.9984
vn -0.9984 -0.0000 0.0558
vn -0.0567 -0.0000 -0.9984
vn -0.9984 -0.0000 0.0559
vn 0.0622 -0.0000 0.9981
vn -0.9986 -0.0000 0.0535
vn -0.0552 -0.0000 -0.9985
vn -0.9985 -0.0000 0.0554
vn 0.0553 -0.0000 0.9985
vn 0.9986 -0.0000 -0.0531
vn -0.0572 -0.0000 -0.9984
vn 0.9987 -0.0000 -0.0519
vn 0.0570 -0.0000 0.9984
vn 0.9985 -0.0000 -0.0543
vn -0.0526 -0.0000 -0.9986
vn -0.9983 -0.0000 0.0579
vn -0.0529 -0.0000 -0.9986
vn 0.9980 -0.0000 -0.0630
vn -0.0547 -0.0000 -0.9985
vn 0.9988 -0.0000 -0.0481
vn -0.0479 -0.0000 -0.9989
vn -0.9989 -0.0000 0.0465
vn 0.0457 -0.0000 0.9990
vn 0.9989 -0.0000 -0.0463
vn -0.0472 -0.0000 -0.9989
vn 0.0474 -0.0000 0.9989
vn 0.9989 -0.0000 -0.0472
vn 0.0471 -0.0000 0.9989
vn 0.9993 -0.0000 -0.0376
vn -0.0371 -0.0000 -0.9993
vn 0.0368 -0.0000 0.9993
vn 0.9993 -0.0000 -0.0372
vn -0.0363 -0.0000 -0.9993
vn 0.9994 -0.0000 -0.0336
vn -0.0340 -0.0000 -0.9994
vn -0.9994 -0.0000 0.0336
vn 0.0340 -0.0000 0.9994
vn 0.9284 -0.0000 0.3717
vn 0.3756 -0.0000 -0.9268
vn -0.9281 -0.0000 -0.3724
vn 0.9304 -0.0000 0.3665
vn -0.3702 -0.0000 0.9289
vn 0.9286 -0.0000 0.3710
vn -0.7975 -0.0000 0.6033
vn -0.5916 -0.0000 -0.8062
vn -0.3971 -0.0000 0.9178
vn 0.6107 -0.0000 0.7918
vn 0.9853 -0.0000 -0.1708
vn 0.5944 -0.0000 0.8042
vn 0.7975 -0.0000 -0.6033
vn 0.6058 -0.0000 0.7956
vn 0.7990 -0.0000 -0.6013
vn 0.6075 -0.0000 0.7943
vn -0.6075 -0.0000 -0.7943
vn 0.7994 -0.0000 -0.6009
vn -0.6059 -0.0000 -0.7956
vn -0.7934 -0.0000 0.6088
vn -0.4306 -0.0000 0.9025
vn 0.9260 -0.0000 0.3775
vn -0.6218 -0.0000 -0.7832
vn 0.7749 -0.0000 -0.6321
vn -0.6368 -0.0000 -0.7711
vn -0.3822 -0.0000 0.9241
vn 0.5458 -0.0000 0.8379
vn 0.7841 -0.0000 -0.6206
vn -0.6325 -0.0000 -0.7746
vn 0.7739 -0.0000 -0.6334
vn -0.6402 -0.0000 -0.7682
vn 0.7729 -0.0000 -0.6346
vn -0.6382 -0.0000 -0.7699
vn -0.7727 -0.0000 0.6348
vn -0.7739 -0.0000 0.6333
vn 0.6375 -0.0000 0.7704
vn 0.7760 -0.0000 -0.6307
vn -0.6340 -0.0000 -0.7733
vn -0.8099 -0.0000 0.5865
vn -0.3724 -0.0000 0.9281
vn 0.6507 -0.0000 0.7593
vn -0.7764 -0.0000 0.6303
vn 0.6346 -0.0000 0.7728
vn 0.7736 -0.0000 -0.6336
vn 0.7862 -0.0000 -0.6179
vn -0.6378 -0.0000 -0.7702
vn -0.3928 -0.0000 0.9196
vn 0.5769 -0.0000 0.8168
vn 0.7888 -0.0000 -0.6146
vn -0.6185 -0.0000 -0.7858
vn -0.7888 -0.0000 0.6146
vn 0.6185 -0.0000 0.7858
vn 0.7777 -0.0000 -0.6286
vn -0.6328 -0.0000 -0.7743
vn -0.7771 -0.0000 0.6294
vn 0.6331 -0.0000 0.7741
vn 0.7630 -0.0000 -0.6464
vn -0.6490 -0.0000 -0.7608
vn -0.7635 -0.0000 0.6458
vn 0.6496 -0.0000 0.7603
vn -0.7629 -0.0000 0.6465
vn 0.6483 -0.0000 0.7614
vn 0.7701 -0.0000 -0.6379
vn -0.6379 -0.0000 -0.7701
vn -0.7730 -0.0000 0.6344
vn 0.6379 -0.0000 0.7701
vn 0.8175 -0.0000 -0.5760
vn 0.6222 -0.0000 0.7829
vn 0.6691 -0.0000 0.7432
vn 0.7601 -0.0000 -0.6498
vn -0.6534 -0.0000 -0.7571
vn -0.7608 -0.0000 0.6490
vn -0.3538 -0.0000 0.9353
vn 0.6562 -0.0000 0.7546
vn -0.9957 -0.0000 -0.0924
vn -0.7661 -0.0000 0.6427
vn 0.6526 -0.0000 0.7577
vn 0.7726 -0.0000 -0.6349
vn -0.6383 -0.0000 -0.7698
vn 0.6375 -0.0000 0.7705
vn -0.6263 -0.0000 -0.7796
vn -0.7846 -0.0000 0.6200
vn 0.6621 -0.0000 0.7494
vn 0.7772 -0.0000 -0.6293
vn -0.6330 -0.0000 -0.7742
vn -0.7772 -0.0000 0.6293
vn 0.2943 -0.0000 -0.9557
vn -0.6299 -0.0000 -0.7766
vn 0.6454 -0.0000 0.7638
vn 0.7788 -0.0000 -0.6273
vn 0.7413 -0.0000 -0.6712
vn -0.6756 -0.0000 -0.7373
vn -0.7398 -0.0000 0.6728
vn 0.6767 -0.0000 0.7363
vn 0.7635 -0.0000 -0.6458
vn -0.5655 -0.0000 -0.8248
vn -0.9528 -0.0000 -0.3035
vn -0.7639 -0.0000 0.6453
vn 0.6480 -0.0000 0.7616
vn 0.7639 -0.0000 -0.6453
vn -0.6472 -0.0000 -0.7623
vn -0.7647 -0.0000 0.6443
vn 0.6478 -0.0000 0.7618
vn 0.7576 -0.0000 -0.6528
vn -0.6566 -0.0000 -0.7542
vn -0.7571 -0.0000 0.6533
vn 0.6557 -0.0000 0.7550
vn -0.7836 -0.0000 0.6212
vn 0.8875 -0.0000 0.4608
vn 0.4649 -0.0000 -0.8854
vn -0.8878 -0.0000 -0.4602
vn 0.8281 -0.0000 -0.5606
vn -0.5608 -0.0000 -0.8279
vn -0.5625 -0.0000 -0.8268
vn -0.8292 -0.0000 0.5589
vn 0.5621 -0.0000 0.8271
vn 0.8307 -0.0000 -0.5567
vn 0.8248 -0.0000 -0.5654
vn -0.5680 -0.0000 -0.8230
vn -0.8248 -0.0000 0.5654
vn 0.5680 -0.0000 0.8230
vn 0.6721 -0.0000 -0.7405
vn -0.6081 -0.0000 -0.7939
vn -0.7923 -0.0000 0.6102
vn -0.6041 -0.0000 -0.7969
vn -0.7961 -0.0000 0.6051
vn 0.6076 -0.0000 0.7943
vn 0.7938 -0.0000 -0.6082
vn 0.4926 -0.0000 0.8703
vn 0.7968 -0.0000 -0.6043
vn -0.4995 -0.0000 -0.8663
vn 0.7836 -0.0000 -0.6212
vn -0.6411 -0.0000 -0.7675
vn 0.6448 -0.0000 0.7643
vn 0.1946 -0.0000 -0.9809
vn -0.6097 -0.0000 -0.7926
vn -0.7944 -0.0000 0.6074
vn 0.6099 -0.0000 0.7925
vn 0.8330 -0.0000 -0.5533
vn 0.7589 -0.0000 -0.6512
vn -0.6556 -0.0000 -0.7551
vn -0.7584 -0.0000 0.6518
vn 0.6560 -0.0000 0.7548
vn 0.8295 -0.0000 -0.5586
vn -0.5585 -0.0000 -0.8295
vn -0.5614 -0.0000 -0.8275
vn -0.8307 -0.0000 0.5567
vn 0.5587 -0.0000 0.8294
vn 0.8308 -0.0000 -0.5566
vn 0.7947 -0.0000 -0.6071
vn -0.6111 -0.0000 -0.7915
vn -0.7942 -0.0000 0.6076
vn 0.6110 -0.0000 0.7916
vn -0.7948 -0.0000 0.6069
vn 0.6077 -0.0000 0.7942
vn 0.7900 -0.0000 -0.6131
vn -0.6160 -0.0000 -0.7877
vn -0.7900 -0.0000 0.6132
vn 0.7943 -0.0000 -0.6076
vn -0.6108 -0.0000 -0.7918
vn -0.7947 -0.0000 0.6071
vn 0.7944 -0.0000 -0.6074
vn -0.6106 -0.0000 -0.7919
vn -0.7936 -0.0000 0.6084
vn 0.6100 -0.0000 0.7924
vn 0.8472 -0.0000 -0.5312
vn -0.5362 -0.0000 -0.8441
vn -0.8461 -0.0000 0.5330
vn 0.5367 -0.0000 0.8438
vn 0.8436 -0.0000 -0.5369
vn 0.5352 -0.0000 0.8447
vn 0.8270 -0.0000 -0.5621
vn -0.5654 -0.0000 -0.8248
vn -0.8271 -0.0000 0.5620
vn 0.5642 -0.0000 0.8257
vn 0.7723 -0.0000 -0.6353
vn -0.6381 -0.0000 -0.7700
vn -0.7730 -0.0000 0.6345
vn 0.6396 -0.0000 0.7687
vn 0.7784 -0.0000 -0.6278
vn -0.6297 -0.0000 -0.7768
vn -0.7784 -0.0000 0.6278
vn 0.6297 -0.0000 0.7768
vn 0.7610 -0.0000 -0.6488
vn -0.6527 -0.0000 -0.7576
vn -0.7610 -0.0000 0.6488
vn 0.6505 -0.0000 0.7595
vn 0.7846 -0.0000 -0.6200
vn -0.6219 -0.0000 -0.7831
vn -0.7840 -0.0000 0.6208
vn 0.6229 -0.0000 0.7823
vn -0.6125 -0.0000 -0.7905
vn -0.7928 -0.0000 0.6094
vn 0.6121 -0.0000 0.7908
vn 0.7385 -0.0000 -0.6743
vn -0.6772 -0.0000 -0.7358
vn -0.7410 -0.0000 0.6715
vn -0.6786 -0.0000 -0.7345
vn -0.7382 -0.0000 0.6746
vn 0.6778 -0.0000 0.7352
vn 0.7617 -0.0000 -0.6480
vn -0.7599 -0.0000 0.6500
vn -0.6483 -0.0000 -0.7614
vn -0.7643 -0.0000 0.6448
vn -0.6537 -0.0000 -0.7568
vn -0.7664 -0.0000 0.6424
vn -0.6491 -0.0000 -0.7607
vn -0.7614 -0.0000 0.6483
vn 0.6509 -0.0000 0.7591
vn 0.7685 -0.0000 -0.6399
vn 0.6500 -0.0000 0.7600
vn 0.7627 -0.0000 -0.6468
vn 0.7574 -0.0000 -0.6529
vn -0.6553 -0.0000 -0.7554
vn -0.7574 -0.0000 0.6529
vn 0.6566 -0.0000 0.7542
vn 0.7539 -0.0000 -0.6569
vn -0.6601 -0.0000 -0.7511
vn -0.7424 -0.0000 0.6700
vn -0.3834 -0.0000 0.9236
vn 0.1152 -0.0000 0.9933
vn 0.6604 -0.0000 0.7510
vn -0.7336 -0.0000 -0.6796
vn -0.3808 -0.0000 0.9247
vn 0.7764 -0.0000 0.6303
vn -0.3410 -0.0000 0.9401
vn 0.7747 -0.0000 0.6324
vn 0.7597 -0.0000 -0.6503
vn 0.7564 -0.0000 0.6542
vn -0.7883 -0.0000 0.6153
vn 0.6334 -0.0000 0.7738
vn 0.7764 -0.0000 -0.6302
vn 0.6458 -0.0000 0.7635
vn 0.7200 -0.0000 -0.6939
vn -0.6977 -0.0000 -0.7164
vn -0.7193 -0.0000 0.6947
vn 0.6976 -0.0000 0.7165
vn 0.8131 -0.0000 -0.5821
vn -0.5865 -0.0000 -0.8100
vn -0.8137 -0.0000 0.5813
vn -0.8128 -0.0000 0.5825
vn 0.5861 -0.0000 0.8102
vn 0.5850 -0.0000 0.8110
vn 0.7918 -0.0000 -0.6108
vn -0.6174 -0.0000 -0.7867
vn -0.7921 -0.0000 0.6104
vn -0.6164 -0.0000 -0.7874
vn -0.6142 -0.0000 -0.7892
vn -0.7914 -0.0000 0.6113
vn 0.6113 -0.0000 0.7914
vn -0.7919 -0.0000 0.6107
vn 0.6128 -0.0000 0.7903
vn 0.7915 -0.0000 -0.6112
vn 0.7864 -0.0000 -0.6178
vn -0.5195 -0.0000 -0.8545
vn -0.8564 -0.0000 0.5163
vn -0.4950 -0.0000 -0.8689
vn -0.8694 -0.0000 0.4942
vn 0.5479 -0.0000 0.8366
vn -0.8378 -0.0000 0.5460
vn 0.5471 -0.0000 0.8371
vn 0.6956 -0.0000 0.7184
vn 0.8821 -0.0000 -0.4711
vn 0.4747 -0.0000 0.8801
vn 0.8786 -0.0000 -0.4776
vn 0.4755 -0.0000 0.8797
vn 0.8789 -0.0000 -0.4770
vn 0.4008 -0.0000 0.9162
vn 0.8613 -0.0000 -0.5081
vn 0.3069 -0.0000 -0.9517
vn -0.4846 -0.0000 -0.8747
vn 0.2749 -0.0000 -0.9615
vn -0.9538 -0.0000 -0.3003
vn -0.3055 -0.0000 0.9522
vn 0.9533 -0.0000 0.3020
vn 0.8697 -0.0000 -0.4937
vn 0.8579 -0.0000 -0.5138
vn -0.5169 -0.0000 -0.8561
vn 0.8585 -0.0000 -0.5128
vn -0.5160 -0.0000 -0.8566
vn 0.5199 -0.0000 0.8542
vn -0.8597 -0.0000 0.5107
vn 0.5167 -0.0000 0.8562
vn -0.8577 -0.0000 0.5142
vn 0.5172 -0.0000 0.8559
vn 0.9280 -0.0000 -0.3726
vn -0.3762 -0.0000 -0.9266
vn -0.9288 -0.0000 0.3706
vn 0.3730 -0.0000 0.9278
vn -0.9276 -0.0000 0.3736
vn 0.3757 -0.0000 0.9268
vn -0.9283 -0.0000 0.3719
vn 0.3736 -0.0000 0.9276
vn 0.3752 -0.0000 0.9270
vn 0.3877 -0.0000 -0.9218
vn -0.9231 -0.0000 -0.3846
vn -0.8051 -0.0000 -0.5931
vn -0.7792 -0.0000 -0.6267
vn -0.6746 -0.0000 0.7382
vn 0.7004 -0.0000 0.7138
vn -0.7211 -0.0000 0.6929
vn 0.6963 -0.0000 0.7177
vn 0.9393 -0.0000 0.3431
vn -0.3463 -0.0000 0.9381
vn 0.9401 -0.0000 0.3410
vn 0.9394 -0.0000 0.3427
vn 0.7077 -0.0000 -0.7066
vn 0.6073 -0.0000 -0.7944
vn -0.7983 -0.0000 -0.6023
vn -0.6058 -0.0000 0.7956
vn 0.7976 -0.0000 0.6032
vn 0.6092 -0.0000 -0.7930
vn -0.7984 -0.0000 -0.6021
vn -0.6092 -0.0000 0.7930
vn 0.7984 -0.0000 0.6021
vn 0.8413 -0.0000 -0.5406
vn -0.5456 -0.0000 -0.8380
vn -0.8413 -0.0000 0.5406
vn 0.5456 -0.0000 0.8380
vn 0.7070 -0.0000 -0.7073
vn -0.4649 -0.0000 -0.8854
vn 0.8275 -0.0000 -0.5615
vn -0.5347 -0.0000 -0.8451
vn -0.8453 -0.0000 0.5343
vn 0.5361 -0.0000 0.8442
vn -0.7079 -0.0000 0.7063
vn 0.7085 -0.0000 0.7057
vn 0.7850 -0.0000 -0.6195
vn -0.6211 -0.0000 -0.7837
vn -0.7867 -0.0000 0.6173
vn 0.6223 -0.0000 0.7827
vn 0.8130 -0.0000 -0.5823
vn -0.5889 -0.0000 -0.8082
vn -0.8124 -0.0000 0.5831
vn -0.5944 -0.0000 -0.8042
vn -0.8102 -0.0000 0.5861
vn 0.5887 -0.0000 0.8083
vn 0.8110 -0.0000 -0.5850
vn -0.5642 -0.0000 -0.8257
vn 0.8147 -0.0000 -0.5799
vn -0.5911 -0.0000 -0.8066
vn 0.9049 -0.0000 -0.4256
vn -0.9043 -0.0000 0.4270
vn 0.4282 -0.0000 0.9037
vn 0.9105 -0.0000 -0.4135
vn -0.4180 -0.0000 -0.9084
vn -0.9104 -0.0000 0.4138
vn 0.4144 -0.0000 0.9101
vn 0.9101 -0.0000 -0.4143
vn -0.4183 -0.0000 -0.9083
vn -0.9101 -0.0000 0.4143
vn 0.4183 -0.0000 0.9083
vn 0.9010 -0.0000 -0.4338
vn -0.4366 -0.0000 -0.8997
vn -0.9016 -0.0000 0.4326
vn -0.2604 -0.0000 0.9655
vn 0.4359 -0.0000 0.9000
vn 0.9013 -0.0000 -0.4332
vn -0.4363 -0.0000 -0.8998
vn -0.9017 -0.0000 0.4324
vn 0.4347 -0.0000 0.9006
vn 0.8997 -0.0000 -0.4365
vn 0.4389 -0.0000 0.8985
vn 0.1655 -0.0000 -0.9862
vn -0.3989 -0.0000 -0.9170
vn -0.8743 -0.0000 -0.4854
vn -0.9183 -0.0000 0.3958
vn -0.3959 -0.0000 -0.9183
vn 0.9185 -0.0000 -0.3955
vn -0.3987 -0.0000 -0.9171
vn -0.9888 -0.0000 -0.1492
vn -0.9182 -0.0000 0.3961
vn -0.1062 -0.0000 0.9943
vn 0.3986 -0.0000 0.9171
vn 0.9184 -0.0000 -0.3958
vn 0.4068 -0.0000 0.9135
vn 0.9216 -0.0000 -0.3882
vn 0.3967 -0.0000 0.9180
vn 0.9188 -0.0000 -0.3947
vn 0.3973 -0.0000 0.9177
vn -0.9178 -0.0000 0.3971
vn 0.9185 -0.0000 -0.3954
vn 0.9127 -0.0000 -0.4086
vn -0.4117 -0.0000 -0.9113
vn -0.9135 -0.0000 0.4069
vn 0.4111 -0.0000 0.9116
vn -0.9127 -0.0000 0.4087
vn 0.4114 -0.0000 0.9114
vn -0.9121 -0.0000 0.4100
vn 0.9128 -0.0000 -0.4085
vn -0.4054 -0.0000 -0.9141
vn 0.9122 -0.0000 -0.4097
vn -0.4128 -0.0000 -0.9108
vn -0.9124 -0.0000 0.4094
vn 0.4109 -0.0000 0.9117
vn -0.4574 -0.0000 -0.8893
vn -0.8909 -0.0000 0.4542
vn 0.4574 -0.0000 0.8892
vn 0.4420 -0.0000 0.8970
vn -0.9021 -0.0000 0.4314
vn 0.4362 -0.0000 0.8998
vn 0.9020 -0.0000 -0.4318
vn -0.4358 -0.0000 -0.9000
vn -0.4115 -0.0000 -0.9114
vn -0.9154 -0.0000 0.4025
vn 0.4031 -0.0000 0.9152
vn 0.9149 -0.0000 -0.4037
vn 0.8971 -0.0000 -0.4419
vn -0.4485 -0.0000 -0.8938
vn -0.8965 -0.0000 0.4430
vn -0.4468 -0.0000 -0.8946
vn -0.8953 -0.0000 0.4454
vn 0.4498 -0.0000 0.8931
vn 0.8956 -0.0000 -0.4448
vn 0.4478 -0.0000 0.8941
vn 0.8948 -0.0000 -0.4464
vn -0.4466 -0.0000 -0.8947
vn 0.9075 -0.0000 -0.4201
vn -0.4215 -0.0000 -0.9068
vn 0.4256 -0.0000 0.9049
vn -0.9080 -0.0000 0.4189
vn -0.4248 -0.0000 -0.9053
vn -0.9081 -0.0000 0.4188
vn 0.4232 -0.0000 0.9060
vn -0.4219 -0.0000 -0.9066
vn 0.9098 -0.0000 -0.4151
vn -0.4185 -0.0000 -0.9082
vn -0.9098 -0.0000 0.4151
vn 0.4185 -0.0000 0.9082
vn -0.4099 -0.0000 -0.9122
vn -0.9138 -0.0000 0.4062
vn 0.4092 -0.0000 0.9125
vn 0.9792 -0.0000 -0.2028
vn -0.2022 -0.0000 -0.9793
vn -0.9799 -0.0000 0.1996
vn 0.2034 -0.0000 0.9791
vn 0.9793 -0.0000 -0.2025
vn -0.2063 -0.0000 -0.9785
vn 0.9820 -0.0000 -0.1887
vn -0.1898 -0.0000 -0.9818
vn -0.9820 -0.0000 0.1887
vn 0.1898 -0.0000 0.9818
vn 0.9872 -0.0000 -0.1592
vn -0.1603 -0.0000 -0.9871
vn -0.9872 -0.0000 0.1592
vn 0.1603 -0.0000 0.9871
vn 0.9925 -0.0000 -0.1222
vn -0.1243 -0.0000 -0.9922
vn -0.9927 -0.0000 0.1205
vn -0.1223 -0.0000 -0.9925
vn -0.9924 -0.0000 0.1227
vn 0.1223 -0.0000 0.9925
vn 0.9919 -0.0000 -0.1271
vn 0.1301 -0.0000 0.9915
vn 0.1230 -0.0000 0.9924
vn 0.9904 -0.0000 -0.1380
vn -0.1396 -0.0000 -0.9902
vn -0.9905 -0.0000 0.1373
vn 0.1388 -0.0000 0.9903
vn 0.9897 -0.0000 -0.1428
vn -0.1434 -0.0000 -0.9897
vn 0.1398 -0.0000 0.9902
vn -0.9898 -0.0000 0.1423
vn 0.1404 -0.0000 0.9901
vn 0.9889 -0.0000 -0.1486
vn -0.1500 -0.0000 -0.9887
vn -0.9889 -0.0000 0.1486
vn 0.1500 -0.0000 0.9887
vn 0.9903 -0.0000 -0.1390
vn -0.1411 -0.0000 -0.9900
vn -0.9903 -0.0000 0.1390
vn 0.1411 -0.0000 0.9900
vn 0.9915 -0.0000 -0.1302
vn -0.1323 -0.0000 -0.9912
vn -0.9916 -0.0000 0.1296
vn 1.0000 -0.0000 -0.0048
vn -0.0062 -0.0000 -1.0000
vn -1.0000 -0.0000 0.0063
vn 0.0059 -0.0000 1.0000
vn 1.0000 -0.0000 -0.0090
vn 0.0063 -0.0000 1.0000
vn 0.9916 -0.0000 -0.1292
vn -0.1354 -0.0000 -0.9908
vn -0.9911 -0.0000 0.1330
vn 0.1321 -0.0000 0.9912
vn 0.9915 -0.0000 -0.1301
vn 0.1335 -0.0000 0.9910
vn 0.9912 -0.0000 -0.1324
vn -0.1313 -0.0000 -0.9913
vn 0.9953 -0.0000 -0.0966
vn -0.1016 -0.0000 -0.9948
vn -0.9952 -0.0000 0.0976
vn 0.0910 -0.0000 0.9959
vn 0.9955 -0.0000 -0.0948
vn 0.0966 -0.0000 0.9953
vn 0.9999 -0.0000 -0.0135
vn -0.0100 -0.0000 -1.0000
vn -1.0000 -0.0000 0.0099
vn 0.0105 -0.0000 0.9999
vn 1.0000 -0.0000 -0.0084
vn 0.0089 -0.0000 1.0000
vn 1.0000 -0.0000 -0.0098
vn -0.0092 -0.0000 -1.0000
vn 0.9999 -0.0000 -0.0115
vn -0.0120 -0.0000 -0.9999
vn -0.9999 -0.0000 0.0113
vn -0.0088 -0.0000 -1.0000
vn 0.0100 -0.0000 0.9999
vn 1.0000 -0.0000 -0.0065
vn -0.0093 -0.0000 -1.0000
vn 0.1063 -0.0000 -0.9943
vn -0.9944 -0.0000 -0.1054
vn -0.1083 -0.0000 0.9941
vn 0.9943 -0.0000 0.1062
vn 0.9982 -0.0000 -0.0602
vn -0.0743 -0.0000 -0.9972
vn -0.2392 -0.0000 -0.9710
vn -0.6762 -0.0000 -0.7367
vn -0.9933 -0.0000 -0.1152
vn -0.9681 -0.0000 0.2506
vn -0.7276 -0.0000 0.6860
vn -0.4669 -0.0000 0.8843
vn -0.9982 -0.0000 0.0603
vn -0.0595 -0.0000 -0.9982
vn -0.9982 -0.0000 0.0593
vn 0.0604 -0.0000 0.9982
vn 0.9997 -0.0000 -0.0233
vn -0.0221 -0.0000 -0.9998
vn -0.9997 -0.0000 0.0229
vn 0.0147 -0.0000 0.9999
vn -0.9999 -0.0000 0.0162
vn 0.0153 -0.0000 0.9999
vn -0.6184 -0.0000 0.7858
vn -0.9998 -0.0000 0.0211
vn 0.0232 -0.0000 0.9997
vn 0.9989 -0.0000 -0.0464
vn -0.0469 -0.0000 -0.9989
vn -0.9994 -0.0000 0.0338
vn -0.0373 -0.0000 -0.9993
vn -0.9990 -0.0000 0.0453
vn 0.0481 -0.0000 0.9988
vn 0.9957 -0.0000 -0.0925
vn -0.0925 -0.0000 -0.9957
vn -0.9958 -0.0000 0.0915
vn 0.0943 -0.0000 0.9955
vn -0.9960 -0.0000 0.0891
vn 0.0930 -0.0000 0.9957
vn -0.9959 -0.0000 0.0908
vn 0.0902 -0.0000 0.9959
vn 0.9957 -0.0000 -0.0931
vn 0.2361 -0.0000 -0.9717
vn -0.9715 -0.0000 -0.2371
vn -0.2357 -0.0000 0.9718
vn 0.9725 -0.0000 0.2327
vn 0.5892 -0.0000 -0.8080
vn -0.8106 -0.0000 -0.5856
vn -0.5892 -0.0000 0.8080
vn 0.8106 -0.0000 0.5856
vn 0.8041 -0.0000 -0.5945
vn -0.5978 -0.0000 -0.8016
vn -0.8034 -0.0000 0.5954
vn 0.5980 -0.0000 0.8015
vn -0.8061 -0.0000 0.5918
vn 0.5977 -0.0000 0.8017
vn 0.9997 -0.0000 -0.0263
vn -0.0292 -0.0000 -0.9996
vn -0.9996 -0.0000 0.0286
vn 0.0292 -0.0000 0.9996
vn 0.9992 -0.0000 -0.0398
vn -0.0378 -0.0000 -0.9993
vn -0.9993 -0.0000 0.0372
vn 0.0388 -0.0000 0.9992
vn -0.0325 -0.0000 -0.9995
vn 0.0329 -0.0000 0.9995
vn -0.9992 -0.0000 0.0391
vn 0.0366 -0.0000 0.9993
vn -0.9997 -0.0000 0.0235
vn 0.9994 -0.0000 -0.0333
vn -0.0322 -0.0000 -0.9995
vn 0.9996 -0.0000 -0.0268
vn -0.0274 -0.0000 -0.9996
vn -0.9996 -0.0000 0.0268
vn 0.0262 -0.0000 0.9997
vn 0.9923 -0.0000 -0.1235
vn -0.1251 -0.0000 -0.9921
vn -0.9922 -0.0000 0.1244
vn -0.9923 -0.0000 0.1236
vn 0.1259 -0.0000 0.9920
vn 0.9922 -0.0000 -0.1245
vn 0.9634 -0.0000 -0.2682
vn -0.2671 -0.0000 -0.9637
vn -0.9595 -0.0000 0.2816
vn -0.2688 -0.0000 -0.9632
vn -0.9636 -0.0000 0.2675
vn 0.2686 -0.0000 0.9632
vn 0.9650 -0.0000 -0.2622
vn -0.2643 -0.0000 -0.9644
vn -0.9653 -0.0000 0.2612
vn -0.2628 -0.0000 -0.9648
vn -0.9649 -0.0000 0.2624
vn -0.2510 -0.0000 -0.9680
vn -0.9642 -0.0000 0.2652
vn 0.2717 -0.0000 0.9624
vn -0.9641 -0.0000 0.2655
vn 0.2647 -0.0000 0.9643
vn 0.9653 -0.0000 -0.2612
vn 0.2587 -0.0000 0.9660
vn 0.9978 -0.0000 -0.0667
vn -0.0701 -0.0000 -0.9975
vn -0.9978 -0.0000 0.0667
vn 0.0710 -0.0000 0.9975
vn -0.1462 -0.0000 -0.9893
vn -0.9894 -0.0000 0.1455
vn 0.1414 -0.0000 0.9900
vn 0.1474 -0.0000 0.9891
vn 0.9893 -0.0000 -0.1460
vn 0.1560 -0.0000 0.9878
vn 0.8665 -0.0000 -0.4993
vn -0.5193 -0.0000 -0.8546
vn -0.8720 -0.0000 0.4894
vn -0.5046 -0.0000 -0.8633
vn -0.8711 -0.0000 0.4911
vn -0.5007 -0.0000 -0.8656
vn -0.8673 -0.0000 0.4978
vn 0.5004 -0.0000 0.8658
vn -0.8660 -0.0000 0.5000
vn 0.5022 -0.0000 0.8647
vn 0.0410 -0.0000 -0.9992
vn -0.6919 -0.0000 -0.7220
vn -0.7250 -0.0000 0.6887
vn 0.6924 -0.0000 0.7215
vn 0.7254 -0.0000 -0.6884
vn 0.7041 -0.0000 -0.7101
vn -0.7111 -0.0000 -0.7031
vn -0.7073 -0.0000 0.7069
vn -0.7155 -0.0000 -0.6987
vn -0.7012 -0.0000 0.7129
vn -0.8070 -0.0000 -0.5905
vn -0.7036 -0.0000 0.7105
vn 0.7124 -0.0000 0.7018
vn 0.7048 -0.0000 -0.7094
vn -0.7126 -0.0000 -0.7015
vn 0.9240 -0.0000 -0.3825
vn -0.3857 -0.0000 -0.9226
vn -0.9246 -0.0000 0.3809
vn 0.3853 -0.0000 0.9228
vn 0.9070 -0.0000 -0.4211
vn 0.4218 -0.0000 0.9067
vn 0.9038 -0.0000 -0.4280
vn -0.4280 -0.0000 -0.9038
vn -0.9057 -0.0000 0.4239
vn 0.7258 -0.0000 0.6879
vn 0.7317 -0.0000 -0.6816
vn -0.6847 -0.0000 -0.7288
vn -0.7322 -0.0000 0.6811
vn -0.7314 -0.0000 0.6819
vn 0.6847 -0.0000 0.7288
vn 0.7071 -0.0000 0.7071
vn 0.7119 -0.0000 -0.7023
vn -0.7059 -0.0000 -0.7083
vn -0.7118 -0.0000 0.7024
vn -0.7079 -0.0000 -0.7063
vn -0.7104 -0.0000 0.7038
vn -0.7067 -0.0000 -0.7075
vn -0.9284 -0.0000 0.3716
vn -0.7628 -0.0000 0.6466
vn 0.7175 -0.0000 0.6966
vn 0.7181 -0.0000 -0.6959
vn -0.6998 -0.0000 -0.7143
vn -0.7194 -0.0000 0.6946
vn 0.6984 -0.0000 0.7157
vn 0.7349 -0.0000 -0.6781
vn -0.6816 -0.0000 -0.7318
vn -0.7356 -0.0000 0.6775
vn 0.6811 -0.0000 0.7322
vn -0.7335 -0.0000 0.6797
vn 0.6816 -0.0000 0.7318
vn -0.7378 -0.0000 0.6750
vn 0.6786 -0.0000 0.7345
vn -0.4337 -0.0000 -0.9011
vn 0.7911 -0.0000 -0.6116
vn -0.6204 -0.0000 -0.7843
vn -0.9019 -0.0000 0.4320
vn 0.4350 -0.0000 0.9004
vn 0.9014 -0.0000 -0.4329
vn -0.4364 -0.0000 -0.8998
vn -0.9011 -0.0000 0.4336
vn 0.4393 -0.0000 0.8983
vn 0.9045 -0.0000 -0.4266
vn 0.4337 -0.0000 0.9010
vn 0.9000 -0.0000 -0.4359
vn 0.8934 -0.0000 -0.4492
vn -0.4523 -0.0000 -0.8919
vn -0.8938 -0.0000 0.4485
vn 0.4518 -0.0000 0.8921
vn 0.9455 -0.0000 -0.3255
vn -0.3392 -0.0000 -0.9407
vn -0.9761 -0.0000 0.2175
vn -0.2557 -0.0000 -0.9668
vn 0.9335 -0.0000 -0.3585
vn -0.9327 -0.0000 0.3606
vn 0.2372 -0.0000 0.9715
vn -0.9912 -0.0000 0.1321
vn -0.1651 -0.0000 -0.9863
vn -0.0241 -0.0000 0.9997
vn -1.0000 -0.0000 0.0038
vn 0.0061 -0.0000 1.0000
vn -0.9999 -0.0000 -0.0150
vn -0.9972 -0.0000 0.0742
vn 0.0497 -0.0000 0.9988
vn -0.9906 -0.0000 0.1370
vn -0.0184 -0.0000 0.9998
vn 0.0709 -0.0000 0.9975
vn 0.9987 -0.0000 -0.0504
vn 0.1052 -0.0000 0.9944
vn 0.9972 -0.0000 -0.0748
vn 1.0000 -0.0000 -0.0069
vn 0.0205 -0.0000 -0.9998
vn 0.9997 -0.0000 0.0230
vn 0.0364 -0.0000 0.9993
vn 0.9994 -0.0000 -0.0355
vn 0.0135 -0.0000 -0.9999
vn 0.9998 -0.0000 0.0212
vn 0.3557 -0.0000 0.9346
vn 0.9258 -0.0000 -0.3781
vn -0.2974 -0.0000 -0.9548
vn 0.8949 -0.0000 -0.4462
vn -0.8927 -0.0000 0.4507
vn -0.4460 -0.0000 -0.8950
vn -0.8943 -0.0000 0.4475
vn 0.4465 -0.0000 0.8948
vn 0.8546 -0.0000 -0.5193
vn -0.5221 -0.0000 -0.8529
vn -0.8541 -0.0000 0.5202
vn 0.5223 -0.0000 0.8527
vn 0.8515 -0.0000 -0.5244
vn 0.5198 -0.0000 0.8543
vn 0.8775 -0.0000 -0.4796
vn -0.4821 -0.0000 -0.8761
vn -0.8777 -0.0000 0.4792
vn 0.4817 -0.0000 0.8763
vn 0.8899 -0.0000 -0.4561
vn -0.4584 -0.0000 -0.8887
vn -0.8904 -0.0000 0.4551
vn 0.4593 -0.0000 0.8883
vn 0.8803 -0.0000 -0.4744
vn -0.4754 -0.0000 -0.8798
vn -0.8806 -0.0000 0.4738
vn 0.4770 -0.0000 0.8789
vn 0.8905 -0.0000 -0.4550
vn -0.4581 -0.0000 -0.8889
vn 0.1243 -0.0000 -0.9922
vn -0.5229 -0.0000 -0.8524
vn -0.4788 -0.0000 -0.8779
vn -0.8800 -0.0000 0.4751
vn 0.4785 -0.0000 0.8781
vn 0.8799 -0.0000 -0.4751
vn 0.8028 -0.0000 0.5962
vn 0.9879 -0.0000 0.1553
vn 0.9876 -0.0000 -0.1569
vn 0.8055 -0.0000 -0.5926
vn 0.7478 -0.0000 -0.6639
vn 0.9063 -0.0000 -0.4226
vn -0.4255 -0.0000 -0.9050
vn -0.9068 -0.0000 0.4215
vn 0.4250 -0.0000 0.9052
vn 0.4254 -0.0000 0.9050
vn 0.8827 -0.0000 -0.4700
vn -0.1300 -0.0000 -0.9915
vn -0.4727 -0.0000 -0.8812
vn -0.8836 -0.0000 0.4682
vn 0.4715 -0.0000 0.8819
vn 0.8795 -0.0000 -0.4760
vn -0.4795 -0.0000 -0.8775
vn -0.8795 -0.0000 0.4760
vn 0.4795 -0.0000 0.8775
vn 0.8792 -0.0000 -0.4765
vn -0.4794 -0.0000 -0.8776
vn -0.8799 -0.0000 0.4752
vn 0.4800 -0.0000 0.8773
vn 0.5894 -0.0000 -0.8079
vn -0.7694 -0.0000 -0.6388
vn -0.3172 -0.0000 -0.9484
vn -0.9660 -0.0000 0.2586
vn -0.2749 -0.0000 -0.9615
vn -0.7850 -0.0000 0.6195
vn -0.3146 -0.0000 -0.9492
vn -0.9150 -0.0000 0.4034
vn 0.3926 -0.0000 0.9197
vn -0.9593 -0.0000 0.2824
vn 0.2811 -0.0000 0.9597
vn -0.9705 -0.0000 0.2411
vn 0.3159 -0.0000 0.9488
vn 0.9675 -0.0000 -0.2530
vn -0.4489 -0.0000 -0.8936
vn 0.9391 -0.0000 -0.3436
vn 0.9576 -0.0000 -0.2882
vn -0.2892 -0.0000 -0.9573
vn -0.9576 -0.0000 0.2882
vn 0.2892 -0.0000 0.9573
vn 0.9244 -0.0000 -0.3814
vn -0.3855 -0.0000 -0.9227
vn -0.9241 -0.0000 0.3822
vn 0.3827 -0.0000 0.9239
vn 0.8769 -0.0000 -0.4806
vn -0.4842 -0.0000 -0.8749
vn -0.8752 -0.0000 0.4837
vn 0.4856 -0.0000 0.8742
vn 0.8815 -0.0000 -0.4722
vn -0.4764 -0.0000 -0.8792
vn -0.8810 -0.0000 0.4732
vn 0.5035 -0.0000 0.8640
vn 0.8604 -0.0000 -0.5097
vn -0.5136 -0.0000 -0.8580
vn -0.8562 -0.0000 0.5166
vn -0.5126 -0.0000 -0.8587
vn -0.8604 -0.0000 0.5096
vn 0.5138 -0.0000 0.8579
vn 0.8616 -0.0000 -0.5077
vn 0.5129 -0.0000 0.8584
vn 0.8810 -0.0000 -0.4731
vn -0.4760 -0.0000 -0.8795
vn -0.8812 -0.0000 0.4727
vn 0.4773 -0.0000 0.8787
vn 0.9922 -0.0000 -0.1244
vn -0.1249 -0.0000 -0.9922
vn 0.1253 -0.0000 0.9921
vn 0.9922 -0.0000 -0.1247
vn 0.1293 -0.0000 0.9916
vn 0.9868 -0.0000 -0.1620
vn -0.9864 -0.0000 0.1643
vn -0.9865 -0.0000 0.1637
vn 0.1618 -0.0000 0.9868
vn 0.9928 -0.0000 -0.1195
vn -0.1216 -0.0000 -0.9926
vn -0.9928 -0.0000 0.1199
vn -0.1193 -0.0000 -0.9929
vn 0.1200 -0.0000 0.9928
vn 0.9977 -0.0000 -0.0679
vn -0.0698 -0.0000 -0.9976
vn -0.9976 -0.0000 0.0686
vn -0.0789 -0.0000 -0.9969
vn -0.9977 -0.0000 0.0675
vn 0.0696 -0.0000 0.9976
vn -0.9915 -0.0000 0.1304
vn 0.1313 -0.0000 0.9913
vn 0.9227 -0.0000 -0.3855
vn -0.3765 -0.0000 -0.9264
vn -0.9282 -0.0000 0.3720
vn 0.3996 -0.0000 0.9167
vn 0.1877 -0.0000 0.9822
vn 0.9823 -0.0000 -0.1875
vn -0.1177 -0.0000 -0.9931
vn 0.9674 -0.0000 -0.2531
vn -0.2530 -0.0000 -0.9675
vn 0.2486 -0.0000 0.9686
vn -0.9666 -0.0000 0.2562
vn 0.2544 -0.0000 0.9671
vn 0.9680 -0.0000 -0.2508
vn 0.2541 -0.0000 0.9672
vn 0.9292 -0.0000 -0.3696
vn -0.3667 -0.0000 -0.9304
vn -0.9388 -0.0000 0.3445
vn -0.3476 -0.0000 -0.9376
vn -0.9831 -0.0000 0.1832
vn -0.9607 -0.0000 0.2774
vn 0.3672 -0.0000 0.9301
vn -0.2123 -0.0000 -0.9772
vn 0.2123 -0.0000 0.9772
vn 0.9751 -0.0000 -0.2217
vn -0.2223 -0.0000 -0.9750
vn -0.9756 -0.0000 0.2197
vn -0.2205 -0.0000 -0.9754
vn -0.9755 -0.0000 0.2200
vn 0.2218 -0.0000 0.9751
vn 0.9753 -0.0000 -0.2208
vn 0.2313 -0.0000 0.9729
vn 0.9758 -0.0000 -0.2187
vn -0.2227 -0.0000 -0.9749
vn 0.9760 -0.0000 -0.2179
vn -0.2299 -0.0000 -0.9732
vn 0.9849 -0.0000 -0.1729
vn -0.1753 -0.0000 -0.9845
vn -0.9837 -0.0000 0.1797
vn -0.9849 -0.0000 0.1729
vn 0.1775 -0.0000 0.9841
vn 0.9853 -0.0000 -0.1709
vn 0.9999 -0.0000 -0.0138
vn -0.0165 -0.0000 -0.9999
vn -0.9999 -0.0000 0.0170
vn 0.0146 -0.0000 0.9999
vn 0.9999 -0.0000 -0.0152
vn 0.0178 -0.0000 0.9998
vn 0.9999 -0.0000 -0.0167
vn -0.0188 -0.0000 -0.9998
vn 0.9918 -0.0000 -0.1277
vn -0.1279 -0.0000 -0.9918
vn 0.9919 -0.0000 -0.1273
vn 0.1286 -0.0000 0.9917
vn 0.9918 -0.0000 -0.1275
vn -0.1270 -0.0000 -0.9919
vn -0.9918 -0.0000 0.1276
vn -0.1280 -0.0000 -0.9918
vn -0.9919 -0.0000 0.1270
vn -0.1317 -0.0000 -0.9913
vn -0.9922 -0.0000 0.1246
vn 0.1273 -0.0000 0.9919
vn 0.9920 -0.0000 -0.1265
vn 0.1276 -0.0000 0.9918
vn -0.9917 -0.0000 0.1285
vn 0.1277 -0.0000 0.9918
vn -0.9897 -0.0000 0.1435
vn 0.1340 -0.0000 0.9910
vn 0.9917 -0.0000 -0.1288
vn -0.1338 -0.0000 -0.9910
vn -0.1190 -0.0000 -0.9929
vn -0.9929 -0.0000 0.1187
vn -0.9933 -0.0000 0.1152
vn 0.1256 -0.0000 0.9921
vn -0.9922 -0.0000 0.1247
vn 0.1199 -0.0000 0.9928
vn 0.9903 -0.0000 -0.1386
vn 0.1792 -0.0000 0.9838
vn 0.9932 -0.0000 -0.1160
vn -0.1202 -0.0000 -0.9927
vn 0.9940 -0.0000 -0.1094
vn -0.1096 -0.0000 -0.9940
vn -0.9940 -0.0000 0.1094
vn 0.1096 -0.0000 0.9940
vn 0.9953 -0.0000 -0.0970
vn -0.0964 -0.0000 -0.9953
vn 0.0978 -0.0000 0.9952
vn -0.9955 -0.0000 0.0944
vn 0.0961 -0.0000 0.9954
vn 0.9920 -0.0000 -0.1264
vn -0.1265 -0.0000 -0.9920
vn 0.1261 -0.0000 0.9920
vn -0.1926 -0.0000 -0.9813
vn -0.9815 -0.0000 0.1916
vn 0.1926 -0.0000 0.9813
vn -0.2435 -0.0000 -0.9699
vn 0.2435 -0.0000 0.9699
vn 0.9669 -0.0000 -0.2551
vn -0.2572 -0.0000 -0.9663
vn -0.9667 -0.0000 0.2561
vn 0.2583 -0.0000 0.9661
vn 0.9658 -0.0000 -0.2591
vn 0.2539 -0.0000 0.9672
vn 0.9643 -0.0000 -0.2648
vn 0.2563 -0.0000 0.9666
vn 0.9596 -0.0000 -0.2815
vn -0.2833 -0.0000 -0.9590
vn -0.8579 -0.0000 0.5139
vn 0.2831 -0.0000 0.9591
vn 0.9981 -0.0000 -0.0612
vn -0.0623 -0.0000 -0.9981
vn -0.9981 -0.0000 0.0609
vn 0.0624 -0.0000 0.9981
vn -0.9976 -0.0000 0.0694
vn 0.0641 -0.0000 0.9979
vn 0.9981 -0.0000 -0.0617
vn 0.0780 -0.0000 0.9970
vn 0.9980 -0.0000 -0.0628
vn 0.0689 -0.0000 0.9976
vn 0.9938 -0.0000 -0.1109
vn -0.1093 -0.0000 -0.9940
vn -0.9940 -0.0000 0.1093
vn 0.1132 -0.0000 0.9936
vn -0.9940 -0.0000 0.1097
vn 0.1118 -0.0000 0.9937
vn 0.9918 -0.0000 -0.1276
vn -0.1297 -0.0000 -0.9916
vn -0.9920 -0.0000 0.1263
vn 0.1297 -0.0000 0.9915
vn 0.9917 -0.0000 -0.1287
vn 0.9918 -0.0000 -0.1280
vn -0.1291 -0.0000 -0.9916
vn -0.9910 -0.0000 0.1341
vn -0.1271 -0.0000 -0.9919
vn -0.9918 -0.0000 0.1278
vn 0.1281 -0.0000 0.9918
vn -0.9920 -0.0000 0.1266
vn -0.9921 -0.0000 0.1253
vn 0.1236 -0.0000 0.9923
vn 0.7562 -0.0000 0.6544
vn 0.8696 -0.0000 -0.4937
vn -0.4944 -0.0000 -0.8692
vn -0.8701 -0.0000 0.4928
vn -0.4940 -0.0000 -0.8695
vn 0.8741 -0.0000 -0.4858
vn -0.4955 -0.0000 -0.8686
vn -0.8708 -0.0000 0.4917
vn 0.4949 -0.0000 0.8690
vn 0.8700 -0.0000 -0.4930
vn 0.4965 -0.0000 0.8680
vn 0.9433 -0.0000 -0.3321
vn -0.3402 -0.0000 -0.9404
vn -0.9415 -0.0000 0.3371
vn 0.3375 -0.0000 0.9413
vn 0.9092 -0.0000 -0.4163
vn -0.4188 -0.0000 -0.9081
vn -0.9094 -0.0000 0.4158
vn -0.4114 -0.0000 -0.9114
vn -0.9097 -0.0000 0.4152
vn 0.4182 -0.0000 0.9083
vn 0.9112 -0.0000 -0.4120
vn -0.4235 -0.0000 -0.9059
vn -0.9114 -0.0000 0.4115
vn 0.4246 -0.0000 0.9054
vn 0.9086 -0.0000 -0.4176
vn -0.4217 -0.0000 -0.9067
vn -0.9084 -0.0000 0.4182
vn 0.4231 -0.0000 0.9061
vn 0.9924 -0.0000 0.1231
vn 0.9257 -0.0000 -0.3782
vn -0.3810 -0.0000 -0.9246
vn 0.3806 -0.0000 0.9247
vn 0.9117 -0.0000 -0.4108
vn -0.4126 -0.0000 -0.9109
vn -0.9116 -0.0000 0.4111
vn 0.4150 -0.0000 0.9098
vn 0.9177 -0.0000 -0.3973
vn -0.3991 -0.0000 -0.9169
vn -0.9180 -0.0000 0.3966
vn 0.9177 -0.0000 -0.3972
vn 0.4014 -0.0000 0.9159
vn -0.9186 -0.0000 0.3952
vn 0.3976 -0.0000 0.9176
vn 0.9587 -0.0000 -0.2846
vn -0.2838 -0.0000 -0.9589
vn -0.9596 -0.0000 0.2814
vn 0.2834 -0.0000 0.9590
vn 0.9262 -0.0000 -0.3771
vn -0.3781 -0.0000 -0.9258
vn -0.9262 -0.0000 0.3771
vn 0.3781 -0.0000 0.9258
vn 0.9237 -0.0000 -0.3831
vn -0.3849 -0.0000 -0.9230
vn -0.9237 -0.0000 0.3831
vn 0.3849 -0.0000 0.9230
vn 0.9229 -0.0000 -0.3852
vn -0.3875 -0.0000 -0.9219
vn -0.9228 -0.0000 0.3853
vn -0.3861 -0.0000 -0.9225
vn -0.9205 -0.0000 0.3909
vn -0.3870 -0.0000 -0.9221
vn -0.9227 -0.0000 0.3854
vn 0.3890 -0.0000 0.9212
vn -0.3881 -0.0000 -0.9216
vn -0.9250 -0.0000 0.3799
vn -0.3874 -0.0000 -0.9219
vn -0.9231 -0.0000 0.3846
vn 0.3894 -0.0000 0.9211
vn -0.9221 -0.0000 0.3870
vn 0.3875 -0.0000 0.9219
vn 0.9090 -0.0000 -0.4168
vn -0.4200 -0.0000 -0.9075
vn -0.9092 -0.0000 0.4164
vn -0.4721 -0.0000 0.8815
vn 0.4173 -0.0000 0.9088
vn 0.9271 -0.0000 0.3748
vn -0.3503 -0.0000 0.9367
vn -0.9447 -0.0000 -0.3279
vn 0.4214 -0.0000 0.9069
vn 0.9160 -0.0000 -0.4012
vn 0.4055 -0.0000 0.9141
vn -0.4450 -0.0000 -0.8955
vn -0.8982 -0.0000 0.4395
vn 0.4456 -0.0000 0.8952
vn 0.9150 -0.0000 -0.4035
vn -0.4046 -0.0000 -0.9145
vn -0.9152 -0.0000 0.4029
vn 0.4057 -0.0000 0.9140
vn 0.9270 -0.0000 -0.3751
vn -0.3782 -0.0000 -0.9257
vn -0.9264 -0.0000 0.3766
vn 0.3774 -0.0000 0.9261
vn 0.8684 -0.0000 -0.4958
vn -0.8682 -0.0000 0.4963
vn 0.4992 -0.0000 0.8665
vn 0.8687 -0.0000 -0.4953
vn 0.4985 -0.0000 0.8669
vn 0.8719 -0.0000 -0.4897
vn -0.4921 -0.0000 -0.8705
vn 0.4952 -0.0000 0.8688
vn -0.8719 -0.0000 0.4897
vn 0.4939 -0.0000 0.8695
vn 0.8517 -0.0000 -0.5240
vn -0.5284 -0.0000 -0.8490
vn -0.8511 -0.0000 0.5250
vn 0.5284 -0.0000 0.8490
vn -0.9524 -0.0000 0.3048
vn 0.5288 -0.0000 0.8488
vn -0.9258 -0.0000 -0.3781
vn -0.3805 -0.0000 0.9248
vn 0.9187 -0.0000 0.3949
vn 0.9287 -0.0000 0.3708
vn 0.9241 -0.0000 0.3823
vn 0.3773 -0.0000 -0.9261
vn -0.3798 -0.0000 0.9250
vn -0.3830 -0.0000 0.9238
vn 0.9250 -0.0000 0.3801
vn 0.3830 -0.0000 -0.9238
vn 0.9200 -0.0000 0.3918
vn 0.3948 -0.0000 -0.9188
vn -0.9200 -0.0000 -0.3918
vn 0.0190 -0.0000 -0.9998
vn -0.9998 -0.0000 -0.0198
vn -0.0197 -0.0000 0.9998
vn 0.9998 -0.0000 0.0195
vn 1.0000 -0.0000 0.0038
vn 0.0490 -0.0000 -0.9988
vn -1.0000 -0.0000 -0.0000
vn -0.0055 -0.0000 1.0000
vn -1.0000 -0.0000 -0.0052
vn -0.5038 -0.0000 0.8638
vn 0.4365 -0.0000 0.8997
vn 0.9989 -0.0000 0.0467
vn 0.0464 -0.0000 -0.9989
vn -0.9999 -0.0000 -0.0148
vn -0.9995 -0.0000 -0.0318
vn -0.0351 -0.0000 0.9994
vn -0.9995 -0.0000 -0.0315
vn 0.0432 -0.0000 -0.9991
vn -0.9994 -0.0000 -0.0337
vn -0.0321 -0.0000 0.9995
vn 0.6677 -0.0000 0.7444
vn 0.9385 -0.0000 0.3452
vn 0.9999 -0.0000 0.0139
vn 0.6423 -0.0000 -0.7665
vn 0.9996 -0.0000 0.0266
vn 0.0325 -0.0000 -0.9995
vn 0.0487 -0.0000 -0.9988
vn -0.9991 -0.0000 -0.0426
vn -0.0448 -0.0000 0.9990
vn -0.9990 -0.0000 -0.0437
vn -0.5116 -0.0000 0.8592
vn 0.9988 -0.0000 0.0484
vn 0.9873 -0.0000 -0.1587
vn -0.1591 -0.0000 -0.9873
vn -0.9870 -0.0000 0.1607
vn 0.1597 -0.0000 0.9872
s 0
f 130//1 131//1 132//1 133//1 134//1 135//1 136//1 137//1 138//1 139//1 140//1 141//1 142//1 143//1 144//1 145//1 146//1 147//1 148//1 149//1 150//1 151//1 152//1 153//1 154//1 155//1 156//1 157//1 158//1 159//1 160//1 161//1 162//1 163//1 164//1 165//1 166//1 167//1 168//1 169//1 170//1 171//1 172//1 173//1 174//1 175//1 176//1 177//1 178//1 179//1 180//1 181//1 182//1 183//1 184//1 185//1 186//1 187//1 188//1 189//1 190//1 191//1 192//1 193//1 194//1 195//1 196//1 197//1 198//1 199//1 200//1 201//1 202//1 203//1 204//1 205//1 206//1 207//1 208//1 209//1 210//1 211//1 212//1 213//1 214//1 215//1 216//1 217//1 218//1 219//1 220//1 221//1 222//1 223//1 224//1 225//1 226//1 227//1 228//1 229//1 230//1 231//1 232//1 233//1 234//1 235//1 236//1 237//1 238//1 239//1 240//1 241//1 242//1 243//1 244//1 245//1 246//1 247//1 248//1 249//1 250//1 251//1 252//1 253//1 254//1 255//1 256//1 257//1 258//1
f 2//2 131//2 130//2 1//2
f 3//3 132//3 131//3 2//3
f 4//4 133//4 132//4 3//4
f 5//5 134//5 133//5 4//5
f 6//6 135//6 134//6 5//6
f 7//7 136//7 135//7 6//7
f 8//8 137//8 136//8 7//8
f 9//9 138//9 137//9 8//9
f 10//10 139//10 138//10 9//10
f 11//11 140//11 139//11 10//11
f 12//12 141//12 140//12 11//12
f 13//13 142//13 141//13 12//13
f 14//14 143//14 142//14 13//14
f 15//15 144//15 143//15 14//15
f 16//16 145//16 144//16 15//16
f 17//17 146//17 145//17 16//17
f 18//18 147//18 146//18 17//18
f 19//19 148//19 147//19 18//19
f 20//20 149//20 148//20 19//20
f 21//21 150//21 149//21 20//21
f 22//22 151//22 150//22 21//22
f 23//23 152//23 151//23 22//23
f 24//24 153//24 152//24 23//24
f 25//25 154//25 153//25 24//25
f 26//26 155//26 154//26 25//26
f 27//27 156//27 155//27 26//27
f 28//28 157//28 156//28 27//28
f 29//29 158//29 157//29 28//29
f 30//30 159//30 158//30 29//30
f 31//31 160//31 159//31 30//31
f 32//32 161//32 160//32 31//32
f 33//33 162//33 161//33 32//33
f 34//34 163//34 162//34 33//34
f 35//35 164//35 163//35 34//35
f 36//36 165//36 164//36 35//36
f 37//37 166//37 165//37 36//37
f 38//38 167//38 166//38 37//38
f 39//39 168//39 167//39 38//39
f 40//40 169//40 168//40 39//40
f 41//41 170//41 169//41 40//41
f 42//42 171//42 170//42 41//42
f 43//43 172//43 171//43 42//43
f 44//44 173//44 172//44 43//44
f 45//45 174//45 173//45 44//45
f 46//46 175//46 174//46 45//46
f 47//47 176//47 175//47 46//47
f 48//48 177//48 176//48 47//48
f 49//49 178//49 177//49 48//49
f 50//50 179//50 178//50 49//50
f 51//51 180//51 179//51 50//51
f 52//52 181//52 180//52 51//52
f 53//53 182//53 181//53 52//53
f 54//54 183//54 182//54 53//54
f 55//55 184//55 183//55 54//55
f 56//56 185//56 184//56 55//56
f 57//57 186//57 185//57 56//57
f 58//58 187//58 186//58 57//58
f 59//59 188//59 187//59 58//59
f 60//60 189//60 188//60 59//60
f 61//61 190//61 189//61 60//61
f 62//62 191//62 190//62 61//62
f 63//63 192//63 191//63 62//63
f 64//64 193//64 192//64 63//64
f 65//65 194//65 193//65 64//65
f 66//66 195//66 194//66 65//66
f 67//67 196//67 195//67 66//67
f 68//68 197//68 196//68 67//68
f 69//69 198//69 197//69 68//69
f 70//70 199//70 198//70 69//70
f 71//71 200//71 199//71 70//71
f 72//72 201//72 200//72 71//72
f 73//73 202//73 201//73 72//73
f 74//74 203//74 202//74 73//74
f 75//75 204//75 203//75 74//75
f 76//76 205//76 204//76 75//76
f 77//77 206//77 205//77 76//77
f 78//78 207//78 206//78 77//78
f 79//79 208//79 207//79 78//79
f 80//80 209//80 208//80 79//80
f 81//81 210//81 209//81 80//81
f 82//80 211//80 210//80 81//80
f 83//79 212//79 211//79 82//79
f 84//82 213//82 212//82 83//82
f 85//83 214//83 213//83 84//83
f 86//84 215//84 214//84 85//84
f 87//85 216//85 215//85 86//85
f 88//86 217//86 216//86 87//86
f 89//87 218//87 217//87 88//87
f 90//88 219//88 218//88 89//88
f 91//89 220//89 219//89 90//89
f 92//90 221//90 220//90 91//90
f 93//91 222//91 221//91 92//91
f 94//92 223//92 222//92 93//92
f 95//93 224//93 223//93 94//93
f 96//94 225//94 224//94 95//94
f 97//95 226//95 225//95 96//95
f 98//92 227//92 226//92 97//92
f 99//89 228//89 227//89 98//89
f 100//96 229//96 228//96 99//96
f 101//97 230//97 229//97 100//97
f 102//98 231//98 230//98 101//98
f 103//97 232//97 231//97 102//97
f 104//99 233//99 232//99 103//99
f 105//100 234//100 233//100 104//100
f 106//101 235//101 234//101 105//101
f 107//102 236//102 235//102 106//102
f 108//103 237//103 236//103 107//103
f 109//104 238//104 237//104 108//104
f 110//87 239//87 238//87 109//87
f 111//105 240//105 239//105 110//105
f 112//106 241//106 240//106 111//106
f 113//107 242//107 241//107 112//107
f 114//108 243//108 242//108 113//108
f 115//109 244//109 243//109 114//109
f 116//110 245//110 244//110 115//110
f 117//111 246//111 245//111 116//111
f 118//112 247//112 246//112 117//112
f 119//110 248//110 247//110 118//110
f 120//113 249//113 248//113 119//113
f 121//114 250//114 249//114 120//114
f 122//115 251//115 250//115 121//115
f 123//99 252//99 251//99 122//99
f 124//116 253//116 252//116 123//116
f 125//117 254//117 253//117 124//117
f 126//118 255//118 254//118 125//118
f 127//113 256//113 255//113 126//113
f 128//119 257//119 256//119 127//119
f 129//120 258//120 257//120 128//120
f 1//121 130//121 258//121 129//121
f 263//1 264//1 265//1 266//1
f 262//122 264//122 263//122 259//122
f 261//123 265//123 264//123 262//123
f 260//124 266//124 265//124 261//124
f 259//125 263//125 266//125 260//125
f 275//1 276//1 277//1 278//1 279//1 280//1 281//1 282//1
f 274//126 276//126 275//126 267//126
f 273//127 277//127 276//127 274//127
f 272//128 278//128 277//128 273//128
f 271//129 279//129 278//129 272//129
f 270//130 280//130 279//130 271//130
f 269//131 281//131 280//131 270//131
f 268//132 282//132 281//132 269//132
f 267//133 275//133 282//133 268//133
f 287//1 288//1 289//1 290//1
f 286//134 288//134 287//134 283//134
f 285//135 289//135 288//135 286//135
f 284//136 290//136 289//136 285//136
f 283//137 287//137 290//137 284//137
f 299//1 300//1 301//1 302//1 303//1 304//1 305//1 306//1
f 298//138 300//138 299//138 291//138
f 297//139 301//139 300//139 298//139
f 296//140 302//140 301//140 297//140
f 295//141 303//141 302//141 296//141
f 294//142 304//142 303//142 295//142
f 293//143 305//143 304//143 294//143
f 292//144 306//144 305//144 293//144
f 291//145 299//145 306//145 292//145
f 311//1 312//1 313//1 314//1
f 310//146 312//146 311//146 307//146
f 309//147 313//147 312//147 310//147
f 308//148 314//148 313//148 309//148
f 307//149 311//149 314//149 308//149
f 333//1 334//1 335//1 336//1 337//1 338//1 339//1 340//1 341//1 342//1 343//1 344//1 345//1 346//1 347//1 348//1 349//1 350//1
f 332//150 334//150 333//150 315//150
f 331//151 335//151 334//151 332//151
f 330//152 336//152 335//152 331//152
f 329//153 337//153 336//153 330//153
f 328//154 338//154 337//154 329//154
f 327//155 339//155 338//155 328//155
f 326//156 340//156 339//156 327//156
f 325//157 341//157 340//157 326//157
f 324//158 342//158 341//158 325//158
f 323//159 343//159 342//159 324//159
f 322//160 344//160 343//160 323//160
f 321//161 345//161 344//161 322//161
f 320//162 346//162 345//162 321//162
f 319//163 347//163 346//163 320//163
f 318//164 348//164 347//164 319//164
f 317//165 349//165 348//165 318//165
f 316//166 350//166 349//166 317//166
f 315//167 333//167 350//167 316//167
f 357//1 358//1 359//1 360//1 361//1 362//1
f 356//168 358//168 357//168 351//168
f 355//169 359//169 358//169 356//169
f 354//170 360//170 359//170 355//170
f 353//171 361//171 360//171 354//171
f 352//172 362//172 361//172 353//172
f 351//173 357//173 362//173 352//173
f 367//1 368//1 369//1 370//1
f 366//174 368//174 367//174 363//174
f 365//175 369//175 368//175 366//175
f 364//176 370//176 369//176 365//176
f 363//177 367//177 370//177 364//177
f 381//1 382//1 383//1 384//1 385//1 386//1 387//1 388//1 389//1 390//1
f 380//178 382//178 381//178 371//178
f 379//179 383//179 382//179 380//179
f 378//180 384//180 383//180 379//180
f 377//181 385//181 384//181 378//181
f 376//182 386//182 385//182 377//182
f 375//183 387//183 386//183 376//183
f 374//184 388//184 387//184 375//184
f 373//185 389//185 388//185 374//185
f 372//186 390//186 389//186 373//186
f 371//187 381//187 390//187 372//187
f 398//1 399//1 400//1 401//1 402//1 403//1 404//1
f 397//188 399//188 398//188 391//188
f 396//189 400//189 399//189 397//189
f 395//190 401//190 400//190 396//190
f 394//191 402//191 401//191 395//191
f 393//192 403//192 402//192 394//192
f 392//193 404//193 403//193 393//193
f 391//194 398//194 404//194 392//194
f 415//1 416//1 417//1 418//1 419//1 420//1 421//1 422//1 423//1 424//1
f 414//195 416//195 415//195 405//195
f 413//196 417//196 416//196 414//196
f 412//197 418//197 417//197 413//197
f 411//198 419//198 418//198 412//198
f 410//199 420//199 419//199 411//199
f 409//200 421//200 420//200 410//200
f 408//201 422//201 421//201 409//201
f 407//202 423//202 422//202 408//202
f 406//203 424//203 423//203 407//203
f 405//204 415//204 424//204 406//204
f 435//1 436//1 437//1 438//1 439//1 440//1 441//1 442//1 443//1 444//1
f 434//205 436//205 435//205 425//205
f 433//206 437//206 436//206 434//206
f 432//207 438//207 437//207 433//207
f 431//208 439//208 438//208 432//208
f 430//209 440//209 439//209 431//209
f 429//210 441//210 440//210 430//210
f 428//211 442//211 441//211 429//211
f 427//212 443//212 442//212 428//212
f 426//213 444//213 443//213 427//213
f 425//214 435//214 444//214 426//214
f 460//1 461//1 462//1 463//1 464//1 465//1 466//1 467//1 468//1 469//1 470//1 471//1 472//1 473//1 474//1
f 459//215 461//215 460//215 445//215
f 458//216 462//216 461//216 459//216
f 457//217 463//217 462//217 458//217
f 456//218 464//218 463//218 457//218
f 455//219 465//219 464//219 456//219
f 454//220 466//220 465//220 455//220
f 453//221 467//221 466//221 454//221
f 452//222 468//222 467//222 453//222
f 451//223 469//223 468//223 452//223
f 450//224 470//224 469//224 451//224
f 449//225 471//225 470//225 450//225
f 448//226 472//226 471//226 449//226
f 447//227 473//227 472//227 448//227
f 446//228 474//228 473//228 447//228
f 445//229 460//229 474//229 446//229
f 487//1 488//1 489//1 490//1 491//1 492//1 493//1 494//1 495//1 496//1 497//1 498//1
f 486//230 488//230 487//230 475//230
f 485//231 489//231 488//231 486//231
f 484//232 490//232 489//232 485//232
f 483//233 491//233 490//233 484//233
f 482//234 492//234 491//234 483//234
f 481//235 493//235 492//235 482//235
f 480//236 494//236 493//236 481//236
f 479//237 495//237 494//237 480//237
f 478//238 496//238 495//238 479//238
f 477//239 497//239 496//239 478//239
f 476//240 498//240 497//240 477//240
f 475//241 487//241 498//241 476//241
f 518//1 519//1 520//1 521//1 522//1 523//1 524//1 525//1 526//1 527//1 528//1 529//1 530//1 531//1 532//1 533//1 534//1 535//1 536//1
f 517//242 519//242 518//242 499//242
f 516//243 520//243 519//243 517//243
f 515//244 521//244 520//244 516//244
f 514//245 522//245 521//245 515//245
f 513//246 523//246 522//246 514//246
f 512//247 524//247 523//247 513//247
f 511//248 525//248 524//248 512//248
f 510//248 526//248 525//248 511//248
f 509//249 527//249 526//249 510//249
f 508//250 528//250 527//250 509//250
f 507//251 529//251 528//251 508//251
f 506//252 530//252 529//252 507//252
f 505//253 531//253 530//253 506//253
f 504//254 532//254 531//254 505//254
f 503//255 533//255 532//255 504//255
f 502//256 534//256 533//256 503//256
f 501//257 535//257 534//257 502//257
f 500//258 536//258 535//258 501//258
f 499//259 518//259 536//259 500//259
f 541//1 542//1 543//1 544//1
f 540//260 542//260 541//260 537//260
f 539//261 543//261 542//261 540//261
f 538//262 544//262 543//262 539//262
f 537//263 541//263 544//263 538//263
f 549//1 550//1 551//1 552//1
f 548//264 550//264 549//264 545//264
f 547//265 551//265 550//265 548//265
f 546//266 552//266 551//266 547//266
f 545//267 549//267 552//267 546//267
f 558//1 559//1 560//1 561//1 562//1
f 557//247 559//247 558//247 553//247
f 556//268 560//268 559//268 557//268
f 555//269 561//269 560//269 556//269
f 554//270 562//270 561//270 555//270
f 553//271 558//271 562//271 554//271
f 567//1 568//1 569//1 570//1
f 566//272 568//272 567//272 563//272
f 565//273 569//273 568//273 566//273
f 564//274 570//274 569//274 565//274
f 563//275 567//275 570//275 564//275
f 575//1 576//1 577//1 578//1
f 574//276 576//276 575//276 571//276
f 573//277 577//277 576//277 574//277
f 572//278 578//278 577//278 573//278
f 571//279 575//279 578//279 572//279
f 583//1 584//1 585//1 586//1
f 582//280 584//280 583//280 579//280
f 581//118 585//118 584//118 582//118
f 580//281 586//281 585//281 581//281
f 579//282 583//282 586//282 580//282
f 591//1 592//1 593//1 594//1
f 590//283 592//283 591//283 587//283
f 589//284 593//284 592//284 590//284
f 588//285 594//285 593//285 589//285
f 587//286 591//286 594//286 588//286
f 599//1 600//1 601//1 602//1
f 598//287 600//287 599//287 595//287
f 597//288 601//288 600//288 598//288
f 596//289 602//289 601//289 597//289
f 595//290 599//290 602//290 596//290
f 607//1 608//1 609//1 610//1
f 606//291 608//291 607//291 603//291
f 605//292 609//292 608//292 606//292
f 604//293 610//293 609//293 605//293
f 603//294 607//294 610//294 604//294
f 615//1 616//1 617//1 618//1
f 614//295 616//295 615//295 611//295
f 613//296 617//296 616//296 614//296
f 612//297 618//297 617//297 613//297
f 611//298 615//298 618//298 612//298
f 623//1 624//1 625//1 626//1
f 622//299 624//299 623//299 619//299
f 621//300 625//300 624//300 622//300
f 620//301 626//301 625//301 621//301
f 619//302 623//302 626//302 620//302
f 631//1 632//1 633//1 634//1
f 630//303 632//303 631//303 627//303
f 629//304 633//304 632//304 630//304
f 628//305 634//305 633//305 629//305
f 627//306 631//306 634//306 628//306
f 639//1 640//1 641//1 642//1
f 638//307 640//307 639//307 635//307
f 637//308 641//308 640//308 638//308
f 636//309 642//309 641//309 637//309
f 635//310 639//310 642//310 636//310
f 647//1 648//1 649//1 650//1
f 646//311 648//311 647//311 643//311
f 645//312 649//312 648//312 646//312
f 644//51 650//51 649//51 645//51
f 643//313 647//313 650//313 644//313
f 655//1 656//1 657//1 658//1
f 654//314 656//314 655//314 651//314
f 653//315 657//315 656//315 654//315
f 652//316 658//316 657//316 653//316
f 651//317 655//317 658//317 652//317
f 663//1 664//1 665//1 666//1
f 662//259 664//259 663//259 659//259
f 661//318 665//318 664//318 662//318
f 660//319 666//319 665//319 661//319
f 659//320 663//320 666//320 660//320
f 671//1 672//1 673//1 674//1
f 670//321 672//321 671//321 667//321
f 669//322 673//322 672//322 670//322
f 668//323 674//323 673//323 669//323
f 667//324 671//324 674//324 668//324
f 679//1 680//1 681//1 682//1
f 678//325 680//325 679//325 675//325
f 677//326 681//326 680//326 678//326
f 676//327 682//327 681//327 677//327
f 675//328 679//328 682//328 676//328
f 687//1 688//1 689//1 690//1
f 686//329 688//329 687//329 683//329
f 685//330 689//330 688//330 686//330
f 684//331 690//331 689//331 685//331
f 683//332 687//332 690//332 684//332
f 695//1 696//1 697//1 698//1
f 694//333 696//333 695//333 691//333
f 693//334 697//334 696//334 694//334
f 692//335 698//335 697//335 693//335
f 691//336 695//336 698//336 692//336
f 703//1 704//1 705//1 706//1
f 702//337 704//337 703//337 699//337
f 701//338 705//338 704//338 702//338
f 700//339 706//339 705//339 701//339
f 699//340 703//340 706//340 700//340
f 711//1 712//1 713//1 714//1
f 710//341 712//341 711//341 707//341
f 709//342 713//342 712//342 710//342
f 708//343 714//343 713//343 709//343
f 707//344 711//344 714//344 708//344
f 719//1 720//1 721//1 722//1
f 718//345 720//345 719//345 715//345
f 717//346 721//346 720//346 718//346
f 716//347 722//347 721//347 717//347
f 715//348 719//348 722//348 716//348
f 729//1 730//1 731//1 732//1 733//1 734//1
f 728//349 730//349 729//349 723//349
f 727//350 731//350 730//350 728//350
f 726//351 732//351 731//351 727//351
f 725//352 733//352 732//352 726//352
f 724//353 734//353 733//353 725//353
f 723//354 729//354 734//354 724//354
f 739//1 740//1 741//1 742//1
f 738//355 740//355 739//355 735//355
f 737//356 741//356 740//356 738//356
f 736//357 742//357 741//357 737//357
f 735//358 739//358 742//358 736//358
f 747//1 748//1 749//1 750//1
f 746//359 748//359 747//359 743//359
f 745//360 749//360 748//360 746//360
f 744//361 750//361 749//361 745//361
f 743//362 747//362 750//362 744//362
f 755//1 756//1 757//1 758//1
f 754//363 756//363 755//363 751//363
f 753//364 757//364 756//364 754//364
f 752//365 758//365 757//365 753//365
f 751//366 755//366 758//366 752//366
f 763//1 764//1 765//1 766//1
f 762//367 764//367 763//367 759//367
f 761//368 765//368 764//368 762//368
f 760//369 766//369 765//369 761//369
f 759//370 763//370 766//370 760//370
f 771//1 772//1 773//1 774//1
f 770//371 772//371 771//371 767//371
f 769//372 773//372 772//372 770//372
f 768//373 774//373 773//373 769//373
f 767//374 771//374 774//374 768//374
f 779//1 780//1 781//1 782//1
f 778//375 780//375 779//375 775//375
f 777//376 781//376 780//376 778//376
f 776//377 782//377 781//377 777//377
f 775//378 779//378 782//378 776//378
f 787//1 788//1 789//1 790//1
f 786//379 788//379 787//379 783//379
f 785//248 789//248 788//248 786//248
f 784//380 790//380 789//380 785//380
f 783//381 787//381 790//381 784//381
f 795//1 796//1 797//1 798//1
f 794//382 796//382 795//382 791//382
f 793//383 797//383 796//383 794//383
f 792//384 798//384 797//384 793//384
f 791//385 795//385 798//385 792//385
f 803//1 804//1 805//1 806//1
f 802//386 804//386 803//386 799//386
f 801//387 805//387 804//387 802//387
f 800//388 806//388 805//388 801//388
f 799//389 803//389 806//389 800//389
f 813//1 814//1 815//1 816//1 817//1 818//1
f 812//390 814//390 813//390 807//390
f 811//391 815//391 814//391 812//391
f 810//392 816//392 815//392 811//392
f 809//393 817//393 816//393 810//393
f 808//394 818//394 817//394 809//394
f 807//395 813//395 818//395 808//395
f 823//1 824//1 825//1 826//1
f 822//396 824//396 823//396 819//396
f 821//397 825//397 824//397 822//397
f 820//398 826//398 825//398 821//398
f 819//399 823//399 826//399 820//399
f 831//1 832//1 833//1 834//1
f 830//400 832//400 831//400 827//400
f 829//401 833//401 832//401 830//401
f 828//402 834//402 833//402 829//402
f 827//23 831//23 834//23 828//23
f 839//1 840//1 841//1 842//1
f 838//403 840//403 839//403 835//403
f 837//404 841//404 840//404 838//404
f 836//405 842//405 841//405 837//405
f 835//406 839//406 842//406 836//406
f 847//1 848//1 849//1 850//1
f 846//407 848//407 847//407 843//407
f 845//408 849//408 848//408 846//408
f 844//409 850//409 849//409 845//409
f 843//410 847//410 850//410 844//410
f 857//1 858//1 859//1 860//1 861//1 862//1
f 856//411 858//411 857//411 851//411
f 855//412 859//412 858//412 856//412
f 854//413 860//413 859//413 855//413
f 853//414 861//414 860//414 854//414
f 852//415 862//415 861//415 853//415
f 851//416 857//416 862//416 852//416
f 868//1 869//1 870//1 871//1 872//1
f 867//417 869//417 868//417 863//417
f 866//418 870//418 869//418 867//418
f 865//419 871//419 870//419 866//419
f 864//420 872//420 871//420 865//420
f 863//421 868//421 872//421 864//421
f 877//1 878//1 879//1 880//1
f 876//422 878//422 877//422 873//422
f 875//423 879//423 878//423 876//423
f 874//424 880//424 879//424 875//424
f 873//425 877//425 880//425 874//425
f 885//1 886//1 887//1 888//1
f 884//426 886//426 885//426 881//426
f 883//427 887//427 886//427 884//427
f 882//428 888//428 887//428 883//428
f 881//429 885//429 888//429 882//429
f 893//1 894//1 895//1 896//1
f 892//430 894//430 893//430 889//430
f 891//431 895//431 894//431 892//431
f 890//432 896//432 895//432 891//432
f 889//433 893//433 896//433 890//433
f 901//1 902//1 903//1 904//1
f 900//434 902//434 901//434 897//434
f 899//435 903//435 902//435 900//435
f 898//436 904//436 903//436 899//436
f 897//437 901//437 904//437 898//437
f 909//1 910//1 911//1 912//1
f 908//438 910//438 909//438 905//438
f 907//439 911//439 910//439 908//439
f 906//440 912//440 911//440 907//440
f 905//441 909//441 912//441 906//441
f 917//1 918//1 919//1 920//1
f 916//442 918//442 917//442 913//442
f 915//443 919//443 918//443 916//443
f 914//444 920//444 919//444 915//444
f 913//445 917//445 920//445 914//445
f 925//1 926//1 927//1 928//1
f 924//446 926//446 925//446 921//446
f 923//447 927//447 926//447 924//447
f 922//448 928//448 927//448 923//448
f 921//449 925//449 928//449 922//449
f 933//1 934//1 935//1 936//1
f 932//450 934//450 933//450 929//450
f 931//451 935//451 934//451 932//451
f 930//71 936//71 935//71 931//71
f 929//452 933//452 936//452 930//452
f 941//1 942//1 943//1 944//1
f 940//453 942//453 941//453 937//453
f 939//454 943//454 942//454 940//454
f 938//455 944//455 943//455 939//455
f 937//456 941//456 944//456 938//456
f 949//1 950//1 951//1 952//1
f 948//103 950//103 949//103 945//103
f 947//118 951//118 950//118 948//118
f 946//457 952//457 951//457 947//457
f 945//96 949//96 952//96 946//96
f 957//1 958//1 959//1 960//1
f 956//458 958//458 957//458 953//458
f 955//459 959//459 958//459 956//459
f 954//460 960//460 959//460 955//460
f 953//461 957//461 960//461 954//461
f 974//1 975//1 976//1 977//1 978//1 979//1 980//1 981//1 982//1 983//1 984//1 985//1 986//1
f 973//462 975//462 974//462 961//462
f 972//463 976//463 975//463 973//463
f 971//464 977//464 976//464 972//464
f 970//465 978//465 977//465 971//465
f 969//466 979//466 978//466 970//466
f 968//467 980//467 979//467 969//467
f 967//468 981//468 980//468 968//468
f 966//469 982//469 981//469 967//469
f 965//470 983//470 982//470 966//470
f 964//471 984//471 983//471 965//471
f 963//472 985//472 984//472 964//472
f 962//473 986//473 985//473 963//473
f 961//474 974//474 986//474 962//474
f 991//1 992//1 993//1 994//1
f 990//475 992//475 991//475 987//475
f 989//476 993//476 992//476 990//476
f 988//477 994//477 993//477 989//477
f 987//478 991//478 994//478 988//478
f 999//1 1000//1 1001//1 1002//1
f 998//479 1000//479 999//479 995//479
f 997//480 1001//480 1000//480 998//480
f 996//481 1002//481 1001//481 997//481
f 995//482 999//482 1002//482 996//482
f 1007//1 1008//1 1009//1 1010//1
f 1006//483 1008//483 1007//483 1003//483
f 1005//484 1009//484 1008//484 1006//484
f 1004//485 1010//485 1009//485 1005//485
f 1003//486 1007//486 1010//486 1004//486
f 1016//1 1017//1 1018//1 1019//1 1020//1
f 1015//244 1017//244 1016//244 1011//244
f 1014//487 1018//487 1017//487 1015//487
f 1013//488 1019//488 1018//488 1014//488
f 1012//489 1020//489 1019//489 1013//489
f 1011//490 1016//490 1020//490 1012//490
f 1026//1 1027//1 1028//1 1029//1 1030//1
f 1025//491 1027//491 1026//491 1021//491
f 1024//492 1028//492 1027//492 1025//492
f 1023//493 1029//493 1028//493 1024//493
f 1022//494 1030//494 1029//494 1023//494
f 1021//495 1026//495 1030//495 1022//495
f 1035//1 1036//1 1037//1 1038//1
f 1034//496 1036//496 1035//496 1031//496
f 1033//497 1037//497 1036//497 1034//497
f 1032//498 1038//498 1037//498 1033//498
f 1031//499 1035//499 1038//499 1032//499
f 1043//1 1044//1 1045//1 1046//1
f 1042//500 1044//500 1043//500 1039//500
f 1041//501 1045//501 1044//501 1042//501
f 1040//502 1046//502 1045//502 1041//502
f 1039//503 1043//503 1046//503 1040//503
f 1051//1 1052//1 1053//1 1054//1
f 1050//504 1052//504 1051//504 1047//504
f 1049//505 1053//505 1052//505 1050//505
f 1048//506 1054//506 1053//506 1049//506
f 1047//507 1051//507 1054//507 1048//507
f 1059//1 1060//1 1061//1 1062//1
f 1058//508 1060//508 1059//508 1055//508
f 1057//509 1061//509 1060//509 1058//509
f 1056//72 1062//72 1061//72 1057//72
f 1055//510 1059//510 1062//510 1056//510
f 1067//1 1068//1 1069//1 1070//1
f 1066//511 1068//511 1067//511 1063//511
f 1065//512 1069//512 1068//512 1066//512
f 1064//513 1070//513 1069//513 1065//513
f 1063//514 1067//514 1070//514 1064//514
f 1075//1 1076//1 1077//1 1078//1
f 1074//515 1076//515 1075//515 1071//515
f 1073//516 1077//516 1076//516 1074//516
f 1072//517 1078//517 1077//517 1073//517
f 1071//518 1075//518 1078//518 1072//518
f 1095//1 1096//1 1097//1 1098//1 1099//1 1100//1 1101//1 1102//1 1103//1 1104//1 1105//1 1106//1 1107//1 1108//1 1109//1 1110//1
f 1094//519 1096//519 1095//519 1079//519
f 1093//447 1097//447 1096//447 1094//447
f 1092//520 1098//520 1097//520 1093//520
f 1091//521 1099//521 1098//521 1092//521
f 1090//522 1100//522 1099//522 1091//522
f 1089//523 1101//523 1100//523 1090//523
f 1088//524 1102//524 1101//524 1089//524
f 1087//525 1103//525 1102//525 1088//525
f 1086//526 1104//526 1103//526 1087//526
f 1085//527 1105//527 1104//527 1086//527
f 1084//528 1106//528 1105//528 1085//528
f 1083//529 1107//529 1106//529 1084//529
f 1082//530 1108//530 1107//530 1083//530
f 1081//531 1109//531 1108//531 1082//531
f 1080//532 1110//532 1109//532 1081//532
f 1079//533 1095//533 1110//533 1080//533
f 1115//1 1116//1 1117//1 1118//1
f 1114//534 1116//534 1115//534 1111//534
f 1113//535 1117//535 1116//535 1114//535
f 1112//536 1118//536 1117//536 1113//536
f 1111//537 1115//537 1118//537 1112//537
f 1123//1 1124//1 1125//1 1126//1
f 1122//538 1124//538 1123//538 1119//538
f 1121//539 1125//539 1124//539 1122//539
f 1120//540 1126//540 1125//540 1121//540
f 1119//541 1123//541 1126//541 1120//541
f 1131//1 1132//1 1133//1 1134//1
f 1130//542 1132//542 1131//542 1127//542
f 1129//543 1133//543 1132//543 1130//543
f 1128//544 1134//544 1133//544 1129//544
f 1127//545 1131//545 1134//545 1128//545
f 1140//1 1141//1 1142//1 1143//1 1144//1
f 1139//546 1141//546 1140//546 1135//546
f 1138//547 1142//547 1141//547 1139//547
f 1137//548 1143//548 1142//548 1138//548
f 1136//549 1144//549 1143//549 1137//549
f 1135//550 1140//550 1144//550 1136//550
f 1150//1 1151//1 1152//1 1153//1 1154//1
f 1149//551 1151//551 1150//551 1145//551
f 1148//552 1152//552 1151//552 1149//552
f 1147//553 1153//553 1152//553 1148//553
f 1146//554 1154//554 1153//554 1147//554
f 1145//555 1150//555 1154//555 1146//555
f 1164//1 1165//1 1166//1 1167//1 1168//1 1169//1 1170//1 1171//1 1172//1
f 1163//556 1165//556 1164//556 1155//556
f 1162//557 1166//557 1165//557 1163//557
f 1161//558 1167//558 1166//558 1162//558
f 1160//559 1168//559 1167//559 1161//559
f 1159//560 1169//560 1168//560 1160//560
f 1158//561 1170//561 1169//561 1159//561
f 1157//562 1171//562 1170//562 1158//562
f 1156//563 1172//563 1171//563 1157//563
f 1155//564 1164//564 1172//564 1156//564
f 1178//1 1179//1 1180//1 1181//1 1182//1
f 1177//565 1179//565 1178//565 1173//565
f 1176//566 1180//566 1179//566 1177//566
f 1175//567 1181//567 1180//567 1176//567
f 1174//568 1182//568 1181//568 1175//568
f 1173//569 1178//569 1182//569 1174//569
f 1188//1 1189//1 1190//1 1191//1 1192//1
f 1187//570 1189//570 1188//570 1183//570
f 1186//571 1190//571 1189//571 1187//571
f 1185//572 1191//572 1190//572 1186//572
f 1184//573 1192//573 1191//573 1185//573
f 1183//574 1188//574 1192//574 1184//574
f 1198//1 1199//1 1200//1 1201//1 1202//1
f 1197//575 1199//575 1198//575 1193//575
f 1196//576 1200//576 1199//576 1197//576
f 1195//577 1201//577 1200//577 1196//577
f 1194//578 1202//578 1201//578 1195//578
f 1193//579 1198//579 1202//579 1194//579
f 1208//1 1209//1 1210//1 1211//1 1212//1
f 1207//580 1209//580 1208//580 1203//580
f 1206//581 1210//581 1209//581 1207//581
f 1205//582 1211//582 1210//582 1206//582
f 1204//583 1212//583 1211//583 1205//583
f 1203//584 1208//584 1212//584 1204//584
f 1218//1 1219//1 1220//1 1221//1 1222//1
f 1217//585 1219//585 1218//585 1213//585
f 1216//586 1220//586 1219//586 1217//586
f 1215//587 1221//587 1220//587 1216//587
f 1214//588 1222//588 1221//588 1215//588
f 1213//589 1218//589 1222//589 1214//589
f 1230//1 1231//1 1232//1 1233//1 1234//1 1235//1 1236//1
f 1229//234 1231//234 1230//234 1223//234
f 1228//590 1232//590 1231//590 1229//590
f 1227//591 1233//591 1232//591 1228//591
f 1226//592 1234//592 1233//592 1227//592
f 1225//593 1235//593 1234//593 1226//593
f 1224//594 1236//594 1235//594 1225//594
f 1223//595 1230//595 1236//595 1224//595
f 1242//1 1243//1 1244//1 1245//1 1246//1
f 1241//596 1243//596 1242//596 1237//596
f 1240//597 1244//597 1243//597 1241//597
f 1239//598 1245//598 1244//598 1240//598
f 1238//599 1246//599 1245//599 1239//599
f 1237//600 1242//600 1246//600 1238//600
f 1254//1 1255//1 1256//1 1257//1 1258//1 1259//1 1260//1
f 1253//601 1255//601 1254//601 1247//601
f 1252//602 1256//602 1255//602 1253//602
f 1251//603 1257//603 1256//603 1252//603
f 1250//604 1258//604 1257//604 1251//604
f 1249//605 1259//605 1258//605 1250//605
f 1248//606 1260//606 1259//606 1249//606
f 1247//607 1254//607 1260//607 1248//607
f 1272//1 1273//1 1274//1 1275//1 1276//1 1277//1 1278//1 1279//1 1280//1 1281//1 1282//1
f 1271//608 1273//608 1272//608 1261//608
f 1270//609 1274//609 1273//609 1271//609
f 1269//610 1275//610 1274//610 1270//610
f 1268//611 1276//611 1275//611 1269//611
f 1267//612 1277//612 1276//612 1268//612
f 1266//613 1278//613 1277//613 1267//613
f 1265//614 1279//614 1278//614 1266//614
f 1264//615 1280//615 1279//615 1265//615
f 1263//616 1281//616 1280//616 1264//616
f 1262//617 1282//617 1281//617 1263//617
f 1261//618 1272//618 1282//618 1262//618
f 1291//1 1292//1 1293//1 1294//1 1295//1 1296//1 1297//1 1298//1
f 1290//619 1292//619 1291//619 1283//619
f 1289//620 1293//620 1292//620 1290//620
f 1288//621 1294//621 1293//621 1289//621
f 1287//622 1295//622 1294//622 1288//622
f 1286//623 1296//623 1295//623 1287//623
f 1285//624 1297//624 1296//624 1286//624
f 1284//475 1298//475 1297//475 1285//475
f 1283//625 1291//625 1298//625 1284//625
f 1303//1 1304//1 1305//1 1306//1
f 1302//626 1304//626 1303//626 1299//626
f 1301//627 1305//627 1304//627 1302//627
f 1300//628 1306//628 1305//628 1301//628
f 1299//629 1303//629 1306//629 1300//629
f 1314//1 1315//1 1316//1 1317//1 1318//1 1319//1 1320//1
f 1313//630 1315//630 1314//630 1307//630
f 1312//631 1316//631 1315//631 1313//631
f 1311//632 1317//632 1316//632 1312//632
f 1310//633 1318//633 1317//633 1311//633
f 1309//634 1319//634 1318//634 1310//634
f 1308//635 1320//635 1319//635 1309//635
f 1307//636 1314//636 1320//636 1308//636
f 1325//1 1326//1 1327//1 1328//1
f 1324//637 1326//637 1325//637 1321//637
f 1323//638 1327//638 1326//638 1324//638
f 1322//639 1328//639 1327//639 1323//639
f 1321//640 1325//640 1328//640 1322//640
f 1333//1 1334//1 1335//1 1336//1
f 1332//641 1334//641 1333//641 1329//641
f 1331//642 1335//642 1334//642 1332//642
f 1330//643 1336//643 1335//643 1331//643
f 1329//644 1333//644 1336//644 1330//644
f 1341//1 1342//1 1343//1 1344//1
f 1340//645 1342//645 1341//645 1337//645
f 1339//646 1343//646 1342//646 1340//646
f 1338//647 1344//647 1343//647 1339//647
f 1337//648 1341//648 1344//648 1338//648
f 1349//1 1350//1 1351//1 1352//1
f 1348//649 1350//649 1349//649 1345//649
f 1347//650 1351//650 1350//650 1348//650
f 1346//651 1352//651 1351//651 1347//651
f 1345//652 1349//652 1352//652 1346//652
f 1359//1 1360//1 1361//1 1362//1 1363//1 1364//1
f 1354//653 1360//653 1359//653 1353//653
f 1355//654 1361//654 1360//654 1354//654
f 1356//655 1362//655 1361//655 1355//655
f 1357//656 1363//656 1362//656 1356//656
f 1358//657 1364//657 1363//657 1357//657
f 1353//656 1359//656 1364//656 1358//656
f 1369//1 1370//1 1371//1 1372//1
f 1368//658 1370//658 1369//658 1365//658
f 1367//659 1371//659 1370//659 1368//659
f 1366//660 1372//660 1371//660 1367//660
f 1365//661 1369//661 1372//661 1366//661
f 1377//1 1378//1 1379//1 1380//1
f 1376//662 1378//662 1377//662 1373//662
f 1375//663 1379//663 1378//663 1376//663
f 1374//664 1380//664 1379//664 1375//664
f 1373//59 1377//59 1380//59 1374//59
f 1391//1 1392//1 1393//1 1394//1 1395//1 1396//1 1397//1 1398//1 1399//1 1400//1
f 1390//665 1392//665 1391//665 1381//665
f 1389//666 1393//666 1392//666 1390//666
f 1388//667 1394//667 1393//667 1389//667
f 1387//668 1395//668 1394//668 1388//668
f 1386//669 1396//669 1395//669 1387//669
f 1385//670 1397//670 1396//670 1386//670
f 1384//671 1398//671 1397//671 1385//671
f 1383//672 1399//672 1398//672 1384//672
f 1382//673 1400//673 1399//673 1383//673
f 1381//674 1391//674 1400//674 1382//674
f 1405//1 1406//1 1407//1 1408//1
f 1404//675 1406//675 1405//675 1401//675
f 1403//676 1407//676 1406//676 1404//676
f 1402//677 1408//677 1407//677 1403//677
f 1401//678 1405//678 1408//678 1402//678
f 1413//1 1414//1 1415//1 1416//1
f 1412//679 1414//679 1413//679 1409//679
f 1411//680 1415//680 1414//680 1412//680
f 1410//681 1416//681 1415//681 1411//681
f 1409//682 1413//682 1416//682 1410//682
f 1421//1 1422//1 1423//1 1424//1
f 1420//683 1422//683 1421//683 1417//683
f 1419//684 1423//684 1422//684 1420//684
f 1418//685 1424//685 1423//685 1419//685
f 1417//686 1421//686 1424//686 1418//686
f 1429//1 1430//1 1431//1 1432//1
f 1426//687 1430//687 1429//687 1425//687
f 1427//688 1431//688 1430//688 1426//688
f 1428//689 1432//689 1431//689 1427//689
f 1425//690 1429//690 1432//690 1428//690
f 1437//1 1438//1 1439//1 1440//1
f 1436//691 1438//691 1437//691 1433//691
f 1435//692 1439//692 1438//692 1436//692
f 1434//693 1440//693 1439//693 1435//693
f 1433//694 1437//694 1440//694 1434//694
f 1445//1 1446//1 1447//1 1448//1
f 1444//695 1446//695 1445//695 1441//695
f 1443//696 1447//696 1446//696 1444//696
f 1442//697 1448//697 1447//697 1443//697
f 1441//698 1445//698 1448//698 1442//698
f 1456//1 1457//1 1458//1 1459//1 1460//1 1461//1 1462//1
f 1455//699 1457//699 1456//699 1449//699
f 1454//700 1458//700 1457//700 1455//700
f 1453//701 1459//701 1458//701 1454//701
f 1452//702 1460//702 1459//702 1453//702
f 1451//703 1461//703 1460//703 1452//703
f 1450//704 1462//704 1461//704 1451//704
f 1449//705 1456//705 1462//705 1450//705
f 1467//1 1468//1 1469//1 1470//1
f 1466//706 1468//706 1467//706 1463//706
f 1465//707 1469//707 1468//707 1466//707
f 1464//708 1470//708 1469//708 1465//708
f 1463//709 1467//709 1470//709 1464//709
f 1475//1 1476//1 1477//1 1478//1
f 1472//710 1476//710 1475//710 1471//710
f 1473//711 1477//711 1476//711 1472//711
f 1474//712 1478//712 1477//712 1473//712
f 1471//713 1475//713 1478//713 1474//713
f 1483//1 1484//1 1485//1 1486//1
f 1482//714 1484//714 1483//714 1479//714
f 1481//715 1485//715 1484//715 1482//715
f 1480//716 1486//716 1485//716 1481//716
f 1479//717 1483//717 1486//717 1480//717
f 1491//1 1492//1 1493//1 1494//1
f 1490//718 1492//718 1491//718 1487//718
f 1489//719 1493//719 1492//719 1490//719
f 1488//720 1494//720 1493//720 1489//720
f 1487//721 1491//721 1494//721 1488//721
f 1499//1 1500//1 1501//1 1502//1
f 1496//722 1500//722 1499//722 1495//722
f 1497//723 1501//723 1500//723 1496//723
f 1498//724 1502//724 1501//724 1497//724
f 1495//725 1499//725 1502//725 1498//725
f 1515//1 1516//1 1517//1 1518//1 1519//1 1520//1 1521//1 1522//1 1523//1 1524//1 1525//1 1526//1
f 1514//726 1516//726 1515//726 1503//726
f 1513//727 1517//727 1516//727 1514//727
f 1512//728 1518//728 1517//728 1513//728
f 1511//729 1519//729 1518//729 1512//729
f 1510//730 1520//730 1519//730 1511//730
f 1509//731 1521//731 1520//731 1510//731
f 1508//732 1522//732 1521//732 1509//732
f 1507//733 1523//733 1522//733 1508//733
f 1506//734 1524//734 1523//734 1507//734
f 1505//735 1525//735 1524//735 1506//735
f 1504//736 1526//736 1525//736 1505//736
f 1503//737 1515//737 1526//737 1504//737
f 1531//1 1532//1 1533//1 1534//1
f 1530//738 1532//738 1531//738 1527//738
f 1529//739 1533//739 1532//739 1530//739
f 1528//740 1534//740 1533//740 1529//740
f 1527//741 1531//741 1534//741 1528//741
f 1539//1 1540//1 1541//1 1542//1
f 1536//742 1540//742 1539//742 1535//742
f 1537//743 1541//743 1540//743 1536//743
f 1538//744 1542//744 1541//744 1537//744
f 1535//745 1539//745 1542//745 1538//745
f 1547//1 1548//1 1549//1 1550//1
f 1546//746 1548//746 1547//746 1543//746
f 1545//747 1549//747 1548//747 1546//747
f 1544//748 1550//748 1549//748 1545//748
f 1543//749 1547//749 1550//749 1544//749
f 1557//1 1558//1 1559//1 1560//1 1561//1 1562//1
f 1556//750 1558//750 1557//750 1551//750
f 1555//751 1559//751 1558//751 1556//751
f 1554//752 1560//752 1559//752 1555//752
f 1553//753 1561//753 1560//753 1554//753
f 1552//754 1562//754 1561//754 1553//754
f 1551//755 1557//755 1562//755 1552//755
f 1567//1 1568//1 1569//1 1570//1
f 1566//756 1568//756 1567//756 1563//756
f 1565//757 1569//757 1568//757 1566//757
f 1564//758 1570//758 1569//758 1565//758
f 1563//759 1567//759 1570//759 1564//759
f 1575//1 1576//1 1577//1 1578//1
f 1572//760 1576//760 1575//760 1571//760
f 1573//761 1577//761 1576//761 1572//761
f 1574//762 1578//762 1577//762 1573//762
f 1571//763 1575//763 1578//763 1574//763
f 1583//1 1584//1 1585//1 1586//1
f 1580//764 1584//764 1583//764 1579//764
f 1581//765 1585//765 1584//765 1580//765
f 1582//766 1586//766 1585//766 1581//766
f 1579//767 1583//767 1586//767 1582//767
f 1591//1 1592//1 1593//1 1594//1
f 1588//768 1592//768 1591//768 1587//768
f 1589//769 1593//769 1592//769 1588//769
f 1590//770 1594//770 1593//770 1589//770
f 1587//771 1591//771 1594//771 1590//771
f 1599//1 1600//1 1601//1 1602//1
f 1596//772 1600//772 1599//772 1595//772
f 1597//773 1601//773 1600//773 1596//773
f 1598//774 1602//774 1601//774 1597//774
f 1595//775 1599//775 1602//775 1598//775
f 1607//1 1608//1 1609//1 1610//1
f 1604//776 1608//776 1607//776 1603//776
f 1605//777 1609//777 1608//777 1604//777
f 1606//778 1610//778 1609//778 1605//778
f 1603//779 1607//779 1610//779 1606//779
f 1615//1 1616//1 1617//1 1618//1
f 1612//780 1616//780 1615//780 1611//780
f 1613//781 1617//781 1616//781 1612//781
f 1614//782 1618//782 1617//782 1613//782
f 1611//783 1615//783 1618//783 1614//783
f 1625//1 1626//1 1627//1 1628//1 1629//1 1630//1
f 1620//784 1626//784 1625//784 1619//784
f 1621//785 1627//785 1626//785 1620//785
f 1622//786 1628//786 1627//786 1621//786
f 1623//787 1629//787 1628//787 1622//787
f 1624//788 1630//788 1629//788 1623//788
f 1619//789 1625//789 1630//789 1624//789
f 1635//1 1636//1 1637//1 1638//1
f 1632//790 1636//790 1635//790 1631//790
f 1633//791 1637//791 1636//791 1632//791
f 1634//792 1638//792 1637//792 1633//792
f 1631//793 1635//793 1638//793 1634//793
f 1652//1 1653//1 1654//1 1655//1 1656//1 1657//1 1658//1 1659//1 1660//1 1661//1 1662//1 1663//1 1664//1
f 1640//794 1653//794 1652//794 1639//794
f 1641//795 1654//795 1653//795 1640//795
f 1642//796 1655//796 1654//796 1641//796
f 1643//797 1656//797 1655//797 1642//797
f 1644//798 1657//798 1656//798 1643//798
f 1645//799 1658//799 1657//799 1644//799
f 1646//800 1659//800 1658//800 1645//800
f 1647//801 1660//801 1659//801 1646//801
f 1648//802 1661//802 1660//802 1647//802
f 1649//803 1662//803 1661//803 1648//803
f 1650//804 1663//804 1662//804 1649//804
f 1651//805 1664//805 1663//805 1650//805
f 1639//806 1652//806 1664//806 1651//806
f 1672//1 1673//1 1674//1 1675//1 1676//1 1677//1 1678//1
f 1666//807 1673//807 1672//807 1665//807
f 1667//808 1674//808 1673//808 1666//808
f 1668//809 1675//809 1674//809 1667//809
f 1669//198 1676//198 1675//198 1668//198
f 1670//810 1677//810 1676//810 1669//810
f 1671//811 1678//811 1677//811 1670//811
f 1665//812 1672//812 1678//812 1671//812
f 1685//1 1686//1 1687//1 1688//1 1689//1 1690//1
f 1680//813 1686//813 1685//813 1679//813
f 1681//814 1687//814 1686//814 1680//814
f 1682//815 1688//815 1687//815 1681//815
f 1683//816 1689//816 1688//816 1682//816
f 1684//817 1690//817 1689//817 1683//817
f 1679//818 1685//818 1690//818 1684//818
f 1695//1 1696//1 1697//1 1698//1
f 1692//819 1696//819 1695//819 1691//819
f 1693//820 1697//820 1696//820 1692//820
f 1694//821 1698//821 1697//821 1693//821
f 1691//822 1695//822 1698//822 1694//822
f 1703//1 1704//1 1705//1 1706//1
f 1700//823 1704//823 1703//823 1699//823
f 1701//824 1705//824 1704//824 1700//824
f 1702//825 1706//825 1705//825 1701//825
f 1699//826 1703//826 1706//826 1702//826
f 1711//1 1712//1 1713//1 1714//1
f 1708//72 1712//72 1711//72 1707//72
f 1709//75 1713//75 1712//75 1708//75
f 1710//827 1714//827 1713//827 1709//827
f 1707//828 1711//828 1714//828 1710//828
f 1721//1 1722//1 1723//1 1724//1 1725//1 1726//1
f 1716//829 1722//829 1721//829 1715//829
f 1717//830 1723//830 1722//830 1716//830
f 1718//831 1724//831 1723//831 1717//831
f 1719//832 1725//832 1724//832 1718//832
f 1720//833 1726//833 1725//833 1719//833
f 1715//834 1721//834 1726//834 1720//834
f 1731//1 1732//1 1733//1 1734//1
f 1728//835 1732//835 1731//835 1727//835
f 1729//836 1733//836 1732//836 1728//836
f 1730//837 1734//837 1733//837 1729//837
f 1727//838 1731//838 1734//838 1730//838
f 1739//1 1740//1 1741//1 1742//1
f 1736//839 1740//839 1739//839 1735//839
f 1737//840 1741//840 1740//840 1736//840
f 1738//841 1742//841 1741//841 1737//841
f 1735//842 1739//842 1742//842 1738//842
f 1748//1 1749//1 1750//1 1751//1 1752//1
f 1744//843 1749//843 1748//843 1743//843
f 1745//844 1750//844 1749//844 1744//844
f 1746//845 1751//845 1750//845 1745//845
f 1747//846 1752//846 1751//846 1746//846
f 1743//847 1748//847 1752//847 1747//847
f 1758//1 1759//1 1760//1 1761//1 1762//1
f 1754//848 1759//848 1758//848 1753//848
f 1755//849 1760//849 1759//849 1754//849
f 1756//850 1761//850 1760//850 1755//850
f 1757//851 1762//851 1761//851 1756//851
f 1753//852 1758//852 1762//852 1757//852
f 1769//1 1770//1 1771//1 1772//1 1773//1 1774//1
f 1764//853 1770//853 1769//853 1763//853
f 1765//854 1771//854 1770//854 1764//854
f 1766//855 1772//855 1771//855 1765//855
f 1767//856 1773//856 1772//856 1766//856
f 1768//857 1774//857 1773//857 1767//857
f 1763//858 1769//858 1774//858 1768//858
f 1783//1 1784//1 1785//1 1786//1 1787//1 1788//1 1789//1 1790//1
f 1776//859 1784//859 1783//859 1775//859
f 1777//860 1785//860 1784//860 1776//860
f 1778//861 1786//861 1785//861 1777//861
f 1779//280 1787//280 1786//280 1778//280
f 1780//862 1788//862 1787//862 1779//862
f 1781//114 1789//114 1788//114 1780//114
f 1782//863 1790//863 1789//863 1781//863
f 1775//864 1783//864 1790//864 1782//864
f 1795//1 1796//1 1797//1 1798//1
f 1792//865 1796//865 1795//865 1791//865
f 1793//866 1797//866 1796//866 1792//866
f 1794//867 1798//867 1797//867 1793//867
f 1791//868 1795//868 1798//868 1794//868
f 1805//1 1806//1 1807//1 1808//1 1809//1 1810//1
f 1800//869 1806//869 1805//869 1799//869
f 1801//870 1807//870 1806//870 1800//870
f 1802//871 1808//871 1807//871 1801//871
f 1803//872 1809//872 1808//872 1802//872
f 1804//873 1810//873 1809//873 1803//873
f 1799//870 1805//870 1810//870 1804//870
f 1815//1 1816//1 1817//1 1818//1
f 1812//874 1816//874 1815//874 1811//874
f 1813//875 1817//875 1816//875 1812//875
f 1814//876 1818//876 1817//876 1813//876
f 1811//877 1815//877 1818//877 1814//877
f 1829//1 1830//1 1831//1 1832//1 1833//1 1834//1 1835//1 1836//1 1837//1 1838//1
f 1828//878 1830//878 1829//878 1819//878
f 1827//879 1831//879 1830//879 1828//879
f 1826//880 1832//880 1831//880 1827//880
f 1825//881 1833//881 1832//881 1826//881
f 1824//882 1834//882 1833//882 1825//882
f 1823//883 1835//883 1834//883 1824//883
f 1822//884 1836//884 1835//884 1823//884
f 1821//885 1837//885 1836//885 1822//885
f 1820//886 1838//886 1837//886 1821//886
f 1819//887 1829//887 1838//887 1820//887
f 1849//1 1850//1 1851//1 1852//1 1853//1 1854//1 1855//1 1856//1 1857//1 1858//1
f 1848//888 1850//888 1849//888 1839//888
f 1847//889 1851//889 1850//889 1848//889
f 1846//890 1852//890 1851//890 1847//890
f 1845//891 1853//891 1852//891 1846//891
f 1844//892 1854//892 1853//892 1845//892
f 1843//893 1855//893 1854//893 1844//893
f 1842//894 1856//894 1855//894 1843//894
f 1841//895 1857//895 1856//895 1842//895
f 1840//896 1858//896 1857//896 1841//896
f 1839//897 1849//897 1858//897 1840//897
f 1871//1 1872//1 1873//1 1874//1 1875//1 1876//1 1877//1 1878//1 1879//1 1880//1 1881//1 1882//1
f 1870//898 1872//898 1871//898 1859//898
f 1869//899 1873//899 1872//899 1870//899
f 1868//900 1874//900 1873//900 1869//900
f 1867//901 1875//901 1874//901 1868//901
f 1866//902 1876//902 1875//902 1867//902
f 1865//903 1877//903 1876//903 1866//903
f 1864//904 1878//904 1877//904 1865//904
f 1863//905 1879//905 1878//905 1864//905
f 1862//906 1880//906 1879//906 1863//906
f 1861//907 1881//907 1880//907 1862//907
f 1860//908 1882//908 1881//908 1861//908
f 1859//909 1871//909 1882//909 1860//909
f 1896//1 1897//1 1898//1 1899//1 1900//1 1901//1 1902//1 1903//1 1904//1 1905//1 1906//1 1907//1 1908//1
f 1895//910 1897//910 1896//910 1883//910
f 1894//911 1898//911 1897//911 1895//911
f 1893//912 1899//912 1898//912 1894//912
f 1892//913 1900//913 1899//913 1893//913
f 1891//914 1901//914 1900//914 1892//914
f 1890//915 1902//915 1901//915 1891//915
f 1889//916 1903//916 1902//916 1890//916
f 1888//917 1904//917 1903//917 1889//917
f 1887//918 1905//918 1904//918 1888//918
f 1886//919 1906//919 1905//919 1887//919
f 1885//920 1907//920 1906//920 1886//920
f 1884//921 1908//921 1907//921 1885//921
f 1883//922 1896//922 1908//922 1884//922
f 1945//1 1946//1 1947//1 1948//1 1949//1 1950//1 1951//1 1952//1 1953//1 1954//1 1955//1 1956//1 1957//1 1958//1 1959//1 1960//1 1961//1 1962//1 1963//1 1964//1 1965//1 1966//1 1967//1 1968//1 1969//1 1970//1 1971//1 1972//1 1973//1 1974//1 1975//1 1976//1 1977//1 1978//1 1979//1 1980//1
f 1944//923 1946//923 1945//923 1909//923
f 1943//924 1947//924 1946//924 1944//924
f 1942//925 1948//925 1947//925 1943//925
f 1941//926 1949//926 1948//926 1942//926
f 1940//927 1950//927 1949//927 1941//927
f 1939//928 1951//928 1950//928 1940//928
f 1938//929 1952//929 1951//929 1939//929
f 1937//930 1953//930 1952//930 1938//930
f 1936//931 1954//931 1953//931 1937//931
f 1935//932 1955//932 1954//932 1936//932
f 1934//933 1956//933 1955//933 1935//933
f 1933//934 1957//934 1956//934 1934//934
f 1932//935 1958//935 1957//935 1933//935
f 1931//936 1959//936 1958//936 1932//936
f 1930//937 1960//937 1959//937 1931//937
f 1929//938 1961//938 1960//938 1930//938
f 1928//939 1962//939 1961//939 1929//939
f 1927//940 1963//940 1962//940 1928//940
f 1926//656 1964//656 1963//656 1927//656
f 1925//941 1965//941 1964//941 1926//941
f 1924//942 1966//942 1965//942 1925//942
f 1923//943 1967//943 1966//943 1924//943
f 1922//944 1968//944 1967//944 1923//944
f 1921//945 1969//945 1968//945 1922//945
f 1920//946 1970//946 1969//946 1921//946
f 1919//947 1971//947 1970//947 1920//947
f 1918//948 1972//948 1971//948 1919//948
f 1917//949 1973//949 1972//949 1918//949
f 1916//950 1974//950 1973//950 1917//950
f 1915//951 1975//951 1974//951 1916//951
f 1914//952 1976//952 1975//952 1915//952
f 1913//953 1977//953 1976//953 1914//953
f 1912//954 1978//954 1977//954 1913//954
f 1911//955 1979//955 1978//955 1912//955
f 1910//956 1980//956 1979//956 1911//956
f 1909//934 1945//934 1980//934 1910//934
f 1985//1 1986//1 1987//1 1988//1
f 1984//957 1986//957 1985//957 1981//957
f 1983//958 1987//958 1986//958 1984//958
f 1982//959 1988//959 1987//959 1983//959
f 1981//960 1985//960 1988//960 1982//960
f 1993//1 1994//1 1995//1 1996//1
f 1992//961 1994//961 1993//961 1989//961
f 1991//248 1995//248 1994//248 1992//248
f 1990//962 1996//962 1995//962 1991//962
f 1989//963 1993//963 1996//963 1990//963
f 2001//1 2002//1 2003//1 2004//1
f 2000//964 2002//964 2001//964 1997//964
f 1999//965 2003//965 2002//965 2000//965
f 1998//966 2004//966 2003//966 1999//966
f 1997//920 2001//920 2004//920 1998//920
f 2009//1 2010//1 2011//1 2012//1
f 2008//967 2010//967 2009//967 2005//967
f 2007//968 2011//968 2010//968 2008//968
f 2006//969 2012//969 2011//969 2007//969
f 2005//970 2009//970 2012//970 2006//970
f 2017//1 2018//1 2019//1 2020//1
f 2016//971 2018//971 2017//971 2013//971
f 2015//972 2019//972 2018//972 2016//972
f 2014//973 2020//973 2019//973 2015//973
f 2013//974 2017//974 2020//974 2014//974
f 2025//1 2026//1 2027//1 2028//1
f 2024//975 2026//975 2025//975 2021//975
f 2023//976 2027//976 2026//976 2024//976
f 2022//977 2028//977 2027//977 2023//977
f 2021//978 2025//978 2028//978 2022//978
f 2033//1 2034//1 2035//1 2036//1
f 2032//706 2034//706 2033//706 2029//706
f 2031//979 2035//979 2034//979 2032//979
f 2030//980 2036//980 2035//980 2031//980
f 2029//981 2033//981 2036//981 2030//981
f 2041//1 2042//1 2043//1 2044//1
f 2040//982 2042//982 2041//982 2037//982
f 2039//983 2043//983 2042//983 2040//983
f 2038//984 2044//984 2043//984 2039//984
f 2037//985 2041//985 2044//985 2038//985
f 2049//1 2050//1 2051//1 2052//1
f 2048//107 2050//107 2049//107 2045//107
f 2047//986 2051//986 2050//986 2048//986
f 2046//987 2052//987 2051//987 2047//987
f 2045//988 2049//988 2052//988 2046//988
f 2057//1 2058//1 2059//1 2060//1
f 2056//989 2058//989 2057//989 2053//989
f 2055//990 2059//990 2058//990 2056//990
f 2054//991 2060//991 2059//991 2055//991
f 2053//992 2057//992 2060//992 2054//992
f 2065//1 2066//1 2067//1 2068//1
f 2064//993 2066//993 2065//993 2061//993
f 2063//994 2067//994 2066//994 2064//994
f 2062//436 2068//436 2067//436 2063//436
f 2061//995 2065//995 2068//995 2062//995
f 2073//1 2074//1 2075//1 2076//1
f 2072//996 2074//996 2073//996 2069//996
f 2071//997 2075//997 2074//997 2072//997
f 2070//998 2076//998 2075//998 2071//998
f 2069//999 2073//999 2076//999 2070//999
f 2081//1 2082//1 2083//1 2084//1
f 2080//1000 2082//1000 2081//1000 2077//1000
f 2079//1001 2083//1001 2082//1001 2080//1001
f 2078//1002 2084//1002 2083//1002 2079//1002
f 2077//1003 2081//1003 2084//1003 2078//1003
f 2089//1 2090//1 2091//1 2092//1
f 2088//1004 2090//1004 2089//1004 2085//1004
f 2087//1005 2091//1005 2090//1005 2088//1005
f 2086//1006 2092//1006 2091//1006 2087//1006
f 2085//1007 2089//1007 2092//1007 2086//1007
f 2097//1 2098//1 2099//1 2100//1
f 2096//1008 2098//1008 2097//1008 2093//1008
f 2095//1009 2099//1009 2098//1009 2096//1009
f 2094//1010 2100//1010 2099//1010 2095//1010
f 2093//1011 2097//1011 2100//1011 2094//1011
f 2105//1 2106//1 2107//1 2108//1
f 2104//1012 2106//1012 2105//1012 2101//1012
f 2103//1013 2107//1013 2106//1013 2104//1013
f 2102//1014 2108//1014 2107//1014 2103//1014
f 2101//1015 2105//1015 2108//1015 2102//1015
f 2113//1 2114//1 2115//1 2116//1
f 2112//1016 2114//1016 2113//1016 2109//1016
f 2111//1017 2115//1017 2114//1017 2112//1017
f 2110//1018 2116//1018 2115//1018 2111//1018
f 2109//1019 2113//1019 2116//1019 2110//1019
f 2121//1 2122//1 2123//1 2124//1
f 2120//1020 2122//1020 2121//1020 2117//1020
f 2119//1021 2123//1021 2122//1021 2120//1021
f 2118//1022 2124//1022 2123//1022 2119//1022
f 2117//1023 2121//1023 2124//1023 2118//1023
f 2129//1 2130//1 2131//1 2132//1
f 2128//438 2130//438 2129//438 2125//438
f 2127//1024 2131//1024 2130//1024 2128//1024
f 2126//1025 2132//1025 2131//1025 2127//1025
f 2125//1026 2129//1026 2132//1026 2126//1026
f 2137//1 2138//1 2139//1 2140//1
f 2136//1027 2138//1027 2137//1027 2133//1027
f 2135//1028 2139//1028 2138//1028 2136//1028
f 2134//1029 2140//1029 2139//1029 2135//1029
f 2133//1030 2137//1030 2140//1030 2134//1030
f 2145//1 2146//1 2147//1 2148//1
f 2144//1031 2146//1031 2145//1031 2141//1031
f 2143//1032 2147//1032 2146//1032 2144//1032
f 2142//1033 2148//1033 2147//1033 2143//1033
f 2141//1034 2145//1034 2148//1034 2142//1034
f 2153//1 2154//1 2155//1 2156//1
f 2152//1035 2154//1035 2153//1035 2149//1035
f 2151//1036 2155//1036 2154//1036 2152//1036
f 2150//1037 2156//1037 2155//1037 2151//1037
f 2149//1038 2153//1038 2156//1038 2150//1038
f 2161//1 2162//1 2163//1 2164//1
f 2160//1039 2162//1039 2161//1039 2157//1039
f 2159//1040 2163//1040 2162//1040 2160//1040
f 2158//448 2164//448 2163//448 2159//448
f 2157//449 2161//449 2164//449 2158//449
f 2169//1 2170//1 2171//1 2172//1
f 2168//1041 2170//1041 2169//1041 2165//1041
f 2167//1042 2171//1042 2170//1042 2168//1042
f 2166//1043 2172//1043 2171//1043 2167//1043
f 2165//1044 2169//1044 2172//1044 2166//1044
f 2177//1 2178//1 2179//1 2180//1
f 2176//1045 2178//1045 2177//1045 2173//1045
f 2175//1046 2179//1046 2178//1046 2176//1046
f 2174//1047 2180//1047 2179//1047 2175//1047
f 2173//1048 2177//1048 2180//1048 2174//1048
f 2185//1 2186//1 2187//1 2188//1
f 2184//1049 2186//1049 2185//1049 2181//1049
f 2183//1050 2187//1050 2186//1050 2184//1050
f 2182//1051 2188//1051 2187//1051 2183//1051
f 2181//1052 2185//1052 2188//1052 2182//1052
f 2193//1 2194//1 2195//1 2196//1
f 2192//1053 2194//1053 2193//1053 2189//1053
f 2191//1054 2195//1054 2194//1054 2192//1054
f 2190//1055 2196//1055 2195//1055 2191//1055
f 2189//1056 2193//1056 2196//1056 2190//1056
f 2201//1 2202//1 2203//1 2204//1
f 2200//1057 2202//1057 2201//1057 2197//1057
f 2199//1058 2203//1058 2202//1058 2200//1058
f 2198//1059 2204//1059 2203//1059 2199//1059
f 2197//1060 2201//1060 2204//1060 2198//1060
f 2209//1 2210//1 2211//1 2212//1
f 2208//1061 2210//1061 2209//1061 2205//1061
f 2207//1062 2211//1062 2210//1062 2208//1062
f 2206//1063 2212//1063 2211//1063 2207//1063
f 2205//1064 2209//1064 2212//1064 2206//1064
f 2217//1 2218//1 2219//1 2220//1
f 2216//1065 2218//1065 2217//1065 2213//1065
f 2215//1066 2219//1066 2218//1066 2216//1066
f 2214//1067 2220//1067 2219//1067 2215//1067
f 2213//1068 2217//1068 2220//1068 2214//1068
f 2225//1 2226//1 2227//1 2228//1
f 2224//1069 2226//1069 2225//1069 2221//1069
f 2223//1070 2227//1070 2226//1070 2224//1070
f 2222//1071 2228//1071 2227//1071 2223//1071
f 2221//1072 2225//1072 2228//1072 2222//1072
f 2233//1 2234//1 2235//1 2236//1
f 2232//1073 2234//1073 2233//1073 2229//1073
f 2231//1074 2235//1074 2234//1074 2232//1074
f 2230//1075 2236//1075 2235//1075 2231//1075
f 2229//1076 2233//1076 2236//1076 2230//1076
f 2241//1 2242//1 2243//1 2244//1
f 2240//1077 2242//1077 2241//1077 2237//1077
f 2239//1078 2243//1078 2242//1078 2240//1078
f 2238//1079 2244//1079 2243//1079 2239//1079
f 2237//1080 2241//1080 2244//1080 2238//1080
f 2249//1 2250//1 2251//1 2252//1
f 2248//1081 2250//1081 2249//1081 2245//1081
f 2247//1082 2251//1082 2250//1082 2248//1082
f 2246//1083 2252//1083 2251//1083 2247//1083
f 2245//1084 2249//1084 2252//1084 2246//1084
f 2258//1 2259//1 2260//1 2261//1 2262//1
f 2257//259 2259//259 2258//259 2253//259
f 2256//1085 2260//1085 2259//1085 2257//1085
f 2255//1086 2261//1086 2260//1086 2256//1086
f 2254//1087 2262//1087 2261//1087 2255//1087
f 2253//1088 2258//1088 2262//1088 2254//1088
f 2267//1 2268//1 2269//1 2270//1
f 2266//1089 2268//1089 2267//1089 2263//1089
f 2265//1090 2269//1090 2268//1090 2266//1090
f 2264//1091 2270//1091 2269//1091 2265//1091
f 2263//1092 2267//1092 2270//1092 2264//1092
f 2275//1 2276//1 2277//1 2278//1
f 2274//769 2276//769 2275//769 2271//769
f 2273//1093 2277//1093 2276//1093 2274//1093
f 2272//1094 2278//1094 2277//1094 2273//1094
f 2271//1095 2275//1095 2278//1095 2272//1095
f 2283//1 2284//1 2285//1 2286//1
f 2282//1096 2284//1096 2283//1096 2279//1096
f 2281//1097 2285//1097 2284//1097 2282//1097
f 2280//1098 2286//1098 2285//1098 2281//1098
f 2279//1099 2283//1099 2286//1099 2280//1099
f 2291//1 2292//1 2293//1 2294//1
f 2290//1100 2292//1100 2291//1100 2287//1100
f 2289//1101 2293//1101 2292//1101 2290//1101
f 2288//1102 2294//1102 2293//1102 2289//1102
f 2287//1103 2291//1103 2294//1103 2288//1103
f 2299//1 2300//1 2301//1 2302//1
f 2298//1104 2300//1104 2299//1104 2295//1104
f 2297//1105 2301//1105 2300//1105 2298//1105
f 2296//1106 2302//1106 2301//1106 2297//1106
f 2295//1107 2299//1107 2302//1107 2296//1107
f 2307//1 2308//1 2309//1 2310//1
f 2306//1108 2308//1108 2307//1108 2303//1108
f 2305//1109 2309//1109 2308//1109 2306//1109
f 2304//1110 2310//1110 2309//1110 2305//1110
f 2303//1111 2307//1111 2310//1111 2304//1111
f 2316//1 2317//1 2318//1 2319//1 2320//1
f 2315//1112 2317//1112 2316//1112 2311//1112
f 2314//433 2318//433 2317//433 2315//433
f 2313//1113 2319//1113 2318//1113 2314//1113
f 2312//1114 2320//1114 2319//1114 2313//1114
f 2311//1115 2316//1115 2320//1115 2312//1115
f 2325//1 2326//1 2327//1 2328//1
f 2324//1116 2326//1116 2325//1116 2321//1116
f 2323//1117 2327//1117 2326//1117 2324//1117
f 2322//1118 2328//1118 2327//1118 2323//1118
f 2321//1119 2325//1119 2328//1119 2322//1119
f 2333//1 2334//1 2335//1 2336//1
f 2332//1120 2334//1120 2333//1120 2329//1120
f 2331//1121 2335//1121 2334//1121 2332//1121
f 2330//1122 2336//1122 2335//1122 2331//1122
f 2329//1123 2333//1123 2336//1123 2330//1123
f 2341//1 2342//1 2343//1 2344//1
f 2340//1124 2342//1124 2341//1124 2337//1124
f 2339//1125 2343//1125 2342//1125 2340//1125
f 2338//1126 2344//1126 2343//1126 2339//1126
f 2337//1127 2341//1127 2344//1127 2338//1127
f 2349//1 2350//1 2351//1 2352//1
f 2348//1128 2350//1128 2349//1128 2345//1128
f 2347//1129 2351//1129 2350//1129 2348//1129
f 2346//467 2352//467 2351//467 2347//467
f 2345//1130 2349//1130 2352//1130 2346//1130
f 2357//1 2358//1 2359//1 2360//1
f 2356//158 2358//158 2357//158 2353//158
f 2355//1131 2359//1131 2358//1131 2356//1131
f 2354//1132 2360//1132 2359//1132 2355//1132
f 2353//1133 2357//1133 2360//1133 2354//1133
f 2365//1 2366//1 2367//1 2368//1
f 2364//1134 2366//1134 2365//1134 2361//1134
f 2363//1135 2367//1135 2366//1135 2364//1135
f 2362//1136 2368//1136 2367//1136 2363//1136
f 2361//1137 2365//1137 2368//1137 2362//1137
f 2373//1 2374//1 2375//1 2376//1
f 2372//1138 2374//1138 2373//1138 2369//1138
f 2371//1139 2375//1139 2374//1139 2372//1139
f 2370//1140 2376//1140 2375//1140 2371//1140
f 2369//1141 2373//1141 2376//1141 2370//1141
f 2382//1 2383//1 2384//1 2385//1 2386//1
f 2381//1009 2383//1009 2382//1009 2377//1009
f 2380//248 2384//248 2383//248 2381//248
f 2379//1142 2385//1142 2384//1142 2380//1142
f 2378//1143 2386//1143 2385//1143 2379//1143
f 2377//1144 2382//1144 2386//1144 2378//1144
f 2395//1 2396//1 2397//1 2398//1 2399//1 2400//1 2401//1 2402//1
f 2394//1145 2396//1145 2395//1145 2387//1145
f 2393//1146 2397//1146 2396//1146 2394//1146
f 2392//1147 2398//1147 2397//1147 2393//1147
f 2391//465 2399//465 2398//465 2392//465
f 2390//1148 2400//1148 2399//1148 2391//1148
f 2389//1149 2401//1149 2400//1149 2390//1149
f 2388//1150 2402//1150 2401//1150 2389//1150
f 2387//1151 2395//1151 2402//1151 2388//1151
f 2407//1 2408//1 2409//1 2410//1
f 2406//1152 2408//1152 2407//1152 2403//1152
f 2405//1153 2409//1153 2408//1153 2406//1153
f 2404//1154 2410//1154 2409//1154 2405//1154
f 2403//1155 2407//1155 2410//1155 2404//1155
f 2415//1 2416//1 2417//1 2418//1
f 2414//1156 2416//1156 2415//1156 2411//1156
f 2413//1157 2417//1157 2416//1157 2414//1157
f 2412//1158 2418//1158 2417//1158 2413//1158
f 2411//1159 2415//1159 2418//1159 2412//1159
f 2423//1 2424//1 2425//1 2426//1
f 2422//1160 2424//1160 2423//1160 2419//1160
f 2421//1161 2425//1161 2424//1161 2422//1161
f 2420//1162 2426//1162 2425//1162 2421//1162
f 2419//1163 2423//1163 2426//1163 2420//1163
f 2431//1 2432//1 2433//1 2434//1
f 2430//699 2432//699 2431//699 2427//699
f 2429//355 2433//355 2432//355 2430//355
f 2428//1164 2434//1164 2433//1164 2429//1164
f 2427//1165 2431//1165 2434//1165 2428//1165
f 2439//1 2440//1 2441//1 2442//1
f 2438//1166 2440//1166 2439//1166 2435//1166
f 2437//1040 2441//1040 2440//1040 2438//1040
f 2436//1167 2442//1167 2441//1167 2437//1167
f 2435//1168 2439//1168 2442//1168 2436//1168
f 2447//1 2448//1 2449//1 2450//1
f 2446//1169 2448//1169 2447//1169 2443//1169
f 2445//1170 2449//1170 2448//1170 2446//1170
f 2444//1171 2450//1171 2449//1171 2445//1171
f 2443//1172 2447//1172 2450//1172 2444//1172
f 2455//1 2456//1 2457//1 2458//1
f 2454//1173 2456//1173 2455//1173 2451//1173
f 2453//1174 2457//1174 2456//1174 2454//1174
f 2452//1175 2458//1175 2457//1175 2453//1175
f 2451//1176 2455//1176 2458//1176 2452//1176
f 2463//1 2464//1 2465//1 2466//1
f 2462//1177 2464//1177 2463//1177 2459//1177
f 2461//1178 2465//1178 2464//1178 2462//1178
f 2460//1179 2466//1179 2465//1179 2461//1179
f 2459//1180 2463//1180 2466//1180 2460//1180
f 2471//1 2472//1 2473//1 2474//1
f 2470//1181 2472//1181 2471//1181 2467//1181
f 2469//1182 2473//1182 2472//1182 2470//1182
f 2468//1183 2474//1183 2473//1183 2469//1183
f 2467//1184 2471//1184 2474//1184 2468//1184
f 2479//1 2480//1 2481//1 2482//1
f 2478//1185 2480//1185 2479//1185 2475//1185
f 2477//1186 2481//1186 2480//1186 2478//1186
f 2476//1187 2482//1187 2481//1187 2477//1187
f 2475//1188 2479//1188 2482//1188 2476//1188
f 2487//1 2488//1 2489//1 2490//1
f 2486//1189 2488//1189 2487//1189 2483//1189
f 2485//1190 2489//1190 2488//1190 2486//1190
f 2484//1167 2490//1167 2489//1167 2485//1167
f 2483//1191 2487//1191 2490//1191 2484//1191
f 2495//1 2496//1 2497//1 2498//1
f 2494//1192 2496//1192 2495//1192 2491//1192
f 2493//1193 2497//1193 2496//1193 2494//1193
f 2492//1194 2498//1194 2497//1194 2493//1194
f 2491//1195 2495//1195 2498//1195 2492//1195
f 2503//1 2504//1 2505//1 2506//1
f 2502//1196 2504//1196 2503//1196 2499//1196
f 2501//1197 2505//1197 2504//1197 2502//1197
f 2500//998 2506//998 2505//998 2501//998
f 2499//1198 2503//1198 2506//1198 2500//1198
f 2511//1 2512//1 2513//1 2514//1
f 2510//1199 2512//1199 2511//1199 2507//1199
f 2509//1200 2513//1200 2512//1200 2510//1200
f 2508//49 2514//49 2513//49 2509//49
f 2507//1201 2511//1201 2514//1201 2508//1201
f 2519//1 2520//1 2521//1 2522//1
f 2518//1202 2520//1202 2519//1202 2515//1202
f 2517//1203 2521//1203 2520//1203 2518//1203
f 2516//1204 2522//1204 2521//1204 2517//1204
f 2515//1205 2519//1205 2522//1205 2516//1205
f 2527//1 2528//1 2529//1 2530//1
f 2526//507 2528//507 2527//507 2523//507
f 2525//1206 2529//1206 2528//1206 2526//1206
f 2524//505 2530//505 2529//505 2525//505
f 2523//1207 2527//1207 2530//1207 2524//1207
f 2535//1 2536//1 2537//1 2538//1
f 2534//1208 2536//1208 2535//1208 2531//1208
f 2533//1209 2537//1209 2536//1209 2534//1209
f 2532//1210 2538//1210 2537//1210 2533//1210
f 2531//1211 2535//1211 2538//1211 2532//1211
f 2543//1 2544//1 2545//1 2546//1
f 2542//1212 2544//1212 2543//1212 2539//1212
f 2541//1213 2545//1213 2544//1213 2542//1213
f 2540//1214 2546//1214 2545//1214 2541//1214
f 2539//1215 2543//1215 2546//1215 2540//1215
f 2551//1 2552//1 2553//1 2554//1
f 2550//1216 2552//1216 2551//1216 2547//1216
f 2549//1197 2553//1197 2552//1197 2550//1197
f 2548//1217 2554//1217 2553//1217 2549//1217
f 2547//102 2551//102 2554//102 2548//102
f 2559//1 2560//1 2561//1 2562//1
f 2558//1218 2560//1218 2559//1218 2555//1218
f 2557//1219 2561//1219 2560//1219 2558//1219
f 2556//1220 2562//1220 2561//1220 2557//1220
f 2555//1221 2559//1221 2562//1221 2556//1221
f 2567//1 2568//1 2569//1 2570//1
f 2566//1222 2568//1222 2567//1222 2563//1222
f 2565//1223 2569//1223 2568//1223 2566//1223
f 2564//1224 2570//1224 2569//1224 2565//1224
f 2563//1225 2567//1225 2570//1225 2564//1225
f 2575//1 2576//1 2577//1 2578//1
f 2574//1226 2576//1226 2575//1226 2571//1226
f 2573//1227 2577//1227 2576//1227 2574//1227
f 2572//1228 2578//1228 2577//1228 2573//1228
f 2571//1229 2575//1229 2578//1229 2572//1229
f 2583//1 2584//1 2585//1 2586//1
f 2582//1230 2584//1230 2583//1230 2579//1230
f 2581//1231 2585//1231 2584//1231 2582//1231
f 2580//1232 2586//1232 2585//1232 2581//1232
f 2579//1233 2583//1233 2586//1233 2580//1233
f 2591//1 2592//1 2593//1 2594//1
f 2590//1234 2592//1234 2591//1234 2587//1234
f 2589//1235 2593//1235 2592//1235 2590//1235
f 2588//1236 2594//1236 2593//1236 2589//1236
f 2587//1237 2591//1237 2594//1237 2588//1237
f 2599//1 2600//1 2601//1 2602//1
f 2598//1238 2600//1238 2599//1238 2595//1238
f 2597//1239 2601//1239 2600//1239 2598//1239
f 2596//1240 2602//1240 2601//1240 2597//1240
f 2595//1241 2599//1241 2602//1241 2596//1241
f 2607//1 2608//1 2609//1 2610//1
f 2606//1242 2608//1242 2607//1242 2603//1242
f 2605//1243 2609//1243 2608//1243 2606//1243
f 2604//1244 2610//1244 2609//1244 2605//1244
f 2603//1245 2607//1245 2610//1245 2604//1245
f 2615//1 2616//1 2617//1 2618//1
f 2614//341 2616//341 2615//341 2611//341
f 2613//1246 2617//1246 2616//1246 2614//1246
f 2612//1247 2618//1247 2617//1247 2613//1247
f 2611//1248 2615//1248 2618//1248 2612//1248
f 2624//1 2625//1 2626//1 2627//1 2628//1
f 2623//1249 2625//1249 2624//1249 2619//1249
f 2622//1250 2626//1250 2625//1250 2623//1250
f 2621//1251 2627//1251 2626//1251 2622//1251
f 2620//1252 2628//1252 2627//1252 2621//1252
f 2619//1253 2624//1253 2628//1253 2620//1253
f 2634//1 2635//1 2636//1 2637//1 2638//1
f 2633//1254 2635//1254 2634//1254 2629//1254
f 2632//1255 2636//1255 2635//1255 2633//1255
f 2631//1256 2637//1256 2636//1256 2632//1256
f 2630//1257 2638//1257 2637//1257 2631//1257
f 2629//1258 2634//1258 2638//1258 2630//1258
f 2649//1 2650//1 2651//1 2652//1 2653//1 2654//1 2655//1 2656//1 2657//1 2658//1
f 2648//1259 2650//1259 2649//1259 2639//1259
f 2647//1260 2651//1260 2650//1260 2648//1260
f 2646//1261 2652//1261 2651//1261 2647//1261
f 2645//421 2653//421 2652//421 2646//421
f 2644//453 2654//453 2653//453 2645//453
f 2643//1262 2655//1262 2654//1262 2644//1262
f 2642//1263 2656//1263 2655//1263 2643//1263
f 2641//1264 2657//1264 2656//1264 2642//1264
f 2640//304 2658//304 2657//304 2641//304
f 2639//1265 2649//1265 2658//1265 2640//1265
f 2664//1 2665//1 2666//1 2667//1 2668//1
f 2663//1096 2665//1096 2664//1096 2659//1096
f 2662//1078 2666//1078 2665//1078 2663//1078
f 2661//49 2667//49 2666//49 2662//49
f 2660//1266 2668//1266 2667//1266 2661//1266
f 2659//1267 2664//1267 2668//1267 2660//1267
f 2674//1 2675//1 2676//1 2677//1 2678//1
f 2673//1268 2675//1268 2674//1268 2669//1268
f 2672//1269 2676//1269 2675//1269 2673//1269
f 2671//1270 2677//1270 2676//1270 2672//1270
f 2670//1271 2678//1271 2677//1271 2671//1271
f 2669//1272 2674//1272 2678//1272 2670//1272
f 2684//1 2685//1 2686//1 2687//1 2688//1
f 2683//1273 2685//1273 2684//1273 2679//1273
f 2682//1274 2686//1274 2685//1274 2683//1274
f 2681//1275 2687//1275 2686//1275 2682//1275
f 2680//1276 2688//1276 2687//1276 2681//1276
f 2679//1277 2684//1277 2688//1277 2680//1277
f 2694//1 2695//1 2696//1 2697//1 2698//1
f 2693//1278 2695//1278 2694//1278 2689//1278
f 2692//1279 2696//1279 2695//1279 2693//1279
f 2691//1280 2697//1280 2696//1280 2692//1280
f 2690//1281 2698//1281 2697//1281 2691//1281
f 2689//1282 2694//1282 2698//1282 2690//1282
f 2704//1 2705//1 2706//1 2707//1 2708//1
f 2703//1283 2705//1283 2704//1283 2699//1283
f 2702//1284 2706//1284 2705//1284 2703//1284
f 2701//1285 2707//1285 2706//1285 2702//1285
f 2700//1286 2708//1286 2707//1286 2701//1286
f 2699//1287 2704//1287 2708//1287 2700//1287
f 2714//1 2715//1 2716//1 2717//1 2718//1
f 2713//1288 2715//1288 2714//1288 2709//1288
f 2712//1063 2716//1063 2715//1063 2713//1063
f 2711//1289 2717//1289 2716//1289 2712//1289
f 2710//1290 2718//1290 2717//1290 2711//1290
f 2709//1291 2714//1291 2718//1291 2710//1291
f 2725//1 2726//1 2727//1 2728//1 2729//1 2730//1
f 2724//1292 2726//1292 2725//1292 2719//1292
f 2723//1293 2727//1293 2726//1293 2724//1293
f 2722//1294 2728//1294 2727//1294 2723//1294
f 2721//1295 2729//1295 2728//1295 2722//1295
f 2720//1296 2730//1296 2729//1296 2721//1296
f 2719//1297 2725//1297 2730//1297 2720//1297
f 2737//1 2738//1 2739//1 2740//1 2741//1 2742//1
f 2736//1298 2738//1298 2737//1298 2731//1298
f 2735//1299 2739//1299 2738//1299 2736//1299
f 2734//1300 2740//1300 2739//1300 2735//1300
f 2733//1301 2741//1301 2740//1301 2734//1301
f 2732//1302 2742//1302 2741//1302 2733//1302
f 2731//1303 2737//1303 2742//1303 2732//1303
f 2749//1 2750//1 2751//1 2752//1 2753//1 2754//1
f 2748//1304 2750//1304 2749//1304 2743//1304
f 2747//1305 2751//1305 2750//1305 2748//1305
f 2746//1306 2752//1306 2751//1306 2747//1306
f 2745//1307 2753//1307 2752//1307 2746//1307
f 2744//1308 2754//1308 2753//1308 2745//1308
f 2743//980 2749//980 2754//980 2744//980
f 2761//1 2762//1 2763//1 2764//1 2765//1 2766//1
f 2760//1309 2762//1309 2761//1309 2755//1309
f 2759//1310 2763//1310 2762//1310 2760//1310
f 2758//1311 2764//1311 2763//1311 2759//1311
f 2757//186 2765//186 2764//186 2758//186
f 2756//1312 2766//1312 2765//1312 2757//1312
f 2755//1313 2761//1313 2766//1313 2756//1313
f 2773//1 2774//1 2775//1 2776//1 2777//1 2778//1
f 2772//1314 2774//1314 2773//1314 2767//1314
f 2771//140 2775//140 2774//140 2772//140
f 2770//1315 2776//1315 2775//1315 2771//1315
f 2769//146 2777//146 2776//146 2770//146
f 2768//1316 2778//1316 2777//1316 2769//1316
f 2767//1317 2773//1317 2778//1317 2768//1317
f 2784//1 2785//1 2786//1 2787//1 2788//1
f 2783//1318 2785//1318 2784//1318 2779//1318
f 2782//994 2786//994 2785//994 2783//994
f 2781//1319 2787//1319 2786//1319 2782//1319
f 2780//1320 2788//1320 2787//1320 2781//1320
f 2779//320 2784//320 2788//320 2780//320
f 2795//1 2796//1 2797//1 2798//1 2799//1 2800//1
f 2794//1321 2796//1321 2795//1321 2789//1321
f 2793//1322 2797//1322 2796//1322 2794//1322
f 2792//369 2798//369 2797//369 2793//369
f 2791//1323 2799//1323 2798//1323 2792//1323
f 2790//1324 2800//1324 2799//1324 2791//1324
f 2789//1325 2795//1325 2800//1325 2790//1325
f 2807//1 2808//1 2809//1 2810//1 2811//1 2812//1
f 2806//1326 2808//1326 2807//1326 2801//1326
f 2805//1327 2809//1327 2808//1327 2806//1327
f 2804//1328 2810//1328 2809//1328 2805//1328
f 2803//1329 2811//1329 2810//1329 2804//1329
f 2802//1330 2812//1330 2811//1330 2803//1330
f 2801//1331 2807//1331 2812//1331 2802//1331
f 2819//1 2820//1 2821//1 2822//1 2823//1 2824//1
f 2818//1234 2820//1234 2819//1234 2813//1234
f 2817//1332 2821//1332 2820//1332 2818//1332
f 2816//1333 2822//1333 2821//1333 2817//1333
f 2815//1334 2823//1334 2822//1334 2816//1334
f 2814//1335 2824//1335 2823//1335 2815//1335
f 2813//1336 2819//1336 2824//1336 2814//1336
f 2832//1 2833//1 2834//1 2835//1 2836//1 2837//1 2838//1
f 2831//1337 2833//1337 2832//1337 2825//1337
f 2830//1338 2834//1338 2833//1338 2831//1338
f 2829//1339 2835//1339 2834//1339 2830//1339
f 2828//1340 2836//1340 2835//1340 2829//1340
f 2827//1341 2837//1341 2836//1341 2828//1341
f 2826//1342 2838//1342 2837//1342 2827//1342
f 2825//1343 2832//1343 2838//1343 2826//1343
f 2847//1 2848//1 2849//1 2850//1 2851//1 2852//1 2853//1 2854//1
f 2846//1344 2848//1344 2847//1344 2839//1344
f 2845//1345 2849//1345 2848//1345 2846//1345
f 2844//1346 2850//1346 2849//1346 2845//1346
f 2843//1347 2851//1347 2850//1347 2844//1347
f 2842//1348 2852//1348 2851//1348 2843//1348
f 2841//1349 2853//1349 2852//1349 2842//1349
f 2840//1350 2854//1350 2853//1350 2841//1350
f 2839//1351 2847//1351 2854//1351 2840//1351
f 2863//1 2864//1 2865//1 2866//1 2867//1 2868//1 2869//1 2870//1
f 2862//1352 2864//1352 2863//1352 2855//1352
f 2861//1353 2865//1353 2864//1353 2862//1353
f 2860//1354 2866//1354 2865//1354 2861//1354
f 2859//1355 2867//1355 2866//1355 2860//1355
f 2858//1356 2868//1356 2867//1356 2859//1356
f 2857//1357 2869//1357 2868//1357 2858//1357
f 2856//1358 2870//1358 2869//1358 2857//1358
f 2855//1359 2863//1359 2870//1359 2856//1359
f 2879//1 2880//1 2881//1 2882//1 2883//1 2884//1 2885//1 2886//1
f 2878//1360 2880//1360 2879//1360 2871//1360
f 2877//1361 2881//1361 2880//1361 2878//1361
f 2876//1362 2882//1362 2881//1362 2877//1362
f 2875//1363 2883//1363 2882//1363 2876//1363
f 2874//1364 2884//1364 2883//1364 2875//1364
f 2873//1365 2885//1365 2884//1365 2874//1365
f 2872//1366 2886//1366 2885//1366 2873//1366
f 2871//1367 2879//1367 2886//1367 2872//1367
f 2895//1 2896//1 2897//1 2898//1 2899//1 2900//1 2901//1 2902//1
f 2894//1368 2896//1368 2895//1368 2887//1368
f 2893//1369 2897//1369 2896//1369 2894//1369
f 2892//1370 2898//1370 2897//1370 2893//1370
f 2891//1371 2899//1371 2898//1371 2892//1371
f 2890//1372 2900//1372 2899//1372 2891//1372
f 2889//1373 2901//1373 2900//1373 2890//1373
f 2888//1374 2902//1374 2901//1374 2889//1374
f 2887//1375 2895//1375 2902//1375 2888//1375
f 2911//1 2912//1 2913//1 2914//1 2915//1 2916//1 2917//1 2918//1
f 2910//1376 2912//1376 2911//1376 2903//1376
f 2909//1377 2913//1377 2912//1377 2910//1377
f 2908//1378 2914//1378 2913//1378 2909//1378
f 2907//1379 2915//1379 2914//1379 2908//1379
f 2906//1380 2916//1380 2915//1380 2907//1380
f 2905//1381 2917//1381 2916//1381 2906//1381
f 2904//1382 2918//1382 2917//1382 2905//1382
f 2903//1383 2911//1383 2918//1383 2904//1383
f 2927//1 2928//1 2929//1 2930//1 2931//1 2932//1 2933//1 2934//1
f 2926//1384 2928//1384 2927//1384 2919//1384
f 2925//1385 2929//1385 2928//1385 2926//1385
f 2924//1386 2930//1386 2929//1386 2925//1386
f 2923//1387 2931//1387 2930//1387 2924//1387
f 2922//1388 2932//1388 2931//1388 2923//1388
f 2921//1389 2933//1389 2932//1389 2922//1389
f 2920//1390 2934//1390 2933//1390 2921//1390
f 2919//1391 2927//1391 2934//1391 2920//1391
f 2943//1 2944//1 2945//1 2946//1 2947//1 2948//1 2949//1 2950//1
f 2942//1392 2944//1392 2943//1392 2935//1392
f 2941//1393 2945//1393 2944//1393 2942//1393
f 2940//1394 2946//1394 2945//1394 2941//1394
f 2939//1395 2947//1395 2946//1395 2940//1395
f 2938//1396 2948//1396 2947//1396 2939//1396
f 2937//1397 2949//1397 2948//1397 2938//1397
f 2936//1398 2950//1398 2949//1398 2937//1398
f 2935//1399 2943//1399 2950//1399 2936//1399
f 2955//1 2956//1 2957//1 2958//1
f 2954//1400 2956//1400 2955//1400 2951//1400
f 2953//1401 2957//1401 2956//1401 2954//1401
f 2952//1402 2958//1402 2957//1402 2953//1402
f 2951//1403 2955//1403 2958//1403 2952//1403
f 2963//1 2964//1 2965//1 2966//1
f 2962//1404 2964//1404 2963//1404 2959//1404
f 2961//1405 2965//1405 2964//1405 2962//1405
f 2960//1406 2966//1406 2965//1406 2961//1406
f 2959//1407 2963//1407 2966//1407 2960//1407
f 2971//1 2972//1 2973//1 2974//1
f 2970//1408 2972//1408 2971//1408 2967//1408
f 2969//1409 2973//1409 2972//1409 2970//1409
f 2968//1410 2974//1410 2973//1410 2969//1410
f 2967//1411 2971//1411 2974//1411 2968//1411
f 2979//1 2980//1 2981//1 2982//1
f 2978//1412 2980//1412 2979//1412 2975//1412
f 2977//1413 2981//1413 2980//1413 2978//1413
f 2976//1414 2982//1414 2981//1414 2977//1414
f 2975//721 2979//721 2982//721 2976//721
f 2987//1 2988//1 2989//1 2990//1
f 2986//1415 2988//1415 2987//1415 2983//1415
f 2985//1416 2989//1416 2988//1416 2986//1416
f 2984//1417 2990//1417 2989//1417 2985//1417
f 2983//1418 2987//1418 2990//1418 2984//1418
f 2995//1 2996//1 2997//1 2998//1
f 2994//493 2996//493 2995//493 2991//493
f 2993//1419 2997//1419 2996//1419 2994//1419
f 2992//1420 2998//1420 2997//1420 2993//1420
f 2991//1421 2995//1421 2998//1421 2992//1421
f 3003//1 3004//1 3005//1 3006//1
f 3002//1422 3004//1422 3003//1422 2999//1422
f 3001//1423 3005//1423 3004//1423 3002//1423
f 3000//1424 3006//1424 3005//1424 3001//1424
f 2999//1425 3003//1425 3006//1425 3000//1425
f 3011//1 3012//1 3013//1 3014//1
f 3010//1426 3012//1426 3011//1426 3007//1426
f 3009//1427 3013//1427 3012//1427 3010//1427
f 3008//1428 3014//1428 3013//1428 3009//1428
f 3007//1429 3011//1429 3014//1429 3008//1429
f 3019//1 3020//1 3021//1 3022//1
f 3018//1430 3020//1430 3019//1430 3015//1430
f 3017//1431 3021//1431 3020//1431 3018//1431
f 3016//1432 3022//1432 3021//1432 3017//1432
f 3015//1433 3019//1433 3022//1433 3016//1433
f 3027//1 3028//1 3029//1 3030//1
f 3026//1434 3028//1434 3027//1434 3023//1434
f 3025//1435 3029//1435 3028//1435 3026//1435
f 3024//1436 3030//1436 3029//1436 3025//1436
f 3023//1437 3027//1437 3030//1437 3024//1437
f 3035//1 3036//1 3037//1 3038//1
f 3034//1438 3036//1438 3035//1438 3031//1438
f 3033//1439 3037//1439 3036//1439 3034//1439
f 3032//1440 3038//1440 3037//1440 3033//1440
f 3031//1441 3035//1441 3038//1441 3032//1441
f 3043//1 3044//1 3045//1 3046//1
f 3042//1442 3044//1442 3043//1442 3039//1442
f 3041//1443 3045//1443 3044//1443 3042//1443
f 3040//1444 3046//1444 3045//1444 3041//1444
f 3039//1445 3043//1445 3046//1445 3040//1445
f 3051//1 3052//1 3053//1 3054//1
f 3050//1446 3052//1446 3051//1446 3047//1446
f 3049//1447 3053//1447 3052//1447 3050//1447
f 3048//1448 3054//1448 3053//1448 3049//1448
f 3047//1449 3051//1449 3054//1449 3048//1449
f 3059//1 3060//1 3061//1 3062//1
f 3058//1450 3060//1450 3059//1450 3055//1450
f 3057//1451 3061//1451 3060//1451 3058//1451
f 3056//1452 3062//1452 3061//1452 3057//1452
f 3055//1453 3059//1453 3062//1453 3056//1453
f 3067//1 3068//1 3069//1 3070//1
f 3066//1454 3068//1454 3067//1454 3063//1454
f 3065//1455 3069//1455 3068//1455 3066//1455
f 3064//1456 3070//1456 3069//1456 3065//1456
f 3063//1457 3067//1457 3070//1457 3064//1457
f 3075//1 3076//1 3077//1 3078//1
f 3074//1458 3076//1458 3075//1458 3071//1458
f 3073//1459 3077//1459 3076//1459 3074//1459
f 3072//1460 3078//1460 3077//1460 3073//1460
f 3071//1461 3075//1461 3078//1461 3072//1461
f 3083//1 3084//1 3085//1 3086//1
f 3082//1462 3084//1462 3083//1462 3079//1462
f 3081//1463 3085//1463 3084//1463 3082//1463
f 3080//1464 3086//1464 3085//1464 3081//1464
f 3079//1465 3083//1465 3086//1465 3080//1465
f 3091//1 3092//1 3093//1 3094//1
f 3090//1466 3092//1466 3091//1466 3087//1466
f 3089//1467 3093//1467 3092//1467 3090//1467
f 3088//1468 3094//1468 3093//1468 3089//1468
f 3087//1469 3091//1469 3094//1469 3088//1469
f 3099//1 3100//1 3101//1 3102//1
f 3098//1470 3100//1470 3099//1470 3095//1470
f 3097//1471 3101//1471 3100//1471 3098//1471
f 3096//1472 3102//1472 3101//1472 3097//1472
f 3095//1473 3099//1473 3102//1473 3096//1473
f 3107//1 3108//1 3109//1 3110//1
f 3106//1474 3108//1474 3107//1474 3103//1474
f 3105//1475 3109//1475 3108//1475 3106//1475
f 3104//1476 3110//1476 3109//1476 3105//1476
f 3103//1477 3107//1477 3110//1477 3104//1477
f 3115//1 3116//1 3117//1 3118//1
f 3114//1478 3116//1478 3115//1478 3111//1478
f 3113//1479 3117//1479 3116//1479 3114//1479
f 3112//1480 3118//1480 3117//1480 3113//1480
f 3111//1481 3115//1481 3118//1481 3112//1481
f 3125//1 3126//1 3127//1 3128//1 3129//1 3130//1
f 3124//1482 3126//1482 3125//1482 3119//1482
f 3123//1483 3127//1483 3126//1483 3124//1483
f 3122//1436 3128//1436 3127//1436 3123//1436
f 3121//1484 3129//1484 3128//1484 3122//1484
f 3120//1485 3130//1485 3129//1485 3121//1485
f 3119//1486 3125//1486 3130//1486 3120//1486
f 3139//1 3140//1 3141//1 3142//1 3143//1 3144//1 3145//1 3146//1
f 3138//1487 3140//1487 3139//1487 3131//1487
f 3137//1488 3141//1488 3140//1488 3138//1488
f 3136//1489 3142//1489 3141//1489 3137//1489
f 3135//1490 3143//1490 3142//1490 3136//1490
f 3134//1491 3144//1491 3143//1491 3135//1491
f 3133//1492 3145//1492 3144//1492 3134//1492
f 3132//1493 3146//1493 3145//1493 3133//1493
f 3131//1494 3139//1494 3146//1494 3132//1494
f 3158//1 3159//1 3160//1 3161//1 3162//1 3163//1 3164//1 3165//1 3166//1 3167//1 3168//1
f 3148//1495 3159//1495 3158//1495 3147//1495
f 3149//1496 3160//1496 3159//1496 3148//1496
f 3150//1497 3161//1497 3160//1497 3149//1497
f 3151//1498 3162//1498 3161//1498 3150//1498
f 3152//1499 3163//1499 3162//1499 3151//1499
f 3153//1500 3164//1500 3163//1500 3152//1500
f 3154//1501 3165//1501 3164//1501 3153//1501
f 3155//1502 3166//1502 3165//1502 3154//1502
f 3156//1503 3167//1503 3166//1503 3155//1503
f 3157//1504 3168//1504 3167//1504 3156//1504
f 3147//1505 3158//1505 3168//1505 3157//1505
f 3173//1 3174//1 3175//1 3176//1
f 3170//1506 3174//1506 3173//1506 3169//1506
f 3171//1507 3175//1507 3174//1507 3170//1507
f 3172//1508 3176//1508 3175//1508 3171//1508
f 3169//1509 3173//1509 3176//1509 3172//1509
f 3183//1 3184//1 3185//1 3186//1 3187//1 3188//1
f 3178//1510 3184//1510 3183//1510 3177//1510
f 3179//1222 3185//1222 3184//1222 3178//1222
f 3180//1225 3186//1225 3185//1225 3179//1225
f 3181//1511 3187//1511 3186//1511 3180//1511
f 3182//1223 3188//1223 3187//1223 3181//1223
f 3177//1512 3183//1512 3188//1512 3182//1512
f 3193//1 3194//1 3195//1 3196//1
f 3190//1513 3194//1513 3193//1513 3189//1513
f 3191//1514 3195//1514 3194//1514 3190//1514
f 3192//990 3196//990 3195//990 3191//990
f 3189//1515 3193//1515 3196//1515 3192//1515
f 3201//1 3202//1 3203//1 3204//1
f 3198//1516 3202//1516 3201//1516 3197//1516
f 3199//1517 3203//1517 3202//1517 3198//1517
f 3200//1518 3204//1518 3203//1518 3199//1518
f 3197//1519 3201//1519 3204//1519 3200//1519
f 3209//1 3210//1 3211//1 3212//1
f 3206//1520 3210//1520 3209//1520 3205//1520
f 3207//1521 3211//1521 3210//1521 3206//1521
f 3208//1522 3212//1522 3211//1522 3207//1522
f 3205//1523 3209//1523 3212//1523 3208//1523
f 3217//1 3218//1 3219//1 3220//1
f 3214//1524 3218//1524 3217//1524 3213//1524
f 3215//1525 3219//1525 3218//1525 3214//1525
f 3216//1526 3220//1526 3219//1526 3215//1526
f 3213//1527 3217//1527 3220//1527 3216//1527
f 3225//1 3226//1 3227//1 3228//1
f 3222//1528 3226//1528 3225//1528 3221//1528
f 3223//1529 3227//1529 3226//1529 3222//1529
f 3224//1530 3228//1530 3227//1530 3223//1530
f 3221//1531 3225//1531 3228//1531 3224//1531
f 3233//1 3234//1 3235//1 3236//1
f 3230//1532 3234//1532 3233//1532 3229//1532
f 3231//1533 3235//1533 3234//1533 3230//1533
f 3232//1534 3236//1534 3235//1534 3231//1534
f 3229//1535 3233//1535 3236//1535 3232//1535
f 3241//1 3242//1 3243//1 3244//1
f 3238//1536 3242//1536 3241//1536 3237//1536
f 3239//1537 3243//1537 3242//1537 3238//1537
f 3240//1538 3244//1538 3243//1538 3239//1538
f 3237//1539 3241//1539 3244//1539 3240//1539
f 3251//1 3252//1 3253//1 3254//1 3255//1 3256//1
f 3246//1540 3252//1540 3251//1540 3245//1540
f 3247//1541 3253//1541 3252//1541 3246//1541
f 3248//1542 3254//1542 3253//1542 3247//1542
f 3249//1543 3255//1543 3254//1543 3248//1543
f 3250//1544 3256//1544 3255//1544 3249//1544
f 3245//1545 3251//1545 3256//1545 3250//1545
f 3261//1 3262//1 3263//1 3264//1
f 3258//1546 3262//1546 3261//1546 3257//1546
f 3259//1547 3263//1547 3262//1547 3258//1547
f 3260//1548 3264//1548 3263//1548 3259//1548
f 3257//1549 3261//1549 3264//1549 3260//1549
f 3269//1 3270//1 3271//1 3272//1
f 3266//1368 3270//1368 3269//1368 3265//1368
f 3267//1550 3271//1550 3270//1550 3266//1550
f 3268//1551 3272//1551 3271//1551 3267//1551
f 3265//1552 3269//1552 3272//1552 3268//1552
f 3279//1 3280//1 3281//1 3282//1 3283//1 3284//1
f 3274//1553 3280//1553 3279//1553 3273//1553
f 3275//1554 3281//1554 3280//1554 3274//1554
f 3276//1555 3282//1555 3281//1555 3275//1555
f 3277//1556 3283//1556 3282//1556 3276//1556
f 3278//1557 3284//1557 3283//1557 3277//1557
f 3273//1558 3279//1558 3284//1558 3278//1558
f 3292//1 3293//1 3294//1 3295//1 3296//1 3297//1 3298//1
f 3291//1559 3293//1559 3292//1559 3285//1559
f 3290//1560 3294//1560 3293//1560 3291//1560
f 3289//1561 3295//1561 3294//1561 3290//1561
f 3288//1562 3296//1562 3295//1562 3289//1562
f 3287//1563 3297//1563 3296//1563 3288//1563
f 3286//1564 3298//1564 3297//1564 3287//1564
f 3285//1565 3292//1565 3298//1565 3286//1565
f 3303//1 3304//1 3305//1 3306//1
f 3300//1566 3304//1566 3303//1566 3299//1566
f 3301//1567 3305//1567 3304//1567 3300//1567
f 3302//1568 3306//1568 3305//1568 3301//1568
f 3299//1569 3303//1569 3306//1569 3302//1569
f 3311//1 3312//1 3313//1 3314//1
f 3308//1570 3312//1570 3311//1570 3307//1570
f 3309//1571 3313//1571 3312//1571 3308//1571
f 3310//1364 3314//1364 3313//1364 3309//1364
f 3307//1572 3311//1572 3314//1572 3310//1572
f 3319//1 3320//1 3321//1 3322//1
f 3316//1573 3320//1573 3319//1573 3315//1573
f 3317//1574 3321//1574 3320//1574 3316//1574
f 3318//1575 3322//1575 3321//1575 3317//1575
f 3315//1576 3319//1576 3322//1576 3318//1576
f 3329//1 3330//1 3331//1 3332//1 3333//1 3334//1
f 3324//1577 3330//1577 3329//1577 3323//1577
f 3325//1578 3331//1578 3330//1578 3324//1578
f 3326//1579 3332//1579 3331//1579 3325//1579
f 3327//1580 3333//1580 3332//1580 3326//1580
f 3328//1581 3334//1581 3333//1581 3327//1581
f 3323//1582 3329//1582 3334//1582 3328//1582
f 3343//1 3344//1 3345//1 3346//1 3347//1 3348//1 3349//1 3350//1
f 3336//1583 3344//1583 3343//1583 3335//1583
f 3337//1584 3345//1584 3344//1584 3336//1584
f 3338//1585 3346//1585 3345//1585 3337//1585
f 3339//1586 3347//1586 3346//1586 3338//1586
f 3340//1587 3348//1587 3347//1587 3339//1587
f 3341//1588 3349//1588 3348//1588 3340//1588
f 3342//1589 3350//1589 3349//1589 3341//1589
f 3335//1590 3343//1590 3350//1590 3342//1590
f 3358//1 3359//1 3360//1 3361//1 3362//1 3363//1 3364//1
f 3352//1591 3359//1591 3358//1591 3351//1591
f 3353//1592 3360//1592 3359//1592 3352//1592
f 3354//1593 3361//1593 3360//1593 3353//1593
f 3355//1594 3362//1594 3361//1594 3354//1594
f 3356//1595 3363//1595 3362//1595 3355//1595
f 3357//1596 3364//1596 3363//1596 3356//1596
f 3351//314 3358//314 3364//314 3357//314
f 3369//1 3370//1 3371//1 3372//1
f 3366//1597 3370//1597 3369//1597 3365//1597
f 3367//1598 3371//1598 3370//1598 3366//1598
f 3368//1599 3372//1599 3371//1599 3367//1599
f 3365//1600 3369//1600 3372//1600 3368//1600
f 3379//1 3380//1 3381//1 3382//1 3383//1 3384//1
f 3374//1601 3380//1601 3379//1601 3373//1601
f 3375//1602 3381//1602 3380//1602 3374//1602
f 3376//1603 3382//1603 3381//1603 3375//1603
f 3377//1604 3383//1604 3382//1604 3376//1604
f 3378//1605 3384//1605 3383//1605 3377//1605
f 3373//1606 3379//1606 3384//1606 3378//1606
f 3389//1 3390//1 3391//1 3392//1
f 3386//1607 3390//1607 3389//1607 3385//1607
f 3387//1608 3391//1608 3390//1608 3386//1608
f 3388//1609 3392//1609 3391//1609 3387//1609
f 3385//1610 3389//1610 3392//1610 3388//1610
f 3397//1 3398//1 3399//1 3400//1
f 3394//1611 3398//1611 3397//1611 3393//1611
f 3395//1612 3399//1612 3398//1612 3394//1612
f 3396//1613 3400//1613 3399//1613 3395//1613
f 3393//1614 3397//1614 3400//1614 3396//1614
f 3405//1 3406//1 3407//1 3408//1
f 3402//1615 3406//1615 3405//1615 3401//1615
f 3403//1616 3407//1616 3406//1616 3402//1616
f 3404//1617 3408//1617 3407//1617 3403//1617
f 3401//1618 3405//1618 3408//1618 3404//1618
f 3413//1 3414//1 3415//1 3416//1
f 3410//1619 3414//1619 3413//1619 3409//1619
f 3411//1620 3415//1620 3414//1620 3410//1620
f 3412//1621 3416//1621 3415//1621 3411//1621
f 3409//1622 3413//1622 3416//1622 3412//1622
f 3421//1 3422//1 3423//1 3424//1
f 3418//1623 3422//1623 3421//1623 3417//1623
f 3419//1624 3423//1624 3422//1624 3418//1624
f 3420//1625 3424//1625 3423//1625 3419//1625
f 3417//1626 3421//1626 3424//1626 3420//1626
f 3429//1 3430//1 3431//1 3432//1
f 3426//1627 3430//1627 3429//1627 3425//1627
f 3427//1628 3431//1628 3430//1628 3426//1628
f 3428//1629 3432//1629 3431//1629 3427//1629
f 3425//1630 3429//1630 3432//1630 3428//1630
f 3437//1 3438//1 3439//1 3440//1
f 3434//1557 3438//1557 3437//1557 3433//1557
f 3435//1631 3439//1631 3438//1631 3434//1631
f 3436//1632 3440//1632 3439//1632 3435//1632
f 3433//1633 3437//1633 3440//1633 3436//1633
f 3447//1 3448//1 3449//1 3450//1 3451//1 3452//1
f 3442//1634 3448//1634 3447//1634 3441//1634
f 3443//1635 3449//1635 3448//1635 3442//1635
f 3444//1636 3450//1636 3449//1636 3443//1636
f 3445//1637 3451//1637 3450//1637 3444//1637
f 3446//1638 3452//1638 3451//1638 3445//1638
f 3441//1639 3447//1639 3452//1639 3446//1639
f 3457//1 3458//1 3459//1 3460//1
f 3454//1640 3458//1640 3457//1640 3453//1640
f 3455//1641 3459//1641 3458//1641 3454//1641
f 3456//1642 3460//1642 3459//1642 3455//1642
f 3453//1643 3457//1643 3460//1643 3456//1643
f 3469//1 3470//1 3471//1 3472//1 3473//1 3474//1 3475//1 3476//1
f 3462//1644 3470//1644 3469//1644 3461//1644
f 3463//1645 3471//1645 3470//1645 3462//1645
f 3464//1646 3472//1646 3471//1646 3463//1646
f 3465//1647 3473//1647 3472//1647 3464//1647
f 3466//1382 3474//1382 3473//1382 3465//1382
f 3467//1648 3475//1648 3474//1648 3466//1648
f 3468//1649 3476//1649 3475//1649 3467//1649
f 3461//1650 3469//1650 3476//1650 3468//1650
f 3483//1 3484//1 3485//1 3486//1 3487//1 3488//1
f 3478//1651 3484//1651 3483//1651 3477//1651
f 3479//1652 3485//1652 3484//1652 3478//1652
f 3480//1653 3486//1653 3485//1653 3479//1653
f 3481//1654 3487//1654 3486//1654 3480//1654
f 3482//1655 3488//1655 3487//1655 3481//1655
f 3477//1656 3483//1656 3488//1656 3482//1656
f 3493//1 3494//1 3495//1 3496//1
f 3492//1657 3494//1657 3493//1657 3489//1657
f 3491//1658 3495//1658 3494//1658 3492//1658
f 3490//1659 3496//1659 3495//1659 3491//1659
f 3489//1660 3493//1660 3496//1660 3490//1660
f 3501//1 3502//1 3503//1 3504//1
f 3498//1661 3502//1661 3501//1661 3497//1661
f 3499//1662 3503//1662 3502//1662 3498//1662
f 3500//1663 3504//1663 3503//1663 3499//1663
f 3497//1664 3501//1664 3504//1664 3500//1664
f 3511//1 3512//1 3513//1 3514//1 3515//1 3516//1
f 3506//1665 3512//1665 3511//1665 3505//1665
f 3507//1666 3513//1666 3512//1666 3506//1666
f 3508//1667 3514//1667 3513//1667 3507//1667
f 3509//1668 3515//1668 3514//1668 3508//1668
f 3510//1669 3516//1669 3515//1669 3509//1669
f 3505//1670 3511//1670 3516//1670 3510//1670
f 3521//1 3522//1 3523//1 3524//1
f 3518//1160 3522//1160 3521//1160 3517//1160
f 3519//1671 3523//1671 3522//1671 3518//1671
f 3520//1672 3524//1672 3523//1672 3519//1672
f 3517//1673 3521//1673 3524//1673 3520//1673
f 3531//1 3532//1 3533//1 3534//1 3535//1 3536//1
f 3526//1644 3532//1644 3531//1644 3525//1644
f 3527//1674 3533//1674 3532//1674 3526//1674
f 3528//1675 3534//1675 3533//1675 3527//1675
f 3529//1676 3535//1676 3534//1676 3528//1676
f 3530//1677 3536//1677 3535//1677 3529//1677
f 3525//1678 3531//1678 3536//1678 3530//1678
f 3541//1 3542//1 3543//1 3544//1
f 3538//1679 3542//1679 3541//1679 3537//1679
f 3539//1680 3543//1680 3542//1680 3538//1680
f 3540//1681 3544//1681 3543//1681 3539//1681
f 3537//1682 3541//1682 3544//1682 3540//1682
f 3549//1 3550//1 3551//1 3552//1
f 3546//1683 3550//1683 3549//1683 3545//1683
f 3547//1684 3551//1684 3550//1684 3546//1684
f 3548//1685 3552//1685 3551//1685 3547//1685
f 3545//1686 3549//1686 3552//1686 3548//1686
f 3557//1 3558//1 3559//1 3560//1
f 3554//1687 3558//1687 3557//1687 3553//1687
f 3555//1688 3559//1688 3558//1688 3554//1688
f 3556//1689 3560//1689 3559//1689 3555//1689
f 3553//1690 3557//1690 3560//1690 3556//1690
f 3573//1 3574//1 3575//1 3576//1 3577//1 3578//1 3579//1 3580//1 3581//1 3582//1 3583//1 3584//1
f 3562//1691 3574//1691 3573//1691 3561//1691
f 3563//1692 3575//1692 3574//1692 3562//1692
f 3564//1693 3576//1693 3575//1693 3563//1693
f 3565//1694 3577//1694 3576//1694 3564//1694
f 3566//1695 3578//1695 3577//1695 3565//1695
f 3567//1696 3579//1696 3578//1696 3566//1696
f 3568//1697 3580//1697 3579//1697 3567//1697
f 3569//1698 3581//1698 3580//1698 3568//1698
f 3570//1699 3582//1699 3581//1699 3569//1699
f 3571//1700 3583//1700 3582//1700 3570//1700
f 3572//1701 3584//1701 3583//1701 3571//1701
f 3561//1702 3573//1702 3584//1702 3572//1702
f 3589//1 3590//1 3591//1 3592//1
f 3586//1703 3590//1703 3589//1703 3585//1703
f 3587//1704 3591//1704 3590//1704 3586//1704
f 3588//1705 3592//1705 3591//1705 3587//1705
f 3585//1706 3589//1706 3592//1706 3588//1706
f 3597//1 3598//1 3599//1 3600//1
f 3594//1707 3598//1707 3597//1707 3593//1707
f 3595//1708 3599//1708 3598//1708 3594//1708
f 3596//1709 3600//1709 3599//1709 3595//1709
f 3593//1710 3597//1710 3600//1710 3596//1710
f 3605//1 3606//1 3607//1 3608//1
f 3602//1711 3606//1711 3605//1711 3601//1711
f 3603//1712 3607//1712 3606//1712 3602//1712
f 3604//1713 3608//1713 3607//1713 3603//1713
f 3601//1714 3605//1714 3608//1714 3604//1714
f 3613//1 3614//1 3615//1 3616//1
f 3610//1715 3614//1715 3613//1715 3609//1715
f 3611//1716 3615//1716 3614//1716 3610//1716
f 3612//1717 3616//1717 3615//1717 3611//1717
f 3609//1718 3613//1718 3616//1718 3612//1718
f 3621//1 3622//1 3623//1 3624//1
f 3618//1719 3622//1719 3621//1719 3617//1719
f 3619//1720 3623//1720 3622//1720 3618//1720
f 3620//1721 3624//1721 3623//1721 3619//1721
f 3617//1722 3621//1722 3624//1722 3620//1722
f 3629//1 3630//1 3631//1 3632//1
f 3626//1723 3630//1723 3629//1723 3625//1723
f 3627//1724 3631//1724 3630//1724 3626//1724
f 3628//1725 3632//1725 3631//1725 3627//1725
f 3625//1726 3629//1726 3632//1726 3628//1726
f 3637//1 3638//1 3639//1 3640//1
f 3634//1727 3638//1727 3637//1727 3633//1727
f 3635//1728 3639//1728 3638//1728 3634//1728
f 3636//1729 3640//1729 3639//1729 3635//1729
f 3633//1730 3637//1730 3640//1730 3636//1730
f 3645//1 3646//1 3647//1 3648//1
f 3642//1731 3646//1731 3645//1731 3641//1731
f 3643//1732 3647//1732 3646//1732 3642//1732
f 3644//1733 3648//1733 3647//1733 3643//1733
f 3641//1734 3645//1734 3648//1734 3644//1734
f 3653//1 3654//1 3655//1 3656//1
f 3650//1735 3654//1735 3653//1735 3649//1735
f 3651//1736 3655//1736 3654//1736 3650//1736
f 3652//1737 3656//1737 3655//1737 3651//1737
f 3649//1738 3653//1738 3656//1738 3652//1738
f 3661//1 3662//1 3663//1 3664//1
f 3658//1739 3662//1739 3661//1739 3657//1739
f 3659//1740 3663//1740 3662//1740 3658//1740
f 3660//1741 3664//1741 3663//1741 3659//1741
f 3657//1742 3661//1742 3664//1742 3660//1742
f 3669//1 3670//1 3671//1 3672//1
f 3666//1743 3670//1743 3669//1743 3665//1743
f 3667//1744 3671//1744 3670//1744 3666//1744
f 3668//1745 3672//1745 3671//1745 3667//1745
f 3665//1746 3669//1746 3672//1746 3668//1746
f 3677//1 3678//1 3679//1 3680//1
f 3674//1747 3678//1747 3677//1747 3673//1747
f 3675//1748 3679//1748 3678//1748 3674//1748
f 3676//1749 3680//1749 3679//1749 3675//1749
f 3673//1750 3677//1750 3680//1750 3676//1750
f 3685//1 3686//1 3687//1 3688//1
f 3682//1751 3686//1751 3685//1751 3681//1751
f 3683//1752 3687//1752 3686//1752 3682//1752
f 3684//1753 3688//1753 3687//1753 3683//1753
f 3681//1754 3685//1754 3688//1754 3684//1754
f 3693//1 3694//1 3695//1 3696//1
f 3690//1755 3694//1755 3693//1755 3689//1755
f 3691//1756 3695//1756 3694//1756 3690//1756
f 3692//1757 3696//1757 3695//1757 3691//1757
f 3689//1758 3693//1758 3696//1758 3692//1758
f 3703//1 3704//1 3705//1 3706//1 3707//1 3708//1
f 3698//1759 3704//1759 3703//1759 3697//1759
f 3699//1760 3705//1760 3704//1760 3698//1760
f 3700//1761 3706//1761 3705//1761 3699//1761
f 3701//1762 3707//1762 3706//1762 3700//1762
f 3702//1763 3708//1763 3707//1763 3701//1763
f 3697//1764 3703//1764 3708//1764 3702//1764
f 3713//1 3714//1 3715//1 3716//1
f 3710//1765 3714//1765 3713//1765 3709//1765
f 3711//1766 3715//1766 3714//1766 3710//1766
f 3712//1767 3716//1767 3715//1767 3711//1767
f 3709//1768 3713//1768 3716//1768 3712//1768
f 3721//1 3722//1 3723//1 3724//1
f 3720//1769 3722//1769 3721//1769 3717//1769
f 3719//1770 3723//1770 3722//1770 3720//1770
f 3718//1771 3724//1771 3723//1771 3719//1771
f 3717//1772 3721//1772 3724//1772 3718//1772
f 3731//1 3732//1 3733//1 3734//1 3735//1 3736//1
f 3730//1773 3732//1773 3731//1773 3725//1773
f 3729//1774 3733//1774 3732//1774 3730//1774
f 3728//1775 3734//1775 3733//1775 3729//1775
f 3727//1776 3735//1776 3734//1776 3728//1776
f 3726//1777 3736//1777 3735//1777 3727//1777
f 3725//1778 3731//1778 3736//1778 3726//1778
f 3741//1 3742//1 3743//1 3744//1
f 3738//1779 3742//1779 3741//1779 3737//1779
f 3739//1780 3743//1780 3742//1780 3738//1780
f 3740//1781 3744//1781 3743//1781 3739//1781
f 3737//1782 3741//1782 3744//1782 3740//1782
f 3749//1 3750//1 3751//1 3752//1
f 3746//1783 3750//1783 3749//1783 3745//1783
f 3747//1784 3751//1784 3750//1784 3746//1784
f 3748//1785 3752//1785 3751//1785 3747//1785
f 3745//1786 3749//1786 3752//1786 3748//1786
f 3757//1 3758//1 3759//1 3760//1
f 3754//1787 3758//1787 3757//1787 3753//1787
f 3755//1788 3759//1788 3758//1788 3754//1788
f 3756//1789 3760//1789 3759//1789 3755//1789
f 3753//1790 3757//1790 3760//1790 3756//1790
f 3766//1 3767//1 3768//1 3769//1 3770//1
f 3762//1791 3767//1791 3766//1791 3761//1791
f 3763//1792 3768//1792 3767//1792 3762//1792
f 3764//1793 3769//1793 3768//1793 3763//1793
f 3765//1794 3770//1794 3769//1794 3764//1794
f 3761//1795 3766//1795 3770//1795 3765//1795
f 3777//1 3778//1 3779//1 3780//1 3781//1 3782//1
f 3772//1796 3778//1796 3777//1796 3771//1796
f 3773//1797 3779//1797 3778//1797 3772//1797
f 3774//1798 3780//1798 3779//1798 3773//1798
f 3775//1799 3781//1799 3780//1799 3774//1799
f 3776//1800 3782//1800 3781//1800 3775//1800
f 3771//1801 3777//1801 3782//1801 3776//1801
f 3788//1 3789//1 3790//1 3791//1 3792//1
f 3787//1802 3789//1802 3788//1802 3783//1802
f 3786//1803 3790//1803 3789//1803 3787//1803
f 3785//1804 3791//1804 3790//1804 3786//1804
f 3784//1805 3792//1805 3791//1805 3785//1805
f 3783//1806 3788//1806 3792//1806 3784//1806
f 3797//1 3798//1 3799//1 3800//1
f 3794//1807 3798//1807 3797//1807 3793//1807
f 3795//1808 3799//1808 3798//1808 3794//1808
f 3796//1809 3800//1809 3799//1809 3795//1809
f 3793//1810 3797//1810 3800//1810 3796//1810
f 3808//1 3809//1 3810//1 3811//1 3812//1 3813//1 3814//1
f 3802//1811 3809//1811 3808//1811 3801//1811
f 3803//1812 3810//1812 3809//1812 3802//1812
f 3804//1813 3811//1813 3810//1813 3803//1813
f 3805//1814 3812//1814 3811//1814 3804//1814
f 3806//1815 3813//1815 3812//1815 3805//1815
f 3807//1816 3814//1816 3813//1816 3806//1816
f 3801//1817 3808//1817 3814//1817 3807//1817
f 3822//1 3823//1 3824//1 3825//1 3826//1 3827//1 3828//1
f 3816//1818 3823//1818 3822//1818 3815//1818
f 3817//1819 3824//1819 3823//1819 3816//1819
f 3818//1820 3825//1820 3824//1820 3817//1820
f 3819//1821 3826//1821 3825//1821 3818//1821
f 3820//1822 3827//1822 3826//1822 3819//1822
f 3821//1823 3828//1823 3827//1823 3820//1823
f 3815//1824 3822//1824 3828//1824 3821//1824
f 3836//1 3837//1 3838//1 3839//1 3840//1 3841//1 3842//1
f 3830//1825 3837//1825 3836//1825 3829//1825
f 3831//1826 3838//1826 3837//1826 3830//1826
f 3832//1827 3839//1827 3838//1827 3831//1827
f 3833//1828 3840//1828 3839//1828 3832//1828
f 3834//1829 3841//1829 3840//1829 3833//1829
f 3835//1830 3842//1830 3841//1830 3834//1830
f 3829//1831 3836//1831 3842//1831 3835//1831
f 3853//1 3854//1 3855//1 3856//1 3857//1 3858//1 3859//1 3860//1 3861//1 3862//1
f 3852//1832 3854//1832 3853//1832 3843//1832
f 3851//1833 3855//1833 3854//1833 3852//1833
f 3850//1834 3856//1834 3855//1834 3851//1834
f 3849//1835 3857//1835 3856//1835 3850//1835
f 3848//1836 3858//1836 3857//1836 3849//1836
f 3847//1837 3859//1837 3858//1837 3848//1837
f 3846//1838 3860//1838 3859//1838 3847//1838
f 3845//1839 3861//1839 3860//1839 3846//1839
f 3844//1840 3862//1840 3861//1840 3845//1840
f 3843//1841 3853//1841 3862//1841 3844//1841
f 3867//1 3868//1 3869//1 3870//1
f 3864//1842 3868//1842 3867//1842 3863//1842
f 3865//1843 3869//1843 3868//1843 3864//1843
f 3866//1844 3870//1844 3869//1844 3865//1844
f 3863//1845 3867//1845 3870//1845 3866//1845
f 3876//1 3877//1 3878//1 3879//1 3880//1
f 3875//1846 3877//1846 3876//1846 3871//1846
f 3874//1847 3878//1847 3877//1847 3875//1847
f 3873//1848 3879//1848 3878//1848 3874//1848
f 3872//1849 3880//1849 3879//1849 3873//1849
f 3871//1850 3876//1850 3880//1850 3872//1850
f 3928//1 3929//1 3930//1 3931//1 3932//1 3933//1 3934//1 3935//1 3936//1 3937//1 3938//1 3939//1 3940//1 3941//1 3942//1 3943//1 3944//1 3945//1 3946//1 3947//1 3948//1 3949//1 3950//1 3951//1 3952//1 3953//1 3954//1 3955//1 3956//1 3957//1 3958//1 3959//1 3960//1 3961//1 3962//1 3963//1 3964//1 3965//1 3966//1 3967//1 3968//1 3969//1 3970//1 3971//1 3972//1 3973//1 3974//1
f 3882//1851 3929//1851 3928//1851 3881//1851
f 3883//1852 3930//1852 3929//1852 3882//1852
f 3884//1853 3931//1853 3930//1853 3883//1853
f 3885//1854 3932//1854 3931//1854 3884//1854
f 3886//1855 3933//1855 3932//1855 3885//1855
f 3887//1856 3934//1856 3933//1856 3886//1856
f 3888//1857 3935//1857 3934//1857 3887//1857
f 3889//1858 3936//1858 3935//1858 3888//1858
f 3890//1859 3937//1859 3936//1859 3889//1859
f 3891//1860 3938//1860 3937//1860 3890//1860
f 3892//1861 3939//1861 3938//1861 3891//1861
f 3893//1862 3940//1862 3939//1862 3892//1862
f 3894//1863 3941//1863 3940//1863 3893//1863
f 3895//1864 3942//1864 3941//1864 3894//1864
f 3896//1865 3943//1865 3942//1865 3895//1865
f 3897//1866 3944//1866 3943//1866 3896//1866
f 3898//1867 3945//1867 3944//1867 3897//1867
f 3899//1868 3946//1868 3945//1868 3898//1868
f 3900//1869 3947//1869 3946//1869 3899//1869
f 3901//1870 3948//1870 3947//1870 3900//1870
f 3902//1871 3949//1871 3948//1871 3901//1871
f 3903//1872 3950//1872 3949//1872 3902//1872
f 3904//1873 3951//1873 3950//1873 3903//1873
f 3905//1504 3952//1504 3951//1504 3904//1504
f 3906//1874 3953//1874 3952//1874 3905//1874
f 3907//1875 3954//1875 3953//1875 3906//1875
f 3908//1876 3955//1876 3954//1876 3907//1876
f 3909//1877 3956//1877 3955//1877 3908//1877
f 3910//1878 3957//1878 3956//1878 3909//1878
f 3911//1879 3958//1879 3957//1879 3910//1879
f 3912//1880 3959//1880 3958//1880 3911//1880
f 3913//1881 3960//1881 3959//1881 3912//1881
f 3914//1882 3961//1882 3960//1882 3913//1882
f 3915//1883 3962//1883 3961//1883 3914//1883
f 3916//1884 3963//1884 3962//1884 3915//1884
f 3917//1885 3964//1885 3963//1885 3916//1885
f 3918//1886 3965//1886 3964//1886 3917//1886
f 3919//1887 3966//1887 3965//1887 3918//1887
f 3920//1888 3967//1888 3966//1888 3919//1888
f 3921//1889 3968//1889 3967//1889 3920//1889
f 3922//1890 3969//1890 3968//1890 3921//1890
f 3923//1891 3970//1891 3969//1891 3922//1891
f 3924//814 3971//814 3970//814 3923//814
f 3925//1892 3972//1892 3971//1892 3924//1892
f 3926//1893 3973//1893 3972//1893 3925//1893
f 3927//1894 3974//1894 3973//1894 3926//1894
f 3881//1895 3928//1895 3974//1895 3927//1895
f 3981//1 3982//1 3983//1 3984//1 3985//1 3986//1
f 3980//318 3982//318 3981//318 3975//318
f 3979//1143 3983//1143 3982//1143 3980//1143
f 3978//1896 3984//1896 3983//1896 3979//1896
f 3977//1897 3985//1897 3984//1897 3978//1897
f 3976//1898 3986//1898 3985//1898 3977//1898
f 3975//1899 3981//1899 3986//1899 3976//1899
f 3991//1 3992//1 3993//1 3994//1
f 3990//1900 3992//1900 3991//1900 3987//1900
f 3989//1901 3993//1901 3992//1901 3990//1901
f 3988//1902 3994//1902 3993//1902 3989//1902
f 3987//1903 3991//1903 3994//1903 3988//1903
f 3999//1 4000//1 4001//1 4002//1
f 3998//1904 4000//1904 3999//1904 3995//1904
f 3997//1905 4001//1905 4000//1905 3998//1905
f 3996//1906 4002//1906 4001//1906 3997//1906
f 3995//1907 3999//1907 4002//1907 3996//1907
f 4007//1 4008//1 4009//1 4010//1
f 4006//1908 4008//1908 4007//1908 4003//1908
f 4005//1909 4009//1909 4008//1909 4006//1909
f 4004//1910 4010//1910 4009//1910 4005//1910
f 4003//1911 4007//1911 4010//1911 4004//1911
f 4020//1 4021//1 4022//1 4023//1 4024//1 4025//1 4026//1 4027//1 4028//1
f 4019//1912 4021//1912 4020//1912 4011//1912
f 4018//1913 4022//1913 4021//1913 4019//1913
f 4017//1914 4023//1914 4022//1914 4018//1914
f 4016//1915 4024//1915 4023//1915 4017//1915
f 4015//1916 4025//1916 4024//1916 4016//1916
f 4014//1917 4026//1917 4025//1917 4015//1917
f 4013//1918 4027//1918 4026//1918 4014//1918
f 4012//1919 4028//1919 4027//1919 4013//1919
f 4011//1920 4020//1920 4028//1920 4012//1920
f 4040//1 4041//1 4042//1 4043//1 4044//1 4045//1 4046//1 4047//1 4048//1 4049//1 4050//1
f 4039//1921 4041//1921 4040//1921 4029//1921
f 4038//1922 4042//1922 4041//1922 4039//1922
f 4037//1923 4043//1923 4042//1923 4038//1923
f 4036//1924 4044//1924 4043//1924 4037//1924
f 4035//1925 4045//1925 4044//1925 4036//1925
f 4034//1926 4046//1926 4045//1926 4035//1926
f 4033//1927 4047//1927 4046//1927 4034//1927
f 4032//1928 4048//1928 4047//1928 4033//1928
f 4031//1929 4049//1929 4048//1929 4032//1929
f 4030//1930 4050//1930 4049//1930 4031//1930
f 4029//1931 4040//1931 4050//1931 4030//1931
f 4055//1 4056//1 4057//1 4058//1
f 4054//1932 4056//1932 4055//1932 4051//1932
f 4053//1933 4057//1933 4056//1933 4054//1933
f 4052//272 4058//272 4057//272 4053//272
f 4051//1934 4055//1934 4058//1934 4052//1934
f 4063//1 4064//1 4065//1 4066//1
f 4062//1935 4064//1935 4063//1935 4059//1935
f 4061//1936 4065//1936 4064//1936 4062//1936
f 4060//1937 4066//1937 4065//1937 4061//1937
f 4059//1938 4063//1938 4066//1938 4060//1938
f 4071//1 4072//1 4073//1 4074//1
f 4070//1939 4072//1939 4071//1939 4067//1939
f 4069//1940 4073//1940 4072//1940 4070//1940
f 4068//1941 4074//1941 4073//1941 4069//1941
f 4067//1942 4071//1942 4074//1942 4068//1942
f 4079//1 4080//1 4081//1 4082//1
f 4078//1943 4080//1943 4079//1943 4075//1943
f 4077//1944 4081//1944 4080//1944 4078//1944
f 4076//1945 4082//1945 4081//1945 4077//1945
f 4075//1946 4079//1946 4082//1946 4076//1946
f 4095//1 4096//1 4097//1 4098//1 4099//1 4100//1 4101//1 4102//1 4103//1 4104//1 4105//1 4106//1
f 4094//1947 4096//1947 4095//1947 4083//1947
f 4093//1948 4097//1948 4096//1948 4094//1948
f 4092//1949 4098//1949 4097//1949 4093//1949
f 4091//1950 4099//1950 4098//1950 4092//1950
f 4090//1951 4100//1951 4099//1951 4091//1951
f 4089//1952 4101//1952 4100//1952 4090//1952
f 4088//1953 4102//1953 4101//1953 4089//1953
f 4087//1954 4103//1954 4102//1954 4088//1954
f 4086//1955 4104//1955 4103//1955 4087//1955
f 4085//1956 4105//1956 4104//1956 4086//1956
f 4084//1957 4106//1957 4105//1957 4085//1957
f 4083//1958 4095//1958 4106//1958 4084//1958
f 4115//1 4116//1 4117//1 4118//1 4119//1 4120//1 4121//1 4122//1
f 4114//1959 4116//1959 4115//1959 4107//1959
f 4113//1960 4117//1960 4116//1960 4114//1960
f 4112//1961 4118//1961 4117//1961 4113//1961
f 4111//1962 4119//1962 4118//1962 4112//1962
f 4110//1963 4120//1963 4119//1963 4111//1963
f 4109//1964 4121//1964 4120//1964 4110//1964
f 4108//1965 4122//1965 4121//1965 4109//1965
f 4107//884 4115//884 4122//884 4108//884
f 4129//1 4130//1 4131//1 4132//1 4133//1 4134//1
f 4128//1966 4130//1966 4129//1966 4123//1966
f 4127//1967 4131//1967 4130//1967 4128//1967
f 4126//1968 4132//1968 4131//1968 4127//1968
f 4125//1969 4133//1969 4132//1969 4126//1969
f 4124//1970 4134//1970 4133//1970 4125//1970
f 4123//1971 4129//1971 4134//1971 4124//1971
f 4139//1 4140//1 4141//1 4142//1
f 4138//1972 4140//1972 4139//1972 4135//1972
f 4137//1973 4141//1973 4140//1973 4138//1973
f 4136//1974 4142//1974 4141//1974 4137//1974
f 4135//1019 4139//1019 4142//1019 4136//1019
f 4147//1 4148//1 4149//1 4150//1
f 4146//1975 4148//1975 4147//1975 4143//1975
f 4145//1976 4149//1976 4148//1976 4146//1976
f 4144//1977 4150//1977 4149//1977 4145//1977
f 4143//1019 4147//1019 4150//1019 4144//1019
f 4155//1 4156//1 4157//1 4158//1
f 4154//1975 4156//1975 4155//1975 4151//1975
f 4153//1976 4157//1976 4156//1976 4154//1976
f 4152//1977 4158//1977 4157//1977 4153//1977
f 4151//1019 4155//1019 4158//1019 4152//1019
f 4163//1 4164//1 4165//1 4166//1
f 4162//1975 4164//1975 4163//1975 4159//1975
f 4161//1976 4165//1976 4164//1976 4162//1976
f 4160//1977 4166//1977 4165//1977 4161//1977
f 4159//1019 4163//1019 4166//1019 4160//1019
f 4171//1 4172//1 4173//1 4174//1
f 4170//1978 4172//1978 4171//1978 4167//1978
f 4169//1979 4173//1979 4172//1979 4170//1979
f 4168//1977 4174//1977 4173//1977 4169//1977
f 4167//1019 4171//1019 4174//1019 4168//1019
f 4179//1 4180//1 4181//1 4182//1
f 4178//1980 4180//1980 4179//1980 4175//1980
f 4177//1981 4181//1981 4180//1981 4178//1981
f 4176//1982 4182//1982 4181//1982 4177//1982
f 4175//1983 4179//1983 4182//1983 4176//1983
f 4187//1 4188//1 4189//1 4190//1
f 4186//1980 4188//1980 4187//1980 4183//1980
f 4185//1981 4189//1981 4188//1981 4186//1981
f 4184//1984 4190//1984 4189//1984 4185//1984
f 4183//671 4187//671 4190//671 4184//671
f 4195//1 4196//1 4197//1 4198//1
f 4194//1980 4196//1980 4195//1980 4191//1980
f 4193//1981 4197//1981 4196//1981 4194//1981
f 4192//1982 4198//1982 4197//1982 4193//1982
f 4191//1983 4195//1983 4198//1983 4192//1983
f 4203//1 4204//1 4205//1 4206//1
f 4200//1985 4204//1985 4203//1985 4199//1985
f 4201//1986 4205//1986 4204//1986 4200//1986
f 4202//1987 4206//1987 4205//1987 4201//1987
f 4199//1988 4203//1988 4206//1988 4202//1988
f 4213//1 4214//1 4215//1 4216//1 4217//1 4218//1
f 4208//1989 4214//1989 4213//1989 4207//1989
f 4209//1990 4215//1990 4214//1990 4208//1990
f 4210//1991 4216//1991 4215//1991 4209//1991
f 4211//1992 4217//1992 4216//1992 4210//1992
f 4212//1993 4218//1993 4217//1993 4211//1993
f 4207//1994 4213//1994 4218//1994 4212//1994
f 4223//1 4224//1 4225//1 4226//1
f 4220//1995 4224//1995 4223//1995 4219//1995
f 4221//1996 4225//1996 4224//1996 4220//1996
f 4222//1997 4226//1997 4225//1997 4221//1997
f 4219//1998 4223//1998 4226//1998 4222//1998
f 4231//1 4232//1 4233//1 4234//1
f 4228//1999 4232//1999 4231//1999 4227//1999
f 4229//2000 4233//2000 4232//2000 4228//2000
f 4230//2001 4234//2001 4233//2001 4229//2001
f 4227//2002 4231//2002 4234//2002 4230//2002
f 4240//1 4241//1 4242//1 4243//1 4244//1
f 4236//2003 4241//2003 4240//2003 4235//2003
f 4237//2004 4242//2004 4241//2004 4236//2004
f 4238//2005 4243//2005 4242//2005 4237//2005
f 4239//2006 4244//2006 4243//2006 4238//2006
f 4235//2007 4240//2007 4244//2007 4239//2007
f 4251//1 4252//1 4253//1 4254//1 4255//1 4256//1
f 4246//2008 4252//2008 4251//2008 4245//2008
f 4247//2009 4253//2009 4252//2009 4246//2009
f 4248//2010 4254//2010 4253//2010 4247//2010
f 4249//2011 4255//2011 4254//2011 4248//2011
f 4250//2012 4256//2012 4255//2012 4249//2012
f 4245//2013 4251//2013 4256//2013 4250//2013
f 4261//1 4262//1 4263//1 4264//1
f 4258//2014 4262//2014 4261//2014 4257//2014
f 4259//268 4263//268 4262//268 4258//268
f 4260//1097 4264//1097 4263//1097 4259//1097
f 4257//214 4261//214 4264//214 4260//214
f 4269//1 4270//1 4271//1 4272//1
f 4266//1191 4270//1191 4269//1191 4265//1191
f 4267//2015 4271//2015 4270//2015 4266//2015
f 4268//1190 4272//1190 4271//1190 4267//1190
f 4265//2016 4269//2016 4272//2016 4268//2016
f 4277//1 4278//1 4279//1 4280//1
f 4274//2017 4278//2017 4277//2017 4273//2017
f 4275//2018 4279//2018 4278//2018 4274//2018
f 4276//2019 4280//2019 4279//2019 4275//2019
f 4273//2020 4277//2020 4280//2020 4276//2020
f 4285//1 4286//1 4287//1 4288//1
f 4282//2021 4286//2021 4285//2021 4281//2021
f 4283//2022 4287//2022 4286//2022 4282//2022
f 4284//2023 4288//2023 4287//2023 4283//2023
f 4281//2024 4285//2024 4288//2024 4284//2024
f 4293//1 4294//1 4295//1 4296//1
f 4290//2025 4294//2025 4293//2025 4289//2025
f 4291//2026 4295//2026 4294//2026 4290//2026
f 4292//2027 4296//2027 4295//2027 4291//2027
f 4289//2028 4293//2028 4296//2028 4292//2028
f 4301//1 4302//1 4303//1 4304//1
f 4298//2029 4302//2029 4301//2029 4297//2029
f 4299//2030 4303//2030 4302//2030 4298//2030
f 4300//2031 4304//2031 4303//2031 4299//2031
f 4297//2032 4301//2032 4304//2032 4300//2032
f 4309//1 4310//1 4311//1 4312//1
f 4306//2033 4310//2033 4309//2033 4305//2033
f 4307//2034 4311//2034 4310//2034 4306//2034
f 4308//1896 4312//1896 4311//1896 4307//1896
f 4305//2035 4309//2035 4312//2035 4308//2035
f 4317//1 4318//1 4319//1 4320//1
f 4314//2036 4318//2036 4317//2036 4313//2036
f 4315//2037 4319//2037 4318//2037 4314//2037
f 4316//2038 4320//2038 4319//2038 4315//2038
f 4313//2039 4317//2039 4320//2039 4316//2039
f 4327//1 4328//1 4329//1 4330//1 4331//1 4332//1
f 4322//2040 4328//2040 4327//2040 4321//2040
f 4323//504 4329//504 4328//504 4322//504
f 4324//505 4330//505 4329//505 4323//505
f 4325//2041 4331//2041 4330//2041 4324//2041
f 4326//2042 4332//2042 4331//2042 4325//2042
f 4321//2043 4327//2043 4332//2043 4326//2043
f 4345//1 4346//1 4347//1 4348//1 4349//1 4350//1 4351//1 4352//1 4353//1 4354//1 4355//1 4356//1
f 4334//113 4346//113 4345//113 4333//113
f 4335//54 4347//54 4346//54 4334//54
f 4336//96 4348//96 4347//96 4335//96
f 4337//2044 4349//2044 4348//2044 4336//2044
f 4338//2045 4350//2045 4349//2045 4337//2045
f 4339//2046 4351//2046 4350//2046 4338//2046
f 4340//1207 4352//1207 4351//1207 4339//1207
f 4341//280 4353//280 4352//280 4340//280
f 4342//74 4354//74 4353//74 4341//74
f 4343//2047 4355//2047 4354//2047 4342//2047
f 4344//2048 4356//2048 4355//2048 4343//2048
f 4333//2049 4345//2049 4356//2049 4344//2049
f 4361//1 4362//1 4363//1 4364//1
f 4358//2050 4362//2050 4361//2050 4357//2050
f 4359//110 4363//110 4362//110 4358//110
f 4360//2051 4364//2051 4363//2051 4359//2051
f 4357//2052 4361//2052 4364//2052 4360//2052
f 4369//1 4370//1 4371//1 4372//1
f 4366//504 4370//504 4369//504 4365//504
f 4367//2053 4371//2053 4370//2053 4366//2053
f 4368//506 4372//506 4371//506 4367//506
f 4365//2054 4369//2054 4372//2054 4368//2054
f 4377//1 4378//1 4379//1 4380//1
f 4374//2055 4378//2055 4377//2055 4373//2055
f 4375//2056 4379//2056 4378//2056 4374//2056
f 4376//2057 4380//2057 4379//2057 4375//2057
f 4373//2058 4377//2058 4380//2058 4376//2058
f 4386//1 4387//1 4388//1 4389//1 4390//1
f 4382//2059 4387//2059 4386//2059 4381//2059
f 4383//2060 4388//2060 4387//2060 4382//2060
f 4384//2061 4389//2061 4388//2061 4383//2061
f 4385//2062 4390//2062 4389//2062 4384//2062
f 4381//2063 4386//2063 4390//2063 4385//2063
f 4396//1 4397//1 4398//1 4399//1 4400//1
f 4392//2064 4397//2064 4396//2064 4391//2064
f 4393//2065 4398//2065 4397//2065 4392//2065
f 4394//2066 4399//2066 4398//2066 4393//2066
f 4395//2067 4400//2067 4399//2067 4394//2067
f 4391//2068 4396//2068 4400//2068 4395//2068
f 4407//1 4408//1 4409//1 4410//1 4411//1 4412//1
f 4402//2069 4408//2069 4407//2069 4401//2069
f 4403//2070 4409//2070 4408//2070 4402//2070
f 4404//2071 4410//2071 4409//2071 4403//2071
f 4405//2072 4411//2072 4410//2072 4404//2072
f 4406//2073 4412//2073 4411//2073 4405//2073
f 4401//341 4407//341 4412//341 4406//341
f 4419//1 4420//1 4421//1 4422//1 4423//1 4424//1
f 4414//2074 4420//2074 4419//2074 4413//2074
f 4415//663 4421//663 4420//663 4414//663
f 4416//2075 4422//2075 4421//2075 4415//2075
f 4417//2076 4423//2076 4422//2076 4416//2076
f 4418//2014 4424//2014 4423//2014 4417//2014
f 4413//2077 4419//2077 4424//2077 4418//2077
f 4433//1 4434//1 4435//1 4436//1 4437//1 4438//1 4439//1 4440//1
f 4426//2078 4434//2078 4433//2078 4425//2078
f 4427//77 4435//77 4434//77 4426//77
f 4428//2079 4436//2079 4435//2079 4427//2079
f 4429//2010 4437//2010 4436//2010 4428//2010
f 4430//1129 4438//1129 4437//1129 4429//1129
f 4431//2080 4439//2080 4438//2080 4430//2080
f 4432//2081 4440//2081 4439//2081 4431//2081
f 4425//2082 4433//2082 4440//2082 4432//2082
f 4447//1 4448//1 4449//1 4450//1 4451//1 4452//1
f 4442//2083 4448//2083 4447//2083 4441//2083
f 4443//2084 4449//2084 4448//2084 4442//2084
f 4444//2085 4450//2085 4449//2085 4443//2085
f 4445//2086 4451//2086 4450//2086 4444//2086
f 4446//1317 4452//1317 4451//1317 4445//1317
f 4441//2087 4447//2087 4452//2087 4446//2087
f 4459//1 4460//1 4461//1 4462//1 4463//1 4464//1
f 4454//2088 4460//2088 4459//2088 4453//2088
f 4455//2089 4461//2089 4460//2089 4454//2089
f 4456//2090 4462//2090 4461//2090 4455//2090
f 4457//2091 4463//2091 4462//2091 4456//2091
f 4458//2092 4464//2092 4463//2092 4457//2092
f 4453//2093 4459//2093 4464//2093 4458//2093
f 4473//1 4474//1 4475//1 4476//1 4477//1 4478//1 4479//1 4480//1
f 4466//2094 4474//2094 4473//2094 4465//2094
f 4467//2095 4475//2095 4474//2095 4466//2095
f 4468//2096 4476//2096 4475//2096 4467//2096
f 4469//2097 4477//2097 4476//2097 4468//2097
f 4470//2098 4478//2098 4477//2098 4469//2098
f 4471//2099 4479//2099 4478//2099 4470//2099
f 4472//2100 4480//2100 4479//2100 4471//2100
f 4465//2101 4473//2101 4480//2101 4472//2101
f 4485//1 4486//1 4487//1 4488//1
f 4482//2102 4486//2102 4485//2102 4481//2102
f 4483//2103 4487//2103 4486//2103 4482//2103
f 4484//2104 4488//2104 4487//2104 4483//2104
f 4481//2105 4485//2105 4488//2105 4484//2105
f 4495//1 4496//1 4497//1 4498//1 4499//1 4500//1
f 4490//959 4496//959 4495//959 4489//959
f 4491//2106 4497//2106 4496//2106 4490//2106
f 4492//2107 4498//2107 4497//2107 4491//2107
f 4493//2108 4499//2108 4498//2108 4492//2108
f 4494//2109 4500//2109 4499//2109 4493//2109
f 4489//2110 4495//2110 4500//2110 4494//2110
f 4507//1 4508//1 4509//1 4510//1 4511//1 4512//1
f 4502//2111 4508//2111 4507//2111 4501//2111
f 4503//2112 4509//2112 4508//2112 4502//2112
f 4504//2113 4510//2113 4509//2113 4503//2113
f 4505//2114 4511//2114 4510//2114 4504//2114
f 4506//2115 4512//2115 4511//2115 4505//2115
f 4501//2116 4507//2116 4512//2116 4506//2116
f 4522//1 4523//1 4524//1 4525//1 4526//1 4527//1 4528//1 4529//1 4530//1
f 4514//2117 4523//2117 4522//2117 4513//2117
f 4515//2118 4524//2118 4523//2118 4514//2118
f 4516//2119 4525//2119 4524//2119 4515//2119
f 4517//2120 4526//2120 4525//2120 4516//2120
f 4518//2121 4527//2121 4526//2121 4517//2121
f 4519//2122 4528//2122 4527//2122 4518//2122
f 4520//2123 4529//2123 4528//2123 4519//2123
f 4521//2124 4530//2124 4529//2124 4520//2124
f 4513//2125 4522//2125 4530//2125 4521//2125
f 4535//1 4536//1 4537//1 4538//1
f 4532//2126 4536//2126 4535//2126 4531//2126
f 4533//2127 4537//2127 4536//2127 4532//2127
f 4534//2128 4538//2128 4537//2128 4533//2128
f 4531//2129 4535//2129 4538//2129 4534//2129
f 4543//1 4544//1 4545//1 4546//1
f 4540//2130 4544//2130 4543//2130 4539//2130
f 4541//2131 4545//2131 4544//2131 4540//2131
f 4542//2132 4546//2132 4545//2132 4541//2132
f 4539//2133 4543//2133 4546//2133 4542//2133
f 4551//1 4552//1 4553//1 4554//1
f 4548//2134 4552//2134 4551//2134 4547//2134
f 4549//2135 4553//2135 4552//2135 4548//2135
f 4550//2136 4554//2136 4553//2136 4549//2136
f 4547//2137 4551//2137 4554//2137 4550//2137
f 4559//1 4560//1 4561//1 4562//1
f 4556//2138 4560//2138 4559//2138 4555//2138
f 4557//2139 4561//2139 4560//2139 4556//2139
f 4558//2140 4562//2140 4561//2140 4557//2140
f 4555//2141 4559//2141 4562//2141 4558//2141
f 4567//1 4568//1 4569//1 4570//1
f 4564//2142 4568//2142 4567//2142 4563//2142
f 4565//2143 4569//2143 4568//2143 4564//2143
f 4566//2144 4570//2144 4569//2144 4565//2144
f 4563//2145 4567//2145 4570//2145 4566//2145
f 4577//1 4578//1 4579//1 4580//1 4581//1 4582//1
f 4572//2146 4578//2146 4577//2146 4571//2146
f 4573//2147 4579//2147 4578//2147 4572//2147
f 4574//2148 4580//2148 4579//2148 4573//2148
f 4575//2149 4581//2149 4580//2149 4574//2149
f 4576//2150 4582//2150 4581//2150 4575//2150
f 4571//2151 4577//2151 4582//2151 4576//2151
f 4587//1 4588//1 4589//1 4590//1
f 4584//2152 4588//2152 4587//2152 4583//2152
f 4585//2131 4589//2131 4588//2131 4584//2131
f 4586//2153 4590//2153 4589//2153 4585//2153
f 4583//2154 4587//2154 4590//2154 4586//2154
f 4597//1 4598//1 4599//1 4600//1 4601//1 4602//1
f 4592//2155 4598//2155 4597//2155 4591//2155
f 4593//2156 4599//2156 4598//2156 4592//2156
f 4594//2157 4600//2157 4599//2157 4593//2157
f 4595//2158 4601//2158 4600//2158 4594//2158
f 4596//2159 4602//2159 4601//2159 4595//2159
f 4591//2160 4597//2160 4602//2160 4596//2160
f 4611//1 4612//1 4613//1 4614//1 4615//1 4616//1 4617//1 4618//1
f 4604//2161 4612//2161 4611//2161 4603//2161
f 4605//2162 4613//2162 4612//2162 4604//2162
f 4606//2163 4614//2163 4613//2163 4605//2163
f 4607//2164 4615//2164 4614//2164 4606//2164
f 4608//2165 4616//2165 4615//2165 4607//2165
f 4609//680 4617//680 4616//680 4608//680
f 4610//2166 4618//2166 4617//2166 4609//2166
f 4603//2167 4611//2167 4618//2167 4610//2167
f 4623//1 4624//1 4625//1 4626//1
f 4620//2168 4624//2168 4623//2168 4619//2168
f 4621//2169 4625//2169 4624//2169 4620//2169
f 4622//2170 4626//2170 4625//2170 4621//2170
f 4619//2171 4623//2171 4626//2171 4622//2171
f 4631//1 4632//1 4633//1 4634//1
f 4628//2172 4632//2172 4631//2172 4627//2172
f 4629//2173 4633//2173 4632//2173 4628//2173
f 4630//2174 4634//2174 4633//2174 4629//2174
f 4627//1316 4631//1316 4634//1316 4630//1316
f 4641//1 4642//1 4643//1 4644//1 4645//1 4646//1
f 4636//2175 4642//2175 4641//2175 4635//2175
f 4637//2176 4643//2176 4642//2176 4636//2176
f 4638//2177 4644//2177 4643//2177 4637//2177
f 4639//2178 4645//2178 4644//2178 4638//2178
f 4640//2179 4646//2179 4645//2179 4639//2179
f 4635//2180 4641//2180 4646//2180 4640//2180
f 4651//1 4652//1 4653//1 4654//1
f 4648//2181 4652//2181 4651//2181 4647//2181
f 4649//2182 4653//2182 4652//2182 4648//2182
f 4650//2183 4654//2183 4653//2183 4649//2183
f 4647//2184 4651//2184 4654//2184 4650//2184
f 4659//1 4660//1 4661//1 4662//1
f 4656//2185 4660//2185 4659//2185 4655//2185
f 4657//2186 4661//2186 4660//2186 4656//2186
f 4658//2187 4662//2187 4661//2187 4657//2187
f 4655//2188 4659//2188 4662//2188 4658//2188
f 4667//1 4668//1 4669//1 4670//1
f 4664//2189 4668//2189 4667//2189 4663//2189
f 4665//2190 4669//2190 4668//2190 4664//2190
f 4666//2191 4670//2191 4669//2191 4665//2191
f 4663//2192 4667//2192 4670//2192 4666//2192
f 4675//1 4676//1 4677//1 4678//1
f 4672//2193 4676//2193 4675//2193 4671//2193
f 4673//2194 4677//2194 4676//2194 4672//2194
f 4674//2195 4678//2195 4677//2195 4673//2195
f 4671//2196 4675//2196 4678//2196 4674//2196
f 4683//1 4684//1 4685//1 4686//1
f 4680//2197 4684//2197 4683//2197 4679//2197
f 4681//2198 4685//2198 4684//2198 4680//2198
f 4682//2199 4686//2199 4685//2199 4681//2199
f 4679//2200 4683//2200 4686//2200 4682//2200
f 4691//1 4692//1 4693//1 4694//1
f 4688//2201 4692//2201 4691//2201 4687//2201
f 4689//2202 4693//2202 4692//2202 4688//2202
f 4690//2203 4694//2203 4693//2203 4689//2203
f 4687//2204 4691//2204 4694//2204 4690//2204
f 4699//1 4700//1 4701//1 4702//1
f 4696//2205 4700//2205 4699//2205 4695//2205
f 4697//1481 4701//1481 4700//1481 4696//1481
f 4698//2206 4702//2206 4701//2206 4697//2206
f 4695//2207 4699//2207 4702//2207 4698//2207
f 4707//1 4708//1 4709//1 4710//1
f 4704//2208 4708//2208 4707//2208 4703//2208
f 4705//2089 4709//2089 4708//2089 4704//2089
f 4706//2209 4710//2209 4709//2209 4705//2209
f 4703//2210 4707//2210 4710//2210 4706//2210
f 4717//1 4718//1 4719//1 4720//1 4721//1 4722//1
f 4712//2211 4718//2211 4717//2211 4711//2211
f 4713//2212 4719//2212 4718//2212 4712//2212
f 4714//2213 4720//2213 4719//2213 4713//2213
f 4715//2214 4721//2214 4720//2214 4714//2214
f 4716//2215 4722//2215 4721//2215 4715//2215
f 4711//2216 4717//2216 4722//2216 4716//2216
f 4727//1 4728//1 4729//1 4730//1
f 4724//2217 4728//2217 4727//2217 4723//2217
f 4725//2218 4729//2218 4728//2218 4724//2218
f 4726//2219 4730//2219 4729//2219 4725//2219
f 4723//2220 4727//2220 4730//2220 4726//2220
f 4735//1 4736//1 4737//1 4738//1
f 4732//2221 4736//2221 4735//2221 4731//2221
f 4733//2222 4737//2222 4736//2222 4732//2222
f 4734//2223 4738//2223 4737//2223 4733//2223
f 4731//2224 4735//2224 4738//2224 4734//2224
f 4743//1 4744//1 4745//1 4746//1
f 4740//2225 4744//2225 4743//2225 4739//2225
f 4741//2226 4745//2226 4744//2226 4740//2226
f 4742//2223 4746//2223 4745//2223 4741//2223
f 4739//2227 4743//2227 4746//2227 4742//2227
f 4751//1 4752//1 4753//1 4754//1
f 4748//2228 4752//2228 4751//2228 4747//2228
f 4749//2226 4753//2226 4752//2226 4748//2226
f 4750//2223 4754//2223 4753//2223 4749//2223
f 4747//2224 4751//2224 4754//2224 4750//2224
f 4759//1 4760//1 4761//1 4762//1
f 4756//2228 4760//2228 4759//2228 4755//2228
f 4757//2226 4761//2226 4760//2226 4756//2226
f 4758//2229 4762//2229 4761//2229 4757//2229
f 4755//2227 4759//2227 4762//2227 4758//2227
f 4767//1 4768//1 4769//1 4770//1
f 4764//2230 4768//2230 4767//2230 4763//2230
f 4765//2226 4769//2226 4768//2226 4764//2226
f 4766//2231 4770//2231 4769//2231 4765//2231
f 4763//2224 4767//2224 4770//2224 4766//2224
f 4775//1 4776//1 4777//1 4778//1
f 4772//2232 4776//2232 4775//2232 4771//2232
f 4773//2233 4777//2233 4776//2233 4772//2233
f 4774//2234 4778//2234 4777//2234 4773//2234
f 4771//2235 4775//2235 4778//2235 4774//2235
f 4783//1 4784//1 4785//1 4786//1
f 4780//2236 4784//2236 4783//2236 4779//2236
f 4781//2237 4785//2237 4784//2237 4780//2237
f 4782//2238 4786//2238 4785//2238 4781//2238
f 4779//2239 4783//2239 4786//2239 4782//2239
f 4791//1 4792//1 4793//1 4794//1
f 4788//2240 4792//2240 4791//2240 4787//2240
f 4789//2241 4793//2241 4792//2241 4788//2241
f 4790//2242 4794//2242 4793//2242 4789//2242
f 4787//2243 4791//2243 4794//2243 4790//2243
f 4799//1 4800//1 4801//1 4802//1
f 4796//2244 4800//2244 4799//2244 4795//2244
f 4797//2245 4801//2245 4800//2245 4796//2245
f 4798//2246 4802//2246 4801//2246 4797//2246
f 4795//2247 4799//2247 4802//2247 4798//2247
f 4807//1 4808//1 4809//1 4810//1
f 4804//2248 4808//2248 4807//2248 4803//2248
f 4805//2249 4809//2249 4808//2249 4804//2249
f 4806//2250 4810//2250 4809//2250 4805//2250
f 4803//2251 4807//2251 4810//2251 4806//2251
f 4817//1 4818//1 4819//1 4820//1 4821//1 4822//1
f 4812//2252 4818//2252 4817//2252 4811//2252
f 4813//2253 4819//2253 4818//2253 4812//2253
f 4814//2254 4820//2254 4819//2254 4813//2254
f 4815//2255 4821//2255 4820//2255 4814//2255
f 4816//1065 4822//1065 4821//1065 4815//1065
f 4811//2256 4817//2256 4822//2256 4816//2256
f 4827//1 4828//1 4829//1 4830//1
f 4824//2257 4828//2257 4827//2257 4823//2257
f 4825//2258 4829//2258 4828//2258 4824//2258
f 4826//2259 4830//2259 4829//2259 4825//2259
f 4823//2260 4827//2260 4830//2260 4826//2260
f 4835//1 4836//1 4837//1 4838//1
f 4832//2261 4836//2261 4835//2261 4831//2261
f 4833//2262 4837//2262 4836//2262 4832//2262
f 4834//2263 4838//2263 4837//2263 4833//2263
f 4831//2224 4835//2224 4838//2224 4834//2224
f 4843//1 4844//1 4845//1 4846//1
f 4840//2264 4844//2264 4843//2264 4839//2264
f 4841//2265 4845//2265 4844//2265 4840//2265
f 4842//2266 4846//2266 4845//2266 4841//2266
f 4839//2267 4843//2267 4846//2267 4842//2267
f 4851//1 4852//1 4853//1 4854//1
f 4848//2268 4852//2268 4851//2268 4847//2268
f 4849//2269 4853//2269 4852//2269 4848//2269
f 4850//2270 4854//2270 4853//2270 4849//2270
f 4847//2271 4851//2271 4854//2271 4850//2271
f 4861//1 4862//1 4863//1 4864//1 4865//1 4866//1
f 4856//2272 4862//2272 4861//2272 4855//2272
f 4857//2273 4863//2273 4862//2273 4856//2273
f 4858//2274 4864//2274 4863//2274 4857//2274
f 4859//2275 4865//2275 4864//2275 4858//2275
f 4860//2276 4866//2276 4865//2276 4859//2276
f 4855//2277 4861//2277 4866//2277 4860//2277
f 4871//1 4872//1 4873//1 4874//1
f 4868//2278 4872//2278 4871//2278 4867//2278
f 4869//2279 4873//2279 4872//2279 4868//2279
f 4870//2280 4874//2280 4873//2280 4869//2280
f 4867//2281 4871//2281 4874//2281 4870//2281
f 4879//1 4880//1 4881//1 4882//1
f 4876//2282 4880//2282 4879//2282 4875//2282
f 4877//2283 4881//2283 4880//2283 4876//2283
f 4878//2284 4882//2284 4881//2284 4877//2284
f 4875//2285 4879//2285 4882//2285 4878//2285
f 4887//1 4888//1 4889//1 4890//1
f 4884//952 4888//952 4887//952 4883//952
f 4885//2286 4889//2286 4888//2286 4884//2286
f 4886//2287 4890//2287 4889//2287 4885//2287
f 4883//2288 4887//2288 4890//2288 4886//2288
f 4902//1 4903//1 4904//1 4905//1 4906//1 4907//1 4908//1 4909//1 4910//1 4911//1 4912//1
f 4892//2289 4903//2289 4902//2289 4891//2289
f 4893//2290 4904//2290 4903//2290 4892//2290
f 4894//2291 4905//2291 4904//2291 4893//2291
f 4895//2292 4906//2292 4905//2292 4894//2292
f 4896//2293 4907//2293 4906//2293 4895//2293
f 4897//2294 4908//2294 4907//2294 4896//2294
f 4898//2295 4909//2295 4908//2295 4897//2295
f 4899//2189 4910//2189 4909//2189 4898//2189
f 4900//2296 4911//2296 4910//2296 4899//2296
f 4901//1432 4912//1432 4911//1432 4900//1432
f 4891//2297 4902//2297 4912//2297 4901//2297
f 4919//1 4920//1 4921//1 4922//1 4923//1 4924//1
f 4914//2298 4920//2298 4919//2298 4913//2298
f 4915//2299 4921//2299 4920//2299 4914//2299
f 4916//2300 4922//2300 4921//2300 4915//2300
f 4917//2301 4923//2301 4922//2301 4916//2301
f 4918//1485 4924//1485 4923//1485 4917//1485
f 4913//2302 4919//2302 4924//2302 4918//2302
f 4931//1 4932//1 4933//1 4934//1 4935//1 4936//1
f 4926//2303 4932//2303 4931//2303 4925//2303
f 4927//2304 4933//2304 4932//2304 4926//2304
f 4928//2305 4934//2305 4933//2305 4927//2305
f 4929//2306 4935//2306 4934//2306 4928//2306
f 4930//2307 4936//2307 4935//2307 4929//2307
f 4925//2308 4931//2308 4936//2308 4930//2308
f 4946//1 4947//1 4948//1 4949//1 4950//1 4951//1 4952//1 4953//1 4954//1
f 4938//2309 4947//2309 4946//2309 4937//2309
f 4939//2310 4948//2310 4947//2310 4938//2310
f 4940//2311 4949//2311 4948//2311 4939//2311
f 4941//2312 4950//2312 4949//2312 4940//2312
f 4942//2313 4951//2313 4950//2313 4941//2313
f 4943//2314 4952//2314 4951//2314 4942//2314
f 4944//2315 4953//2315 4952//2315 4943//2315
f 4945//2316 4954//2316 4953//2316 4944//2316
f 4937//1445 4946//1445 4954//1445 4945//1445
f 4961//1 4962//1 4963//1 4964//1 4965//1 4966//1
f 4956//2317 4962//2317 4961//2317 4955//2317
f 4957//1481 4963//1481 4962//1481 4956//1481
f 4958//2318 4964//2318 4963//2318 4957//2318
f 4959//2319 4965//2319 4964//2319 4958//2319
f 4960//2205 4966//2205 4965//2205 4959//2205
f 4955//2320 4961//2320 4966//2320 4960//2320
f 4972//1 4973//1 4974//1 4975//1 4976//1
f 4968//2321 4973//2321 4972//2321 4967//2321
f 4969//2322 4974//2322 4973//2322 4968//2322
f 4970//2323 4975//2323 4974//2323 4969//2323
f 4971//2324 4976//2324 4975//2324 4970//2324
f 4967//2325 4972//2325 4976//2325 4971//2325
f 4984//1 4985//1 4986//1 4987//1 4988//1 4989//1 4990//1
f 4978//2326 4985//2326 4984//2326 4977//2326
f 4979//2327 4986//2327 4985//2327 4978//2327
f 4980//2328 4987//2328 4986//2328 4979//2328
f 4981//2329 4988//2329 4987//2329 4980//2329
f 4982//2330 4989//2330 4988//2330 4981//2330
f 4983//2331 4990//2331 4989//2331 4982//2331
f 4977//2332 4984//2332 4990//2332 4983//2332
f 5005//1 5006//1 5007//1 5008//1 5009//1 5010//1 5011//1 5012//1 5013//1 5014//1 5015//1 5016//1 5017//1 5018//1
f 4992//2333 5006//2333 5005//2333 4991//2333
f 4993//36 5007//36 5006//36 4992//36
f 4994//2334 5008//2334 5007//2334 4993//2334
f 4995//2335 5009//2335 5008//2335 4994//2335
f 4996//2336 5010//2336 5009//2336 4995//2336
f 4997//2337 5011//2337 5010//2337 4996//2337
f 4998//2338 5012//2338 5011//2338 4997//2338
f 4999//2339 5013//2339 5012//2339 4998//2339
f 5000//2340 5014//2340 5013//2340 4999//2340
f 5001//2341 5015//2341 5014//2341 5000//2341
f 5002//2342 5016//2342 5015//2342 5001//2342
f 5003//2343 5017//2343 5016//2343 5002//2343
f 5004//612 5018//612 5017//612 5003//612
f 4991//2344 5005//2344 5018//2344 5004//2344
f 5023//1 5024//1 5025//1 5026//1
f 5020//2345 5024//2345 5023//2345 5019//2345
f 5021//2346 5025//2346 5024//2346 5020//2346
f 5022//2347 5026//2347 5025//2347 5021//2347
f 5019//2348 5023//2348 5026//2348 5022//2348
f 5033//1 5034//1 5035//1 5036//1 5037//1 5038//1
f 5028//2349 5034//2349 5033//2349 5027//2349
f 5029//2350 5035//2350 5034//2350 5028//2350
f 5030//2351 5036//2351 5035//2351 5029//2351
f 5031//2352 5037//2352 5036//2352 5030//2352
f 5032//2353 5038//2353 5037//2353 5031//2353
f 5027//2354 5033//2354 5038//2354 5032//2354
f 5045//1 5046//1 5047//1 5048//1 5049//1 5050//1
f 5040//2355 5046//2355 5045//2355 5039//2355
f 5041//2356 5047//2356 5046//2356 5040//2356
f 5042//2357 5048//2357 5047//2357 5041//2357
f 5043//2358 5049//2358 5048//2358 5042//2358
f 5044//2359 5050//2359 5049//2359 5043//2359
f 5039//2360 5045//2360 5050//2360 5044//2360
f 5055//1 5056//1 5057//1 5058//1
f 5052//2361 5056//2361 5055//2361 5051//2361
f 5053//2362 5057//2362 5056//2362 5052//2362
f 5054//2363 5058//2363 5057//2363 5053//2363
f 5051//2364 5055//2364 5058//2364 5054//2364
f 5063//1 5064//1 5065//1 5066//1
f 5060//2365 5064//2365 5063//2365 5059//2365
f 5061//2366 5065//2366 5064//2366 5060//2366
f 5062//2367 5066//2367 5065//2367 5061//2367
f 5059//2368 5063//2368 5066//2368 5062//2368
f 5073//1 5074//1 5075//1 5076//1 5077//1 5078//1
f 5068//2369 5074//2369 5073//2369 5067//2369
f 5069//2370 5075//2370 5074//2370 5068//2370
f 5070//2371 5076//2371 5075//2371 5069//2371
f 5071//1813 5077//1813 5076//1813 5070//1813
f 5072//2372 5078//2372 5077//2372 5071//2372
f 5067//2373 5073//2373 5078//2373 5072//2373
f 5101//1 5102//1 5103//1 5104//1 5105//1 5106//1 5107//1 5108//1 5109//1 5110//1 5111//1 5112//1 5113//1 5114//1 5115//1 5116//1 5117//1 5118//1 5119//1 5120//1 5121//1 5122//1
f 5080//2374 5102//2374 5101//2374 5079//2374
f 5081//2375 5103//2375 5102//2375 5080//2375
f 5082//2376 5104//2376 5103//2376 5081//2376
f 5083//2377 5105//2377 5104//2377 5082//2377
f 5084//2378 5106//2378 5105//2378 5083//2378
f 5085//2379 5107//2379 5106//2379 5084//2379
f 5086//2380 5108//2380 5107//2380 5085//2380
f 5087//2381 5109//2381 5108//2381 5086//2381
f 5088//2382 5110//2382 5109//2382 5087//2382
f 5089//2383 5111//2383 5110//2383 5088//2383
f 5090//2384 5112//2384 5111//2384 5089//2384
f 5091//2385 5113//2385 5112//2385 5090//2385
f 5092//2386 5114//2386 5113//2386 5091//2386
f 5093//2387 5115//2387 5114//2387 5092//2387
f 5094//2388 5116//2388 5115//2388 5093//2388
f 5095//2389 5117//2389 5116//2389 5094//2389
f 5096//2390 5118//2390 5117//2390 5095//2390
f 5097//2391 5119//2391 5118//2391 5096//2391
f 5098//2392 5120//2392 5119//2392 5097//2392
f 5099//2393 5121//2393 5120//2393 5098//2393
f 5100//2394 5122//2394 5121//2394 5099//2394
f 5079//2395 5101//2395 5122//2395 5100//2395
f 5127//1 5128//1 5129//1 5130//1
f 5124//2396 5128//2396 5127//2396 5123//2396
f 5125//2397 5129//2397 5128//2397 5124//2397
f 5126//2398 5130//2398 5129//2398 5125//2398
f 5123//2399 5127//2399 5130//2399 5126//2399
f 5137//1 5138//1 5139//1 5140//1 5141//1 5142//1
f 5132//2400 5138//2400 5137//2400 5131//2400
f 5133//2401 5139//2401 5138//2401 5132//2401
f 5134//1923 5140//1923 5139//1923 5133//1923
f 5135//2402 5141//2402 5140//2402 5134//2402
f 5136//2403 5142//2403 5141//2403 5135//2403
f 5131//2404 5137//2404 5142//2404 5136//2404
f 5149//1 5150//1 5151//1 5152//1 5153//1 5154//1
f 5144//2405 5150//2405 5149//2405 5143//2405
f 5145//2406 5151//2406 5150//2406 5144//2406
f 5146//2187 5152//2187 5151//2187 5145//2187
f 5147//2407 5153//2407 5152//2407 5146//2407
f 5148//2408 5154//2408 5153//2408 5147//2408
f 5143//2409 5149//2409 5154//2409 5148//2409
f 5159//1 5160//1 5161//1 5162//1
f 5156//2410 5160//2410 5159//2410 5155//2410
f 5157//2411 5161//2411 5160//2411 5156//2411
f 5158//2412 5162//2412 5161//2412 5157//2412
f 5155//2413 5159//2413 5162//2413 5158//2413
f 5171//1 5172//1 5173//1 5174//1 5175//1 5176//1 5177//1 5178//1
f 5164//370 5172//370 5171//370 5163//370
f 5165//2414 5173//2414 5172//2414 5164//2414
f 5166//2415 5174//2415 5173//2415 5165//2415
f 5167//2416 5175//2416 5174//2416 5166//2416
f 5168//2041 5176//2041 5175//2041 5167//2041
f 5169//2417 5177//2417 5176//2417 5168//2417
f 5170//2418 5178//2418 5177//2418 5169//2418
f 5163//2419 5171//2419 5178//2419 5170//2419
f 5193//1 5194//1 5195//1 5196//1 5197//1 5198//1 5199//1 5200//1 5201//1 5202//1 5203//1 5204//1 5205//1 5206//1
f 5180//2420 5194//2420 5193//2420 5179//2420
f 5181//2421 5195//2421 5194//2421 5180//2421
f 5182//2422 5196//2422 5195//2422 5181//2422
f 5183//2423 5197//2423 5196//2423 5182//2423
f 5184//2424 5198//2424 5197//2424 5183//2424
f 5185//2425 5199//2425 5198//2425 5184//2425
f 5186//2426 5200//2426 5199//2426 5185//2426
f 5187//2427 5201//2427 5200//2427 5186//2427
f 5188//2428 5202//2428 5201//2428 5187//2428
f 5189//2429 5203//2429 5202//2429 5188//2429
f 5190//1668 5204//1668 5203//1668 5189//1668
f 5191//2430 5205//2430 5204//2430 5190//2430
f 5192//2431 5206//2431 5205//2431 5191//2431
f 5179//2432 5193//2432 5206//2432 5192//2432
f 5211//1 5212//1 5213//1 5214//1
f 5208//2433 5212//2433 5211//2433 5207//2433
f 5209//2434 5213//2434 5212//2434 5208//2434
f 5210//2435 5214//2435 5213//2435 5209//2435
f 5207//2436 5211//2436 5214//2436 5210//2436
f 5223//1 5224//1 5225//1 5226//1 5227//1 5228//1 5229//1 5230//1
f 5216//2437 5224//2437 5223//2437 5215//2437
f 5217//2438 5225//2438 5224//2438 5216//2438
f 5218//2439 5226//2439 5225//2439 5217//2439
f 5219//2440 5227//2440 5226//2440 5218//2440
f 5220//2441 5228//2441 5227//2441 5219//2441
f 5221//2442 5229//2442 5228//2442 5220//2442
f 5222//2443 5230//2443 5229//2443 5221//2443
f 5215//2444 5223//2444 5230//2444 5222//2444
f 5237//1 5238//1 5239//1 5240//1 5241//1 5242//1
f 5232//2445 5238//2445 5237//2445 5231//2445
f 5233//2446 5239//2446 5238//2446 5232//2446
f 5234//2447 5240//2447 5239//2447 5233//2447
f 5235//778 5241//778 5240//778 5234//778
f 5236//2448 5242//2448 5241//2448 5235//2448
f 5231//2449 5237//2449 5242//2449 5236//2449
f 5252//1 5253//1 5254//1 5255//1 5256//1 5257//1 5258//1 5259//1 5260//1
f 5244//2450 5253//2450 5252//2450 5243//2450
f 5245//2451 5254//2451 5253//2451 5244//2451
f 5246//2452 5255//2452 5254//2452 5245//2452
f 5247//2453 5256//2453 5255//2453 5246//2453
f 5248//2454 5257//2454 5256//2454 5247//2454
f 5249//2455 5258//2455 5257//2455 5248//2455
f 5250//2456 5259//2456 5258//2456 5249//2456
f 5251//2457 5260//2457 5259//2457 5250//2457
f 5243//1701 5252//1701 5260//1701 5251//1701
f 5265//1 5266//1 5267//1 5268//1
f 5262//2458 5266//2458 5265//2458 5261//2458
f 5263//2459 5267//2459 5266//2459 5262//2459
f 5264//2460 5268//2460 5267//2460 5263//2460
f 5261//2461 5265//2461 5268//2461 5264//2461
f 5273//1 5274//1 5275//1 5276//1
f 5270//2462 5274//2462 5273//2462 5269//2462
f 5271//2463 5275//2463 5274//2463 5270//2463
f 5272//2464 5276//2464 5275//2464 5271//2464
f 5269//2465 5273//2465 5276//2465 5272//2465
f 5281//1 5282//1 5283//1 5284//1
f 5278//2466 5282//2466 5281//2466 5277//2466
f 5279//2467 5283//2467 5282//2467 5278//2467
f 5280//2468 5284//2468 5283//2468 5279//2468
f 5277//2469 5281//2469 5284//2469 5280//2469
f 5291//1 5292//1 5293//1 5294//1 5295//1 5296//1
f 5286//2470 5292//2470 5291//2470 5285//2470
f 5287//2471 5293//2471 5292//2471 5286//2471
f 5288//2472 5294//2472 5293//2472 5287//2472
f 5289//2473 5295//2473 5294//2473 5288//2473
f 5290//2474 5296//2474 5295//2474 5289//2474
f 5285//2475 5291//2475 5296//2475 5290//2475
f 5305//1 5306//1 5307//1 5308//1 5309//1 5310//1 5311//1 5312//1
f 5298//2476 5306//2476 5305//2476 5297//2476
f 5299//2477 5307//2477 5306//2477 5298//2477
f 5300//2478 5308//2478 5307//2478 5299//2478
f 5301//2479 5309//2479 5308//2479 5300//2479
f 5302//2480 5310//2480 5309//2480 5301//2480
f 5303//2481 5311//2481 5310//2481 5302//2481
f 5304//793 5312//793 5311//793 5303//793
f 5297//2482 5305//2482 5312//2482 5304//2482
f 5318//1 5319//1 5320//1 5321//1 5322//1
f 5314//2483 5319//2483 5318//2483 5313//2483
f 5315//2484 5320//2484 5319//2484 5314//2484
f 5316//2485 5321//2485 5320//2485 5315//2485
f 5317//2486 5322//2486 5321//2486 5316//2486
f 5313//2487 5318//2487 5322//2487 5317//2487
f 5329//1 5330//1 5331//1 5332//1 5333//1 5334//1
f 5324//2470 5330//2470 5329//2470 5323//2470
f 5325//2477 5331//2477 5330//2477 5324//2477
f 5326//2488 5332//2488 5331//2488 5325//2488
f 5327//2489 5333//2489 5332//2489 5326//2489
f 5328//120 5334//120 5333//120 5327//120
f 5323//2490 5329//2490 5334//2490 5328//2490
f 5339//1 5340//1 5341//1 5342//1
f 5336//2491 5340//2491 5339//2491 5335//2491
f 5337//2492 5341//2492 5340//2492 5336//2492
f 5338//2478 5342//2478 5341//2478 5337//2478
f 5335//2493 5339//2493 5342//2493 5338//2493
f 5347//1 5348//1 5349//1 5350//1
f 5344//793 5348//793 5347//793 5343//793
f 5345//2494 5349//2494 5348//2494 5344//2494
f 5346//2495 5350//2495 5349//2495 5345//2495
f 5343//2496 5347//2496 5350//2496 5346//2496
f 5355//1 5356//1 5357//1 5358//1
f 5352//2497 5356//2497 5355//2497 5351//2497
f 5353//2498 5357//2498 5356//2498 5352//2498
f 5354//2499 5358//2499 5357//2499 5353//2499
f 5351//692 5355//692 5358//692 5354//692
f 5364//1 5365//1 5366//1 5367//1 5368//1
f 5360//2500 5365//2500 5364//2500 5359//2500
f 5361//2501 5366//2501 5365//2501 5360//2501
f 5362//2499 5367//2499 5366//2499 5361//2499
f 5363//2502 5368//2502 5367//2502 5362//2502
f 5359//2503 5364//2503 5368//2503 5363//2503
f 5373//1 5374//1 5375//1 5376//1
f 5370//2504 5374//2504 5373//2504 5369//2504
f 5371//2505 5375//2505 5374//2505 5370//2505
f 5372//2506 5376//2506 5375//2506 5371//2506
f 5369//2507 5373//2507 5376//2507 5372//2507
f 5382//1 5383//1 5384//1 5385//1 5386//1
f 5378//2508 5383//2508 5382//2508 5377//2508
f 5379//2509 5384//2509 5383//2509 5378//2509
f 5380//2510 5385//2510 5384//2510 5379//2510
f 5381//2511 5386//2511 5385//2511 5380//2511
f 5377//2512 5382//2512 5386//2512 5381//2512
f 5391//1 5392//1 5393//1 5394//1
f 5388//2513 5392//2513 5391//2513 5387//2513
f 5389//2514 5393//2514 5392//2514 5388//2514
f 5390//2515 5394//2515 5393//2515 5389//2515
f 5387//2516 5391//2516 5394//2516 5390//2516
f 5399//1 5400//1 5401//1 5402//1
f 5396//2517 5400//2517 5399//2517 5395//2517
f 5397//2518 5401//2518 5400//2518 5396//2518
f 5398//2519 5402//2519 5401//2519 5397//2519
f 5395//2520 5399//2520 5402//2520 5398//2520
f 5408//1 5409//1 5410//1 5411//1 5412//1
f 5404//985 5409//985 5408//985 5403//985
f 5405//2521 5410//2521 5409//2521 5404//2521
f 5406//2522 5411//2522 5410//2522 5405//2522
f 5407//2523 5412//2523 5411//2523 5406//2523
f 5403//2524 5408//2524 5412//2524 5407//2524
f 5419//1 5420//1 5421//1 5422//1 5423//1 5424//1
f 5414//2525 5420//2525 5419//2525 5413//2525
f 5415//2526 5421//2526 5420//2526 5414//2526
f 5416//2527 5422//2527 5421//2527 5415//2527
f 5417//2528 5423//2528 5422//2528 5416//2528
f 5418//2529 5424//2529 5423//2529 5417//2529
f 5413//2530 5419//2530 5424//2530 5418//2530
f 5429//1 5430//1 5431//1 5432//1
f 5426//2531 5430//2531 5429//2531 5425//2531
f 5427//2532 5431//2532 5430//2532 5426//2532
f 5428//2533 5432//2533 5431//2533 5427//2533
f 5425//2534 5429//2534 5432//2534 5428//2534
f 5443//1 5444//1 5445//1 5446//1 5447//1 5448//1 5449//1 5450//1 5451//1 5452//1
f 5434//2535 5444//2535 5443//2535 5433//2535
f 5435//2536 5445//2536 5444//2536 5434//2536
f 5436//2537 5446//2537 5445//2537 5435//2537
f 5437//2538 5447//2538 5446//2538 5436//2538
f 5438//2539 5448//2539 5447//2539 5437//2539
f 5439//2540 5449//2540 5448//2540 5438//2540
f 5440//2541 5450//2541 5449//2541 5439//2541
f 5441//2542 5451//2542 5450//2542 5440//2542
f 5442//2543 5452//2543 5451//2543 5441//2543
f 5433//2544 5443//2544 5452//2544 5442//2544
f 5457//1 5458//1 5459//1 5460//1
f 5454//2545 5458//2545 5457//2545 5453//2545
f 5455//2546 5459//2546 5458//2546 5454//2546
f 5456//2485 5460//2485 5459//2485 5455//2485
f 5453//2547 5457//2547 5460//2547 5456//2547
f 5466//1 5467//1 5468//1 5469//1 5470//1
f 5462//2548 5467//2548 5466//2548 5461//2548
f 5463//2549 5468//2549 5467//2549 5462//2549
f 5464//2550 5469//2550 5468//2550 5463//2550
f 5465//2551 5470//2551 5469//2551 5464//2551
f 5461//2552 5466//2552 5470//2552 5465//2552
f 5475//1 5476//1 5477//1 5478//1
f 5472//2553 5476//2553 5475//2553 5471//2553
f 5473//2554 5477//2554 5476//2554 5472//2554
f 5474//2555 5478//2555 5477//2555 5473//2555
f 5471//2556 5475//2556 5478//2556 5474//2556
f 5485//1 5486//1 5487//1 5488//1 5489//1 5490//1
f 5480//2557 5486//2557 5485//2557 5479//2557
f 5481//2558 5487//2558 5486//2558 5480//2558
f 5482//2559 5488//2559 5487//2559 5481//2559
f 5483//2560 5489//2560 5488//2560 5482//2560
f 5484//2561 5490//2561 5489//2561 5483//2561
f 5479//2562 5485//2562 5490//2562 5484//2562
f 5497//1 5498//1 5499//1 5500//1 5501//1 5502//1
f 5492//2563 5498//2563 5497//2563 5491//2563
f 5493//2564 5499//2564 5498//2564 5492//2564
f 5494//2565 5500//2565 5499//2565 5493//2565
f 5495//2566 5501//2566 5500//2566 5494//2566
f 5496//2567 5502//2567 5501//2567 5495//2567
f 5491//2568 5497//2568 5502//2568 5496//2568
f 5507//1 5508//1 5509//1 5510//1
f 5504//2569 5508//2569 5507//2569 5503//2569
f 5505//2570 5509//2570 5508//2570 5504//2570
f 5506//2571 5510//2571 5509//2571 5505//2571
f 5503//1118 5507//1118 5510//1118 5506//1118
f 5515//1 5516//1 5517//1 5518//1
f 5512//2572 5516//2572 5515//2572 5511//2572
f 5513//2573 5517//2573 5516//2573 5512//2573
f 5514//2574 5518//2574 5517//2574 5513//2574
f 5511//2551 5515//2551 5518//2551 5514//2551
f 5523//1 5524//1 5525//1 5526//1
f 5520//2575 5524//2575 5523//2575 5519//2575
f 5521//2576 5525//2576 5524//2576 5520//2576
f 5522//2577 5526//2577 5525//2577 5521//2577
f 5519//2578 5523//2578 5526//2578 5522//2578
f 5533//1 5534//1 5535//1 5536//1 5537//1 5538//1
f 5528//2579 5534//2579 5533//2579 5527//2579
f 5529//2580 5535//2580 5534//2580 5528//2580
f 5530//2581 5536//2581 5535//2581 5529//2581
f 5531//2582 5537//2582 5536//2582 5530//2582
f 5532//2583 5538//2583 5537//2583 5531//2583
f 5527//2584 5533//2584 5538//2584 5532//2584
f 5543//1 5544//1 5545//1 5546//1
f 5540//2585 5544//2585 5543//2585 5539//2585
f 5541//2586 5545//2586 5544//2586 5540//2586
f 5542//2587 5546//2587 5545//2587 5541//2587
f 5539//2588 5543//2588 5546//2588 5542//2588
f 5551//1 5552//1 5553//1 5554//1
f 5548//2589 5552//2589 5551//2589 5547//2589
f 5549//2590 5553//2590 5552//2590 5548//2590
f 5550//2591 5554//2591 5553//2591 5549//2591
f 5547//2592 5551//2592 5554//2592 5550//2592
f 5559//1 5560//1 5561//1 5562//1
f 5556//2593 5560//2593 5559//2593 5555//2593
f 5557//2594 5561//2594 5560//2594 5556//2594
f 5558//2595 5562//2595 5561//2595 5557//2595
f 5555//2596 5559//2596 5562//2596 5558//2596
f 5567//1 5568//1 5569//1 5570//1
f 5564//2597 5568//2597 5567//2597 5563//2597
f 5565//2598 5569//2598 5568//2598 5564//2598
f 5566//2599 5570//2599 5569//2599 5565//2599
f 5563//2600 5567//2600 5570//2600 5566//2600
f 5575//1 5576//1 5577//1 5578//1
f 5572//2601 5576//2601 5575//2601 5571//2601
f 5573//2602 5577//2602 5576//2602 5572//2602
f 5574//2603 5578//2603 5577//2603 5573//2603
f 5571//2604 5575//2604 5578//2604 5574//2604
f 5583//1 5584//1 5585//1 5586//1
f 5580//2541 5584//2541 5583//2541 5579//2541
f 5581//2605 5585//2605 5584//2605 5580//2605
f 5582//2606 5586//2606 5585//2606 5581//2606
f 5579//2607 5583//2607 5586//2607 5582//2607
f 5593//1 5594//1 5595//1 5596//1 5597//1 5598//1
f 5588//2608 5594//2608 5593//2608 5587//2608
f 5589//2609 5595//2609 5594//2609 5588//2609
f 5590//2610 5596//2610 5595//2610 5589//2610
f 5591//2611 5597//2611 5596//2611 5590//2611
f 5592//2612 5598//2612 5597//2612 5591//2612
f 5587//2613 5593//2613 5598//2613 5592//2613
f 5613//1 5614//1 5615//1 5616//1 5617//1 5618//1 5619//1 5620//1 5621//1 5622//1 5623//1 5624//1 5625//1 5626//1
f 5600//2614 5614//2614 5613//2614 5599//2614
f 5601//2598 5615//2598 5614//2598 5600//2598
f 5602//2615 5616//2615 5615//2615 5601//2615
f 5603//2616 5617//2616 5616//2616 5602//2616
f 5604//2617 5618//2617 5617//2617 5603//2617
f 5605//2618 5619//2618 5618//2618 5604//2618
f 5606//2619 5620//2619 5619//2619 5605//2619
f 5607//2620 5621//2620 5620//2620 5606//2620
f 5608//2621 5622//2621 5621//2621 5607//2621
f 5609//2622 5623//2622 5622//2622 5608//2622
f 5610//2623 5624//2623 5623//2623 5609//2623
f 5611//2624 5625//2624 5624//2624 5610//2624
f 5612//2625 5626//2625 5625//2625 5611//2625
f 5599//2487 5613//2487 5626//2487 5612//2487
f 5631//1 5632//1 5633//1 5634//1
f 5628//2626 5632//2626 5631//2626 5627//2626
f 5629//2627 5633//2627 5632//2627 5628//2627
f 5630//2628 5634//2628 5633//2628 5629//2628
f 5627//2629 5631//2629 5634//2629 5630//2629
f 5641//1 5642//1 5643//1 5644//1 5645//1 5646//1
f 5636//2630 5642//2630 5641//2630 5635//2630
f 5637//2631 5643//2631 5642//2631 5636//2631
f 5638//2632 5644//2632 5643//2632 5637//2632
f 5639//2633 5645//2633 5644//2633 5638//2633
f 5640//2634 5646//2634 5645//2634 5639//2634
f 5635//2635 5641//2635 5646//2635 5640//2635
f 5659//1 5660//1 5661//1 5662//1 5663//1 5664//1 5665//1 5666//1 5667//1 5668//1 5669//1 5670//1
f 5648//870 5660//870 5659//870 5647//870
f 5649//2636 5661//2636 5660//2636 5648//2636
f 5650//2637 5662//2637 5661//2637 5649//2637
f 5651//2638 5663//2638 5662//2638 5650//2638
f 5652//2639 5664//2639 5663//2639 5651//2639
f 5653//2640 5665//2640 5664//2640 5652//2640
f 5654//2641 5666//2641 5665//2641 5653//2641
f 5655//2642 5667//2642 5666//2642 5654//2642
f 5656//2643 5668//2643 5667//2643 5655//2643
f 5657//2644 5669//2644 5668//2644 5656//2644
f 5658//2645 5670//2645 5669//2645 5657//2645
f 5647//2646 5659//2646 5670//2646 5658//2646
f 5675//1 5676//1 5677//1 5678//1
f 5672//2647 5676//2647 5675//2647 5671//2647
f 5673//2648 5677//2648 5676//2648 5672//2648
f 5674//2649 5678//2649 5677//2649 5673//2649
f 5671//2650 5675//2650 5678//2650 5674//2650
f 5685//1 5686//1 5687//1 5688//1 5689//1 5690//1
f 5680//2651 5686//2651 5685//2651 5679//2651
f 5681//2652 5687//2652 5686//2652 5680//2652
f 5682//2653 5688//2653 5687//2653 5681//2653
f 5683//2654 5689//2654 5688//2654 5682//2654
f 5684//2655 5690//2655 5689//2655 5683//2655
f 5679//2656 5685//2656 5690//2656 5684//2656
f 5701//1 5702//1 5703//1 5704//1 5705//1 5706//1 5707//1 5708//1 5709//1 5710//1
f 5692//2657 5702//2657 5701//2657 5691//2657
f 5693//2658 5703//2658 5702//2658 5692//2658
f 5694//2659 5704//2659 5703//2659 5693//2659
f 5695//2660 5705//2660 5704//2660 5694//2660
f 5696//2661 5706//2661 5705//2661 5695//2661
f 5697//2662 5707//2662 5706//2662 5696//2662
f 5698//2663 5708//2663 5707//2663 5697//2663
f 5699//2664 5709//2664 5708//2664 5698//2664
f 5700//2665 5710//2665 5709//2665 5699//2665
f 5691//2666 5701//2666 5710//2666 5700//2666
f 5727//1 5728//1 5729//1 5730//1 5731//1 5732//1 5733//1 5734//1 5735//1 5736//1 5737//1 5738//1 5739//1 5740//1 5741//1 5742//1
f 5712//2667 5728//2667 5727//2667 5711//2667
f 5713//2668 5729//2668 5728//2668 5712//2668
f 5714//2669 5730//2669 5729//2669 5713//2669
f 5715//2670 5731//2670 5730//2670 5714//2670
f 5716//2671 5732//2671 5731//2671 5715//2671
f 5717//2672 5733//2672 5732//2672 5716//2672
f 5718//2673 5734//2673 5733//2673 5717//2673
f 5719//2674 5735//2674 5734//2674 5718//2674
f 5720//2675 5736//2675 5735//2675 5719//2675
f 5721//2676 5737//2676 5736//2676 5720//2676
f 5722//2677 5738//2677 5737//2677 5721//2677
f 5723//2678 5739//2678 5738//2678 5722//2678
f 5724//2679 5740//2679 5739//2679 5723//2679
f 5725//2680 5741//2680 5740//2680 5724//2680
f 5726//2681 5742//2681 5741//2681 5725//2681
f 5711//2682 5727//2682 5742//2682 5726//2682
f 5750//1 5751//1 5752//1 5753//1 5754//1 5755//1 5756//1
f 5744//2683 5751//2683 5750//2683 5743//2683
f 5745//2684 5752//2684 5751//2684 5744//2684
f 5746//2685 5753//2685 5752//2685 5745//2685
f 5747//2686 5754//2686 5753//2686 5746//2686
f 5748//2687 5755//2687 5754//2687 5747//2687
f 5749//2688 5756//2688 5755//2688 5748//2688
f 5743//2689 5750//2689 5756//2689 5749//2689
f 5767//1 5768//1 5769//1 5770//1 5771//1 5772//1 5773//1 5774//1 5775//1 5776//1
f 5758//2690 5768//2690 5767//2690 5757//2690
f 5759//2691 5769//2691 5768//2691 5758//2691
f 5760//2692 5770//2692 5769//2692 5759//2692
f 5761//2693 5771//2693 5770//2693 5760//2693
f 5762//1038 5772//1038 5771//1038 5761//1038
f 5763//2694 5773//2694 5772//2694 5762//2694
f 5764//2695 5774//2695 5773//2695 5763//2695
f 5765//2696 5775//2696 5774//2696 5764//2696
f 5766//2697 5776//2697 5775//2697 5765//2697
f 5757//2698 5767//2698 5776//2698 5766//2698
f 5787//1 5788//1 5789//1 5790//1 5791//1 5792//1 5793//1 5794//1 5795//1 5796//1
f 5778//2699 5788//2699 5787//2699 5777//2699
f 5779//2700 5789//2700 5788//2700 5778//2700
f 5780//2701 5790//2701 5789//2701 5779//2701
f 5781//2702 5791//2702 5790//2702 5780//2702
f 5782//2703 5792//2703 5791//2703 5781//2703
f 5783//2704 5793//2704 5792//2704 5782//2704
f 5784//2705 5794//2705 5793//2705 5783//2705
f 5785//2706 5795//2706 5794//2706 5784//2706
f 5786//1961 5796//1961 5795//1961 5785//1961
f 5777//2707 5787//2707 5796//2707 5786//2707
f 5811//1 5812//1 5813//1 5814//1 5815//1 5816//1 5817//1 5818//1 5819//1 5820//1 5821//1 5822//1 5823//1 5824//1
f 5798//2708 5812//2708 5811//2708 5797//2708
f 5799//2709 5813//2709 5812//2709 5798//2709
f 5800//2710 5814//2710 5813//2710 5799//2710
f 5801//2711 5815//2711 5814//2711 5800//2711
f 5802//2712 5816//2712 5815//2712 5801//2712
f 5803//2713 5817//2713 5816//2713 5802//2713
f 5804//2714 5818//2714 5817//2714 5803//2714
f 5805//2715 5819//2715 5818//2715 5804//2715
f 5806//2716 5820//2716 5819//2716 5805//2716
f 5807//2717 5821//2717 5820//2717 5806//2717
f 5808//2718 5822//2718 5821//2718 5807//2718
f 5809//545 5823//545 5822//545 5808//545
f 5810//2719 5824//2719 5823//2719 5809//2719
f 5797//2720 5811//2720 5824//2720 5810//2720
f 5829//1 5830//1 5831//1 5832//1
f 5826//2721 5830//2721 5829//2721 5825//2721
f 5827//2722 5831//2722 5830//2722 5826//2722
f 5828//2723 5832//2723 5831//2723 5827//2723
f 5825//2724 5829//2724 5832//2724 5828//2724
f 5837//1 5838//1 5839//1 5840//1
f 5834//2725 5838//2725 5837//2725 5833//2725
f 5835//2726 5839//2726 5838//2726 5834//2726
f 5836//2727 5840//2727 5839//2727 5835//2727
f 5833//2728 5837//2728 5840//2728 5836//2728
f 5845//1 5846//1 5847//1 5848//1
f 5842//2729 5846//2729 5845//2729 5841//2729
f 5843//2730 5847//2730 5846//2730 5842//2730
f 5844//2731 5848//2731 5847//2731 5843//2731
f 5841//2732 5845//2732 5848//2732 5844//2732
f 5857//1 5858//1 5859//1 5860//1 5861//1 5862//1 5863//1 5864//1
f 5850//2733 5858//2733 5857//2733 5849//2733
f 5851//2734 5859//2734 5858//2734 5850//2734
f 5852//2735 5860//2735 5859//2735 5851//2735
f 5853//2736 5861//2736 5860//2736 5852//2736
f 5854//2737 5862//2737 5861//2737 5853//2737
f 5855//2738 5863//2738 5862//2738 5854//2738
f 5856//2739 5864//2739 5863//2739 5855//2739
f 5849//2740 5857//2740 5864//2740 5856//2740
f 5869//1 5870//1 5871//1 5872//1
f 5866//2741 5870//2741 5869//2741 5865//2741
f 5867//2742 5871//2742 5870//2742 5866//2742
f 5868//2743 5872//2743 5871//2743 5867//2743
f 5865//2744 5869//2744 5872//2744 5868//2744
f 5883//1 5884//1 5885//1 5886//1 5887//1 5888//1 5889//1 5890//1 5891//1 5892//1
f 5874//2745 5884//2745 5883//2745 5873//2745
f 5875//2746 5885//2746 5884//2746 5874//2746
f 5876//2747 5886//2747 5885//2747 5875//2747
f 5877//2748 5887//2748 5886//2748 5876//2748
f 5878//2749 5888//2749 5887//2749 5877//2749
f 5879//2750 5889//2750 5888//2750 5878//2750
f 5880//2751 5890//2751 5889//2751 5879//2751
f 5881//2752 5891//2752 5890//2752 5880//2752
f 5882//2753 5892//2753 5891//2753 5881//2753
f 5873//2754 5883//2754 5892//2754 5882//2754
f 5897//1 5898//1 5899//1 5900//1
f 5894//2755 5898//2755 5897//2755 5893//2755
f 5895//1524 5899//1524 5898//1524 5894//1524
f 5896//2756 5900//2756 5899//2756 5895//2756
f 5893//2757 5897//2757 5900//2757 5896//2757
f 5905//1 5906//1 5907//1 5908//1
f 5902//2758 5906//2758 5905//2758 5901//2758
f 5903//2759 5907//2759 5906//2759 5902//2759
f 5904//2760 5908//2760 5907//2760 5903//2760
f 5901//2761 5905//2761 5908//2761 5904//2761
f 5913//1 5914//1 5915//1 5916//1
f 5910//2762 5914//2762 5913//2762 5909//2762
f 5911//2763 5915//2763 5914//2763 5910//2763
f 5912//2764 5916//2764 5915//2764 5911//2764
f 5909//2765 5913//2765 5916//2765 5912//2765
f 5922//1 5923//1 5924//1 5925//1 5926//1
f 5918//2766 5923//2766 5922//2766 5917//2766
f 5919//2767 5924//2767 5923//2767 5918//2767
f 5920//2768 5925//2768 5924//2768 5919//2768
f 5921//2769 5926//2769 5925//2769 5920//2769
f 5917//2770 5922//2770 5926//2770 5921//2770
f 5933//1 5934//1 5935//1 5936//1 5937//1 5938//1
f 5928//2771 5934//2771 5933//2771 5927//2771
f 5929//2772 5935//2772 5934//2772 5928//2772
f 5930//2773 5936//2773 5935//2773 5929//2773
f 5931//2774 5937//2774 5936//2774 5930//2774
f 5932//2775 5938//2775 5937//2775 5931//2775
f 5927//2776 5933//2776 5938//2776 5932//2776
f 5959//1 5960//1 5961//1 5962//1 5963//1 5964//1 5965//1 5966//1 5967//1 5968//1 5969//1 5970//1 5971//1 5972//1 5973//1 5974//1 5975//1 5976//1 5977//1 5978//1
f 5940//2777 5960//2777 5959//2777 5939//2777
f 5941//2778 5961//2778 5960//2778 5940//2778
f 5942//2779 5962//2779 5961//2779 5941//2779
f 5943//2780 5963//2780 5962//2780 5942//2780
f 5944//2781 5964//2781 5963//2781 5943//2781
f 5945//2782 5965//2782 5964//2782 5944//2782
f 5946//2783 5966//2783 5965//2783 5945//2783
f 5947//2784 5967//2784 5966//2784 5946//2784
f 5948//2785 5968//2785 5967//2785 5947//2785
f 5949//2786 5969//2786 5968//2786 5948//2786
f 5950//2787 5970//2787 5969//2787 5949//2787
f 5951//2788 5971//2788 5970//2788 5950//2788
f 5952//2789 5972//2789 5971//2789 5951//2789
f 5953//2790 5973//2790 5972//2790 5952//2790
f 5954//2791 5974//2791 5973//2791 5953//2791
f 5955//2792 5975//2792 5974//2792 5954//2792
f 5956//2793 5976//2793 5975//2793 5955//2793
f 5957//2794 5977//2794 5976//2794 5956//2794
f 5958//2787 5978//2787 5977//2787 5957//2787
f 5939//2795 5959//2795 5978//2795 5958//2795
f 5989//1 5990//1 5991//1 5992//1 5993//1 5994//1 5995//1 5996//1 5997//1 5998//1
f 5980//2796 5990//2796 5989//2796 5979//2796
f 5981//2797 5991//2797 5990//2797 5980//2797
f 5982//2798 5992//2798 5991//2798 5981//2798
f 5983//2799 5993//2799 5992//2799 5982//2799
f 5984//2800 5994//2800 5993//2800 5983//2800
f 5985//2801 5995//2801 5994//2801 5984//2801
f 5986//2802 5996//2802 5995//2802 5985//2802
f 5987//1968 5997//1968 5996//1968 5986//1968
f 5988//2803 5998//2803 5997//2803 5987//2803
f 5979//2804 5989//2804 5998//2804 5988//2804
f 6003//1 6004//1 6005//1 6006//1
f 6000//2805 6004//2805 6003//2805 5999//2805
f 6001//2806 6005//2806 6004//2806 6000//2806
f 6002//2807 6006//2807 6005//2807 6001//2807
f 5999//2808 6003//2808 6006//2808 6002//2808
f 6011//1 6012//1 6013//1 6014//1
f 6008//1075 6012//1075 6011//1075 6007//1075
f 6009//2809 6013//2809 6012//2809 6008//2809
f 6010//2810 6014//2810 6013//2810 6009//2810
f 6007//2811 6011//2811 6014//2811 6010//2811
f 6025//1 6026//1 6027//1 6028//1 6029//1 6030//1 6031//1 6032//1 6033//1 6034//1
f 6016//2812 6026//2812 6025//2812 6015//2812
f 6017//2813 6027//2813 6026//2813 6016//2813
f 6018//2814 6028//2814 6027//2814 6017//2814
f 6019//2815 6029//2815 6028//2815 6018//2815
f 6020//2816 6030//2816 6029//2816 6019//2816
f 6021//1514 6031//1514 6030//1514 6020//1514
f 6022//2817 6032//2817 6031//2817 6021//2817
f 6023//2818 6033//2818 6032//2818 6022//2818
f 6024//2819 6034//2819 6033//2819 6023//2819
f 6015//2820 6025//2820 6034//2820 6024//2820
f 6045//1 6046//1 6047//1 6048//1 6049//1 6050//1 6051//1 6052//1 6053//1 6054//1
f 6036//2821 6046//2821 6045//2821 6035//2821
f 6037//2822 6047//2822 6046//2822 6036//2822
f 6038//2823 6048//2823 6047//2823 6037//2823
f 6039//2824 6049//2824 6048//2824 6038//2824
f 6040//2825 6050//2825 6049//2825 6039//2825
f 6041//2826 6051//2826 6050//2826 6040//2826
f 6042//2827 6052//2827 6051//2827 6041//2827
f 6043//2828 6053//2828 6052//2828 6042//2828
f 6044//2829 6054//2829 6053//2829 6043//2829
f 6035//2830 6045//2830 6054//2830 6044//2830
f 6065//1 6066//1 6067//1 6068//1 6069//1 6070//1 6071//1 6072//1 6073//1 6074//1
f 6056//2831 6066//2831 6065//2831 6055//2831
f 6057//2832 6067//2832 6066//2832 6056//2832
f 6058//1657 6068//1657 6067//1657 6057//1657
f 6059//2833 6069//2833 6068//2833 6058//2833
f 6060//2834 6070//2834 6069//2834 6059//2834
f 6061//2835 6071//2835 6070//2835 6060//2835
f 6062//2836 6072//2836 6071//2836 6061//2836
f 6063//2837 6073//2837 6072//2837 6062//2837
f 6064//1606 6074//1606 6073//1606 6063//1606
f 6055//2838 6065//2838 6074//2838 6064//2838
f 6079//1 6080//1 6081//1 6082//1
f 6076//2839 6080//2839 6079//2839 6075//2839
f 6077//2840 6081//2840 6080//2840 6076//2840
f 6078//2841 6082//2841 6081//2841 6077//2841
f 6075//2842 6079//2842 6082//2842 6078//2842
f 6087//1 6088//1 6089//1 6090//1
f 6084//1643 6088//1643 6087//1643 6083//1643
f 6085//2843 6089//2843 6088//2843 6084//2843
f 6086//2844 6090//2844 6089//2844 6085//2844
f 6083//2845 6087//2845 6090//2845 6086//2845
f 6097//1 6098//1 6099//1 6100//1 6101//1 6102//1
f 6092//2846 6098//2846 6097//2846 6091//2846
f 6093//2847 6099//2847 6098//2847 6092//2847
f 6094//2848 6100//2848 6099//2848 6093//2848
f 6095//2849 6101//2849 6100//2849 6094//2849
f 6096//2850 6102//2850 6101//2850 6095//2850
f 6091//2851 6097//2851 6102//2851 6096//2851
f 6107//1 6108//1 6109//1 6110//1
f 6104//2852 6108//2852 6107//2852 6103//2852
f 6105//2853 6109//2853 6108//2853 6104//2853
f 6106//2854 6110//2854 6109//2854 6105//2854
f 6103//2855 6107//2855 6110//2855 6106//2855
f 6115//1 6116//1 6117//1 6118//1
f 6112//2856 6116//2856 6115//2856 6111//2856
f 6113//2857 6117//2857 6116//2857 6112//2857
f 6114//2858 6118//2858 6117//2858 6113//2858
f 6111//2859 6115//2859 6118//2859 6114//2859
f 6129//1 6130//1 6131//1 6132//1 6133//1 6134//1 6135//1 6136//1 6137//1 6138//1
f 6120//2860 6130//2860 6129//2860 6119//2860
f 6121//2861 6131//2861 6130//2861 6120//2861
f 6122//2862 6132//2862 6131//2862 6121//2862
f 6123//2863 6133//2863 6132//2863 6122//2863
f 6124//2864 6134//2864 6133//2864 6123//2864
f 6125//2865 6135//2865 6134//2865 6124//2865
f 6126//2866 6136//2866 6135//2866 6125//2866
f 6127//2867 6137//2867 6136//2867 6126//2867
f 6128//2866 6138//2866 6137//2866 6127//2866
f 6119//2868 6129//2868 6138//2868 6128//2868
f 6149//1 6150//1 6151//1 6152//1 6153//1 6154//1 6155//1 6156//1 6157//1 6158//1
f 6140//2869 6150//2869 6149//2869 6139//2869
f 6141//2870 6151//2870 6150//2870 6140//2870
f 6142//2871 6152//2871 6151//2871 6141//2871
f 6143//2872 6153//2872 6152//2872 6142//2872
f 6144//2873 6154//2873 6153//2873 6143//2873
f 6145//2874 6155//2874 6154//2874 6144//2874
f 6146//2873 6156//2873 6155//2873 6145//2873
f 6147//2875 6157//2875 6156//2875 6146//2875
f 6148//2876 6158//2876 6157//2876 6147//2876
f 6139//2877 6149//2877 6158//2877 6148//2877
f 6163//1 6164//1 6165//1 6166//1
f 6160//2878 6164//2878 6163//2878 6159//2878
f 6161//2879 6165//2879 6164//2879 6160//2879
f 6162//2880 6166//2880 6165//2880 6161//2880
f 6159//2881 6163//2881 6166//2881 6162//2881
f 6171//1 6172//1 6173//1 6174//1
f 6168//2882 6172//2882 6171//2882 6167//2882
f 6169//2883 6173//2883 6172//2883 6168//2883
f 6170//2884 6174//2884 6173//2884 6169//2884
f 6167//2885 6171//2885 6174//2885 6170//2885
f 6179//1 6180//1 6181//1 6182//1
f 6176//2886 6180//2886 6179//2886 6175//2886
f 6177//2887 6181//2887 6180//2887 6176//2887
f 6178//2888 6182//2888 6181//2888 6177//2888
f 6175//2867 6179//2867 6182//2867 6178//2867
f 6189//1 6190//1 6191//1 6192//1 6193//1 6194//1
f 6184//2889 6190//2889 6189//2889 6183//2889
f 6185//2890 6191//2890 6190//2890 6184//2890
f 6186//2891 6192//2891 6191//2891 6185//2891
f 6187//2892 6193//2892 6192//2892 6186//2892
f 6188//2893 6194//2893 6193//2893 6187//2893
f 6183//2894 6189//2894 6194//2894 6188//2894
f 6203//1 6204//1 6205//1 6206//1 6207//1 6208//1 6209//1 6210//1
f 6196//2895 6204//2895 6203//2895 6195//2895
f 6197//2896 6205//2896 6204//2896 6196//2896
f 6198//2897 6206//2897 6205//2897 6197//2897
f 6199//2898 6207//2898 6206//2898 6198//2898
f 6200//2899 6208//2899 6207//2899 6199//2899
f 6201//2900 6209//2900 6208//2900 6200//2900
f 6202//2901 6210//2901 6209//2901 6201//2901
f 6195//2902 6203//2902 6210//2902 6202//2902
f 6217//1 6218//1 6219//1 6220//1 6221//1 6222//1
f 6212//2903 6218//2903 6217//2903 6211//2903
f 6213//2904 6219//2904 6218//2904 6212//2904
f 6214//2905 6220//2905 6219//2905 6213//2905
f 6215//2906 6221//2906 6220//2906 6214//2906
f 6216//2907 6222//2907 6221//2907 6215//2907
f 6211//2908 6217//2908 6222//2908 6216//2908
f 6239//1 6240//1 6241//1 6242//1 6243//1 6244//1 6245//1 6246//1 6247//1 6248//1 6249//1 6250//1 6251//1 6252//1 6253//1 6254//1
f 6224//2909 6240//2909 6239//2909 6223//2909
f 6225//2910 6241//2910 6240//2910 6224//2910
f 6226//2911 6242//2911 6241//2911 6225//2911
f 6227//2912 6243//2912 6242//2912 6226//2912
f 6228//2913 6244//2913 6243//2913 6227//2913
f 6229//2914 6245//2914 6244//2914 6228//2914
f 6230//2915 6246//2915 6245//2915 6229//2915
f 6231//2916 6247//2916 6246//2916 6230//2916
f 6232//2917 6248//2917 6247//2917 6231//2917
f 6233//2918 6249//2918 6248//2918 6232//2918
f 6234//2919 6250//2919 6249//2919 6233//2919
f 6235//2920 6251//2920 6250//2920 6234//2920
f 6236//2915 6252//2915 6251//2915 6235//2915
f 6237//2921 6253//2921 6252//2921 6236//2921
f 6238//2922 6254//2922 6253//2922 6237//2922
f 6223//2923 6239//2923 6254//2923 6238//2923
f 6259//1 6260//1 6261//1 6262//1
f 6256//2924 6260//2924 6259//2924 6255//2924
f 6257//2925 6261//2925 6260//2925 6256//2925
f 6258//2926 6262//2926 6261//2926 6257//2926
f 6255//2927 6259//2927 6262//2927 6258//2927
f 6277//1 6278//1 6279//1 6280//1 6281//1 6282//1 6283//1 6284//1 6285//1 6286//1 6287//1 6288//1 6289//1 6290//1
f 6264//2928 6278//2928 6277//2928 6263//2928
f 6265//2929 6279//2929 6278//2929 6264//2929
f 6266//2930 6280//2930 6279//2930 6265//2930
f 6267//2931 6281//2931 6280//2931 6266//2931
f 6268//2010 6282//2010 6281//2010 6267//2010
f 6269//2932 6283//2932 6282//2932 6268//2932
f 6270//2933 6284//2933 6283//2933 6269//2933
f 6271//2934 6285//2934 6284//2934 6270//2934
f 6272//2935 6286//2935 6285//2935 6271//2935
f 6273//2099 6287//2099 6286//2099 6272//2099
f 6274//2936 6288//2936 6287//2936 6273//2936
f 6275//2937 6289//2937 6288//2937 6274//2937
f 6276//2938 6290//2938 6289//2938 6275//2938
f 6263//2939 6277//2939 6290//2939 6276//2939
f 6300//1 6301//1 6302//1 6303//1 6304//1 6305//1 6306//1 6307//1 6308//1
f 6292//2940 6301//2940 6300//2940 6291//2940
f 6293//2941 6302//2941 6301//2941 6292//2941
f 6294//2942 6303//2942 6302//2942 6293//2942
f 6295//2943 6304//2943 6303//2943 6294//2943
f 6296//2944 6305//2944 6304//2944 6295//2944
f 6297//2945 6306//2945 6305//2945 6296//2945
f 6298//2946 6307//2946 6306//2946 6297//2946
f 6299//2947 6308//2947 6307//2947 6298//2947
f 6291//2948 6300//2948 6308//2948 6299//2948
f 6315//1 6316//1 6317//1 6318//1 6319//1 6320//1
f 6310//2949 6316//2949 6315//2949 6309//2949
f 6311//2950 6317//2950 6316//2950 6310//2950
f 6312//2951 6318//2951 6317//2951 6311//2951
f 6313//2952 6319//2952 6318//2952 6312//2952
f 6314//2953 6320//2953 6319//2953 6313//2953
f 6309//2954 6315//2954 6320//2954 6314//2954
f 6333//1 6334//1 6335//1 6336//1 6337//1 6338//1 6339//1 6340//1 6341//1 6342//1 6343//1 6344//1
f 6322//2955 6334//2955 6333//2955 6321//2955
f 6323//2956 6335//2956 6334//2956 6322//2956
f 6324//2957 6336//2957 6335//2957 6323//2957
f 6325//2958 6337//2958 6336//2958 6324//2958
f 6326//2959 6338//2959 6337//2959 6325//2959
f 6327//2960 6339//2960 6338//2960 6326//2960
f 6328//967 6340//967 6339//967 6327//967
f 6329//275 6341//275 6340//275 6328//275
f 6330//2961 6342//2961 6341//2961 6329//2961
f 6331//2962 6343//2962 6342//2962 6330//2962
f 6332//2963 6344//2963 6343//2963 6331//2963
f 6321//1141 6333//1141 6344//1141 6332//1141
f 6349//1 6350//1 6351//1 6352//1
f 6346//2964 6350//2964 6349//2964 6345//2964
f 6347//2965 6351//2965 6350//2965 6346//2965
f 6348//2966 6352//2966 6351//2966 6347//2966
f 6345//2967 6349//2967 6352//2967 6348//2967
f 6357//1 6358//1 6359//1 6360//1
f 6354//2968 6358//2968 6357//2968 6353//2968
f 6355//2969 6359//2969 6358//2969 6354//2969
f 6356//2970 6360//2970 6359//2970 6355//2970
f 6353//2971 6357//2971 6360//2971 6356//2971
f 6367//1 6368//1 6369//1 6370//1 6371//1 6372//1
f 6362//2972 6368//2972 6367//2972 6361//2972
f 6363//2973 6369//2973 6368//2973 6362//2973
f 6364//2974 6370//2974 6369//2974 6363//2974
f 6365//2975 6371//2975 6370//2975 6364//2975
f 6366//2976 6372//2976 6371//2976 6365//2976
f 6361//2977 6367//2977 6372//2977 6366//2977
f 6377//1 6378//1 6379//1 6380//1
f 6374//2978 6378//2978 6377//2978 6373//2978
f 6375//2979 6379//2979 6378//2979 6374//2979
f 6376//2980 6380//2980 6379//2980 6375//2980
f 6373//2981 6377//2981 6380//2981 6376//2981
f 6385//1 6386//1 6387//1 6388//1
f 6382//2982 6386//2982 6385//2982 6381//2982
f 6383//2983 6387//2983 6386//2983 6382//2983
f 6384//2984 6388//2984 6387//2984 6383//2984
f 6381//2985 6385//2985 6388//2985 6384//2985
f 6399//1 6400//1 6401//1 6402//1 6403//1 6404//1 6405//1 6406//1 6407//1 6408//1
f 6390//1025 6400//1025 6399//1025 6389//1025
f 6391//2986 6401//2986 6400//2986 6390//2986
f 6392//2412 6402//2412 6401//2412 6391//2412
f 6393//2987 6403//2987 6402//2987 6392//2987
f 6394//2988 6404//2988 6403//2988 6393//2988
f 6395//2989 6405//2989 6404//2989 6394//2989
f 6396//2990 6406//2990 6405//2990 6395//2990
f 6397//2987 6407//2987 6406//2987 6396//2987
f 6398//2991 6408//2991 6407//2991 6397//2991
f 6389//2992 6399//2992 6408//2992 6398//2992
f 6413//1 6414//1 6415//1 6416//1
f 6410//2993 6414//2993 6413//2993 6409//2993
f 6411//2994 6415//2994 6414//2994 6410//2994
f 6412//2995 6416//2995 6415//2995 6411//2995
f 6409//2996 6413//2996 6416//2996 6412//2996
f 6425//1 6426//1 6427//1 6428//1 6429//1 6430//1 6431//1 6432//1
f 6418//2997 6426//2997 6425//2997 6417//2997
f 6419//2998 6427//2998 6426//2998 6418//2998
f 6420//2999 6428//2999 6427//2999 6419//2999
f 6421//1271 6429//1271 6428//1271 6420//1271
f 6422//3000 6430//3000 6429//3000 6421//3000
f 6423//3001 6431//3001 6430//3001 6422//3001
f 6424//3002 6432//3002 6431//3002 6423//3002
f 6417//155 6425//155 6432//155 6424//155
f 6439//1 6440//1 6441//1 6442//1 6443//1 6444//1
f 6434//3003 6440//3003 6439//3003 6433//3003
f 6435//3004 6441//3004 6440//3004 6434//3004
f 6436//3005 6442//3005 6441//3005 6435//3005
f 6437//3006 6443//3006 6442//3006 6436//3006
f 6438//3007 6444//3007 6443//3007 6437//3007
f 6433//3008 6439//3008 6444//3008 6438//3008
f 6459//1 6460//1 6461//1 6462//1 6463//1 6464//1 6465//1 6466//1 6467//1 6468//1 6469//1 6470//1 6471//1 6472//1
f 6446//3009 6460//3009 6459//3009 6445//3009
f 6447//3010 6461//3010 6460//3010 6446//3010
f 6448//3011 6462//3011 6461//3011 6447//3011
f 6449//3012 6463//3012 6462//3012 6448//3012
f 6450//3013 6464//3013 6463//3013 6449//3013
f 6451//3014 6465//3014 6464//3014 6450//3014
f 6452//3015 6466//3015 6465//3015 6451//3015
f 6453//3016 6467//3016 6466//3016 6452//3016
f 6454//3017 6468//3017 6467//3017 6453//3017
f 6455//3018 6469//3018 6468//3018 6454//3018
f 6456//3019 6470//3019 6469//3019 6455//3019
f 6457//181 6471//181 6470//181 6456//181
f 6458//3019 6472//3019 6471//3019 6457//3019
f 6445//3020 6459//3020 6472//3020 6458//3020
f 6477//1 6478//1 6479//1 6480//1
f 6474//3021 6478//3021 6477//3021 6473//3021
f 6475//3022 6479//3022 6478//3022 6474//3022
f 6476//3023 6480//3023 6479//3023 6475//3023
f 6473//3024 6477//3024 6480//3024 6476//3024
f 6489//1 6490//1 6491//1 6492//1 6493//1 6494//1 6495//1 6496//1
f 6482//973 6490//973 6489//973 6481//973
f 6483//3025 6491//3025 6490//3025 6482//3025
f 6484//3026 6492//3026 6491//3026 6483//3026
f 6485//3027 6493//3027 6492//3027 6484//3027
f 6486//2128 6494//2128 6493//2128 6485//2128
f 6487//3028 6495//3028 6494//3028 6486//3028
f 6488//3029 6496//3029 6495//3029 6487//3029
f 6481//3030 6489//3030 6496//3030 6488//3030
f 6507//1 6508//1 6509//1 6510//1 6511//1 6512//1 6513//1 6514//1 6515//1 6516//1
f 6498//3031 6508//3031 6507//3031 6497//3031
f 6499//3032 6509//3032 6508//3032 6498//3032
f 6500//3033 6510//3033 6509//3033 6499//3033
f 6501//3034 6511//3034 6510//3034 6500//3034
f 6502//3035 6512//3035 6511//3035 6501//3035
f 6503//3036 6513//3036 6512//3036 6502//3036
f 6504//3037 6514//3037 6513//3037 6503//3037
f 6505//3038 6515//3038 6514//3038 6504//3038
f 6506//3039 6516//3039 6515//3039 6505//3039
f 6497//3040 6507//3040 6516//3040 6506//3040
f 6522//1 6523//1 6524//1 6525//1 6526//1
f 6518//3041 6523//3041 6522//3041 6517//3041
f 6519//3042 6524//3042 6523//3042 6518//3042
f 6520//3043 6525//3043 6524//3043 6519//3043
f 6521//3044 6526//3044 6525//3044 6520//3044
f 6517//3045 6522//3045 6526//3045 6521//3045
f 6537//1 6538//1 6539//1 6540//1 6541//1 6542//1 6543//1 6544//1 6545//1 6546//1
f 6528//3046 6538//3046 6537//3046 6527//3046
f 6529//3047 6539//3047 6538//3047 6528//3047
f 6530//3048 6540//3048 6539//3048 6529//3048
f 6531//3049 6541//3049 6540//3049 6530//3049
f 6532//3050 6542//3050 6541//3050 6531//3050
f 6533//3051 6543//3051 6542//3051 6532//3051
f 6534//3052 6544//3052 6543//3052 6533//3052
f 6535//3053 6545//3053 6544//3053 6534//3053
f 6536//3054 6546//3054 6545//3054 6535//3054
f 6527//3055 6537//3055 6546//3055 6536//3055
f 6551//1 6552//1 6553//1 6554//1
f 6548//3056 6552//3056 6551//3056 6547//3056
f 6549//3057 6553//3057 6552//3057 6548//3057
f 6550//3058 6554//3058 6553//3058 6549//3058
f 6547//3059 6551//3059 6554//3059 6550//3059
f 6559//1 6560//1 6561//1 6562//1
f 6556//3060 6560//3060 6559//3060 6555//3060
f 6557//1573 6561//1573 6560//1573 6556//1573
f 6558//1604 6562//1604 6561//1604 6557//1604
f 6555//3061 6559//3061 6562//3061 6558//3061
f 6567//1 6568//1 6569//1 6570//1
f 6564//3062 6568//3062 6567//3062 6563//3062
f 6565//3063 6569//3063 6568//3063 6564//3063
f 6566//3064 6570//3064 6569//3064 6565//3064
f 6563//3065 6567//3065 6570//3065 6566//3065
f 6577//1 6578//1 6579//1 6580//1 6581//1 6582//1
f 6572//3066 6578//3066 6577//3066 6571//3066
f 6573//3067 6579//3067 6578//3067 6572//3067
f 6574//3068 6580//3068 6579//3068 6573//3068
f 6575//917 6581//917 6580//917 6574//917
f 6576//3069 6582//3069 6581//3069 6575//3069
f 6571//3070 6577//3070 6582//3070 6576//3070
f 6593//1 6594//1 6595//1 6596//1 6597//1 6598//1 6599//1 6600//1 6601//1 6602//1
f 6584//3071 6594//3071 6593//3071 6583//3071
f 6585//3072 6595//3072 6594//3072 6584//3072
f 6586//3073 6596//3073 6595//3073 6585//3073
f 6587//3074 6597//3074 6596//3074 6586//3074
f 6588//3075 6598//3075 6597//3075 6587//3075
f 6589//3076 6599//3076 6598//3076 6588//3076
f 6590//3077 6600//3077 6599//3077 6589//3077
f 6591//3078 6601//3078 6600//3078 6590//3078
f 6592//3079 6602//3079 6601//3079 6591//3079
f 6583//3080 6593//3080 6602//3080 6592//3080
f 6607//1 6608//1 6609//1 6610//1
f 6604//3081 6608//3081 6607//3081 6603//3081
f 6605//3082 6609//3082 6608//3082 6604//3082
f 6606//3083 6610//3083 6609//3083 6605//3083
f 6603//3084 6607//3084 6610//3084 6606//3084
f 6619//1 6620//1 6621//1 6622//1 6623//1 6624//1 6625//1 6626//1
f 6612//3085 6620//3085 6619//3085 6611//3085
f 6613//3086 6621//3086 6620//3086 6612//3086
f 6614//3087 6622//3087 6621//3087 6613//3087
f 6615//3088 6623//3088 6622//3088 6614//3088
f 6616//3089 6624//3089 6623//3089 6615//3089
f 6617//3090 6625//3090 6624//3090 6616//3090
f 6618//3091 6626//3091 6625//3091 6617//3091
f 6611//3092 6619//3092 6626//3092 6618//3092
f 6633//1 6634//1 6635//1 6636//1 6637//1 6638//1
f 6628//1654 6634//1654 6633//1654 6627//1654
f 6629//3093 6635//3093 6634//3093 6628//3093
f 6630//3094 6636//3094 6635//3094 6629//3094
f 6631//3095 6637//3095 6636//3095 6630//3095
f 6632//3096 6638//3096 6637//3096 6631//3096
f 6627//3097 6633//3097 6638//3097 6632//3097
f 6647//1 6648//1 6649//1 6650//1 6651//1 6652//1 6653//1 6654//1
f 6640//3098 6648//3098 6647//3098 6639//3098
f 6641//3099 6649//3099 6648//3099 6640//3099
f 6642//3100 6650//3100 6649//3100 6641//3100
f 6643//3101 6651//3101 6650//3101 6642//3101
f 6644//3102 6652//3102 6651//3102 6643//3102
f 6645//3103 6653//3103 6652//3103 6644//3103
f 6646//3104 6654//3104 6653//3104 6645//3104
f 6639//2772 6647//2772 6654//2772 6646//2772
f 6659//1 6660//1 6661//1 6662//1
f 6656//3105 6660//3105 6659//3105 6655//3105
f 6657//3106 6661//3106 6660//3106 6656//3106
f 6658//3107 6662//3107 6661//3107 6657//3107
f 6655//3108 6659//3108 6662//3108 6658//3108
f 6699//1 6700//1 6701//1 6702//1 6703//1 6704//1 6705//1 6706//1 6707//1 6708//1 6709//1 6710//1 6711//1 6712//1 6713//1 6714//1 6715//1 6716//1 6717//1 6718//1 6719//1 6720//1 6721//1 6722//1 6723//1 6724//1 6725//1 6726//1 6727//1 6728//1 6729//1 6730//1 6731//1 6732//1 6733//1 6734//1
f 6664//3109 6700//3109 6699//3109 6663//3109
f 6665//3110 6701//3110 6700//3110 6664//3110
f 6666//3111 6702//3111 6701//3111 6665//3111
f 6667//3112 6703//3112 6702//3112 6666//3112
f 6668//3113 6704//3113 6703//3113 6667//3113
f 6669//1112 6705//1112 6704//1112 6668//1112
f 6670//3114 6706//3114 6705//3114 6669//3114
f 6671//3115 6707//3115 6706//3115 6670//3115
f 6672//3116 6708//3116 6707//3116 6671//3116
f 6673//3117 6709//3117 6708//3117 6672//3117
f 6674//1138 6710//1138 6709//1138 6673//1138
f 6675//3118 6711//3118 6710//3118 6674//3118
f 6676//3119 6712//3119 6711//3119 6675//3119
f 6677//3120 6713//3120 6712//3120 6676//3120
f 6678//3121 6714//3121 6713//3121 6677//3121
f 6679//204 6715//204 6714//204 6678//204
f 6680//3122 6716//3122 6715//3122 6679//3122
f 6681//3123 6717//3123 6716//3123 6680//3123
f 6682//3124 6718//3124 6717//3124 6681//3124
f 6683//3125 6719//3125 6718//3125 6682//3125
f 6684//2371 6720//2371 6719//2371 6683//2371
f 6685//3126 6721//3126 6720//3126 6684//3126
f 6686//3127 6722//3127 6721//3127 6685//3127
f 6687//3128 6723//3128 6722//3128 6686//3128
f 6688//3129 6724//3129 6723//3129 6687//3129
f 6689//204 6725//204 6724//204 6688//204
f 6690//3130 6726//3130 6725//3130 6689//3130
f 6691//3131 6727//3131 6726//3131 6690//3131
f 6692//3132 6728//3132 6727//3132 6691//3132
f 6693//3133 6729//3133 6728//3133 6692//3133
f 6694//3134 6730//3134 6729//3134 6693//3134
f 6695//3135 6731//3135 6730//3135 6694//3135
f 6696//3136 6732//3136 6731//3136 6695//3136
f 6697//3137 6733//3137 6732//3137 6696//3137
f 6698//3138 6734//3138 6733//3138 6697//3138
f 6663//3139 6699//3139 6734//3139 6698//3139
f 6741//1 6742//1 6743//1 6744//1 6745//1 6746//1
f 6736//3140 6742//3140 6741//3140 6735//3140
f 6737//2824 6743//2824 6742//2824 6736//2824
f 6738//3141 6744//3141 6743//3141 6737//3141
f 6739//3142 6745//3142 6744//3142 6738//3142
f 6740//3143 6746//3143 6745//3143 6739//3143
f 6735//3144 6741//3144 6746//3144 6740//3144
f 6753//1 6754//1 6755//1 6756//1 6757//1 6758//1
f 6748//3145 6754//3145 6753//3145 6747//3145
f 6749//3146 6755//3146 6754//3146 6748//3146
f 6750//3147 6756//3147 6755//3147 6749//3147
f 6751//3148 6757//3148 6756//3148 6750//3148
f 6752//3149 6758//3149 6757//3149 6751//3149
f 6747//3150 6753//3150 6758//3150 6752//3150
f 6763//1 6764//1 6765//1 6766//1
f 6760//3151 6764//3151 6763//3151 6759//3151
f 6761//3152 6765//3152 6764//3152 6760//3152
f 6762//3153 6766//3153 6765//3153 6761//3153
f 6759//3154 6763//3154 6766//3154 6762//3154
f 6771//1 6772//1 6773//1 6774//1
f 6768//3155 6772//3155 6771//3155 6767//3155
f 6769//3156 6773//3156 6772//3156 6768//3156
f 6770//3157 6774//3157 6773//3157 6769//3157
f 6767//3158 6771//3158 6774//3158 6770//3158
f 6779//1 6780//1 6781//1 6782//1
f 6776//3159 6780//3159 6779//3159 6775//3159
f 6777//3160 6781//3160 6780//3160 6776//3160
f 6778//3161 6782//3161 6781//3161 6777//3161
f 6775//3162 6779//3162 6782//3162 6778//3162
f 6787//1 6788//1 6789//1 6790//1
f 6784//3163 6788//3163 6787//3163 6783//3163
f 6785//3164 6789//3164 6788//3164 6784//3164
f 6786//2810 6790//2810 6789//2810 6785//2810
f 6783//1335 6787//1335 6790//1335 6786//1335
f 6804//1 6805//1 6806//1 6807//1 6808//1 6809//1 6810//1 6811//1 6812//1 6813//1 6814//1 6815//1 6816//1
f 6792//3165 6805//3165 6804//3165 6791//3165
f 6793//1411 6806//1411 6805//1411 6792//1411
f 6794//3166 6807//3166 6806//3166 6793//3166
f 6795//3167 6808//3167 6807//3167 6794//3167
f 6796//3168 6809//3168 6808//3168 6795//3168
f 6797//3169 6810//3169 6809//3169 6796//3169
f 6798//3170 6811//3170 6810//3170 6797//3170
f 6799//3169 6812//3169 6811//3169 6798//3169
f 6800//3171 6813//3171 6812//3171 6799//3171
f 6801//3172 6814//3172 6813//3172 6800//3172
f 6802//3173 6815//3173 6814//3173 6801//3173
f 6803//3174 6816//3174 6815//3174 6802//3174
f 6791//3175 6804//3175 6816//3175 6803//3175
f 6823//1 6824//1 6825//1 6826//1 6827//1 6828//1
f 6818//3176 6824//3176 6823//3176 6817//3176
f 6819//3177 6825//3177 6824//3177 6818//3177
f 6820//3178 6826//3178 6825//3178 6819//3178
f 6821//3179 6827//3179 6826//3179 6820//3179
f 6822//1102 6828//1102 6827//1102 6821//1102
f 6817//3180 6823//3180 6828//3180 6822//3180
f 6834//1 6835//1 6836//1 6837//1 6838//1
f 6830//3181 6835//3181 6834//3181 6829//3181
f 6831//3182 6836//3182 6835//3182 6830//3182
f 6832//3183 6837//3183 6836//3183 6831//3183
f 6833//3184 6838//3184 6837//3184 6832//3184
f 6829//3185 6834//3185 6838//3185 6833//3185
f 6843//1 6844//1 6845//1 6846//1
f 6840//3186 6844//3186 6843//3186 6839//3186
f 6841//3187 6845//3187 6844//3187 6840//3187
f 6842//3188 6846//3188 6845//3188 6841//3188
f 6839//3189 6843//3189 6846//3189 6842//3189
f 6851//1 6852//1 6853//1 6854//1
f 6848//3190 6852//3190 6851//3190 6847//3190
f 6849//3191 6853//3191 6852//3191 6848//3191
f 6850//3192 6854//3192 6853//3192 6849//3192
f 6847//3193 6851//3193 6854//3193 6850//3193
f 6871//1 6872//1 6873//1 6874//1 6875//1 6876//1 6877//1 6878//1 6879//1 6880//1 6881//1 6882//1 6883//1 6884//1 6885//1 6886//1
f 6856//3194 6872//3194 6871//3194 6855//3194
f 6857//3195 6873//3195 6872//3195 6856//3195
f 6858//3196 6874//3196 6873//3196 6857//3196
f 6859//3197 6875//3197 6874//3197 6858//3197
f 6860//3198 6876//3198 6875//3198 6859//3198
f 6861//3199 6877//3199 6876//3199 6860//3199
f 6862//3200 6878//3200 6877//3200 6861//3200
f 6863//3201 6879//3201 6878//3201 6862//3201
f 6864//3202 6880//3202 6879//3202 6863//3202
f 6865//3203 6881//3203 6880//3203 6864//3203
f 6866//3204 6882//3204 6881//3204 6865//3204
f 6867//3205 6883//3205 6882//3205 6866//3205
f 6868//3206 6884//3206 6883//3206 6867//3206
f 6869//3207 6885//3207 6884//3207 6868//3207
f 6870//3208 6886//3208 6885//3208 6869//3208
f 6855//3209 6871//3209 6886//3209 6870//3209
f 6891//1 6892//1 6893//1 6894//1
f 6888//3210 6892//3210 6891//3210 6887//3210
f 6889//3211 6893//3211 6892//3211 6888//3211
f 6890//3212 6894//3212 6893//3212 6889//3212
f 6887//3213 6891//3213 6894//3213 6890//3213
f 6899//1 6900//1 6901//1 6902//1
f 6896//3214 6900//3214 6899//3214 6895//3214
f 6897//3215 6901//3215 6900//3215 6896//3215
f 6898//3216 6902//3216 6901//3216 6897//3216
f 6895//3217 6899//3217 6902//3217 6898//3217
f 6907//1 6908//1 6909//1 6910//1
f 6904//3218 6908//3218 6907//3218 6903//3218
f 6905//3219 6909//3219 6908//3219 6904//3219
f 6906//3220 6910//3220 6909//3220 6905//3220
f 6903//3221 6907//3221 6910//3221 6906//3221
f 6915//1 6916//1 6917//1 6918//1
f 6912//3222 6916//3222 6915//3222 6911//3222
f 6913//3223 6917//3223 6916//3223 6912//3223
f 6914//3224 6918//3224 6917//3224 6913//3224
f 6911//3225 6915//3225 6918//3225 6914//3225
f 6927//1 6928//1 6929//1 6930//1 6931//1 6932//1 6933//1 6934//1
f 6920//3226 6928//3226 6927//3226 6919//3226
f 6921//3227 6929//3227 6928//3227 6920//3227
f 6922//3228 6930//3228 6929//3228 6921//3228
f 6923//3229 6931//3229 6930//3229 6922//3229
f 6924//3230 6932//3230 6931//3230 6923//3230
f 6925//3231 6933//3231 6932//3231 6924//3231
f 6926//3232 6934//3232 6933//3232 6925//3232
f 6919//3233 6927//3233 6934//3233 6926//3233
f 6939//1 6940//1 6941//1 6942//1
f 6936//3234 6940//3234 6939//3234 6935//3234
f 6937//3235 6941//3235 6940//3235 6936//3235
f 6938//3236 6942//3236 6941//3236 6937//3236
f 6935//3237 6939//3237 6942//3237 6938//3237
f 6949//1 6950//1 6951//1 6952//1 6953//1 6954//1
f 6944//3238 6950//3238 6949//3238 6943//3238
f 6945//3239 6951//3239 6950//3239 6944//3239
f 6946//2999 6952//2999 6951//2999 6945//2999
f 6947//3240 6953//3240 6952//3240 6946//3240
f 6948//3241 6954//3241 6953//3241 6947//3241
f 6943//3242 6949//3242 6954//3242 6948//3242
f 6961//1 6962//1 6963//1 6964//1 6965//1 6966//1
f 6956//3243 6962//3243 6961//3243 6955//3243
f 6957//145 6963//145 6962//145 6956//145
f 6958//3244 6964//3244 6963//3244 6957//3244
f 6959//1311 6965//1311 6964//1311 6958//1311
f 6960//3245 6966//3245 6965//3245 6959//3245
f 6955//3246 6961//3246 6966//3246 6960//3246
f 6973//1 6974//1 6975//1 6976//1 6977//1 6978//1
f 6968//3247 6974//3247 6973//3247 6967//3247
f 6969//3248 6975//3248 6974//3248 6968//3248
f 6970//3249 6976//3249 6975//3249 6969//3249
f 6971//3250 6977//3250 6976//3250 6970//3250
f 6972//3249 6978//3249 6977//3249 6971//3249
f 6967//3251 6973//3251 6978//3251 6972//3251
f 6985//1 6986//1 6987//1 6988//1 6989//1 6990//1
f 6980//3252 6986//3252 6985//3252 6979//3252
f 6981//3253 6987//3253 6986//3253 6980//3253
f 6982//3254 6988//3254 6987//3254 6981//3254
f 6983//3255 6989//3255 6988//3255 6982//3255
f 6984//3256 6990//3256 6989//3256 6983//3256
f 6979//3257 6985//3257 6990//3257 6984//3257
f 6995//1 6996//1 6997//1 6998//1
f 6992//2109 6996//2109 6995//2109 6991//2109
f 6993//2902 6997//2902 6996//2902 6992//2902
f 6994//3258 6998//3258 6997//3258 6993//3258
f 6991//3259 6995//3259 6998//3259 6994//3259
f 7006//1 7007//1 7008//1 7009//1 7010//1 7011//1 7012//1
f 7000//3260 7007//3260 7006//3260 6999//3260
f 7001//3261 7008//3261 7007//3261 7000//3261
f 7002//3262 7009//3262 7008//3262 7001//3262
f 7003//3263 7010//3263 7009//3263 7002//3263
f 7004//3264 7011//3264 7010//3264 7003//3264
f 7005//3265 7012//3265 7011//3265 7004//3265
f 6999//3266 7006//3266 7012//3266 7005//3266
f 7021//1 7022//1 7023//1 7024//1 7025//1 7026//1 7027//1 7028//1
f 7014//3267 7022//3267 7021//3267 7013//3267
f 7015//3268 7023//3268 7022//3268 7014//3268
f 7016//2933 7024//2933 7023//2933 7015//2933
f 7017//3269 7025//3269 7024//3269 7016//3269
f 7018//3270 7026//3270 7025//3270 7017//3270
f 7019//3271 7027//3271 7026//3271 7018//3271
f 7020//3272 7028//3272 7027//3272 7019//3272
f 7013//3273 7021//3273 7028//3273 7020//3273
f 7036//1 7037//1 7038//1 7039//1 7040//1 7041//1 7042//1
f 7030//3274 7037//3274 7036//3274 7029//3274
f 7031//3275 7038//3275 7037//3275 7030//3275
f 7032//3276 7039//3276 7038//3276 7031//3276
f 7033//3277 7040//3277 7039//3277 7032//3277
f 7034//3278 7041//3278 7040//3278 7033//3278
f 7035//3279 7042//3279 7041//3279 7034//3279
f 7029//3280 7036//3280 7042//3280 7035//3280
f 7047//1 7048//1 7049//1 7050//1
f 7044//1179 7048//1179 7047//1179 7043//1179
f 7045//3281 7049//3281 7048//3281 7044//3281
f 7046//1177 7050//1177 7049//1177 7045//1177
f 7043//3282 7047//3282 7050//3282 7046//3282
f 7064//1 7065//1 7066//1 7067//1 7068//1 7069//1 7070//1 7071//1 7072//1 7073//1 7074//1 7075//1 7076//1
f 7052//3283 7065//3283 7064//3283 7051//3283
f 7053//3284 7066//3284 7065//3284 7052//3284
f 7054//3285 7067//3285 7066//3285 7053//3285
f 7055//3286 7068//3286 7067//3286 7054//3286
f 7056//2112 7069//2112 7068//2112 7055//2112
f 7057//3287 7070//3287 7069//3287 7056//3287
f 7058//3288 7071//3288 7070//3288 7057//3288
f 7059//3289 7072//3289 7071//3289 7058//3289
f 7060//3290 7073//3290 7072//3290 7059//3290
f 7061//3291 7074//3291 7073//3291 7060//3291
f 7062//3292 7075//3292 7074//3292 7061//3292
f 7063//3293 7076//3293 7075//3293 7062//3293
f 7051//3294 7064//3294 7076//3294 7063//3294
f 7085//1 7086//1 7087//1 7088//1 7089//1 7090//1 7091//1 7092//1
f 7078//3295 7086//3295 7085//3295 7077//3295
f 7079//3296 7087//3296 7086//3296 7078//3296
f 7080//3297 7088//3297 7087//3297 7079//3297
f 7081//895 7089//895 7088//895 7080//895
f 7082//3298 7090//3298 7089//3298 7081//3298
f 7083//3299 7091//3299 7090//3299 7082//3299
f 7084//3300 7092//3300 7091//3300 7083//3300
f 7077//1311 7085//1311 7092//1311 7084//1311
f 7101//1 7102//1 7103//1 7104//1 7105//1 7106//1 7107//1 7108//1
f 7094//3301 7102//3301 7101//3301 7093//3301
f 7095//3302 7103//3302 7102//3302 7094//3302
f 7096//3303 7104//3303 7103//3303 7095//3303
f 7097//3304 7105//3304 7104//3304 7096//3304
f 7098//3305 7106//3305 7105//3305 7097//3305
f 7099//3306 7107//3306 7106//3306 7098//3306
f 7100//3307 7108//3307 7107//3307 7099//3307
f 7093//3308 7101//3308 7108//3308 7100//3308
f 7129//1 7130//1 7131//1 7132//1 7133//1 7134//1 7135//1 7136//1 7137//1 7138//1 7139//1 7140//1 7141//1 7142//1 7143//1 7144//1 7145//1 7146//1 7147//1 7148//1
f 7110//3309 7130//3309 7129//3309 7109//3309
f 7111//3310 7131//3310 7130//3310 7110//3310
f 7112//3311 7132//3311 7131//3311 7111//3311
f 7113//3312 7133//3312 7132//3312 7112//3312
f 7114//3313 7134//3313 7133//3313 7113//3313
f 7115//3314 7135//3314 7134//3314 7114//3314
f 7116//3315 7136//3315 7135//3315 7115//3315
f 7117//3316 7137//3316 7136//3316 7116//3316
f 7118//3317 7138//3317 7137//3317 7117//3317
f 7119//3318 7139//3318 7138//3318 7118//3318
f 7120//3319 7140//3319 7139//3319 7119//3319
f 7121//3320 7141//3320 7140//3320 7120//3320
f 7122//3321 7142//3321 7141//3321 7121//3321
f 7123//3322 7143//3322 7142//3322 7122//3322
f 7124//3323 7144//3323 7143//3323 7123//3323
f 7125//3324 7145//3324 7144//3324 7124//3324
f 7126//3325 7146//3325 7145//3325 7125//3325
f 7127//3326 7147//3326 7146//3326 7126//3326
f 7128//3327 7148//3327 7147//3327 7127//3327
f 7109//3328 7129//3328 7148//3328 7128//3328
f 7161//1 7162//1 7163//1 7164//1 7165//1 7166//1 7167//1 7168//1 7169//1 7170//1 7171//1 7172//1
f 7150//3329 7162//3329 7161//3329 7149//3329
f 7151//3330 7163//3330 7162//3330 7150//3330
f 7152//3331 7164//3331 7163//3331 7151//3331
f 7153//3332 7165//3332 7164//3332 7152//3332
f 7154//3333 7166//3333 7165//3333 7153//3333
f 7155//3334 7167//3334 7166//3334 7154//3334
f 7156//3335 7168//3335 7167//3335 7155//3335
f 7157//3336 7169//3336 7168//3336 7156//3336
f 7158//3337 7170//3337 7169//3337 7157//3337
f 7159//3251 7171//3251 7170//3251 7158//3251
f 7160//3247 7172//3247 7171//3247 7159//3247
f 7149//3338 7161//3338 7172//3338 7160//3338
f 7177//1 7178//1 7179//1 7180//1
f 7174//3339 7178//3339 7177//3339 7173//3339
f 7175//3340 7179//3340 7178//3340 7174//3340
f 7176//3341 7180//3341 7179//3341 7175//3341
f 7173//3342 7177//3342 7180//3342 7176//3342
f 7187//1 7188//1 7189//1 7190//1 7191//1 7192//1
f 7182//3343 7188//3343 7187//3343 7181//3343
f 7183//3344 7189//3344 7188//3344 7182//3344
f 7184//2905 7190//2905 7189//2905 7183//2905
f 7185//3345 7191//3345 7190//3345 7184//3345
f 7186//3346 7192//3346 7191//3346 7185//3346
f 7181//3347 7187//3347 7192//3347 7186//3347
f 7197//1 7198//1 7199//1 7200//1
f 7194//3348 7198//3348 7197//3348 7193//3348
f 7195//3349 7199//3349 7198//3349 7194//3349
f 7196//3000 7200//3000 7199//3000 7195//3000
f 7193//3350 7197//3350 7200//3350 7196//3350
f 7205//1 7206//1 7207//1 7208//1
f 7202//2257 7206//2257 7205//2257 7201//2257
f 7203//3351 7207//3351 7206//3351 7202//3351
f 7204//3352 7208//3352 7207//3352 7203//3352
f 7201//3353 7205//3353 7208//3353 7204//3353
f 7213//1 7214//1 7215//1 7216//1
f 7210//1417 7214//1417 7213//1417 7209//1417
f 7211//3354 7215//3354 7214//3354 7210//3354
f 7212//1415 7216//1415 7215//1415 7211//1415
f 7209//3355 7213//3355 7216//3355 7212//3355
f 7225//1 7226//1 7227//1 7228//1 7229//1 7230//1 7231//1 7232//1
f 7218//3356 7226//3356 7225//3356 7217//3356
f 7219//3357 7227//3357 7226//3357 7218//3357
f 7220//3358 7228//3358 7227//3358 7219//3358
f 7221//3359 7229//3359 7228//3359 7220//3359
f 7222//3360 7230//3360 7229//3360 7221//3360
f 7223//3361 7231//3361 7230//3361 7222//3361
f 7224//3362 7232//3362 7231//3362 7223//3362
f 7217//3363 7225//3363 7232//3363 7224//3363
f 7237//1 7238//1 7239//1 7240//1
f 7234//3364 7238//3364 7237//3364 7233//3364
f 7235//3365 7239//3365 7238//3365 7234//3365
f 7236//3366 7240//3366 7239//3366 7235//3366
f 7233//3367 7237//3367 7240//3367 7236//3367
f 7251//1 7252//1 7253//1 7254//1 7255//1 7256//1 7257//1 7258//1 7259//1 7260//1
f 7242//3368 7252//3368 7251//3368 7241//3368
f 7243//3369 7253//3369 7252//3369 7242//3369
f 7244//3370 7254//3370 7253//3370 7243//3370
f 7245//3371 7255//3371 7254//3371 7244//3371
f 7246//3372 7256//3372 7255//3372 7245//3372
f 7247//3373 7257//3373 7256//3373 7246//3373
f 7248//3374 7258//3374 7257//3374 7247//3374
f 7249//3375 7259//3375 7258//3375 7248//3375
f 7250//3376 7260//3376 7259//3376 7249//3376
f 7241//3377 7251//3377 7260//3377 7250//3377
f 7267//1 7268//1 7269//1 7270//1 7271//1 7272//1
f 7262//3378 7268//3378 7267//3378 7261//3378
f 7263//3379 7269//3379 7268//3379 7262//3379
f 7264//3380 7270//3380 7269//3380 7263//3380
f 7265//3381 7271//3381 7270//3381 7264//3381
f 7266//3382 7272//3382 7271//3382 7265//3382
f 7261//3383 7267//3383 7272//3383 7266//3383
f 7281//1 7282//1 7283//1 7284//1 7285//1 7286//1 7287//1 7288//1
f 7274//3384 7282//3384 7281//3384 7273//3384
f 7275//3385 7283//3385 7282//3385 7274//3385
f 7276//3386 7284//3386 7283//3386 7275//3386
f 7277//3387 7285//3387 7284//3387 7276//3387
f 7278//3388 7286//3388 7285//3388 7277//3388
f 7279//1243 7287//1243 7286//1243 7278//1243
f 7280//3321 7288//3321 7287//3321 7279//3321
f 7273//2865 7281//2865 7288//2865 7280//2865
f 7302//1 7303//1 7304//1 7305//1 7306//1 7307//1 7308//1 7309//1 7310//1 7311//1 7312//1 7313//1 7314//1
f 7290//3389 7303//3389 7302//3389 7289//3389
f 7291//3390 7304//3390 7303//3390 7290//3390
f 7292//3391 7305//3391 7304//3391 7291//3391
f 7293//3392 7306//3392 7305//3392 7292//3392
f 7294//3393 7307//3393 7306//3393 7293//3393
f 7295//3394 7308//3394 7307//3394 7294//3394
f 7296//3395 7309//3395 7308//3395 7295//3395
f 7297//2204 7310//2204 7309//2204 7296//2204
f 7298//3396 7311//3396 7310//3396 7297//3396
f 7299//3397 7312//3397 7311//3397 7298//3397
f 7300//3398 7313//3398 7312//3398 7299//3398
f 7301//2886 7314//2886 7313//2886 7300//2886
f 7289//2865 7302//2865 7314//2865 7301//2865
f 7325//1 7326//1 7327//1 7328//1 7329//1 7330//1 7331//1 7332//1 7333//1 7334//1
f 7316//3399 7326//3399 7325//3399 7315//3399
f 7317//3400 7327//3400 7326//3400 7316//3400
f 7318//3401 7328//3401 7327//3401 7317//3401
f 7319//3402 7329//3402 7328//3402 7318//3402
f 7320//3403 7330//3403 7329//3403 7319//3403
f 7321//3404 7331//3404 7330//3404 7320//3404
f 7322//3405 7332//3405 7331//3405 7321//3405
f 7323//3406 7333//3406 7332//3406 7322//3406
f 7324//3407 7334//3407 7333//3407 7323//3407
f 7315//3408 7325//3408 7334//3408 7324//3408
f 7339//1 7340//1 7341//1 7342//1
f 7336//3409 7340//3409 7339//3409 7335//3409
f 7337//3410 7341//3410 7340//3410 7336//3410
f 7338//3411 7342//3411 7341//3411 7337//3411
f 7335//3412 7339//3412 7342//3412 7338//3412
f 7351//1 7352//1 7353//1 7354//1 7355//1 7356//1 7357//1 7358//1
f 7344//3413 7352//3413 7351//3413 7343//3413
f 7345//3414 7353//3414 7352//3414 7344//3414
f 7346//3415 7354//3415 7353//3415 7345//3415
f 7347//3416 7355//3416 7354//3416 7346//3416
f 7348//3417 7356//3417 7355//3417 7347//3417
f 7349//3418 7357//3418 7356//3418 7348//3418
f 7350//2839 7358//2839 7357//2839 7349//2839
f 7343//1513 7351//1513 7358//1513 7350//1513
f 7363//1 7364//1 7365//1 7366//1
f 7360//3419 7364//3419 7363//3419 7359//3419
f 7361//3420 7365//3420 7364//3420 7360//3420
f 7362//3421 7366//3421 7365//3421 7361//3421
f 7359//3422 7363//3422 7366//3422 7362//3422
f 7372//1 7373//1 7374//1 7375//1 7376//1
f 7368//3423 7373//3423 7372//3423 7367//3423
f 7369//3424 7374//3424 7373//3424 7368//3424
f 7370//3425 7375//3425 7374//3425 7369//3425
f 7371//3426 7376//3426 7375//3426 7370//3426
f 7367//3427 7372//3427 7376//3427 7371//3427
f 7381//1 7382//1 7383//1 7384//1
f 7378//3428 7382//3428 7381//3428 7377//3428
f 7379//3429 7383//3429 7382//3429 7378//3429
f 7380//1961 7384//1961 7383//1961 7379//1961
f 7377//3430 7381//3430 7384//3430 7380//3430
f 7389//1 7390//1 7391//1 7392//1
f 7386//3431 7390//3431 7389//3431 7385//3431
f 7387//3432 7391//3432 7390//3432 7386//3432
f 7388//3433 7392//3433 7391//3433 7387//3433
f 7385//3434 7389//3434 7392//3434 7388//3434
f 7401//1 7402//1 7403//1 7404//1 7405//1 7406//1 7407//1 7408//1
f 7394//3435 7402//3435 7401//3435 7393//3435
f 7395//3436 7403//3436 7402//3436 7394//3436
f 7396//3437 7404//3437 7403//3437 7395//3437
f 7397//2681 7405//2681 7404//2681 7396//2681
f 7398//3438 7406//3438 7405//3438 7397//3438
f 7399//3439 7407//3439 7406//3439 7398//3439
f 7400//3440 7408//3440 7407//3440 7399//3440
f 7393//3441 7401//3441 7408//3441 7400//3441
f 7413//1 7414//1 7415//1 7416//1
f 7410//3442 7414//3442 7413//3442 7409//3442
f 7411//3443 7415//3443 7414//3443 7410//3443
f 7412//3444 7416//3444 7415//3444 7411//3444
f 7409//3445 7413//3445 7416//3445 7412//3445
f 7421//1 7422//1 7423//1 7424//1
f 7418//3446 7422//3446 7421//3446 7417//3446
f 7419//3447 7423//3447 7422//3447 7418//3447
f 7420//3448 7424//3448 7423//3448 7419//3448
f 7417//3449 7421//3449 7424//3449 7420//3449
f 7429//1 7430//1 7431//1 7432//1
f 7426//3450 7430//3450 7429//3450 7425//3450
f 7427//3451 7431//3451 7430//3451 7426//3451
f 7428//3452 7432//3452 7431//3452 7427//3452
f 7425//3453 7429//3453 7432//3453 7428//3453
f 7441//1 7442//1 7443//1 7444//1 7445//1 7446//1 7447//1 7448//1
f 7434//3454 7442//3454 7441//3454 7433//3454
f 7435//3455 7443//3455 7442//3455 7434//3455
f 7436//3456 7444//3456 7443//3456 7435//3456
f 7437//3457 7445//3457 7444//3457 7436//3457
f 7438//3458 7446//3458 7445//3458 7437//3458
f 7439//3459 7447//3459 7446//3459 7438//3459
f 7440//3460 7448//3460 7447//3460 7439//3460
f 7433//3461 7441//3461 7448//3461 7440//3461
f 7457//1 7458//1 7459//1 7460//1 7461//1 7462//1 7463//1 7464//1
f 7450//3260 7458//3260 7457//3260 7449//3260
f 7451//3462 7459//3462 7458//3462 7450//3462
f 7452//3463 7460//3463 7459//3463 7451//3463
f 7453//3464 7461//3464 7460//3464 7452//3464
f 7454//3465 7462//3465 7461//3465 7453//3465
f 7455//3466 7463//3466 7462//3466 7454//3466
f 7456//3467 7464//3467 7463//3467 7455//3467
f 7449//3468 7457//3468 7464//3468 7456//3468
f 7474//1 7475//1 7476//1 7477//1 7478//1 7479//1 7480//1 7481//1 7482//1
f 7466//3469 7475//3469 7474//3469 7465//3469
f 7467//3470 7476//3470 7475//3470 7466//3470
f 7468//3471 7477//3471 7476//3471 7467//3471
f 7469//3472 7478//3472 7477//3472 7468//3472
f 7470//3473 7479//3473 7478//3473 7469//3473
f 7471//3474 7480//3474 7479//3474 7470//3474
f 7472//3475 7481//3475 7480//3475 7471//3475
f 7473//3476 7482//3476 7481//3476 7472//3476
f 7465//3477 7474//3477 7482//3477 7473//3477
f 7487//1 7488//1 7489//1 7490//1
f 7484//3478 7488//3478 7487//3478 7483//3478
f 7485//905 7489//905 7488//905 7484//905
f 7486//2818 7490//2818 7489//2818 7485//2818
f 7483//3479 7487//3479 7490//3479 7486//3479
f 7495//1 7496//1 7497//1 7498//1
f 7492//1519 7496//1519 7495//1519 7491//1519
f 7493//3480 7497//3480 7496//3480 7492//3480
f 7494//3481 7498//3481 7497//3481 7493//3481
f 7491//3482 7495//3482 7498//3482 7494//3482
f 7503//1 7504//1 7505//1 7506//1
f 7500//3483 7504//3483 7503//3483 7499//3483
f 7501//3484 7505//3484 7504//3484 7500//3484
f 7502//3485 7506//3485 7505//3485 7501//3485
f 7499//3486 7503//3486 7506//3486 7502//3486
f 7511//1 7512//1 7513//1 7514//1
f 7508//3487 7512//3487 7511//3487 7507//3487
f 7509//3488 7513//3488 7512//3488 7508//3488
f 7510//3489 7514//3489 7513//3489 7509//3489
f 7507//3490 7511//3490 7514//3490 7510//3490
f 7521//1 7522//1 7523//1 7524//1 7525//1 7526//1
f 7516//3491 7522//3491 7521//3491 7515//3491
f 7517//2544 7523//2544 7522//2544 7516//2544
f 7518//3492 7524//3492 7523//3492 7517//3492
f 7519//3493 7525//3493 7524//3493 7518//3493
f 7520//3494 7526//3494 7525//3494 7519//3494
f 7515//3495 7521//3495 7526//3495 7520//3495
f 7533//1 7534//1 7535//1 7536//1 7537//1 7538//1
f 7528//3496 7534//3496 7533//3496 7527//3496
f 7529//3497 7535//3497 7534//3497 7528//3497
f 7530//3033 7536//3033 7535//3033 7529//3033
f 7531//3498 7537//3498 7536//3498 7530//3498
f 7532//3499 7538//3499 7537//3499 7531//3499
f 7527//3500 7533//3500 7538//3500 7532//3500
f 7545//1 7546//1 7547//1 7548//1 7549//1 7550//1
f 7540//3501 7546//3501 7545//3501 7539//3501
f 7541//3502 7547//3502 7546//3502 7540//3502
f 7542//3503 7548//3503 7547//3503 7541//3503
f 7543//3504 7549//3504 7548//3504 7542//3504
f 7544//3505 7550//3505 7549//3505 7543//3505
f 7539//3506 7545//3506 7550//3506 7544//3506
f 7559//1 7560//1 7561//1 7562//1 7563//1 7564//1 7565//1 7566//1
f 7552//3507 7560//3507 7559//3507 7551//3507
f 7553//3508 7561//3508 7560//3508 7552//3508
f 7554//3509 7562//3509 7561//3509 7553//3509
f 7555//3510 7563//3510 7562//3510 7554//3510
f 7556//3511 7564//3511 7563//3511 7555//3511
f 7557//3512 7565//3512 7564//3512 7556//3512
f 7558//2015 7566//2015 7565//2015 7557//2015
f 7551//3513 7559//3513 7566//3513 7558//3513
f 7571//1 7572//1 7573//1 7574//1
f 7568//510 7572//510 7571//510 7567//510
f 7569//3514 7573//3514 7572//3514 7568//3514
f 7570//3515 7574//3515 7573//3515 7569//3515
f 7567//3516 7571//3516 7574//3516 7570//3516
f 7579//1 7580//1 7581//1 7582//1
f 7576//3517 7580//3517 7579//3517 7575//3517
f 7577//3518 7581//3518 7580//3518 7576//3518
f 7578//3519 7582//3519 7581//3519 7577//3519
f 7575//9 7579//9 7582//9 7578//9
f 7587//1 7588//1 7589//1 7590//1
f 7584//3520 7588//3520 7587//3520 7583//3520
f 7585//3521 7589//3521 7588//3521 7584//3521
f 7586//3522 7590//3522 7589//3522 7585//3522
f 7583//3523 7587//3523 7590//3523 7586//3523
f 7604//1 7605//1 7606//1 7607//1 7608//1 7609//1 7610//1 7611//1 7612//1 7613//1 7614//1 7615//1 7616//1
f 7592//204 7605//204 7604//204 7591//204
f 7593//3524 7606//3524 7605//3524 7592//3524
f 7594//3525 7607//3525 7606//3525 7593//3525
f 7595//3526 7608//3526 7607//3526 7594//3526
f 7596//3527 7609//3527 7608//3527 7595//3527
f 7597//3528 7610//3528 7609//3528 7596//3528
f 7598//3529 7611//3529 7610//3529 7597//3529
f 7599//3530 7612//3530 7611//3530 7598//3530
f 7600//3531 7613//3531 7612//3531 7599//3531
f 7601//3532 7614//3532 7613//3532 7600//3532
f 7602//3533 7615//3533 7614//3533 7601//3533
f 7603//3526 7616//3526 7615//3526 7602//3526
f 7591//3526 7604//3526 7616//3526 7603//3526
f 7629//1 7630//1 7631//1 7632//1 7633//1 7634//1 7635//1 7636//1 7637//1 7638//1 7639//1 7640//1
f 7618//3534 7630//3534 7629//3534 7617//3534
f 7619//3535 7631//3535 7630//3535 7618//3535
f 7620//3536 7632//3536 7631//3536 7619//3536
f 7621//3537 7633//3537 7632//3537 7620//3537
f 7622//3538 7634//3538 7633//3538 7621//3538
f 7623//3539 7635//3539 7634//3539 7622//3539
f 7624//3540 7636//3540 7635//3540 7623//3540
f 7625//3541 7637//3541 7636//3541 7624//3541
f 7626//3542 7638//3542 7637//3542 7625//3542
f 7627//3543 7639//3543 7638//3543 7626//3543
f 7628//3544 7640//3544 7639//3544 7627//3544
f 7617//3545 7629//3545 7640//3545 7628//3545
f 7647//1 7648//1 7649//1 7650//1 7651//1 7652//1
f 7642//3546 7648//3546 7647//3546 7641//3546
f 7643//3547 7649//3547 7648//3547 7642//3547
f 7644//3548 7650//3548 7649//3548 7643//3548
f 7645//3549 7651//3549 7650//3549 7644//3549
f 7646//3550 7652//3550 7651//3550 7645//3550
f 7641//3551 7647//3551 7652//3551 7646//3551
f 7657//1 7658//1 7659//1 7660//1
f 7654//3552 7658//3552 7657//3552 7653//3552
f 7655//3553 7659//3553 7658//3553 7654//3553
f 7656//3554 7660//3554 7659//3554 7655//3554
f 7653//3555 7657//3555 7660//3555 7656//3555
