# Blender 4.4.1
# www.blender.org
mtllib Map_City.mtl
o Areas:building
v 225.526215 0.000007 90.083862
v 259.411865 0.000008 102.987572
v 265.745941 0.000008 105.401016
v 267.983459 0.000007 96.103767
v 275.007721 0.000007 92.209343
v 283.501404 0.000007 88.026947
v 297.783691 0.000003 36.178806
v 301.846863 0.000003 37.330685
v 309.026978 0.000003 40.416073
v 314.481628 0.000003 42.760967
v 318.333282 0.000003 44.420223
v 280.762939 0.000011 141.177536
v 286.484772 0.000011 143.399002
v 331.212952 0.000003 38.180882
v 333.272339 0.000003 39.181919
v 336.979279 0.000003 40.635479
v 338.949646 0.000003 41.471962
v 341.576782 0.000003 42.733543
v 336.255707 0.000004 54.924248
v 339.194550 0.000004 56.254391
v 342.456207 0.000004 57.749088
v 358.753387 0.000002 20.559866
v 355.792297 0.000001 19.243431
v 352.463837 0.000001 17.762442
v 347.042572 0.000002 29.610352
v 344.337524 0.000002 28.444759
v 342.712250 0.000002 27.731691
v 339.016449 0.000002 26.099861
v 337.702881 0.000002 25.565060
v 342.723389 0.000001 13.360611
v 339.584167 0.000001 12.044175
v 332.838196 0.000001 9.233036
v 328.407684 0.000002 21.533480
v 323.910370 0.000001 19.558828
v 317.854614 0.000001 17.241354
v 316.663483 0.000001 16.692839
v 322.463226 0.000000 2.829121
v 319.557800 0.000000 1.142436
v 316.385193 -0.000000 -0.695091
v 310.986176 0.000001 14.251948
v 309.349792 0.000001 13.621156
v 303.494385 0.000001 11.358532
v 301.123291 0.000001 10.426056
v 306.110382 -0.000000 -4.877523
v 303.538910 -0.000000 -5.823713
v 300.945160 -0.000001 -6.783616
v 304.941528 -0.000001 -19.468054
v 301.746674 -0.000002 -20.825632
v 290.982086 -0.000002 -25.529163
v 300.867249 -0.000004 -56.122730
v 323.810181 -0.000009 -115.609711
v 361.213531 -0.000015 -203.688873
v 385.035919 -0.000020 -262.587006
v 403.693054 -0.000023 -309.335449
v 401.010254 -0.000023 -310.405090
v 402.312714 -0.000024 -312.983185
v 404.583618 -0.000024 -311.872406
v 413.990112 -0.000025 -334.705048
v 402.646667 -0.000026 -339.340149
v 390.857910 -0.000024 -318.591919
v 396.245789 -0.000024 -315.945251
v 394.943359 -0.000024 -312.832336
v 392.494324 -0.000024 -313.806000
v 391.670563 -0.000024 -312.201538
v 389.377380 -0.000024 -313.202606
v 390.746613 -0.000024 -315.862976
v 387.139862 -0.000024 -317.248016
v 384.568359 -0.000024 -318.235382
v 357.873962 -0.000021 -273.735840
v 306.021332 -0.000022 -294.579987
v 306.366425 -0.000022 -295.443909
v 296.169556 -0.000023 -299.571594
v 294.065613 -0.000022 -294.374268
v 295.178833 -0.000022 -293.921753
v 289.501526 -0.000021 -279.920502
v 273.048523 -0.000018 -239.397964
v 270.220978 -0.000018 -232.459091
v 267.404602 -0.000017 -225.506516
v 267.571594 -0.000016 -216.606674
v 268.016876 -0.000015 -193.170898
v 268.161591 -0.000014 -185.285858
v 269.041016 -0.000010 -138.990463
v 270.087402 -0.000006 -83.301849
v 267.315552 -0.000005 -71.590958
v 265.189362 -0.000005 -66.544586
v 259.144714 -0.000004 -52.228252
v 256.495300 -0.000003 -45.961433
v 247.934830 -0.000004 -49.170265
v 246.598999 -0.000003 -45.851730
v 242.769608 -0.000004 -47.401295
v 241.177734 -0.000003 -43.424538
v 238.316833 -0.000003 -44.576427
v 237.314957 -0.000003 -42.094383
v 234.754608 -0.000003 -43.122852
v 233.463303 -0.000003 -39.927738
v 230.780502 -0.000003 -41.011063
v 229.188629 -0.000003 -37.048023
v 225.604141 -0.000003 -38.487881
v 224.012268 -0.000003 -34.511127
v 215.318222 -0.000003 -38.007927
v 197.540497 -0.000003 -45.152370
v 195.881836 -0.000003 -41.052200
v 193.254700 -0.000003 -42.108097
v 191.996780 -0.000003 -38.967834
v 189.147003 -0.000003 -40.106007
v 188.000412 -0.000003 -37.267429
v 185.005920 -0.000003 -38.460453
v 183.903854 -0.000003 -35.717869
v 180.619934 -0.000003 -37.034309
v 179.295227 -0.000003 -33.743206
v 175.688477 -0.000003 -35.196777
v 174.241333 -0.000002 -31.576563
v 167.183670 -0.000001 -14.037741
v 164.756912 -0.000001 -8.004064
v 156.463608 0.000001 12.620116
v 149.417084 0.000002 30.158867
v 147.168427 0.000003 35.739994
v 149.606323 0.000003 36.727322
v 147.992188 0.000003 40.745182
v 154.259476 0.000003 43.268345
v 152.745529 0.000004 47.053085
v 157.420959 0.000004 48.931744
v 155.283615 0.000004 54.266033
v 158.567551 0.000004 55.582462
v 157.064728 0.000004 59.326061
v 163.075989 0.000005 61.739517
v 178.092987 0.000005 67.786865
v 184.026306 0.000005 70.172890
v 226.761856 0.000007 87.355019
v 225.526215 20.000008 90.083862
v 259.411865 20.000008 102.987572
v 265.745941 20.000008 105.401016
v 267.983459 20.000008 96.103767
v 275.007721 20.000008 92.209343
v 283.501404 20.000006 88.026947
v 297.783691 20.000002 36.178806
v 301.846863 20.000002 37.330685
v 309.026978 20.000004 40.416073
v 314.481628 20.000004 42.760967
v 318.333282 20.000004 44.420223
v 280.762939 20.000011 141.177536
v 286.484772 20.000011 143.399002
v 331.212952 20.000004 38.180882
v 333.272339 20.000004 39.181919
v 336.979279 20.000004 40.635479
v 338.949646 20.000004 41.471962
v 341.576782 20.000004 42.733543
v 336.255707 20.000004 54.924248
v 339.194550 20.000004 56.254391
v 342.456207 20.000004 57.749088
v 358.753387 20.000002 20.559864
v 355.792297 20.000002 19.243429
v 352.463837 20.000002 17.762440
v 347.042572 20.000002 29.610350
v 344.337524 20.000002 28.444757
v 342.712250 20.000002 27.731689
v 339.016449 20.000002 26.099859
v 337.702881 20.000002 25.565058
v 342.723389 20.000002 13.360609
v 339.584167 20.000000 12.044173
v 332.838196 20.000000 9.233034
v 328.407684 20.000002 21.533478
v 323.910370 20.000002 19.558826
v 317.854614 20.000002 17.241352
v 316.663483 20.000002 16.692837
v 322.463226 20.000000 2.829120
v 319.557800 20.000000 1.142434
v 316.385193 20.000000 -0.695092
v 310.986176 20.000002 14.251946
v 309.349792 20.000002 13.621154
v 303.494385 20.000000 11.358530
v 301.123291 20.000000 10.426054
v 306.110382 20.000000 -4.877524
v 303.538910 20.000000 -5.823714
v 300.945160 20.000000 -6.783617
v 304.941528 19.999998 -19.468056
v 301.746674 19.999998 -20.825634
v 290.982086 19.999998 -25.529165
v 300.867249 19.999996 -56.122730
v 323.810181 19.999990 -115.609711
v 361.213531 19.999985 -203.688873
v 385.035919 19.999981 -262.587006
v 403.693054 19.999977 -309.335449
v 401.010254 19.999977 -310.405090
v 402.312714 19.999977 -312.983185
v 404.583618 19.999977 -311.872406
v 413.990112 19.999975 -334.705048
v 402.646667 19.999975 -339.340149
v 390.857910 19.999975 -318.591919
v 396.245789 19.999975 -315.945251
v 394.943359 19.999977 -312.832336
v 392.494324 19.999977 -313.806000
v 391.670563 19.999977 -312.201538
v 389.377380 19.999977 -313.202606
v 390.746613 19.999975 -315.862976
v 387.139862 19.999975 -317.248016
v 384.568359 19.999975 -318.235382
v 357.873962 19.999979 -273.735840
v 306.021332 19.999977 -294.579987
v 306.366425 19.999977 -295.443909
v 296.169556 19.999977 -299.571594
v 294.065613 19.999977 -294.374268
v 295.178833 19.999977 -293.921753
v 289.501526 19.999979 -279.920502
v 273.048523 19.999983 -239.397964
v 270.220978 19.999983 -232.459091
v 267.404602 19.999983 -225.506516
v 267.571594 19.999983 -216.606674
v 268.016876 19.999985 -193.170898
v 268.161591 19.999987 -185.285858
v 269.041016 19.999989 -138.990463
v 270.087402 19.999994 -83.301849
v 267.315552 19.999994 -71.590958
v 265.189362 19.999994 -66.544586
v 259.144714 19.999996 -52.228252
v 256.495300 19.999996 -45.961433
v 247.934830 19.999996 -49.170265
v 246.598999 19.999996 -45.851730
v 242.769608 19.999996 -47.401295
v 241.177734 19.999996 -43.424538
v 238.316833 19.999996 -44.576427
v 237.314957 19.999996 -42.094383
v 234.754608 19.999996 -43.122852
v 233.463303 19.999996 -39.927738
v 230.780502 19.999996 -41.011063
v 229.188629 19.999998 -37.048023
v 225.604141 19.999996 -38.487881
v 224.012268 19.999998 -34.511127
v 215.318222 19.999996 -38.007927
v 197.540497 19.999996 -45.152370
v 195.881836 19.999996 -41.052200
v 193.254700 19.999996 -42.108097
v 191.996780 19.999996 -38.967834
v 189.147003 19.999996 -40.106007
v 188.000412 19.999998 -37.267429
v 185.005920 19.999996 -38.460453
v 183.903854 19.999998 -35.717869
v 180.619934 19.999998 -37.034309
v 179.295227 19.999998 -33.743206
v 175.688477 19.999998 -35.196777
v 174.241333 19.999998 -31.576565
v 167.183670 19.999998 -14.037743
v 164.756912 20.000000 -8.004066
v 156.463608 20.000000 12.620114
v 149.417084 20.000002 30.158865
v 147.168427 20.000002 35.739994
v 149.606323 20.000002 36.727322
v 147.992188 20.000004 40.745182
v 154.259476 20.000004 43.268345
v 152.745529 20.000004 47.053085
v 157.420959 20.000004 48.931744
v 155.283615 20.000004 54.266033
v 158.567551 20.000004 55.582462
v 157.064728 20.000004 59.326061
v 163.075989 20.000004 61.739517
v 178.092987 20.000006 67.786865
v 184.026306 20.000006 70.172890
v 226.761856 20.000006 87.355019
v -425.614868 -0.000011 -152.059021
v -412.256531 -0.000012 -154.157120
v -404.130219 -0.000008 -102.513771
v -417.488556 -0.000008 -100.401962
v -425.614868 19.999989 -152.059021
v -417.488556 19.999992 -100.401962
v -404.130219 19.999992 -102.513771
v -412.256531 19.999989 -154.157120
v -353.357391 -0.000008 -104.543297
v -338.574158 -0.000008 -109.027458
v -338.128906 -0.000008 -107.532738
v -314.095001 -0.000009 -115.006340
v -314.540283 -0.000009 -116.939873
v -309.319397 -0.000009 -118.736282
v -305.434357 -0.000008 -105.887177
v -349.327637 -0.000007 -91.707916
v -353.357391 19.999992 -104.543297
v -349.327637 19.999992 -91.707916
v -305.434357 19.999992 -105.887177
v -309.319397 19.999990 -118.736282
v -314.540283 19.999990 -116.939873
v -314.095001 19.999990 -115.006340
v -338.128906 19.999992 -107.532738
v -338.574158 19.999992 -109.027458
v -373.573029 -0.000012 -160.657120
v -360.659943 -0.000012 -162.741516
v -352.366669 -0.000008 -111.235252
v -365.279724 -0.000008 -109.150871
v -373.573029 19.999989 -160.657120
v -365.279724 19.999992 -109.150871
v -352.366669 19.999992 -111.235252
v -360.659943 19.999989 -162.741516
v -481.296875 -0.000018 -239.356827
v -461.448639 -0.000018 -242.647995
v -460.992218 -0.000018 -240.399033
v -441.889801 -0.000018 -243.690201
v -436.067780 -0.000016 -208.159363
v -450.995728 -0.000016 -205.622437
v -455.025482 -0.000017 -228.756531
v -479.504639 -0.000017 -224.436890
v -481.296875 19.999983 -239.356827
v -479.504639 19.999983 -224.436890
v -455.025482 19.999983 -228.756531
v -450.995728 19.999985 -205.622437
v -436.067780 19.999985 -208.159363
v -441.889801 19.999981 -243.690201
v -460.992218 19.999981 -240.399033
v -461.448639 19.999981 -242.647995
v -460.869751 -0.000011 -142.117035
v -435.344208 -0.000011 -146.134964
v -428.242035 -0.000008 -101.142471
v -453.778717 -0.000007 -97.110840
v -460.869751 19.999989 -142.117035
v -453.778717 19.999992 -97.110840
v -428.242035 19.999992 -101.142471
v -435.344208 19.999989 -146.134964
v -373.962646 -0.000019 -254.743042
v -358.734131 -0.000019 -257.279968
v -356.641327 -0.000019 -246.076294
v -353.802673 -0.000019 -246.830521
v -355.895477 -0.000020 -259.967773
v -327.386566 -0.000020 -264.287445
v -321.263977 -0.000017 -227.714340
v -328.577667 -0.000017 -225.780777
v -321.853973 -0.000014 -185.011597
v -328.421844 -0.000014 -183.818558
v -331.561035 -0.000015 -201.892456
v -337.828339 -0.000015 -200.699417
v -341.568665 -0.000017 -223.531815
v -349.772919 -0.000017 -222.489624
v -351.565155 -0.000018 -233.240753
v -354.548523 -0.000018 -232.486526
v -353.212677 -0.000017 -222.489624
v -367.840057 -0.000017 -219.801834
v -373.962646 19.999981 -254.743042
v -367.840057 19.999983 -219.801834
v -353.212677 19.999983 -222.489624
v -354.548523 19.999983 -232.486526
v -351.565155 19.999983 -233.240753
v -349.772919 19.999983 -222.489624
v -341.568665 19.999983 -223.531815
v -337.828339 19.999985 -200.699417
v -331.561035 19.999985 -201.892456
v -328.421844 19.999987 -183.818558
v -321.853973 19.999987 -185.011597
v -328.577667 19.999983 -225.780777
v -321.263977 19.999983 -227.714340
v -327.386566 19.999981 -264.287445
v -355.895477 19.999981 -259.967773
v -353.802673 19.999981 -246.830521
v -356.641327 19.999981 -246.076294
v -358.734131 19.999981 -257.279968
v -446.353699 -0.000015 -196.215225
v -400.567993 -0.000015 -204.031708
v -354.659851 -0.000016 -211.861923
v -352.244202 -0.000015 -197.709946
v -398.219147 -0.000014 -189.852325
v -443.938080 -0.000014 -182.049561
v -446.353699 19.999985 -196.215225
v -443.938080 19.999987 -182.049561
v -398.219147 19.999985 -189.852325
v -352.244202 19.999985 -197.709946
v -354.659851 19.999985 -211.861923
v -400.567993 19.999985 -204.031708
v -451.351959 -0.000006 -84.179482
v -418.957977 -0.000007 -90.391472
v -414.238037 -0.000004 -54.600594
v -445.385223 -0.000003 -46.125988
v -451.351959 19.999994 -84.179482
v -445.385223 19.999996 -46.125988
v -414.238037 19.999996 -54.600594
v -418.957977 19.999992 -90.391472
v -349.027069 -0.000013 -169.940887
v -323.200958 -0.000013 -174.274231
v -315.731415 -0.000010 -129.624435
v -311.412201 -0.000010 -129.775284
v -309.909393 -0.000009 -120.080162
v -318.570068 -0.000009 -117.982063
v -317.824219 -0.000009 -115.294312
v -333.208557 -0.000008 -111.111839
v -334.844971 -0.000009 -114.553802
v -340.811707 -0.000009 -113.360771
v -349.027069 19.999987 -169.940887
v -340.811707 19.999992 -113.360771
v -334.844971 19.999990 -114.553802
v -333.208557 19.999992 -111.111839
v -317.824219 19.999990 -115.294312
v -318.570068 19.999990 -117.982063
v -309.909393 19.999990 -120.080162
v -311.412201 19.999990 -129.775284
v -315.731415 19.999990 -129.624435
v -323.200958 19.999987 -174.274231
v -408.148865 -0.000007 -96.630890
v -365.903107 -0.000008 -104.406166
v -361.862213 -0.000006 -79.023399
v -385.306091 -0.000005 -65.886360
v -393.966736 -0.000005 -64.391647
v -396.204285 -0.000006 -81.258614
v -405.610779 -0.000006 -79.763901
v -408.148865 19.999992 -96.630890
v -405.610779 19.999994 -79.763901
v -396.204285 19.999994 -81.258614
v -393.966736 19.999994 -64.391647
v -385.306091 19.999994 -65.886360
v -361.862213 19.999994 -79.023399
v -365.903107 19.999992 -104.406166
v -136.384583 -0.000014 -189.619202
v -113.920303 -0.000014 -189.619202
v -114.376717 -0.000014 -181.144501
v -129.460510 -0.000014 -181.967285
v -132.332550 -0.000013 -168.350159
v -128.915039 -0.000013 -167.856491
v -130.095032 -0.000012 -159.614929
v -141.115662 -0.000012 -161.466187
v -139.100769 -0.000013 -166.361771
v -141.594330 -0.000013 -166.882858
v -136.384583 59.969986 -189.619202
v -141.594330 59.969990 -166.882858
v -139.100769 59.969990 -166.361771
v -141.115662 59.969990 -161.466187
v -130.095032 59.969990 -159.614929
v -128.915039 59.969990 -167.856491
v -132.332550 59.969990 -168.350159
v -129.460510 59.969986 -181.967285
v -114.376717 59.969986 -181.144501
v -113.920303 59.969986 -189.619202
v -10.693742 -0.000015 -204.415680
v -7.665852 -0.000015 -203.071793
v -6.252095 -0.000016 -207.309158
v 1.339895 -0.000015 -204.772217
v -0.719516 -0.000015 -198.628738
v 7.584918 -0.000015 -194.747910
v 3.154402 -0.000014 -185.272141
v -7.665852 -0.000014 -190.345993
v -12.252215 -0.000014 -180.033737
v -20.000051 -0.000014 -183.475723
v -10.693742 19.999985 -204.415680
v -20.000051 19.999987 -183.475723
v -12.252215 19.999987 -180.033737
v -7.665852 19.999985 -190.345993
v 3.154402 19.999987 -185.272141
v 7.584918 19.999985 -194.747910
v -0.719516 19.999985 -198.628738
v 1.339895 19.999985 -204.772217
v -6.252095 19.999985 -207.309158
v -7.665852 19.999985 -203.071793
v -105.938698 -0.000002 -24.816092
v -104.346832 -0.000002 -27.462685
v -101.764221 -0.000002 -29.163088
v -97.534081 -0.000002 -29.588188
v -91.734329 -0.000002 -25.680004
v -85.856659 -0.000002 -19.893154
v -81.849159 -0.000001 -14.572544
v -76.516960 -0.000001 -7.674954
v -73.767365 -0.000000 -4.424998
v -73.856422 0.000000 0.031692
v -76.806389 0.000000 3.240507
v -97.801247 -0.000000 -5.014652
v -97.433891 -0.000000 -5.960842
v -98.914436 -0.000000 -5.288910
v -106.361710 -0.000002 -21.867813
v -105.938698 19.999998 -24.816093
v -106.361710 19.999998 -21.867815
v -98.914436 20.000000 -5.288911
v -97.433891 20.000000 -5.960844
v -97.801247 20.000000 -5.014653
v -76.806389 20.000000 3.240505
v -73.856422 20.000000 0.031690
v -73.767365 20.000000 -4.424999
v -76.516960 20.000000 -7.674955
v -81.849159 19.999998 -14.572546
v -85.856659 19.999998 -19.893156
v -91.734329 19.999998 -25.680006
v -97.534081 19.999998 -29.588190
v -101.764221 19.999998 -29.163090
v -104.346832 19.999998 -27.462687
v 83.616127 -0.000018 -242.497147
v 78.873917 -0.000018 -233.117325
v 74.098312 -0.000018 -235.530853
v 78.962975 -0.000019 -245.143799
v 76.658661 -0.000019 -246.446548
v 71.638153 -0.000018 -238.095215
v 64.658424 -0.000018 -242.291443
v 69.578743 -0.000019 -250.464523
v 65.215019 -0.000019 -252.932892
v 73.430397 -0.000020 -267.427765
v 114.908043 -0.000018 -243.909607
v 106.692657 -0.000017 -229.414764
v 83.616127 19.999981 -242.497147
v 106.692657 19.999983 -229.414764
v 114.908043 19.999981 -243.909607
v 73.430397 19.999979 -267.427765
v 65.215019 19.999981 -252.932892
v 69.578743 19.999981 -250.464523
v 64.658424 19.999981 -242.291443
v 71.638153 19.999983 -238.095215
v 76.658661 19.999981 -246.446548
v 78.962975 19.999981 -245.143799
v 74.098312 19.999983 -235.530853
v 78.873917 19.999983 -233.117325
v -4.905129 0.000008 108.500099
v 24.249445 0.000003 38.880238
v 48.817657 0.000004 49.164860
v 50.676693 0.000003 44.872746
v 69.979492 0.000004 53.223858
v 68.510078 0.000004 56.624638
v 76.380363 0.000005 59.902000
v 66.996132 0.000006 82.486977
v 93.044891 0.000007 92.771561
v 70.224396 0.000011 150.611877
v 42.973385 0.000011 139.861115
v 42.127357 0.000011 141.931747
v 32.253319 0.000010 137.872772
v 22.312487 0.000010 133.786392
v 26.464705 0.000009 123.680107
v 21.989660 0.000009 121.746613
v 17.592541 0.000010 133.128174
v 0.093116 0.000010 126.367805
v 5.336265 0.000009 112.792191
v -4.905129 75.000008 108.500092
v 5.336265 75.000008 112.792183
v 0.093116 75.000008 126.367798
v 17.592541 75.000008 133.128174
v 21.989660 75.000008 121.746605
v 26.464705 75.000008 123.680099
v 22.312487 75.000008 133.786392
v 32.253319 75.000008 137.872772
v 42.127357 75.000008 141.931747
v 42.973385 75.000008 139.861115
v 70.224396 75.000008 150.611877
v 93.044891 75.000008 92.771553
v 66.996132 75.000008 82.486969
v 76.380363 75.000008 59.901997
v 68.510078 75.000008 56.624634
v 69.979492 75.000008 53.223854
v 50.676693 75.000000 44.872742
v 48.817657 75.000000 49.164856
v 24.249445 75.000000 38.880234
v -10.326388 -0.000016 -210.188919
v -7.276234 -0.000016 -215.989578
v 16.212179 -0.000016 -214.851379
v 10.434697 -0.000015 -202.646683
v -10.326388 19.999985 -210.188919
v 10.434697 19.999985 -202.646683
v 16.212179 19.999983 -214.851379
v -7.276234 19.999983 -215.989578
v -104.613998 -0.000011 -150.961975
v -112.896164 -0.000010 -134.300598
v -128.536560 -0.000011 -145.723572
v -121.267395 -0.000012 -159.244675
v -104.613998 19.999989 -150.961975
v -121.267395 19.999989 -159.244675
v -128.536560 19.999989 -145.723572
v -112.896164 19.999990 -134.300598
v 138.619095 -0.000002 -31.233740
v 151.888367 -0.000002 -25.762281
v 144.340912 -0.000001 -7.181290
v 138.786072 -0.000000 -5.796288
v 129.802582 -0.000001 -9.773028
v 138.619095 19.999998 -31.233742
v 129.802582 20.000000 -9.773030
v 138.786072 20.000000 -5.796289
v 144.340912 20.000000 -7.181292
v 151.888367 19.999998 -25.762283
v 227.006760 -0.000008 -112.263733
v 203.919098 -0.000008 -110.110786
v 203.273453 -0.000009 -117.049576
v 226.361115 -0.000009 -119.202522
v 227.006760 19.999992 -112.263733
v 226.361115 19.999990 -119.202522
v 203.273453 19.999990 -117.049576
v 203.919098 19.999992 -110.110786
v -134.647995 -0.000015 -196.420914
v -107.909050 -0.000015 -195.406143
v -108.120560 -0.000014 -189.852325
v -134.859497 -0.000014 -190.867096
v -134.647995 19.999985 -196.420914
v -134.859497 19.999985 -190.867096
v -108.120560 19.999985 -189.852325
v -107.909050 19.999985 -195.406143
v -26.222811 -0.000013 -169.927170
v -22.181913 -0.000013 -168.309021
v -24.686602 -0.000012 -162.055847
v -28.716368 -0.000012 -163.673996
v -26.222811 19.999987 -169.927170
v -28.716368 19.999989 -163.673996
v -24.686602 19.999989 -162.055847
v -22.181913 19.999987 -168.309021
v -136.150803 0.000004 54.704842
v -119.297035 0.000005 60.903034
v -124.640373 0.000006 75.411179
v -141.494141 0.000005 69.212997
v -136.150803 20.000004 54.704842
v -141.494141 20.000006 69.212997
v -124.640373 20.000006 75.411179
v -119.297035 20.000004 60.903034
v 226.361115 -0.000010 -137.194046
v 225.882446 -0.000012 -157.832230
v 254.558334 -0.000012 -158.490448
v 255.037018 -0.000010 -137.852280
v 226.361115 19.999990 -137.194046
v 255.037018 19.999990 -137.852280
v 254.558334 19.999989 -158.490448
v 225.882446 19.999989 -157.832230
v -126.143188 -0.000012 -163.742569
v -120.710793 -0.000013 -175.110718
v -100.806870 -0.000013 -165.621262
v -106.228127 -0.000012 -154.253113
v -126.143188 19.999989 -163.742569
v -106.228127 19.999989 -154.253113
v -100.806870 19.999987 -165.621262
v -120.710793 19.999987 -175.110718
v 131.761810 -0.000004 -53.585835
v 158.578674 -0.000003 -42.094383
v 152.233459 -0.000002 -26.927881
v 125.093773 -0.000003 -38.625011
v 131.761810 19.999996 -53.585835
v 125.093773 19.999996 -38.625011
v 152.233459 19.999998 -26.927883
v 158.578674 19.999996 -42.094383
v 228.119965 -0.000009 -119.997879
v 263.341461 -0.000009 -123.837532
v 264.087280 -0.000009 -117.049576
v 228.854675 -0.000009 -113.209930
v 228.119965 19.999990 -119.997879
v 228.854675 19.999992 -113.209930
v 264.087280 19.999990 -117.049576
v 263.341461 19.999990 -123.837532
v -36.230434 -0.000015 -204.333405
v -30.653326 -0.000015 -202.015884
v -35.529121 -0.000014 -190.263718
v -41.106228 -0.000015 -192.581238
v -36.230434 19.999985 -204.333405
v -41.106228 19.999985 -192.581238
v -35.529121 19.999985 -190.263718
v -30.653326 19.999985 -202.015884
v -27.280346 -0.000010 -138.428223
v -17.228197 -0.000010 -133.848053
v -22.660587 -0.000009 -121.931419
v -32.712738 -0.000010 -126.511574
v -27.280346 19.999990 -138.428223
v -32.712738 19.999990 -126.511574
v -22.660587 19.999990 -121.931419
v -17.228197 19.999990 -133.848053
v -51.859692 -0.000014 -181.514755
v -43.655445 -0.000013 -178.539001
v -49.065571 -0.000012 -164.510498
v -55.933983 -0.000013 -168.007339
v -51.859692 19.999987 -181.514755
v -55.933983 19.999987 -168.007339
v -49.065571 19.999987 -164.510498
v -43.655445 19.999987 -178.539001
v 98.054268 -0.000003 -45.001526
v 121.743057 -0.000003 -35.265339
v 117.145561 -0.000002 -23.513363
v 93.345451 -0.000002 -32.399338
v 98.054268 19.999996 -45.001526
v 93.345451 19.999998 -32.399338
v 117.145561 19.999998 -23.513365
v 121.743057 19.999998 -35.265339
v -114.977844 -0.000007 -95.040176
v -96.187111 -0.000007 -87.168915
v -102.120438 -0.000006 -73.003395
v -120.911171 -0.000006 -80.874649
v -114.977844 19.999992 -95.040176
v -120.911171 19.999994 -80.874649
v -102.120438 19.999994 -73.003395
v -96.187111 19.999994 -87.168915
v -143.820724 -0.000015 -195.200455
v -137.542297 -0.000015 -194.130829
v -141.516403 -0.000013 -176.056931
v -147.906143 -0.000013 -177.771072
v -143.820724 19.999985 -195.200455
v -147.906143 19.999987 -177.771072
v -141.516403 19.999987 -176.056931
v -137.542297 19.999985 -194.130829
v -21.725504 -0.000013 -168.075897
v -17.706871 -0.000013 -166.690887
v -19.933260 -0.000012 -160.245728
v -23.951893 -0.000012 -161.644455
v -21.725504 19.999987 -168.075897
v -23.951893 19.999989 -161.644455
v -19.933260 19.999989 -160.245728
v -17.706871 19.999987 -166.690887
v 223.711716 -0.000012 -154.211975
v 224.001144 -0.000011 -142.158173
v 218.813644 -0.000011 -142.034760
v 218.524216 -0.000012 -154.074844
v 223.711716 19.999989 -154.211975
v 218.524216 19.999989 -154.074844
v 218.813644 19.999989 -142.034760
v 224.001144 19.999989 -142.158173
v 203.952499 -0.000012 -156.460907
v 216.219910 -0.000012 -156.406067
v 216.186508 -0.000011 -148.397629
v 203.919098 -0.000011 -148.452469
v 203.952499 19.999989 -156.460907
v 203.919098 19.999989 -148.452469
v 216.186508 19.999989 -148.397629
v 216.219910 19.999989 -156.406067
v -107.252266 -0.000014 -180.225723
v -95.218628 -0.000013 -174.109665
v -99.159340 -0.000013 -166.348053
v -111.192978 -0.000013 -172.450378
v -107.252266 19.999987 -180.225723
v -111.192978 19.999987 -172.450378
v -99.159340 19.999987 -166.348053
v -95.218628 19.999987 -174.109665
v 120.930420 -0.000000 -0.557963
v 137.984573 0.000000 6.504173
v 125.283012 0.000003 37.152416
v 108.228867 0.000002 30.076590
v 120.930420 30.000000 -0.557965
v 108.228867 30.000002 30.076588
v 125.283012 30.000002 37.152412
v 137.984573 30.000000 6.504170
v 248.669540 -0.000010 -132.778442
v 262.885040 -0.000010 -134.108612
v 263.597473 -0.000010 -126.497864
v 249.393112 -0.000009 -125.167702
v 248.669540 19.999990 -132.778442
v 249.393112 19.999990 -125.167702
v 263.597473 19.999990 -126.497864
v 262.885040 19.999990 -134.108612
v -93.994118 -0.000004 -57.274620
v -95.608253 -0.000005 -60.497166
v -80.023521 -0.000007 -97.193123
v -77.140343 -0.000007 -97.961052
v -45.514481 -0.000006 -85.441078
v -62.980507 -0.000003 -44.288456
v -93.994118 19.999996 -57.274620
v -62.980507 19.999996 -44.288456
v -45.514481 19.999994 -85.441078
v -77.140343 19.999992 -97.961052
v -80.023521 19.999992 -97.193123
v -95.608253 19.999996 -60.497166
v -82.973488 -0.000013 -168.240463
v -79.789749 -0.000013 -175.947220
v -68.123466 -0.000013 -171.133926
v -71.307205 -0.000012 -163.427170
v -82.973488 19.999987 -168.240463
v -71.307205 19.999989 -163.427170
v -68.123466 19.999987 -171.133926
v -79.789749 19.999987 -175.947220
v -6.897748 -0.000014 -188.097046
v -3.235336 -0.000014 -186.259491
v -6.942276 -0.000014 -178.895538
v -10.604687 -0.000014 -180.733109
v -6.897748 19.999987 -188.097046
v -10.604687 19.999987 -180.733109
v -6.942276 19.999987 -178.895538
v -3.235336 19.999987 -186.259491
v -28.883347 -0.000015 -200.534851
v -20.924004 -0.000015 -196.832306
v -26.044701 -0.000014 -185.806961
v -34.015175 -0.000014 -189.509506
v -28.883347 19.999985 -200.534851
v -34.015175 19.999985 -189.509506
v -26.044701 19.999987 -185.806961
v -20.924004 19.999985 -196.832306
v -42.542248 -0.000010 -127.320648
v -24.341513 -0.000009 -119.847038
v -27.491854 -0.000008 -112.167740
v -45.703724 -0.000009 -119.627632
v -42.542248 19.999990 -127.320648
v -45.703724 19.999990 -119.627632
v -27.491854 19.999992 -112.167740
v -24.341513 19.999990 -119.847038
v 243.203751 -0.000010 -133.285828
v 246.777115 -0.000010 -133.601227
v 247.600876 -0.000009 -124.454620
v 244.038651 -0.000009 -124.139221
v 243.203751 19.999990 -133.285828
v 244.038651 19.999990 -124.139221
v 247.600876 19.999990 -124.454620
v 246.777115 19.999990 -133.601227
v -152.937790 -0.000015 -195.173019
v -145.735413 -0.000015 -193.815414
v -148.707642 -0.000013 -178.168747
v -155.898880 -0.000014 -179.540054
v -152.937790 19.999985 -195.173019
v -155.898880 19.999987 -179.540054
v -148.707642 19.999987 -178.168747
v -145.735413 19.999985 -193.815414
v -30.987286 -0.000012 -161.479904
v -21.168907 -0.000012 -157.448257
v -24.597548 -0.000011 -149.096985
v -34.404793 -0.000012 -153.128632
v -30.987286 19.999989 -161.479904
v -34.404793 19.999989 -153.128632
v -24.597548 19.999989 -149.096985
v -21.168907 19.999989 -157.448257
v 206.011917 -0.000014 -188.001053
v 219.715347 -0.000014 -188.330170
v 219.904587 -0.000014 -180.390274
v 206.201157 -0.000014 -180.061157
v 206.011917 19.999987 -188.001053
v 206.201157 19.999987 -180.061157
v 219.904587 19.999987 -180.390274
v 219.715347 19.999987 -188.330170
v -95.719566 0.000001 13.730859
v -82.428024 0.000001 18.708630
v -93.070168 0.000004 47.135361
v -106.361710 0.000003 42.157604
v -95.719566 20.000002 13.730857
v -106.361710 20.000004 42.157604
v -93.070168 20.000004 47.135361
v -82.428024 20.000002 18.708628
v 208.549988 -0.000006 -75.937973
v 205.477570 -0.000008 -102.870308
v 256.996246 -0.000008 -108.725769
v 258.343201 -0.000007 -96.246925
v 259.523193 -0.000006 -85.290237
v 254.970230 -0.000006 -81.217476
v 208.549988 19.999994 -75.937973
v 254.970230 19.999994 -81.217476
v 259.523193 19.999994 -85.290237
v 258.343201 19.999992 -96.246925
v 256.996246 19.999992 -108.725769
v 205.477570 19.999992 -102.870308
v 204.642685 -0.000011 -146.848053
v 215.062180 -0.000011 -147.026321
v 215.195770 -0.000011 -139.730957
v 204.776260 -0.000011 -139.552689
v 204.642685 19.999989 -146.848053
v 204.776260 19.999989 -139.552689
v 215.195770 19.999989 -139.730957
v 215.062180 19.999989 -147.026321
v -33.981781 -0.000012 -152.511551
v -23.985289 -0.000011 -148.068512
v -26.178284 -0.000011 -143.131805
v -36.174774 -0.000011 -147.574844
v -33.981781 19.999989 -152.511551
v -36.174774 19.999989 -147.574844
v -26.178284 19.999989 -143.131805
v -23.985289 19.999989 -148.068512
v -94.239021 -0.000011 -147.218292
v -75.904701 -0.000011 -140.087509
v -79.478058 -0.000010 -130.899750
v -97.812378 -0.000010 -138.030548
v -94.239021 19.999989 -147.218292
v -97.812378 19.999990 -138.030548
v -79.478058 19.999990 -130.899750
v -75.904701 19.999989 -140.087509
v -72.041916 -0.000014 -188.878693
v -61.767124 -0.000014 -185.779526
v -65.028786 -0.000013 -174.959885
v -75.303574 -0.000013 -178.059052
v -72.041916 19.999987 -188.878693
v -75.303574 19.999987 -178.059052
v -65.028786 19.999987 -174.959885
v -61.767124 19.999987 -185.779526
v 146.467117 -0.000007 -93.641449
v 130.592957 -0.000004 -54.874851
v 102.251015 -0.000005 -66.585724
v 113.126930 -0.000007 -92.050743
v 125.950935 -0.000007 -92.667831
v 135.568939 -0.000007 -94.971611
v 146.467117 19.999992 -93.641449
v 135.568939 19.999992 -94.971611
v 125.950935 19.999992 -92.667831
v 113.126930 19.999992 -92.050743
v 102.251015 19.999994 -66.585724
v 130.592957 19.999996 -54.874851
v -47.317856 -0.000009 -117.776367
v -27.324875 -0.000008 -109.301720
v -30.564272 -0.000008 -101.677277
v -36.731373 -0.000007 -99.195221
v -52.394024 -0.000008 -105.832321
v -47.317856 19.999990 -117.776367
v -52.394024 19.999992 -105.832321
v -36.731373 19.999992 -99.195221
v -30.564272 19.999992 -101.677277
v -27.324875 19.999992 -109.301720
v 238.116455 -0.000010 -132.956711
v 242.424515 -0.000010 -133.189835
v 242.880920 -0.000009 -124.619179
v 238.572861 -0.000009 -124.386055
v 238.116455 19.999990 -132.956711
v 238.572861 19.999990 -124.386055
v 242.880920 19.999990 -124.619179
v 242.424515 19.999990 -133.189835
v -137.943054 -0.000010 -138.510498
v -117.805359 -0.000010 -127.265793
v -120.477020 -0.000009 -122.466232
v -140.614716 -0.000010 -133.724640
v -137.943054 19.999990 -138.510498
v -140.614716 19.999990 -133.724640
v -120.477020 19.999990 -122.466232
v -117.805359 19.999990 -127.265793
v -42.876205 -0.000013 -166.238342
v -39.592281 -0.000013 -173.958832
v -31.443695 -0.000013 -170.489410
v -34.727619 -0.000012 -162.768936
v -42.876205 19.999987 -166.238342
v -34.727619 19.999989 -162.768936
v -31.443695 19.999987 -170.489410
v -39.592281 19.999987 -173.958832
v 124.058502 -0.000003 -37.459412
v 134.889893 -0.000002 -32.536469
v 127.598465 -0.000001 -15.079922
v 116.655754 -0.000001 -19.660034
v 124.058502 19.999998 -37.459412
v 116.655754 19.999998 -19.660036
v 127.598465 19.999998 -15.079924
v 134.889893 19.999998 -32.536469
v 205.232681 -0.000014 -178.964111
v 220.316467 -0.000014 -179.128662
v 220.828537 -0.000013 -169.982025
v 205.544373 -0.000013 -169.625488
v 205.232681 19.999987 -178.964111
v 205.544373 19.999987 -169.625488
v 220.828537 19.999987 -169.982025
v 220.316467 19.999987 -179.128662
v 219.915710 -0.000010 -128.911362
v 220.661560 -0.000009 -120.848091
v 205.433044 -0.000009 -119.435646
v 204.687210 -0.000010 -127.498917
v 219.915710 19.999990 -128.911362
v 204.687210 19.999990 -127.498917
v 205.433044 19.999990 -119.435646
v 220.661560 19.999990 -120.848091
v -21.747768 0.000001 9.329026
v 2.519881 0.000001 19.270857
v -16.204058 0.000005 64.962029
v -40.471706 0.000004 55.020237
v -21.747768 20.000000 9.329024
v -40.471706 20.000004 55.020237
v -16.204058 20.000006 64.962029
v 2.519881 20.000002 19.270855
v -44.679585 -0.000012 -160.890244
v -37.989281 -0.000012 -158.229904
v -45.536743 -0.000011 -139.333282
v -52.227043 -0.000011 -142.007324
v -44.679585 19.999989 -160.890244
v -52.227043 19.999989 -142.007324
v -45.536743 19.999989 -139.333282
v -37.989281 19.999989 -158.229904
v -68.613274 -0.000010 -138.688766
v -77.440910 -0.000009 -118.064346
v -82.539345 -0.000009 -120.244713
v -73.700577 -0.000011 -140.869141
v -68.613274 19.999990 -138.688766
v -73.700577 19.999989 -140.869141
v -82.539345 19.999990 -120.244713
v -77.440910 19.999990 -118.064346
v -59.863560 -0.000014 -186.245773
v -52.805904 -0.000014 -183.407166
v -57.893208 -0.000013 -170.722534
v -64.961990 -0.000013 -173.561142
v -59.863560 19.999987 -186.245773
v -64.961990 19.999987 -173.561142
v -57.893208 19.999987 -170.722534
v -52.805904 19.999987 -183.407166
v -19.810808 -0.000012 -156.022095
v -10.816194 -0.000011 -151.880737
v -18.018564 -0.000010 -136.234131
v -27.013180 -0.000011 -140.375473
v -19.810808 19.999989 -156.022095
v -27.013180 19.999989 -140.375473
v -18.018564 19.999990 -136.234131
v -10.816194 19.999989 -151.880737
v 152.088745 -0.000007 -95.670975
v 153.747406 -0.000007 -93.833435
v 153.491379 -0.000007 -91.570786
v 156.062851 -0.000007 -90.693153
v 157.676987 -0.000007 -94.505371
v 159.803192 -0.000007 -93.751160
v 160.571289 -0.000007 -95.547562
v 178.360153 -0.000007 -88.361946
v 161.517517 -0.000004 -47.401295
v 159.947906 -0.000003 -43.589092
v 132.485382 -0.000004 -54.765148
v 148.559921 -0.000007 -94.313393
v 150.051605 -0.000007 -95.533844
v 152.088745 19.999992 -95.670975
v 150.051605 19.999992 -95.533844
v 148.559921 19.999992 -94.313393
v 132.485382 19.999996 -54.765148
v 159.947906 19.999996 -43.589092
v 161.517517 19.999996 -47.401295
v 178.360153 19.999994 -88.361946
v 160.571289 19.999992 -95.547562
v 159.803192 19.999992 -93.751160
v 157.676987 19.999992 -94.505371
v 156.062851 19.999992 -90.693153
v 153.491379 19.999992 -91.570786
v 153.747406 19.999992 -93.833435
v -54.965504 -0.000010 -136.042145
v -43.076584 -0.000010 -130.584351
v -54.030418 -0.000008 -106.737381
v -65.919342 -0.000008 -112.195168
v -54.965504 19.999990 -136.042145
v -65.919342 19.999992 -112.195168
v -54.030418 19.999992 -106.737381
v -43.076584 19.999990 -130.584351
v 228.298065 -0.000010 -131.667679
v 236.491180 -0.000010 -132.257339
v 237.203629 -0.000009 -122.699348
v 228.999390 -0.000009 -122.095978
v 228.298065 19.999990 -131.667679
v 228.999390 19.999990 -122.095978
v 237.203629 19.999990 -122.699348
v 236.491180 19.999990 -132.257339
v -134.659134 -0.000011 -146.560074
v -116.558578 -0.000010 -135.274216
v -119.864769 -0.000010 -129.967270
v -137.965317 -0.000011 -141.266830
v -134.659134 19.999989 -146.560074
v -137.965317 19.999989 -141.266830
v -119.864769 19.999990 -129.967270
v -116.558578 19.999990 -135.274216
v -20.634573 -0.000012 -158.037918
v -17.762529 -0.000012 -165.456696
v -11.539770 -0.000012 -163.056915
v -8.433956 -0.000012 -155.926102
v -9.313380 -0.000012 -153.663452
v -20.634573 19.999989 -158.037918
v -9.313380 19.999989 -153.663452
v -8.433956 19.999989 -155.926102
v -11.539770 19.999989 -163.056915
v -17.762529 19.999987 -165.456696
v 205.744751 -0.000013 -169.049530
v 215.841415 -0.000013 -169.227798
v 216.286697 -0.000012 -160.972519
v 208.661316 -0.000012 -160.410278
v 205.833801 -0.000012 -162.672943
v 205.744751 19.999987 -169.049530
v 205.833801 19.999989 -162.672943
v 208.661316 19.999989 -160.410278
v 216.286697 19.999989 -160.972519
v 215.841415 19.999987 -169.227798
v -44.668449 0.000001 8.218283
v -29.417681 0.000001 15.088433
v -37.143253 0.000002 32.256931
v -52.405155 0.000002 25.386793
v -44.668449 20.000000 8.218281
v -52.405155 20.000002 25.386791
v -37.143253 20.000002 32.256931
v -29.417681 20.000002 15.088431
v -50.212162 -0.000016 -209.078140
v -37.120991 -0.000015 -204.045425
v -41.150757 -0.000015 -193.582291
v -54.241928 -0.000015 -198.628738
v -50.212162 19.999985 -209.078140
v -54.241928 19.999985 -198.628738
v -41.150757 19.999985 -193.582291
v -37.120991 19.999985 -204.045425
v -75.559608 -0.000011 -150.002060
v -73.388878 -0.000012 -155.377579
v -59.084324 -0.000011 -149.590668
v -61.255054 -0.000011 -144.215134
v -75.559608 19.999989 -150.002060
v -61.255054 19.999989 -144.215134
v -59.084324 19.999989 -149.590668
v -73.388878 19.999989 -155.377579
v 94.258270 -0.000004 -47.812683
v 101.527435 -0.000005 -65.502396
v 129.713531 -0.000004 -54.093212
v 122.544556 -0.000003 -36.280098
v 94.258270 19.999996 -47.812683
v 122.544556 19.999998 -36.280098
v 129.713531 19.999996 -54.093212
v 101.527435 19.999994 -65.502396
v -136.607224 0.000004 51.098370
v -129.994843 0.000003 35.356037
v -93.882797 0.000004 50.536144
v -100.506310 0.000005 66.278458
v -136.607224 20.000004 51.098370
v -100.506310 20.000006 66.278458
v -93.882797 20.000004 50.536144
v -129.994843 20.000002 35.356037
v -52.772511 0.000002 26.593525
v -37.499477 0.000003 33.216831
v -40.182274 0.000003 39.415035
v -55.466442 0.000002 32.805447
v -52.772511 20.000002 26.593523
v -55.466442 20.000002 32.805447
v -40.182274 20.000004 39.415035
v -37.499477 20.000002 33.216831
v 21.165895 -0.000010 -129.789001
v 24.639065 -0.000010 -128.554825
v 49.507839 -0.000014 -186.190918
v 55.964371 -0.000014 -183.187744
v 53.882694 -0.000013 -178.593857
v 73.831146 -0.000013 -168.542145
v 100.781593 -0.000012 -155.871246
v 88.380608 -0.000009 -124.495758
v 81.412003 -0.000008 -107.107635
v 94.614494 -0.000008 -101.115044
v 64.124084 -0.000002 -28.628283
v 58.513584 -0.000002 -31.082897
v 44.721100 0.000000 1.540109
v -17.595551 -0.000002 -24.390989
v -1.543280 -0.000005 -61.799896
v -6.129643 -0.000005 -63.678574
v 21.165895 19.999990 -129.789001
v -6.129643 19.999994 -63.678574
v -1.543280 19.999996 -61.799896
v -17.595551 19.999998 -24.390991
v 44.721100 20.000000 1.540107
v 58.513584 19.999998 -31.082899
v 64.124084 19.999998 -28.628284
v 94.614494 19.999992 -101.115044
v 81.412003 19.999992 -107.107635
v 88.380608 19.999990 -124.495758
v 100.781593 19.999989 -155.871246
v 73.831146 19.999987 -168.542145
v 53.882694 19.999987 -178.593857
v 55.964371 19.999987 -183.187744
v 49.507839 19.999987 -186.190918
v 24.639065 19.999990 -128.554825
v -2.400440 -0.000014 -185.779526
v 2.787048 -0.000014 -183.653992
v 1.484610 -0.000014 -180.787949
v -5.695497 -0.000013 -178.374451
v -2.400440 19.999987 -185.779526
v -5.695497 19.999987 -178.374451
v 1.484610 19.999987 -180.787949
v 2.787048 19.999987 -183.653992
v -160.552048 -0.000010 -132.133926
v -150.511017 -0.000011 -139.634964
v -146.069382 -0.000010 -133.683502
v -156.110397 -0.000010 -126.182465
v -160.552048 19.999990 -132.133926
v -156.110397 19.999990 -126.182465
v -146.069382 19.999990 -133.683502
v -150.511017 19.999989 -139.634964
v -57.024914 0.000004 57.392555
v -21.024191 0.000005 70.693977
v -36.119114 0.000008 111.503197
v -72.108704 0.000007 98.188110
v -57.024914 36.000004 57.392551
v -72.108704 36.000008 98.188110
v -36.119114 36.000008 111.503197
v -21.024191 36.000004 70.693977
v 176.901871 -0.000019 -247.543610
v 192.219421 -0.000018 -238.616318
v 193.288086 -0.000018 -234.008682
v 189.069077 -0.000017 -227.179520
v 165.792175 -0.000017 -227.714340
v 176.901871 19.999981 -247.543610
v 165.792175 19.999983 -227.714340
v 189.069077 19.999983 -227.179520
v 193.288086 19.999983 -234.008682
v 192.219421 19.999983 -238.616318
v 205.755875 -0.000015 -201.467346
v 205.800400 -0.000016 -208.131943
v 211.199402 -0.000016 -215.989578
v 218.936096 -0.000016 -217.237473
v 218.579880 -0.000015 -201.398788
v 205.755875 35.999985 -201.467346
v 218.579880 35.999985 -201.398788
v 218.936096 35.999985 -217.237473
v 211.199402 35.999985 -215.989578
v 205.800400 35.999985 -208.131943
v 219.514969 -0.000016 -217.196335
v 227.151489 -0.000016 -214.508560
v 237.849289 -0.000016 -210.751160
v 242.457916 -0.000016 -209.132996
v 248.413498 -0.000014 -191.539047
v 249.404251 -0.000014 -188.618149
v 249.894058 -0.000014 -184.106522
v 253.044388 -0.000012 -162.782654
v 222.208893 -0.000012 -161.095932
v 219.514969 35.999985 -217.196335
v 222.208893 35.999989 -161.095932
v 253.044388 35.999989 -162.782654
v 249.894058 35.999985 -184.106522
v 249.404251 35.999985 -188.618149
v 248.413498 35.999985 -191.539047
v 242.457916 35.999985 -209.132996
v 237.849289 35.999985 -210.751160
v 227.151489 35.999985 -214.508560
v -166.997437 -0.000012 -159.587494
v -141.661118 -0.000012 -154.554794
v -143.987701 -0.000011 -142.857544
v -156.522278 -0.000011 -144.791092
v -163.368423 -0.000011 -145.271042
v -166.997437 19.999989 -159.587494
v -163.368423 19.999989 -145.271042
v -156.522278 19.999989 -144.791092
v -143.987701 19.999989 -142.857544
v -141.661118 19.999989 -154.554794
v -143.130539 -0.000010 -131.708817
v -120.532684 -0.000009 -121.245766
v -130.985580 -0.000008 -101.416733
v -136.829865 -0.000008 -101.156181
v -150.332916 -0.000009 -116.130806
v -143.130539 19.999990 -131.708817
v -150.332916 19.999990 -116.130806
v -136.829865 19.999992 -101.156181
v -130.985580 19.999992 -101.416733
v -120.532684 19.999990 -121.245766
v 142.737915 -0.000020 -266.851807
v 175.632828 -0.000019 -248.064713
v 164.556534 -0.000017 -227.714340
v 126.396210 -0.000017 -227.686905
v 123.357185 -0.000018 -234.392654
v 142.737915 34.999981 -266.851807
v 123.357185 34.999981 -234.392654
v 126.396210 34.999981 -227.686905
v 164.556534 34.999981 -227.714340
v 175.632828 34.999981 -248.064713
v -106.506432 -0.000014 -182.022141
v -99.905182 -0.000015 -195.145599
v -89.886429 -0.000015 -194.391373
v -86.480049 -0.000014 -188.385025
v -93.081299 -0.000013 -175.261566
v -106.506432 19.999987 -182.022141
v -93.081299 19.999987 -175.261566
v -86.480049 19.999987 -188.385025
v -89.886429 19.999985 -194.391373
v -99.905182 19.999985 -195.145599
v -66.208771 -0.000013 -172.628647
v -57.837547 -0.000013 -169.351227
v -52.883831 -0.000012 -163.646576
v -52.082329 -0.000012 -160.657120
v -68.145729 -0.000013 -167.691940
v -66.208771 19.999987 -172.628647
v -68.145729 19.999987 -167.691940
v -52.082329 19.999989 -160.657120
v -52.883831 19.999989 -163.646576
v -57.837547 19.999987 -169.351227
v 72.027771 -0.000021 -273.159882
v 77.560349 -0.000022 -285.200104
v 95.171097 -0.000022 -290.863678
v 101.204613 -0.000022 -292.797241
v 105.490410 -0.000022 -290.164307
v 133.977066 -0.000021 -272.652496
v 118.626114 -0.000019 -246.803085
v 72.027771 23.999979 -273.159882
v 118.626114 23.999981 -246.803085
v 133.977066 23.999979 -272.652496
v 105.490410 23.999979 -290.164307
v 101.204613 23.999977 -292.797241
v 95.171097 23.999977 -290.863678
v 77.560349 23.999979 -285.200104
v -44.623924 0.000000 5.434568
v -42.931866 0.000000 2.705705
v -38.189655 0.000000 1.649812
v -27.380533 0.000001 6.970411
v -29.629189 0.000001 12.057888
v -44.623924 20.000000 5.434566
v -29.629189 20.000000 12.057886
v -27.380533 20.000000 6.970409
v -38.189655 20.000000 1.649810
v -42.931866 20.000000 2.705703
v -162.733902 -0.000014 -191.758453
v -158.203201 -0.000015 -195.022171
v -153.906265 -0.000015 -193.596008
v -157.190186 -0.000014 -179.087524
v -152.793076 -0.000013 -178.045334
v -155.108521 -0.000013 -168.199326
v -167.264603 -0.000013 -170.914520
v -162.733902 19.999985 -191.758453
v -167.264603 19.999987 -170.914520
v -155.108521 19.999987 -168.199326
v -152.793076 19.999987 -178.045334
v -157.190186 19.999987 -179.087524
v -153.906265 19.999985 -193.596008
v -158.203201 19.999985 -195.022171
v -24.742262 -0.000020 -262.655548
v 20.197416 -0.000018 -243.182816
v 11.314121 -0.000017 -223.586670
v 9.777912 -0.000017 -221.790253
v 2.096867 -0.000017 -224.916855
v 0.850089 -0.000017 -221.995941
v -27.903736 -0.000018 -233.295593
v -30.898230 -0.000017 -225.479095
v -48.464447 -0.000018 -232.678513
v -45.102596 -0.000020 -259.899200
v -41.874332 -0.000020 -263.108093
v -24.742262 19.999981 -262.655548
v -41.874332 19.999981 -263.108093
v -45.102596 19.999981 -259.899200
v -48.464447 19.999983 -232.678513
v -30.898230 19.999983 -225.479095
v -27.903736 19.999983 -233.295593
v 0.850089 19.999983 -221.995941
v 2.096867 19.999983 -224.916855
v 9.777912 19.999983 -221.790253
v 11.314121 19.999983 -223.586670
v 20.197416 19.999981 -243.182816
v -111.092789 0.000000 4.556944
v -115.233879 0.000000 2.650853
v -110.591850 -0.000001 -7.455548
v -92.513565 0.000000 0.840752
v -96.409752 0.000001 9.329026
v -95.363350 0.000001 9.795264
v -109.467529 0.000003 40.525776
v -124.451126 0.000003 33.655643
v -111.092789 20.000000 4.556942
v -124.451126 20.000002 33.655643
v -109.467529 20.000004 40.525776
v -95.363350 20.000000 9.795262
v -96.409752 20.000000 9.329024
v -92.513565 20.000000 0.840751
v -110.591850 20.000000 -7.455549
v -115.233879 20.000000 2.650851
v 415.147827 0.000026 345.083649
v 440.562073 0.000027 352.515808
v 434.406097 0.000028 373.536957
v 408.991882 0.000028 366.104828
v 415.147827 20.000027 345.083649
v 408.991882 20.000027 366.104828
v 434.406097 20.000029 373.536957
v 440.562073 20.000027 352.515808
v 406.242279 0.000024 320.853729
v 441.497162 0.000025 330.850128
v 445.348816 0.000025 335.772888
v 441.563965 0.000026 349.142548
v 403.871185 0.000026 338.446838
v 406.509460 0.000025 329.136047
v 404.082672 0.000025 328.450439
v 406.242279 20.000025 320.853729
v 404.082672 20.000025 328.450439
v 406.509460 20.000025 329.136047
v 403.871185 20.000025 338.446838
v 441.563965 20.000027 349.142548
v 445.348816 20.000025 335.772888
v 441.497162 20.000025 330.850128
v 390.646423 0.000026 348.909424
v 398.282928 0.000027 351.706757
v 392.728088 0.000028 366.927582
v 385.080444 0.000027 364.143951
v 390.646423 20.000027 348.909424
v 385.080444 20.000027 364.143951
v 392.728088 20.000029 366.927582
v 398.282928 20.000027 351.706757
v 277.334320 0.000027 354.462982
v 296.292023 0.000022 296.966553
v 374.416046 0.000024 322.718628
v 355.458313 0.000029 380.228638
v 277.334320 99.980034 354.462982
v 355.458313 99.980034 380.228638
v 374.416046 99.980026 322.718628
v 296.292023 99.980026 296.966553
v 382.575745 0.000026 345.522461
v 389.856049 0.000026 348.155243
v 384.223297 0.000027 363.718872
v 376.942993 0.000027 361.086090
v 382.575745 20.000027 345.522461
v 376.942993 20.000027 361.086090
v 384.223297 20.000027 363.718872
v 389.856049 20.000027 348.155243
v 401.411011 0.000026 343.671265
v 409.826752 0.000026 346.304077
v 403.615143 0.000028 366.283081
v 395.199371 0.000027 363.650299
v 401.411011 20.000027 343.671265
v 395.199371 20.000027 363.650299
v 403.615143 20.000027 366.283081
v 409.826752 20.000027 346.304077
v -292.009216 -0.000015 -200.658279
v -310.521667 -0.000015 -200.356583
v -310.822235 -0.000014 -184.833328
v -304.655121 -0.000014 -185.697250
v -304.655121 -0.000014 -189.578064
v -292.009216 -0.000014 -191.703598
v -292.009216 19.999985 -200.658279
v -310.521667 19.999985 -200.356583
v -310.822235 19.999987 -184.833328
v -304.655121 19.999987 -185.697250
v -304.655121 19.999985 -189.578064
v -292.009216 19.999985 -191.703598
v -290.517548 -0.000014 -190.496841
v -276.491302 -0.000014 -191.991577
v -274.097931 -0.000014 -181.240494
v -288.135315 -0.000014 -179.156097
v -290.517548 19.999985 -190.496841
v -288.135315 19.999987 -179.156097
v -274.097931 19.999987 -181.240494
v -276.491302 19.999985 -191.991577
v -81.515205 0.000010 130.179947
v -48.664822 0.000011 143.604691
v -63.002769 0.000013 177.941254
v -95.541458 0.000012 163.611511
v -81.515205 27.000010 130.179947
v -95.541458 27.000011 163.611511
v -63.002769 27.000013 177.941254
v -48.664822 27.000011 143.604691
v -235.202896 -0.000010 -131.530548
v -227.588638 -0.000010 -132.641312
v -223.325104 -0.000009 -112.784828
v -234.690826 -0.000008 -106.600250
v -238.564743 -0.000009 -114.060135
v -241.058304 -0.000009 -112.839676
v -245.722580 -0.000009 -122.191971
v -242.739227 -0.000009 -123.535843
v -239.533218 -0.000009 -118.242615
v -233.855927 -0.000009 -123.686691
v -235.202896 19.999990 -131.530548
v -233.855927 19.999990 -123.686691
v -239.533218 19.999990 -118.242615
v -242.739227 19.999990 -123.535843
v -245.722580 19.999990 -122.191971
v -241.058304 19.999992 -112.839676
v -238.564743 19.999990 -114.060135
v -234.690826 19.999992 -106.600250
v -223.325104 19.999992 -112.784828
v -227.588638 19.999990 -132.641312
v -283.604614 -0.000011 -139.415558
v -259.726562 -0.000011 -144.407120
v -257.967712 -0.000010 -135.959869
v -281.845764 -0.000010 -130.968323
v -283.604614 19.999989 -139.415558
v -281.845764 19.999990 -130.968323
v -257.967712 19.999990 -135.959869
v -259.726562 19.999989 -144.407120
v -293.267151 -0.000013 -170.132874
v -248.538971 -0.000014 -178.977829
v -242.895065 -0.000011 -150.386017
v -287.612122 -0.000011 -141.554794
v -293.267151 19.999987 -170.132874
v -287.612122 19.999989 -141.554794
v -242.895065 19.999989 -150.386017
v -248.538971 19.999987 -178.977829
v -305.156067 -0.000017 -230.511826
v -288.536072 -0.000017 -228.098312
v -289.927551 -0.000016 -215.578186
v -307.538300 -0.000017 -219.760696
v -305.156067 19.999983 -230.511826
v -307.538300 19.999983 -219.760696
v -289.927551 19.999983 -215.578186
v -288.536072 19.999983 -228.098312
v -274.209229 -0.000016 -210.682587
v -288.536072 -0.000016 -209.695236
v -288.023987 -0.000015 -202.235291
v -273.697174 -0.000015 -203.208923
v -274.209229 19.999985 -210.682587
v -288.536072 19.999985 -209.695236
v -288.023987 19.999985 -202.235291
v -273.697174 19.999985 -203.208923
v -290.439636 -0.000007 -93.806007
v -278.906921 -0.000008 -103.226845
v -261.195984 -0.000006 -81.546585
v -272.717560 -0.000005 -72.125763
v -290.439636 19.999992 -93.806007
v -272.717560 19.999994 -72.125763
v -261.195984 19.999994 -81.546585
v -278.906921 19.999992 -103.226845
v -279.897675 -0.000015 -201.069672
v -274.854889 -0.000015 -201.453644
v -274.309418 -0.000015 -194.309097
v -279.352203 -0.000015 -193.925125
v -279.897675 19.999985 -201.069672
v -279.352203 19.999985 -193.925125
v -274.309418 19.999985 -194.309097
v -274.854889 19.999985 -201.453644
v -166.607819 0.000010 129.878265
v -140.035858 0.000011 141.218674
v -148.696518 0.000012 160.923828
v -142.418091 0.000013 171.976242
v -157.646606 0.000014 181.232300
v -166.908386 0.000013 169.891922
v -180.645203 0.000012 163.913193
v -166.607819 20.000010 129.878265
v -180.645203 20.000011 163.913193
v -166.908386 20.000013 169.891922
v -157.646606 20.000013 181.232300
v -142.418091 20.000013 171.976242
v -148.696518 20.000011 160.923828
v -140.035858 20.000011 141.218674
v -104.803238 0.000013 165.997528
v -69.370247 0.000014 180.958038
v -76.138474 0.000015 197.660049
v -119.731186 0.000015 203.926727
v -104.803238 20.000013 165.997528
v -119.731186 20.000015 203.926727
v -76.138474 20.000015 197.660049
v -69.370247 20.000013 180.958038
v -267.218384 -0.000010 -129.309036
v -273.107178 -0.000010 -127.430351
v -269.956848 -0.000009 -117.488396
v -264.068024 -0.000009 -119.353371
v -267.218384 19.999990 -129.309036
v -273.107178 19.999990 -127.430351
v -269.956848 19.999990 -117.488396
v -264.068024 19.999990 -119.353371
v -307.983582 -0.000012 -152.360703
v -298.632751 -0.000012 -155.336441
v -293.768066 -0.000011 -140.101212
v -303.118927 -0.000010 -137.111771
v -307.983582 19.999989 -152.360703
v -303.118927 19.999990 -137.111771
v -293.768066 19.999989 -140.101212
v -298.632751 19.999989 -155.336441
v -287.701172 -0.000015 -201.124527
v -282.224243 -0.000015 -201.261658
v -282.035004 -0.000015 -193.979980
v -287.511932 -0.000015 -193.829132
v -287.701172 19.999985 -201.124527
v -287.511932 19.999985 -193.829132
v -282.035004 19.999985 -193.979980
v -282.224243 19.999985 -201.261658
v -254.984360 -0.000010 -135.562195
v -266.338959 -0.000010 -131.379715
v -258.869415 -0.000009 -119.147675
v -249.318207 -0.000010 -126.305878
v -254.984360 19.999990 -135.562195
v -266.338959 19.999990 -131.379715
v -258.869415 19.999990 -119.147675
v -249.318207 19.999990 -126.305878
v -271.704559 -0.000017 -231.704865
v -262.264648 -0.000018 -233.761841
v -254.093811 -0.000016 -206.033829
v -250.809891 -0.000016 -206.321808
v -247.826523 -0.000015 -198.861862
v -253.192123 -0.000015 -197.668808
v -251.411011 -0.000014 -190.208862
v -266.038391 -0.000014 -186.917725
v -267.830627 -0.000015 -193.787994
v -272.606232 -0.000015 -192.594955
v -272.906799 -0.000015 -202.153015
v -265.838013 -0.000015 -204.799652
v -271.704559 19.999983 -231.704865
v -265.838013 19.999985 -204.799652
v -272.906799 19.999985 -202.153015
v -272.606232 19.999985 -192.594955
v -267.830627 19.999985 -193.787994
v -266.038391 19.999987 -186.917725
v -251.411011 19.999985 -190.208862
v -253.192123 19.999985 -197.668808
v -247.826523 19.999985 -198.861862
v -250.809891 19.999985 -206.321808
v -254.093811 19.999985 -206.033829
v -262.264648 19.999983 -233.761841
v -286.543427 -0.000018 -236.984451
v -276.001495 -0.000018 -237.053009
v -275.879028 -0.000016 -216.167847
v -286.420990 -0.000016 -216.099289
v -286.543427 19.999983 -236.984451
v -286.420990 19.999983 -216.099289
v -275.879028 19.999983 -216.167847
v -276.001495 19.999983 -237.053009
v -252.268173 -0.000019 -248.626953
v -301.148560 -0.000020 -261.462524
v -304.888885 -0.000019 -247.187057
v -256.008514 -0.000018 -234.351517
v -252.268173 19.999981 -248.626953
v -301.148560 19.999981 -261.462524
v -304.888885 19.999981 -247.187057
v -256.008514 19.999983 -234.351517
v -304.554932 -0.000018 -244.842102
v -286.933044 -0.000018 -240.069916
v -288.135315 -0.000017 -231.403183
v -305.445496 -0.000018 -233.501297
v -304.554932 19.999981 -244.842102
v -305.445496 19.999983 -233.501297
v -288.135315 19.999983 -231.403183
v -286.933044 19.999981 -240.069916
v -302.829468 -0.000010 -133.656082
v -291.920166 -0.000010 -137.290039
v -287.433990 -0.000009 -123.810104
v -275.355835 -0.000010 -127.828033
v -271.314941 -0.000009 -115.664558
v -294.291290 -0.000008 -108.026405
v -302.829468 19.999990 -133.656082
v -294.291290 19.999992 -108.026405
v -271.314941 19.999990 -115.664558
v -275.355835 19.999990 -127.828033
v -287.433990 19.999990 -123.810104
v -291.920166 19.999990 -137.290039
v -250.375732 -0.000010 -136.727798
v -229.469940 -0.000011 -143.913452
v -226.965256 -0.000010 -136.631805
v -247.871048 -0.000010 -129.446167
v -250.375732 19.999990 -136.727798
v -247.871048 19.999990 -129.446167
v -226.965256 19.999990 -136.631805
v -229.469940 19.999989 -143.913452
v -248.294067 -0.000009 -119.010544
v -272.216614 -0.000008 -102.253220
v -260.973358 -0.000007 -86.209007
v -237.061920 -0.000008 -102.966301
v -248.294067 19.999990 -119.010544
v -272.216614 19.999992 -102.253220
v -260.973358 19.999994 -86.209007
v -237.061920 19.999992 -102.966301
v -292.732819 -0.000016 -210.079208
v -308.406586 -0.000016 -209.873505
v -308.306396 -0.000015 -202.303848
v -292.643738 -0.000015 -202.509552
v -292.732819 19.999985 -210.079208
v -308.406586 19.999985 -209.873505
v -308.306396 19.999985 -202.303848
v -292.643738 19.999985 -202.509552
v -290.216980 -0.000014 -186.616028
v -306.647736 -0.000014 -182.447235
v -305.445496 -0.000013 -173.478867
v -288.836609 -0.000013 -176.742584
v -290.216980 19.999987 -186.616028
v -306.647736 19.999987 -182.447235
v -305.445496 19.999987 -173.478867
v -288.836609 19.999987 -176.742584
v -92.546967 -0.000016 -217.429459
v -92.713943 -0.000016 -207.734253
v -84.810257 -0.000016 -207.610840
v -84.643280 -0.000016 -217.292328
v -92.546967 19.999983 -217.429459
v -92.713943 19.999985 -207.734253
v -84.810257 19.999985 -207.610840
v -84.643280 19.999983 -217.292328
v -156.744919 0.000001 16.089472
v -185.543274 0.000003 39.894985
v -176.737900 0.000004 50.536144
v -147.939545 0.000002 26.730654
v -156.744919 20.000002 16.089470
v -185.543274 20.000004 39.894985
v -176.737900 20.000004 50.536144
v -147.939545 20.000002 26.730652
v -384.704956 -0.000004 -56.150158
v -390.805267 -0.000004 -52.337955
v -380.675201 -0.000003 -36.156681
v -374.574890 -0.000003 -39.982590
v -384.704956 19.999996 -56.150158
v -390.805267 19.999996 -52.337955
v -380.675201 19.999998 -36.156681
v -374.574890 19.999996 -39.982590
v -192.600922 -0.000002 -32.550179
v -197.955383 -0.000003 -38.926693
v -201.962891 -0.000003 -35.553310
v -203.042694 -0.000003 -36.828613
v -209.454697 -0.000002 -31.439432
v -203.031555 -0.000002 -23.787622
v -192.600922 19.999998 -32.550179
v -197.955383 19.999996 -38.926693
v -201.962891 19.999998 -35.553310
v -203.042694 19.999998 -36.828613
v -209.454697 19.999998 -31.439434
v -203.031555 19.999998 -23.787624
v -190.352264 -0.000002 -32.275921
v -202.575150 -0.000002 -22.251776
v -195.528625 -0.000001 -13.667493
v -183.316879 -0.000002 -23.705345
v -190.352264 19.999998 -32.275921
v -202.575150 19.999998 -22.251778
v -195.528625 19.999998 -13.667495
v -183.316879 19.999998 -23.705347
v -201.684586 -0.000006 -79.873604
v -220.742493 -0.000005 -64.460213
v -222.590393 -0.000004 -58.975029
v -211.391647 -0.000004 -54.792576
v -209.599411 -0.000005 -59.866371
v -207.161514 -0.000004 -59.084732
v -205.814545 -0.000005 -62.663815
v -203.276459 -0.000005 -61.772472
v -202.129868 -0.000005 -65.845222
v -198.701233 -0.000005 -64.953880
v -195.361649 -0.000006 -75.348320
v -197.510117 -0.000006 -75.992828
v -197.209549 -0.000006 -78.378883
v -201.684586 19.999994 -79.873604
v -220.742493 19.999994 -64.460213
v -222.590393 19.999996 -58.975029
v -211.391647 19.999996 -54.792576
v -209.599411 19.999996 -59.866371
v -207.161514 19.999996 -59.084732
v -205.814545 19.999996 -62.663815
v -203.276459 19.999996 -61.772472
v -202.129868 19.999994 -65.845222
v -198.701233 19.999994 -64.953880
v -195.361649 19.999994 -75.348320
v -197.510117 19.999994 -75.992828
v -197.209549 19.999994 -78.378883
v -80.613518 -0.000020 -266.934082
v -80.758232 -0.000018 -236.627899
v -68.524216 -0.000018 -234.831482
v -70.316460 -0.000017 -218.704788
v -61.499958 -0.000016 -217.223770
v -59.707714 -0.000017 -219.308167
v -55.533234 -0.000020 -263.354950
v -80.613518 19.999979 -266.934082
v -80.758232 19.999983 -236.627899
v -68.524216 19.999983 -234.831482
v -70.316460 19.999983 -218.704788
v -61.499958 19.999983 -217.223770
v -59.707714 19.999983 -219.308167
v -55.533234 19.999981 -263.354950
v -81.726707 -0.000017 -229.538193
v -82.706322 -0.000016 -215.605606
v -76.338844 -0.000016 -215.166794
v -76.194130 -0.000016 -217.141479
v -72.453796 -0.000016 -216.880936
v -71.607765 -0.000017 -228.825104
v -81.726707 19.999983 -229.538193
v -82.706322 19.999983 -215.605606
v -76.338844 19.999983 -215.166794
v -76.194130 19.999983 -217.141479
v -72.453796 19.999983 -216.880936
v -71.607765 19.999983 -228.825104
v -257.544708 -0.000006 -74.744949
v -266.906677 -0.000005 -66.818848
v -256.164337 -0.000004 -54.134354
v -246.813507 -0.000005 -62.046730
v -257.544708 19.999994 -74.744949
v -266.906677 19.999994 -66.818848
v -256.164337 19.999996 -54.134354
v -246.813507 19.999996 -62.046730
v -133.200836 -0.000018 -234.735489
v -134.024612 -0.000016 -213.836609
v -124.618111 -0.000016 -213.466354
v -123.794342 -0.000018 -234.365234
v -133.200836 19.999983 -234.735489
v -134.024612 19.999985 -213.836609
v -124.618111 19.999985 -213.466354
v -123.794342 19.999983 -234.365234
v -141.338303 0.000009 117.303688
v -148.418213 0.000009 114.437721
v -154.685501 0.000010 129.891968
v -147.605591 0.000010 132.757935
v -141.338303 20.000010 117.303688
v -148.418213 20.000010 114.437721
v -154.685501 20.000010 129.891968
v -147.605591 20.000010 132.757935
v -210.790527 -0.000002 -30.314972
v -214.675583 -0.000002 -27.174713
v -213.128235 -0.000002 -24.898369
v -216.412155 -0.000002 -22.210636
v -211.091095 -0.000001 -15.834132
v -203.476837 -0.000002 -22.251776
v -210.790527 19.999998 -30.314974
v -214.675583 19.999998 -27.174715
v -213.128235 19.999998 -24.898371
v -216.412155 19.999998 -22.210638
v -211.091095 19.999998 -15.834134
v -203.476837 19.999998 -22.251778
v -115.122559 -0.000020 -268.442535
v -116.068771 -0.000019 -245.363205
v -108.588104 -0.000019 -245.047806
v -107.630753 -0.000020 -268.140839
v -115.122559 19.999979 -268.442535
v -116.068771 19.999981 -245.363205
v -108.588104 19.999981 -245.047806
v -107.630753 19.999979 -268.140839
v -122.603226 -0.000018 -233.583572
v -123.972458 -0.000016 -208.337631
v -105.037010 -0.000016 -207.322861
v -103.667778 -0.000018 -232.568802
v -122.603226 19.999983 -233.583572
v -123.972458 19.999985 -208.337631
v -105.037010 19.999985 -207.322861
v -103.667778 19.999983 -232.568802
v -134.057999 0.000008 106.594032
v -137.943054 0.000009 117.043144
v -124.651505 0.000009 123.309868
v -122.859261 0.000009 118.976639
v -127.189590 0.000008 109.720535
v -134.057999 20.000008 106.594032
v -137.943054 20.000010 117.043144
v -124.651505 20.000010 123.309868
v -122.859261 20.000010 118.976639
v -127.189590 20.000008 109.720535
v -158.091873 -0.000018 -240.810425
v -158.837723 -0.000016 -218.115112
v -155.253235 -0.000016 -213.932602
v -150.332916 -0.000016 -213.480072
v -147.895020 -0.000018 -241.070984
v -158.091873 19.999981 -240.810425
v -158.837723 19.999983 -218.115112
v -155.253235 19.999985 -213.932602
v -150.332916 19.999985 -213.480072
v -147.895020 19.999981 -241.070984
v -103.088921 -0.000018 -233.103622
v -104.246643 -0.000016 -206.952606
v -93.682426 -0.000016 -206.486359
v -93.047905 -0.000017 -220.789185
v -83.674797 -0.000017 -220.377792
v -83.162727 -0.000018 -232.212265
v -103.088921 19.999983 -233.103622
v -104.246643 19.999985 -206.952606
v -93.682426 19.999985 -206.486359
v -93.047905 19.999983 -220.789185
v -83.674797 19.999983 -220.377792
v -83.162727 19.999983 -232.212265
v -124.384338 0.000009 124.132629
v -136.573822 0.000009 119.250893
v -138.666626 0.000009 124.489159
v -143.086014 0.000009 122.720215
v -145.256744 0.000010 128.164169
v -140.948685 0.000010 129.891968
v -143.219589 0.000010 135.569046
v -130.918793 0.000011 140.478195
v -124.384338 20.000010 124.132629
v -136.573822 20.000010 119.250893
v -138.666626 20.000010 124.489159
v -143.086014 20.000010 122.720215
v -145.256744 20.000010 128.164169
v -140.948685 20.000010 129.891968
v -143.219589 20.000010 135.569046
v -130.918793 20.000011 140.478195
v -136.440247 0.000008 103.371529
v -155.832092 0.000007 96.117477
v -160.518646 0.000008 108.609802
v -141.115662 0.000009 115.877563
v -136.440247 20.000008 103.371529
v -155.832092 20.000008 96.117477
v -160.518646 20.000008 108.609802
v -141.115662 20.000010 115.877563
v -202.909103 -0.000002 -20.249689
v -211.013168 -0.000001 -13.653780
v -213.295212 -0.000001 -16.464926
v -228.824280 -0.000000 -3.849056
v -219.696091 0.000001 7.381797
v -196.062958 -0.000001 -11.816251
v -202.909103 19.999998 -20.249691
v -211.013168 19.999998 -13.653782
v -213.295212 19.999998 -16.464928
v -228.824280 20.000000 -3.849057
v -219.696091 20.000000 7.381795
v -196.062958 20.000000 -11.816253
v -146.882004 -0.000018 -242.593140
v -148.529541 -0.000016 -214.686829
v -135.071014 -0.000016 -213.905182
v -133.434616 -0.000018 -241.811493
v -146.882004 19.999981 -242.593140
v -148.529541 19.999985 -214.686829
v -135.071014 19.999985 -213.905182
v -133.434616 19.999981 -241.811493
v -446.364838 0.000015 198.661072
v -446.765594 0.000015 197.646347
v -438.750580 0.000015 194.506149
v -427.774475 0.000017 220.299606
v -444.817505 0.000017 227.882675
v -448.223877 0.000017 220.217331
v -439.474152 0.000016 216.322937
v -442.446381 0.000016 208.698730
v -462.105408 0.000016 217.337677
v -466.435730 0.000016 207.478302
v -446.364838 20.000015 198.661072
v -466.435730 20.000015 207.478302
v -462.105408 20.000017 217.337677
v -442.446381 20.000015 208.698730
v -439.474152 20.000017 216.322937
v -448.223877 20.000017 220.217331
v -444.817505 20.000017 227.882675
v -427.774475 20.000017 220.299606
v -438.750580 20.000015 194.506149
v -446.765594 20.000015 197.646347
v -256.342468 0.000005 60.354523
v -255.652283 0.000004 57.995918
v -254.182861 0.000004 58.325024
v -250.754227 0.000004 57.707951
v -244.075058 0.000004 59.463188
v -238.976624 0.000005 61.424122
v -236.238159 0.000005 63.138222
v -231.551605 0.000005 65.414551
v -231.429153 0.000005 68.993591
v -241.303192 0.000006 77.605225
v -256.342468 20.000004 60.354523
v -241.303192 20.000006 77.605225
v -231.429153 20.000006 68.993591
v -231.551605 20.000006 65.414551
v -236.238159 20.000004 63.138222
v -238.976624 20.000004 61.424122
v -244.075058 20.000004 59.463188
v -250.754227 20.000004 57.707951
v -254.182861 20.000004 58.325024
v -255.652283 20.000004 57.995918
v -484.514038 0.000016 216.144684
v -466.936676 0.000016 208.301056
v -462.439362 0.000016 217.817612
v -471.022095 0.000017 221.862839
v -467.493286 0.000017 229.898422
v -448.769348 0.000017 221.602295
v -445.006744 0.000017 230.076691
v -463.485779 0.000018 238.263107
v -462.528412 0.000018 240.470840
v -473.972076 0.000019 245.475922
v -477.189209 0.000018 238.139694
v -475.218842 0.000018 237.275803
v -484.514038 20.000017 216.144684
v -475.218842 20.000017 237.275803
v -477.189209 20.000017 238.139694
v -473.972076 20.000019 245.475922
v -462.528412 20.000019 240.470840
v -463.485779 20.000017 238.263107
v -445.006744 20.000017 230.076691
v -448.769348 20.000017 221.602295
v -467.493286 20.000017 229.898422
v -471.022095 20.000017 221.862839
v -462.439362 20.000017 217.817612
v -466.936676 20.000015 208.301056
v -283.537811 0.000005 64.344948
v -295.938812 0.000006 77.385818
v -304.488129 0.000005 69.267845
v -300.770081 0.000005 65.373413
v -305.067017 0.000005 59.860859
v -310.577332 0.000004 57.049732
v -313.749939 0.000005 60.025414
v -304.053986 0.000005 70.172890
v -314.618225 0.000006 81.609360
v -335.635345 0.000005 67.773148
v -313.204468 0.000004 46.888531
v -298.365570 0.000005 62.836540
v -292.087158 0.000004 56.226963
v -283.537811 20.000006 64.344948
v -292.087158 20.000004 56.226963
v -298.365570 20.000004 62.836540
v -313.204468 20.000004 46.888531
v -335.635345 20.000006 67.773148
v -314.618225 20.000006 81.609360
v -304.053986 20.000006 70.172890
v -313.749939 20.000004 60.025414
v -310.577332 20.000004 57.049732
v -305.067017 20.000004 59.860859
v -300.770081 20.000006 65.373413
v -304.488129 20.000006 69.267845
v -295.938812 20.000006 77.385818
v -32.412174 0.000024 322.746033
v -6.797560 0.000024 321.498199
v -6.318886 0.000025 331.179230
v -13.498994 0.000025 331.535736
v -13.354279 0.000025 334.771881
v -6.051720 0.000025 334.470215
v -4.816073 0.000028 364.459351
v -12.864472 0.000028 364.788452
v -12.931264 0.000027 363.225220
v -19.376663 0.000027 363.280060
v -19.432322 0.000027 356.451263
v -15.491612 0.000027 356.410126
v -16.604807 0.000025 331.686584
v -63.971252 0.000025 334.003998
v -62.702209 0.000027 358.288757
v -59.473942 0.000027 358.151611
v -59.162247 0.000028 365.501495
v -65.518593 0.000028 365.775726
v -65.518593 0.000028 366.845306
v -72.899071 0.000028 366.859009
v -72.965866 0.000026 338.405701
v -66.698578 0.000026 338.391968
v -66.921219 0.000025 334.141113
v -74.568863 0.000025 334.511353
v -75.047539 0.000025 324.830353
v -50.022919 0.000024 323.609924
v -50.067448 0.000024 322.595215
v -55.522102 0.000024 322.896881
v -55.911720 0.000024 315.780090
v -50.345745 0.000024 315.478424
v -50.423668 0.000024 313.599823
v -32.801792 0.000024 312.900482
v -32.746132 0.000024 314.532257
v -26.501110 0.000024 314.189453
v -26.111492 0.000024 321.306244
v -32.456703 0.000024 321.649048
v -32.412174 20.000025 322.746033
v -32.456703 20.000025 321.649048
v -26.111492 20.000025 321.306244
v -26.501110 20.000023 314.189453
v -32.746132 20.000023 314.532257
v -32.801792 20.000023 312.900482
v -50.423668 20.000023 313.599823
v -50.345745 20.000023 315.478424
v -55.911720 20.000023 315.780090
v -55.522102 20.000025 322.896881
v -50.067448 20.000025 322.595215
v -50.022919 20.000025 323.609924
v -75.047539 20.000025 324.830353
v -74.568863 20.000025 334.511353
v -66.921219 20.000025 334.141113
v -66.698578 20.000025 338.391968
v -72.965866 20.000025 338.405701
v -72.899071 20.000029 366.859009
v -65.518593 20.000029 366.845306
v -65.518593 20.000027 365.775726
v -59.162247 20.000027 365.501495
v -59.473942 20.000027 358.151611
v -62.702209 20.000027 358.288757
v -63.971252 20.000025 334.003998
v -16.604807 20.000025 331.686584
v -15.491612 20.000027 356.410126
v -19.432322 20.000027 356.451263
v -19.376663 20.000027 363.280060
v -12.931264 20.000027 363.225220
v -12.864472 20.000027 364.788452
v -4.816073 20.000027 364.459351
v -6.051720 20.000025 334.470215
v -13.354279 20.000025 334.771881
v -13.498994 20.000025 331.535736
v -6.318886 20.000025 331.179230
v -6.797560 20.000025 321.498199
v 11.837322 0.000019 245.229095
v 25.663204 0.000018 243.199631
v 26.865454 0.000019 251.454605
v 13.050705 0.000019 253.484070
v 11.837322 20.000019 245.229095
v 13.050705 20.000019 253.484070
v 26.865454 20.000019 251.454605
v 25.663204 20.000019 243.199631
v 7.952272 0.000014 190.954575
v 17.191790 0.000015 194.752975
v 7.807557 0.000016 217.557083
v -1.431961 0.000016 213.758682
v 7.952272 20.000015 190.954575
v -1.431961 20.000015 213.758682
v 7.807557 20.000017 217.557083
v 17.191790 20.000015 194.752975
v -290.962830 0.000007 89.946732
v -285.830994 0.000006 84.571320
v -281.344818 0.000007 88.849709
v -286.487793 0.000007 94.225121
v -290.962830 20.000008 89.946732
v -286.487793 20.000008 94.225121
v -281.344818 20.000008 88.849709
v -285.830994 20.000006 84.571320
v 102.618370 0.000025 335.018707
v 121.687393 0.000025 333.318359
v 122.410973 0.000026 341.408722
v 103.330811 0.000026 343.109070
v 102.618370 20.000025 335.018707
v 103.330811 20.000027 343.109070
v 122.410973 20.000027 341.408722
v 121.687393 20.000025 333.318359
v 86.922318 0.000026 348.182678
v 97.464272 0.000026 346.619446
v 99.200859 0.000027 358.357300
v 88.670036 0.000027 359.920532
v 86.922318 20.000027 348.182678
v 88.670036 20.000027 359.920532
v 99.200859 20.000027 358.357300
v 97.464272 20.000027 346.619446
v 123.568695 0.000008 112.120270
v 132.485382 0.000009 115.671867
v 127.954681 0.000010 127.039726
v 119.037994 0.000009 123.488129
v 123.568695 20.000008 112.120270
v 119.037994 20.000010 123.488129
v 127.954681 20.000010 127.039726
v 132.485382 20.000010 115.671867
v 35.615166 0.000015 203.035400
v 49.908588 0.000016 208.671295
v 45.466942 0.000017 219.956787
v 31.173519 0.000016 214.320892
v 35.615166 20.000015 203.035400
v 31.173519 20.000015 214.320892
v 45.466942 20.000017 219.956787
v 49.908588 20.000015 208.671295
v 104.488533 0.000026 348.566620
v 103.920807 0.000026 343.712402
v 115.587090 0.000026 342.354889
v 116.154816 0.000026 347.195374
v 104.488533 20.000027 348.566620
v 116.154816 20.000027 347.195374
v 115.587090 20.000027 342.354889
v 103.920807 20.000027 343.712402
v -47.729736 0.000013 171.427734
v -37.544003 0.000013 175.527832
v -40.137749 0.000014 181.972778
v -50.323483 0.000013 177.872696
v -47.729736 20.000013 171.427734
v -50.323483 20.000013 177.872696
v -40.137749 20.000013 181.972778
v -37.544003 20.000013 175.527832
v -474.417358 0.000014 189.007370
v -447.722931 0.000013 176.460297
v -440.598480 0.000014 191.599060
v -467.292908 0.000015 204.159851
v -474.417358 20.000013 189.007370
v -467.292908 20.000015 204.159851
v -440.598480 20.000015 191.599060
v -447.722931 20.000013 176.460297
v 21.310612 0.000015 196.028244
v 34.780270 0.000015 201.664139
v 31.240311 0.000016 210.138550
v 17.770651 0.000015 204.502655
v 21.310612 20.000015 196.028244
v 17.770651 20.000015 204.502655
v 31.240311 20.000015 210.138550
v 34.780270 20.000015 201.664139
v 116.555565 0.000007 92.524734
v 139.431717 0.000008 101.630013
v 135.101395 0.000008 112.504227
v 112.225243 0.000008 103.398956
v 116.555565 20.000008 92.524734
v 112.225243 20.000008 103.398956
v 135.101395 20.000008 112.504227
v 139.431717 20.000008 101.630013
v 72.818138 0.000017 224.783630
v 88.046646 0.000017 221.972534
v 90.985481 0.000018 237.865448
v 75.756973 0.000018 240.676529
v 72.818138 20.000017 224.783630
v 75.756973 20.000019 240.676529
v 90.985481 20.000017 237.865448
v 88.046646 20.000017 221.972534
v 86.076294 0.000026 338.131439
v 92.655273 0.000025 337.486938
v 93.590355 0.000026 346.948547
v 87.011375 0.000026 347.593048
v 86.076294 20.000025 338.131439
v 87.011375 20.000027 347.593048
v 93.590355 20.000027 346.948547
v 92.655273 20.000025 337.486938
v 89.371346 0.000015 200.512283
v 84.105934 0.000016 214.608871
v 70.257790 0.000016 215.911560
v 78.395248 0.000015 196.412201
v 89.371346 20.000015 200.512283
v 78.395248 20.000015 196.412201
v 70.257790 20.000017 215.911560
v 84.105934 20.000015 214.608871
v 1.028200 0.000020 264.097595
v 6.171161 0.000020 263.329681
v 8.353023 0.000021 277.810150
v 3.210062 0.000021 278.591766
v 1.028200 20.000019 264.097595
v 3.210062 20.000021 278.591766
v 8.353023 20.000021 277.810150
v 6.171161 20.000019 263.329681
v -321.386444 0.000019 254.937607
v -328.744659 0.000018 240.827362
v -304.499268 0.000017 228.170639
v -297.129913 0.000018 242.267181
v -321.386444 20.000019 254.937607
v -297.129913 20.000019 242.267181
v -304.499268 20.000017 228.170639
v -328.744659 20.000019 240.827362
v 89.816628 0.000015 200.896240
v 104.878151 0.000016 207.409744
v 103.464394 0.000016 210.330521
v 85.107811 0.000016 212.551971
v 89.816628 20.000015 200.896240
v 85.107811 20.000015 212.551971
v 103.464394 20.000015 210.330521
v 104.878151 20.000015 207.409744
v 32.843311 0.000019 257.570404
v 44.309219 0.000019 257.186462
v 44.776760 0.000020 271.159546
v 33.310852 0.000021 271.543518
v 32.843311 20.000019 257.570404
v 33.310852 20.000021 271.543518
v 44.776760 20.000021 271.159546
v 44.309219 20.000019 257.186462
v 92.176598 0.000020 266.524719
v 101.148949 0.000020 264.700958
v 104.243629 0.000021 280.004150
v 95.271278 0.000021 281.814209
v 92.176598 20.000021 266.524719
v 95.271278 20.000021 281.814209
v 104.243629 20.000021 280.004150
v 101.148949 20.000019 264.700958
v 89.872284 0.000027 360.647278
v 100.837257 0.000027 359.687408
v 101.805733 0.000028 370.712219
v 90.840767 0.000028 371.672089
v 89.872284 20.000027 360.647278
v 90.840767 20.000029 371.672089
v 101.805733 20.000029 370.712219
v 100.837257 20.000027 359.687408
v -329.479370 0.000011 149.007492
v -339.531525 0.000010 132.195709
v -312.547668 0.000009 116.055824
v -302.495514 0.000010 132.867630
v -329.479370 20.000011 149.007492
v -302.495514 20.000010 132.867630
v -312.547668 20.000010 116.055824
v -339.531525 20.000010 132.195709
v 133.442734 0.000009 116.535774
v 162.430328 0.000010 128.410995
v 157.710388 0.000011 139.929688
v 128.722794 0.000010 128.068176
v 133.442734 20.000010 116.535774
v 128.722794 20.000010 128.068176
v 157.710388 20.000011 139.929688
v 162.430328 20.000010 128.410995
v 181.588409 0.000013 169.069168
v 184.816681 0.000013 170.344437
v 182.690475 0.000013 175.706100
v 179.462219 0.000013 174.417099
v 181.588409 20.000013 169.069168
v 179.462219 20.000013 174.417099
v 182.690475 20.000013 175.706100
v 184.816681 20.000013 170.344437
v 133.030853 0.000006 84.489044
v 143.851105 0.000007 88.794861
v 141.702637 0.000007 94.197693
v 130.882385 0.000007 89.891884
v 133.030853 20.000006 84.489044
v 130.882385 20.000008 89.891884
v 141.702637 20.000008 94.197693
v 143.851105 20.000008 88.794861
v 55.530224 0.000022 295.704987
v 72.951721 0.000022 292.345428
v 75.968483 0.000023 308.018829
v 58.558113 0.000024 311.378387
v 55.530224 20.000023 295.704987
v 58.558113 20.000023 311.378387
v 75.968483 20.000023 308.018829
v 72.951721 20.000023 292.345428
v -264.580109 0.000004 51.112083
v -245.945221 0.000006 73.902771
v -256.943573 0.000006 82.884651
v -274.476410 0.000005 61.849220
v -264.580109 20.000004 51.112083
v -274.476410 20.000004 61.849220
v -256.943573 20.000006 82.884651
v -245.945221 20.000006 73.902771
v 8.174911 0.000020 265.784241
v 15.700109 0.000020 264.742096
v 17.225185 0.000021 275.753265
v 9.699988 0.000021 276.795410
v 8.174911 20.000021 265.784241
v 9.699988 20.000021 276.795410
v 17.225185 20.000021 275.753265
v 15.700109 20.000019 264.742096
v 121.553810 0.000006 79.072495
v 132.129166 0.000006 83.282318
v 128.121658 0.000007 93.374924
v 117.535179 0.000007 89.165100
v 121.553810 20.000006 79.072495
v 117.535179 20.000008 89.165100
v 128.121658 20.000008 93.374924
v 132.129166 20.000006 83.282318
v 45.099586 0.000020 262.877167
v 59.081314 0.000020 260.230652
v 60.884689 0.000020 269.719727
v 46.902962 0.000021 272.379974
v 45.099586 20.000019 262.877167
v 46.902962 20.000021 272.379974
v 60.884689 20.000021 269.719727
v 59.081314 20.000019 260.230652
v 104.377213 0.000020 269.226105
v 116.032364 0.000020 267.292633
v 117.323669 0.000021 275.095062
v 105.668518 0.000021 277.028534
v 104.377213 20.000021 269.226105
v 105.668518 20.000021 277.028534
v 117.323669 20.000021 275.095062
v 116.032364 20.000021 267.292633
v -388.423035 0.000007 98.448647
v -375.187164 0.000007 91.688255
v -364.923492 0.000008 111.818588
v -378.159393 0.000009 118.565254
v -388.423035 20.000008 98.448647
v -378.159393 20.000010 118.565254
v -364.923492 20.000008 111.818588
v -375.187164 20.000008 91.688255
v 177.658829 0.000009 121.966019
v 181.944641 0.000008 112.147690
v 196.026550 0.000009 118.304718
v 191.729614 0.000010 128.123032
v 177.658829 20.000010 121.966019
v 191.729614 20.000010 128.123032
v 196.026550 20.000010 118.304718
v 181.944641 20.000008 112.147690
v -277.259399 0.000008 107.691048
v -284.873657 0.000007 98.901169
v -272.361328 0.000007 88.054367
v -264.747070 0.000007 96.844254
v -277.259399 20.000008 107.691048
v -264.747070 20.000008 96.844254
v -272.361328 20.000006 88.054367
v -284.873657 20.000008 98.901169
v 169.833069 0.000011 140.025681
v 185.896484 0.000011 146.539215
v 183.169144 0.000012 153.587540
v 168.575165 0.000011 147.745926
v 167.840454 0.000011 144.783981
v 169.833069 20.000011 140.025681
v 167.840454 20.000011 144.783981
v 168.575165 20.000011 147.745926
v 183.169144 20.000011 153.587540
v 185.896484 20.000011 146.539215
v 48.450302 0.000022 296.171204
v 52.357616 0.000022 295.334747
v 55.129471 0.000023 308.293091
v 51.233292 0.000023 309.129547
v 48.450302 20.000023 296.171204
v 51.233292 20.000023 309.129547
v 55.129471 20.000023 308.293091
v 52.357616 20.000023 295.334747
v 93.790733 0.000026 338.021729
v 98.488411 0.000025 337.390961
v 99.534821 0.000026 345.193359
v 94.837135 0.000026 345.824127
v 93.790733 20.000025 338.021729
v 94.837135 20.000027 345.824127
v 99.534821 20.000027 345.193359
v 98.488411 20.000025 337.390961
v 190.872467 0.000009 114.794250
v 197.596161 0.000008 99.422256
v 203.640808 0.000008 102.068817
v 196.917114 0.000009 117.440811
v 190.872467 20.000010 114.794250
v 196.917114 20.000010 117.440811
v 203.640808 20.000008 102.068817
v 197.596161 20.000008 99.422256
v -269.010620 0.000018 244.804016
v -226.397522 0.000017 225.016739
v -222.033798 0.000018 234.423584
v -264.646912 0.000019 254.210831
v -269.010620 20.000019 244.804016
v -264.646912 20.000019 254.210831
v -222.033798 20.000017 234.423584
v -226.397522 20.000017 225.016739
v -415.484802 0.000012 161.924850
v -434.275543 0.000013 170.755814
v -440.064148 0.000012 158.441833
v -421.273407 0.000011 149.610855
v -415.484802 20.000011 161.924850
v -421.273407 20.000011 149.610855
v -440.064148 20.000011 158.441833
v -434.275543 20.000013 170.755814
v -279.830872 0.000005 65.702515
v -290.784698 0.000004 55.376770
v -278.762207 0.000003 42.610126
v -267.797241 0.000004 52.935886
v -279.830872 20.000006 65.702515
v -267.797241 20.000004 52.935886
v -278.762207 20.000004 42.610126
v -290.784698 20.000004 55.376770
v 129.769196 0.000005 70.008339
v 142.715652 0.000006 75.520882
v 138.930786 0.000006 84.406769
v 121.609474 0.000006 77.029289
v 123.557564 0.000005 72.449219
v 129.769196 20.000006 70.008339
v 123.557564 20.000006 72.449219
v 121.609474 20.000006 77.029289
v 138.930786 20.000006 84.406769
v 142.715652 20.000006 75.520882
v -274.242645 0.000005 64.358665
v -267.596863 0.000005 72.805748
v -277.704681 0.000006 80.759171
v -284.350433 0.000005 72.312088
v -274.242645 20.000006 64.358665
v -284.350433 20.000006 72.312088
v -277.704681 20.000006 80.759171
v -267.596863 20.000006 72.805748
v 86.877792 0.000018 239.538376
v 94.013374 0.000018 238.523651
v 96.829758 0.000020 258.434296
v 89.683044 0.000020 259.449036
v 86.877792 20.000017 239.538376
v 89.683044 20.000019 259.449036
v 96.829758 20.000019 258.434296
v 94.013374 20.000017 238.523651
v 172.081726 0.000010 134.046936
v 174.675476 0.000010 128.095612
v 189.670212 0.000010 134.650284
v 187.076462 0.000011 140.601608
v 172.081726 20.000010 134.046936
v 187.076462 20.000011 140.601608
v 189.670212 20.000010 134.650284
v 174.675476 20.000010 128.095612
v -18.452711 0.000012 155.699295
v 6.694362 0.000013 166.038666
v -0.251974 0.000014 182.932663
v -25.399048 0.000013 172.579605
v -18.452711 20.000011 155.699295
v -25.399048 20.000013 172.579605
v -0.251974 20.000013 182.932663
v 6.694362 20.000013 166.038666
v 97.185974 0.000018 240.155441
v 105.134186 0.000018 238.770477
v 108.173210 0.000019 256.267731
v 100.224998 0.000019 257.652679
v 97.185974 20.000019 240.155441
v 100.224998 20.000019 257.652679
v 108.173210 20.000019 256.267731
v 105.134186 20.000017 238.770477
v 6.627571 0.000022 285.036652
v 24.961891 0.000021 282.444977
v 26.453571 0.000022 293.044769
v 8.130383 0.000022 295.636444
v 6.627571 20.000021 285.036652
v 8.130383 20.000023 295.636444
v 26.453571 20.000023 293.044769
v 24.961891 20.000021 282.444977
v -12.964660 0.000018 237.316940
v -2.444968 0.000018 236.370773
v -0.652724 0.000019 256.514557
v -11.172416 0.000019 257.460724
v -12.964660 20.000017 237.316940
v -11.172416 20.000019 257.460724
v -0.652724 20.000019 256.514557
v -2.444968 20.000017 236.370773
v 193.811295 0.000011 143.632111
v 225.782257 0.000012 157.166550
v 221.162491 0.000013 168.218979
v 218.668930 0.000013 168.726349
v 188.512482 0.000012 156.330078
v 193.811295 20.000011 143.632111
v 188.512482 20.000011 156.330078
v 218.668930 20.000013 168.726349
v 221.162491 20.000013 168.218979
v 225.782257 20.000011 157.166550
v 132.028976 0.000011 151.366089
v 146.901260 0.000012 157.427094
v 135.134796 0.000014 186.305984
v 133.542923 0.000014 185.647781
v 132.585571 0.000014 187.978928
v 122.544556 0.000014 183.892548
v 121.542679 0.000014 186.347122
v 118.314415 0.000014 185.030701
v 132.028976 20.000011 151.366089
v 118.314415 20.000013 185.030701
v 121.542679 20.000013 186.347122
v 122.544556 20.000013 183.892548
v 132.585571 20.000013 187.978928
v 133.542923 20.000013 185.647781
v 135.134796 20.000013 186.305984
v 146.901260 20.000011 157.427094
v 45.800900 0.000019 250.851257
v 56.109085 0.000019 248.821793
v 57.968121 0.000019 258.283478
v 47.671066 0.000020 260.312927
v 45.800900 20.000019 250.851257
v 47.671066 20.000019 260.312927
v 57.968121 20.000019 258.283478
v 56.109085 20.000019 248.821793
v 194.590530 0.000013 166.491180
v 200.635178 0.000013 168.630356
v 197.106354 0.000013 178.654312
v 191.050568 0.000013 176.515137
v 194.590530 20.000013 166.491180
v 191.050568 20.000013 176.515137
v 197.106354 20.000013 178.654312
v 200.635178 20.000013 168.630356
v -399.376862 0.000008 102.425354
v -389.692078 0.000009 123.460701
v -399.243286 0.000010 127.862488
v -408.928101 0.000008 106.813431
v -399.376862 20.000008 102.425354
v -408.928101 20.000008 106.813431
v -399.243286 20.000010 127.862488
v -389.692078 20.000010 123.460701
v 201.759506 0.000013 171.345459
v 218.368378 0.000013 178.188080
v 213.102966 0.000014 190.995712
v 196.482956 0.000014 184.139389
v 201.759506 20.000013 171.345459
v 196.482956 20.000013 184.139389
v 213.102966 20.000015 190.995712
v 218.368378 20.000013 178.188080
v 23.180779 0.000013 176.460297
v 32.665199 0.000014 180.327255
v 26.097349 0.000015 196.398483
v 16.612928 0.000015 192.517807
v 23.180779 20.000013 176.460297
v 16.612928 20.000015 192.517807
v 26.097349 20.000015 196.398483
v 32.665199 20.000013 180.327255
v -7.064727 0.000020 263.069153
v -0.519141 0.000020 261.835022
v 2.653465 0.000021 278.674042
v -3.892121 0.000021 279.908173
v -7.064727 20.000019 263.069153
v -3.892121 20.000021 279.908173
v 2.653465 20.000021 278.674042
v -0.519141 20.000019 261.835022
v -311.100525 0.000006 81.389954
v -303.319275 0.000006 73.724503
v -295.604858 0.000006 81.554512
v -303.386078 0.000007 89.219955
v -311.100525 20.000006 81.389954
v -303.386078 20.000008 89.219955
v -295.604858 20.000006 81.554512
v -303.319275 20.000006 73.724503
v 75.667915 0.000022 293.469849
v 89.193237 0.000022 290.535370
v 92.221130 0.000023 304.549561
v 78.695808 0.000023 307.484039
v 75.667915 20.000023 293.469849
v 78.695808 20.000023 307.484039
v 92.221130 20.000023 304.549561
v 89.193237 20.000023 290.535370
v -60.175255 0.000018 240.553116
v -51.403278 0.000018 239.264130
v -50.457066 0.000019 245.695328
v -59.229042 0.000019 246.984314
v -60.175255 20.000019 240.553116
v -59.229042 20.000019 246.984314
v -50.457066 20.000019 245.695328
v -51.403278 20.000017 239.264130
v 26.086218 0.000016 212.881073
v 29.926741 0.000016 212.195450
v 31.819172 0.000017 222.658173
v 27.978649 0.000017 223.357513
v 26.086218 20.000015 212.881073
v 27.978649 20.000017 223.357513
v 31.819172 20.000017 222.658173
v 29.926741 20.000015 212.195450
v 102.328934 0.000012 159.127472
v 123.368324 0.000013 167.711609
v 116.755943 0.000014 183.892548
v 95.716560 0.000013 175.308426
v 102.328934 20.000011 159.127472
v 95.716560 20.000013 175.308426
v 116.755943 20.000013 183.892548
v 123.368324 20.000013 167.711609
v -399.844421 0.000010 136.954025
v -360.058838 0.000009 117.358536
v -353.780426 0.000010 130.070236
v -393.566010 0.000011 149.679413
v -399.844421 20.000010 136.954025
v -393.566010 20.000011 149.679413
v -353.780426 20.000010 130.070236
v -360.058838 20.000010 117.358536
v 118.203094 0.000008 108.308121
v 123.257004 0.000008 110.323898
v 117.991592 0.000009 123.542984
v 112.937683 0.000009 121.540924
v 118.203094 20.000008 108.308121
v 112.937683 20.000010 121.540924
v 117.991592 20.000010 123.542984
v 123.257004 20.000008 110.323898
v 174.786789 0.000010 127.684227
v 177.124496 0.000009 122.336258
v 191.874329 0.000010 128.781250
v 189.536621 0.000010 134.129211
v 174.786789 20.000010 127.684227
v 189.536621 20.000010 134.129211
v 191.874329 20.000010 128.781250
v 177.124496 20.000010 122.336258
v -330.069366 0.000012 152.997894
v -308.651489 0.000011 142.178574
v -302.829468 0.000012 153.710953
v -324.247345 0.000012 164.516556
v -330.069366 20.000011 152.997894
v -324.247345 20.000013 164.516556
v -302.829468 20.000011 153.710953
v -308.651489 20.000011 142.178574
v 187.889099 0.000014 181.437988
v 211.689209 0.000014 191.036850
v 205.388519 0.000016 206.641830
v 181.588409 0.000015 197.042984
v 187.889099 20.000013 181.437988
v 181.588409 20.000015 197.042984
v 205.388519 20.000015 206.641830
v 211.689209 20.000015 191.036850
v -216.111603 0.000018 233.792801
v -201.907227 0.000017 226.771957
v -196.998047 0.000018 236.699875
v -211.202408 0.000018 243.734436
v -216.111603 20.000017 233.792801
v -211.202408 20.000019 243.734436
v -196.998047 20.000017 236.699875
v -201.907227 20.000017 226.771957
v 181.788788 0.000015 200.443726
v 195.314102 0.000016 205.476257
v 191.395660 0.000016 216.021271
v 177.870346 0.000016 210.988739
v 181.788788 20.000015 200.443726
v 177.870346 20.000015 210.988739
v 191.395660 20.000017 216.021271
v 195.314102 20.000015 205.476257
v 110.922798 0.000008 105.716415
v 117.256882 0.000008 108.239563
v 111.969208 0.000009 121.499786
v 105.635124 0.000009 118.990349
v 110.922798 20.000008 105.716415
v 105.635124 20.000010 118.990349
v 111.969208 20.000010 121.499786
v 117.256882 20.000008 108.239563
v -291.252258 0.000006 79.058784
v -286.777222 0.000006 83.254898
v -294.847870 0.000007 91.852806
v -299.322906 0.000007 87.670410
v -291.252258 20.000006 79.058784
v -299.322906 20.000006 87.670410
v -294.847870 20.000008 91.852806
v -286.777222 20.000006 83.254898
v -229.425415 0.000018 239.606934
v -218.081955 0.000018 234.190460
v -213.874084 0.000018 243.007660
v -225.217529 0.000019 248.424133
v -229.425415 20.000017 239.606934
v -225.217529 20.000019 248.424133
v -213.874084 20.000019 243.007660
v -218.081955 20.000017 234.190460
v 81.078049 0.000020 266.250458
v 90.339828 0.000020 264.412994
v 93.712807 0.000021 281.416534
v 84.451027 0.000021 283.254028
v 81.078049 20.000021 266.250458
v 84.451027 20.000021 283.254028
v 93.712807 20.000021 281.416534
v 90.339828 20.000019 264.412994
v 27.377523 0.000018 237.577484
v 44.632046 0.000018 235.863403
v 45.800900 0.000019 247.615082
v 28.546379 0.000019 249.329163
v 27.377523 20.000017 237.577484
v 28.546379 20.000019 249.329163
v 45.800900 20.000019 247.615082
v 44.632046 20.000017 235.863403
v -263.144073 0.000015 192.750931
v -244.787506 0.000017 228.170639
v -252.323822 0.000018 232.078720
v -270.680420 0.000015 196.659027
v -263.144073 20.000015 192.750931
v -270.680420 20.000015 196.659027
v -252.323822 20.000017 232.078720
v -244.787506 20.000017 228.170639
v 92.187729 0.000017 219.778519
v 112.792969 0.000016 217.515945
v 114.618607 0.000018 234.053345
v 94.002235 0.000018 236.315918
v 92.187729 20.000017 219.778519
v 94.002235 20.000017 236.315918
v 114.618607 20.000017 234.053345
v 112.792969 20.000017 217.515945
v 159.725266 0.000018 235.959396
v 165.691986 0.000018 235.177780
v 169.888733 0.000020 267.196625
v 163.922012 0.000020 267.978241
v 159.725266 20.000017 235.959396
v 163.922012 20.000021 267.978241
v 169.888733 20.000021 267.196625
v 165.691986 20.000017 235.177780
v -37.544003 0.000011 150.337631
v -20.244955 0.000012 157.523087
v -26.567902 0.000013 172.744156
v -43.855820 0.000012 165.558716
v -37.544003 21.000011 150.337631
v -43.855820 21.000013 165.558716
v -26.567902 21.000013 172.744156
v -20.244955 21.000011 157.523087
v -207.873962 0.000006 80.635750
v -204.367386 0.000006 76.988152
v -189.261337 0.000006 82.500694
v -167.286865 0.000008 102.699608
v -174.889984 0.000008 110.968399
v -207.873962 20.000006 80.635750
v -174.889984 20.000008 110.968399
v -167.286865 20.000008 102.699608
v -189.261337 20.000006 82.500694
v -204.367386 20.000006 76.988152
v -3.313260 0.000016 214.910538
v 8.620190 0.000017 219.874512
v 7.384543 0.000017 226.168594
v -6.185303 0.000017 229.816147
v -8.623199 0.000017 227.663269
v -3.313260 20.000017 214.910538
v -8.623199 20.000017 227.663269
v -6.185303 20.000017 229.816147
v 7.384543 20.000017 226.168594
v 8.620190 20.000017 219.874512
v 229.288818 0.000011 147.567657
v 226.461304 0.000012 154.259460
v 190.260208 0.000011 139.216629
v 204.731735 0.000008 103.618362
v 219.158737 0.000008 109.405144
v 223.032654 0.000008 110.954681
v 228.375992 0.000009 113.244713
v 233.162735 0.000009 115.274200
v 235.511581 0.000009 120.032524
v 231.147858 0.000011 139.326324
v 229.288818 43.000011 147.567657
v 231.147858 43.000011 139.326324
v 235.511581 43.000008 120.032524
v 233.162735 43.000008 115.274200
v 228.375992 43.000008 113.244713
v 223.032654 43.000008 110.954681
v 219.158737 43.000008 109.405144
v 204.731735 43.000008 103.618362
v 190.260208 43.000011 139.216629
v 226.461304 43.000011 154.259460
v 158.734528 0.000013 165.956390
v 163.009186 0.000012 156.014679
v 166.860840 0.000012 154.465149
v 183.525375 0.000012 161.746582
v 177.992798 0.000013 174.389679
v 158.734528 20.000013 165.956390
v 177.992798 20.000013 174.389679
v 183.525375 20.000011 161.746582
v 166.860840 20.000011 154.465149
v 163.009186 20.000011 156.014679
v 123.735672 0.000019 255.444962
v 121.119667 0.000017 222.740448
v 128.889771 0.000017 221.794281
v 152.355911 0.000018 231.955307
v 154.036835 0.000019 253.031555
v 123.735672 20.000019 255.444962
v 154.036835 20.000019 253.031555
v 152.355911 20.000017 231.955307
v 128.889771 20.000017 221.794281
v 121.119667 20.000017 222.740448
v -13.699368 0.000016 214.622574
v -16.404432 0.000016 214.910538
v -21.369282 0.000015 198.016586
v -18.742142 0.000014 192.037872
v -6.207567 0.000015 197.550354
v -13.699368 20.000015 214.622574
v -6.207567 20.000015 197.550354
v -18.742142 20.000015 192.037872
v -21.369282 20.000015 198.016586
v -16.404432 20.000017 214.910538
v 194.969009 0.000016 207.272614
v 204.642685 0.000016 210.824188
v 203.262314 0.000016 214.581436
v 197.195404 0.000016 217.831329
v 191.818680 0.000016 215.856720
v 194.969009 20.000015 207.272614
v 191.818680 20.000017 215.856720
v 197.195404 20.000017 217.831329
v 203.262314 20.000015 214.581436
v 204.642685 20.000015 210.824188
v 23.459078 0.000013 172.812714
v 15.677845 0.000015 192.970337
v 7.284356 0.000014 189.720428
v 13.841074 0.000013 172.757874
v 18.828186 0.000013 170.728394
v 23.459078 20.000013 172.812714
v 18.828186 20.000013 170.728394
v 13.841074 20.000013 172.757874
v 7.284356 20.000015 189.720428
v 15.677845 20.000015 192.970337
v 43.017914 0.000015 204.804337
v 50.865936 0.000014 184.386215
v 55.897575 0.000014 185.757477
v 57.856800 0.000014 191.023132
v 51.144234 0.000016 207.930817
v 43.017914 20.000015 204.804337
v 51.144234 20.000015 207.930817
v 57.856800 20.000015 191.023132
v 55.897575 20.000013 185.757477
v 50.865936 20.000013 184.386215
v 57.990383 0.000019 245.475922
v 50.309338 0.000019 247.135147
v 47.526352 0.000018 234.231598
v 71.025894 0.000017 229.144226
v 79.141090 0.000020 265.770538
v 63.266926 0.000020 269.294647
v 57.990383 20.000019 245.475922
v 63.266926 20.000021 269.294647
v 79.141090 20.000021 265.770538
v 71.025894 20.000017 229.144226
v 47.526352 20.000017 234.231598
v 50.309338 20.000019 247.135147
v 183.881592 0.000012 163.542953
v 193.733368 0.000013 167.245377
v 189.647949 0.000013 178.119522
v 183.436325 0.000013 175.788376
v 185.428940 0.000013 170.166168
v 181.955765 0.000013 168.657776
v 183.881592 20.000011 163.542953
v 181.955765 20.000013 168.657776
v 185.428940 20.000013 170.166168
v 183.436325 20.000013 175.788376
v 189.647949 20.000013 178.119522
v 193.733368 20.000013 167.245377
v 77.782990 0.000015 195.274048
v 69.467422 0.000016 216.405212
v 62.120338 0.000016 217.378815
v 57.200016 0.000016 215.788147
v 66.350479 0.000015 193.230865
v 70.313454 0.000015 192.106430
v 77.782990 20.000015 195.274048
v 70.313454 20.000015 192.106430
v 66.350479 20.000015 193.230865
v 57.200016 20.000017 215.788147
v 62.120338 20.000017 217.378815
v 69.467422 20.000017 216.405212
v 106.659264 0.000027 360.606140
v 105.123055 0.000026 350.349243
v 122.333046 0.000026 347.455902
v 123.624359 0.000027 355.176025
v 114.240120 0.000027 356.752960
v 114.663139 0.000027 359.289764
v 106.659264 20.000027 360.606140
v 114.663139 20.000027 359.289764
v 114.240120 20.000027 356.752960
v 123.624359 20.000027 355.176025
v 122.333046 20.000027 347.455902
v 105.123055 20.000027 350.349243
v -69.904579 0.000016 209.782028
v -65.062180 0.000018 240.553116
v -76.160736 0.000018 242.294601
v -79.533714 0.000017 220.875534
v -74.836029 0.000017 219.888214
v -76.416771 0.000016 210.810471
v -69.904579 20.000015 209.782028
v -76.416771 20.000015 210.810471
v -74.836029 20.000017 219.888214
v -79.533714 20.000017 220.875534
v -76.160736 20.000019 242.294601
v -65.062180 20.000019 240.553116
v 101.816864 0.000011 147.169998
v 107.839249 0.000011 149.693130
v 127.420349 0.000012 157.865906
v 124.192085 0.000013 165.586136
v 98.599731 0.000012 154.876526
v 101.816864 20.000011 147.169998
v 98.599731 20.000011 154.876526
v 124.192085 20.000013 165.586136
v 127.420349 20.000011 157.865906
v 107.839249 20.000011 149.693130
v 147.179565 0.000007 86.957344
v 141.190567 0.000006 84.557610
v 143.216583 0.000006 79.483879
v 176.122620 0.000007 92.689285
v 162.920135 0.000009 124.873116
v 136.147797 0.000009 113.944061
v 147.179565 20.000006 86.957344
v 136.147797 20.000010 113.944061
v 162.920135 20.000010 124.873116
v 176.122620 20.000008 92.689285
v 143.216583 20.000006 79.483879
v 141.190567 20.000006 84.557610
v 37.674576 0.000015 195.945969
v 35.503845 0.000015 201.033356
v 27.054697 0.000015 197.440659
v 34.223671 0.000014 180.601517
v 49.741608 0.000014 186.676224
v 44.988266 0.000015 198.811920
v 37.674576 20.000015 195.945969
v 44.988266 20.000015 198.811920
v 49.741608 20.000013 186.676224
v 34.223671 20.000013 180.601517
v 27.054697 20.000015 197.440659
v 35.503845 20.000015 201.033356
v -295.415619 0.000012 159.799393
v -286.810608 0.000013 176.501434
v -295.359955 0.000014 180.903198
v -299.311798 0.000013 173.251526
v -295.615967 0.000013 170.975220
v -299.645752 0.000012 161.993423
v -295.415619 20.000011 159.799393
v -299.645752 20.000011 161.993423
v -295.615967 20.000013 170.975220
v -299.311798 20.000013 173.251526
v -295.359955 20.000013 180.903198
v -286.810608 20.000013 176.501434
v 90.273033 0.000012 152.325974
v 101.271400 0.000012 156.974579
v 98.755585 0.000012 164.393143
v 96.061653 0.000012 163.488098
v 92.221130 0.000013 173.690338
v 85.898178 0.000013 171.455170
v 84.328575 0.000013 166.408905
v 90.273033 20.000011 152.325974
v 84.328575 20.000013 166.408905
v 85.898178 20.000013 171.455170
v 92.221130 20.000013 173.690338
v 96.061653 20.000011 163.488098
v 98.755585 20.000013 164.393143
v 101.271400 20.000011 156.974579
v 175.098495 0.000018 241.087906
v 186.864960 0.000018 241.033051
v 190.560760 0.000019 246.600357
v 190.171143 0.000019 256.322571
v 186.976273 0.000020 264.166168
v 176.200546 0.000020 264.221008
v 173.829453 0.000019 256.980774
v 173.718124 0.000019 247.765930
v 175.098495 20.000019 241.087906
v 173.718124 20.000019 247.765930
v 173.829453 20.000019 256.980774
v 176.200546 20.000019 264.221008
v 186.976273 20.000019 264.166168
v 190.171143 20.000019 256.322571
v 190.560760 20.000019 246.600357
v 186.864960 20.000019 241.033051
v -226.965256 0.000012 156.275223
v -213.094833 0.000011 150.365051
v -206.215302 0.000012 155.164505
v -232.275192 0.000013 167.409927
v -234.345734 0.000012 163.008163
v -234.401398 0.000012 163.049301
v -250.932343 0.000011 142.274551
v -241.648285 0.000010 138.201889
v -226.965256 20.000011 156.275223
v -241.648285 20.000010 138.201889
v -250.932343 20.000011 142.274551
v -234.401398 20.000011 163.049301
v -234.345734 20.000011 163.008163
v -232.275192 20.000013 167.409927
v -206.215302 20.000011 155.164505
v -213.094833 20.000011 150.365051
v -242.549973 0.000014 189.473602
v -225.963379 0.000017 221.794281
v -235.625900 0.000017 226.758240
v -240.078690 0.000016 218.105576
v -244.319962 0.000017 220.025345
v -255.941711 0.000015 194.410156
v -246.746719 0.000014 190.241516
v -246.234650 0.000014 191.365952
v -242.549973 20.000013 189.473602
v -246.234650 20.000015 191.365952
v -246.746719 20.000015 190.241516
v -255.941711 20.000015 194.410156
v -244.319962 20.000017 220.025345
v -240.078690 20.000017 218.105576
v -235.625900 20.000017 226.758240
v -225.963379 20.000017 221.794281
v -346.967651 0.000013 176.899094
v -343.872986 0.000014 184.303940
v -348.949158 0.000014 186.415680
v -341.513000 0.000015 200.553421
v -336.614960 0.000015 198.085144
v -329.089752 0.000016 213.086761
v -339.442474 0.000016 217.474808
v -358.055084 0.000014 182.137329
v -346.967651 20.000013 176.899094
v -358.055084 20.000013 182.137329
v -339.442474 20.000017 217.474808
v -329.089752 20.000015 213.086761
v -336.614960 20.000015 198.085144
v -341.513000 20.000015 200.553421
v -348.949158 20.000013 186.415680
v -343.872986 20.000013 184.303940
v -199.825562 0.000008 111.009537
v -186.144394 0.000009 123.186447
v -203.922119 0.000011 143.165878
v -217.970627 0.000010 130.659882
v -219.774017 0.000010 132.593384
v -251.733841 0.000008 103.083565
v -226.998642 0.000006 76.288795
v -195.038818 0.000008 105.812401
v -199.825562 20.000008 111.009537
v -195.038818 20.000008 105.812401
v -226.998642 20.000006 76.288795
v -251.733841 20.000008 103.083565
v -219.774017 20.000010 132.593384
v -217.970627 20.000010 130.659882
v -203.922119 20.000011 143.165878
v -186.144394 20.000010 123.186447
v -354.915863 0.000016 212.154312
v -357.509613 0.000016 213.319885
v -360.537506 0.000016 206.655548
v -364.979156 0.000016 208.986694
v -376.055450 0.000014 187.978928
v -362.084839 0.000014 181.657394
v -342.937897 0.000017 218.859772
v -349.672729 0.000017 222.329071
v -354.915863 20.000015 212.154312
v -349.672729 20.000017 222.329071
v -342.937897 20.000017 218.859772
v -362.084839 20.000013 181.657394
v -376.055450 20.000013 187.978928
v -364.979156 20.000015 208.986694
v -360.537506 20.000015 206.655548
v -357.509613 20.000015 213.319885
v 145.053360 0.000021 284.008209
v 152.567429 0.000021 283.569397
v 153.569305 0.000023 300.243835
v 145.999573 0.000023 300.682648
v 146.144287 0.000023 303.123474
v 131.862000 0.000023 303.932495
v 129.780319 0.000020 267.237762
v 144.051483 0.000020 266.428741
v 145.053360 20.000021 284.008209
v 144.051483 20.000021 266.428741
v 129.780319 20.000021 267.237762
v 131.862000 20.000023 303.932495
v 146.144287 20.000023 303.123474
v 145.999573 20.000023 300.682648
v 153.569305 20.000023 300.243835
v 152.567429 20.000021 283.569397
v -111.437881 0.000019 247.025452
v -98.213127 0.000019 246.271255
v -97.500679 0.000020 258.735992
v -110.725433 0.000020 259.490173
v -111.437881 20.000019 247.025452
v -110.725433 20.000019 259.490173
v -97.500679 20.000019 258.735992
v -98.213127 20.000019 246.271255
v -93.827141 0.000027 353.269989
v -88.762100 0.000027 353.187714
v -88.572861 0.000028 365.995117
v -93.637894 0.000028 366.077393
v -93.827141 20.000027 353.269989
v -93.637894 20.000027 366.077393
v -88.572861 20.000027 365.995117
v -88.762100 20.000027 353.187714
v -127.389961 0.000027 353.023163
v -113.385971 0.000027 352.748901
v -113.118805 0.000028 366.447632
v -127.122795 0.000028 366.721893
v -127.389961 20.000027 353.023163
v -127.122795 20.000029 366.721893
v -113.118805 20.000029 366.447632
v -113.385971 20.000027 352.748901
v -108.565842 0.000027 355.162292
v -94.840149 0.000027 354.819489
v -94.584114 0.000028 364.788452
v -108.309807 0.000028 365.144958
v -108.565842 20.000027 355.162292
v -108.309807 20.000027 365.144958
v -94.584114 20.000027 364.788452
v -94.840149 20.000027 354.819489
v -188.381912 0.000026 349.526489
v -169.813828 0.000026 344.877960
v -164.503876 0.000028 366.104828
v -183.071976 0.000028 370.753357
v -188.381912 20.000027 349.526489
v -183.071976 20.000029 370.753357
v -164.503876 20.000027 366.104828
v -169.813828 20.000027 344.877960
v 165.291245 0.000022 288.067108
v 164.790298 0.000021 281.279419
v 178.749771 0.000021 280.250977
v 179.239578 0.000022 287.038666
v 165.291245 20.000021 288.067108
v 179.239578 20.000021 287.038666
v 178.749771 20.000021 280.250977
v 164.790298 20.000021 281.279419
v -91.745461 0.000024 323.719635
v -76.884308 0.000024 323.335693
v -76.505829 0.000026 338.227417
v -91.355843 0.000026 338.611389
v -91.745461 20.000025 323.719635
v -91.355843 20.000025 338.611389
v -76.505829 20.000025 338.227417
v -76.884308 20.000025 323.335693
v 175.287735 0.000023 302.739502
v 181.866714 0.000023 303.658264
v 179.695984 0.000024 319.112244
v 173.117004 0.000024 318.193512
v 175.287735 20.000023 302.739502
v 173.117004 20.000025 318.193512
v 179.695984 20.000025 319.112244
v 181.866714 20.000023 303.658264
v 162.998062 0.000023 303.644531
v 172.449081 0.000023 303.329163
v 172.716248 0.000024 311.501801
v 163.276352 0.000024 311.817200
v 162.998062 20.000023 303.644531
v 163.276352 20.000023 311.817200
v 172.716248 20.000023 311.501801
v 172.449081 20.000023 303.329163
v 126.752434 0.000023 309.924866
v 137.305527 0.000023 309.335236
v 138.607956 0.000025 332.536743
v 128.054871 0.000025 333.126404
v 126.752434 20.000023 309.924866
v 128.054871 20.000025 333.126404
v 138.607956 20.000025 332.536743
v 137.305527 20.000023 309.335236
v 159.992432 0.000026 339.406708
v 162.174301 0.000025 334.936432
v 171.113251 0.000026 339.296997
v 168.942520 0.000026 343.767273
v 159.992432 20.000025 339.406708
v 168.942520 20.000027 343.767273
v 171.113251 20.000025 339.296997
v 162.174301 20.000025 334.936432
v 174.898117 0.000022 292.098602
v 181.833313 0.000022 291.536377
v 182.579163 0.000023 300.833466
v 175.643951 0.000023 301.395691
v 174.898117 20.000023 292.098602
v 175.643951 20.000023 301.395691
v 182.579163 20.000023 300.833466
v 181.833313 20.000023 291.536377
v 156.541534 0.000026 348.004395
v 158.868103 0.000026 341.134460
v 168.007431 0.000026 344.247192
v 165.669724 0.000027 351.103424
v 156.541534 20.000027 348.004395
v 165.669724 20.000027 351.103424
v 168.007431 20.000027 344.247192
v 158.868103 20.000027 341.134460
v 164.345032 0.000022 291.591248
v 172.961151 0.000022 290.987885
v 173.707001 0.000023 301.903046
v 165.090866 0.000023 302.506409
v 164.345032 20.000023 291.591248
v 165.090866 20.000023 302.506409
v 173.707001 20.000023 301.903046
v 172.961151 20.000023 290.987885
v 163.910873 0.000025 334.963867
v 164.055588 0.000025 329.684570
v 171.825699 0.000025 329.917664
v 171.680984 0.000025 335.183258
v 163.910873 20.000025 334.963867
v 171.680984 20.000025 335.183258
v 171.825699 20.000025 329.917664
v 164.055588 20.000025 329.684570
v -125.608856 0.000019 249.041199
v -112.885033 0.000019 248.067596
v -111.682785 0.000020 263.713654
v -124.395470 0.000020 264.687225
v -125.608856 20.000019 249.041199
v -124.395470 20.000019 264.687225
v -111.682785 20.000019 263.713654
v -112.885033 20.000019 248.067596
v 141.736038 0.000023 308.512482
v 154.181549 0.000023 308.608459
v 153.992310 0.000025 332.015686
v 141.535660 0.000025 331.905975
v 141.736038 20.000023 308.512482
v 141.535660 20.000025 331.905975
v 153.992310 20.000025 332.015686
v 154.181549 20.000023 308.608459
v 163.665970 0.000024 312.297119
v 170.801559 0.000024 312.598816
v 170.122513 0.000025 328.724670
v 162.998062 0.000025 328.423004
v 163.665970 20.000023 312.297119
v 162.998062 20.000025 328.423004
v 170.122513 20.000025 328.724670
v 170.801559 20.000023 312.598816
v -82.383492 0.000026 341.477295
v -80.914078 0.000027 360.921539
v -87.481926 0.000027 361.428894
v -88.951347 0.000026 341.970917
v -82.383492 20.000027 341.477295
v -88.951347 20.000027 341.970917
v -87.481926 20.000027 361.428894
v -80.914078 20.000027 360.921539
v 138.819473 0.000025 333.592621
v 147.068237 0.000025 333.345795
v 147.569183 0.000026 349.553925
v 139.320404 0.000026 349.800751
v 138.819473 20.000025 333.592621
v 139.320404 20.000027 349.800751
v 147.569183 20.000027 349.553925
v 147.068237 20.000025 333.345795
v 128.589203 0.000025 335.718048
v 136.003082 0.000025 334.607330
v 138.006836 0.000026 348.086670
v 130.604080 0.000026 349.197388
v 128.589203 20.000025 335.718048
v 130.604080 20.000027 349.197388
v 138.006836 20.000027 348.086670
v 136.003082 20.000025 334.607330
v -122.391716 0.000025 324.610931
v -102.743828 0.000024 323.513947
v -101.964592 0.000025 332.344788
v -95.552589 0.000025 332.838440
v -94.762222 0.000026 346.934845
v -121.067017 0.000026 348.415771
v -122.391716 20.000025 324.610931
v -121.067017 20.000027 348.415771
v -94.762222 20.000027 346.934845
v -95.552589 20.000025 332.838440
v -101.964592 20.000025 332.344788
v -102.743828 20.000025 323.513947
v -80.758232 0.000026 342.053192
v -74.580002 0.000026 341.737823
v -74.056793 0.000027 352.173004
v -77.541100 0.000027 352.296417
v -77.318459 0.000027 356.177032
v -73.845291 0.000027 356.423859
v -73.566994 0.000027 361.895111
v -79.745224 0.000027 362.210510
v -80.758232 20.000027 342.053192
v -79.745224 20.000027 362.210510
v -73.566994 20.000027 361.895111
v -73.845291 20.000027 356.423859
v -77.318459 20.000027 356.177032
v -77.541100 20.000027 352.296417
v -74.056793 20.000027 352.173004
v -74.580002 20.000027 341.737823
v 381.930115 0.000015 201.595581
v 373.514343 0.000016 216.158386
v 360.412048 0.000020 269.226105
v 378.111847 0.000021 274.052917
v 384.212158 0.000019 247.190002
v 390.100952 0.000019 248.574966
v 395.188263 0.000019 249.767960
v 398.026886 0.000018 238.811615
v 403.370239 0.000016 216.117249
v 388.208527 0.000016 214.677429
v 389.433044 0.000015 195.959686
v 381.930115 18.000015 201.595581
v 373.514343 18.000017 216.158386
v 360.412048 18.000021 269.226105
v 378.111847 18.000021 274.052917
v 384.212158 18.000019 247.190002
v 390.100952 18.000019 248.574966
v 395.188263 18.000019 249.767960
v 398.026886 18.000017 238.811615
v 403.370239 18.000017 216.117249
v 388.208527 18.000015 214.677429
v 389.433044 18.000015 195.959686
v -415.996887 0.000008 110.557014
v -427.062042 0.000009 115.891273
v -422.319824 0.000009 125.723305
v -411.254669 0.000009 120.389053
v -415.996887 20.000008 110.557014
v -427.062042 20.000010 115.891273
v -422.319824 20.000010 125.723305
v -411.254669 20.000010 120.389053
v -449.459503 0.000002 19.929075
v -453.967957 0.000002 22.068281
v -451.285156 0.000002 27.690554
v -453.812103 0.000002 28.897284
v -449.158966 0.000003 38.674541
v -442.123566 0.000003 35.314896
v -449.459503 20.000002 19.929073
v -453.967957 20.000002 22.068279
v -451.285156 20.000002 27.690552
v -453.812103 20.000002 28.897282
v -449.158966 20.000004 38.674541
v -442.123566 20.000002 35.314896
v -278.628632 0.000013 167.903580
v -287.166840 0.000013 171.921402
v -281.723297 0.000014 183.467468
v -273.185089 0.000014 179.449646
v -278.628632 20.000013 167.903580
v -287.166840 20.000013 171.921402
v -281.723297 20.000013 183.467468
v -273.185089 20.000013 179.449646
v -455.303802 -0.000000 -4.562127
v -463.240875 -0.000000 -0.640240
v -456.650757 0.000001 12.688681
v -448.724792 0.000001 8.780511
v -455.303802 20.000000 -4.562129
v -463.240875 20.000000 -0.640242
v -456.650757 20.000002 12.688679
v -448.724792 20.000000 8.780509
v -330.948792 0.000013 167.341370
v -344.385040 0.000013 174.609085
v -339.141907 0.000014 184.303940
v -325.705627 0.000013 177.036224
v -330.948792 20.000013 167.341370
v -344.385040 20.000013 174.609085
v -339.141907 20.000013 184.303940
v -325.705627 20.000013 177.036224
v -408.460541 0.000009 124.735985
v -419.269684 0.000010 129.878265
v -416.097076 0.000010 136.556351
v -405.287933 0.000010 131.414093
v -408.460541 20.000010 124.735985
v -419.269684 20.000010 129.878265
v -416.097076 20.000010 136.556351
v -405.287933 20.000010 131.414093
v -442.257141 0.000010 132.223145
v -451.229492 0.000010 136.542648
v -445.296173 0.000011 148.884079
v -436.312683 0.000011 144.550873
v -442.257141 20.000010 132.223145
v -451.229492 20.000010 136.542648
v -445.296173 20.000011 148.884079
v -436.312683 20.000011 144.550873
v -221.543991 0.000011 141.081558
v -227.666565 0.000011 146.827179
v -223.336227 0.000012 153.916641
v -212.961258 0.000011 147.499100
v -221.543991 20.000011 141.081558
v -227.666565 20.000011 146.827179
v -223.336227 20.000011 153.916641
v -212.961258 20.000011 147.499100
v -337.049103 0.000012 155.932404
v -346.578033 0.000012 160.471313
v -342.370178 0.000013 169.302277
v -332.841217 0.000012 164.777100
v -337.049103 20.000011 155.932404
v -346.578033 20.000011 160.471313
v -342.370178 20.000013 169.302277
v -332.841217 20.000013 164.777100
v -400.122711 0.000001 17.899570
v -414.649902 0.000002 29.418373
v -404.208130 0.000003 42.596416
v -396.560486 0.000003 36.535339
v -401.992889 0.000002 29.678917
v -395.113342 0.000002 24.221201
v -400.122711 20.000002 17.899569
v -414.649902 20.000002 29.418371
v -404.208130 20.000004 42.596416
v -396.560486 20.000002 36.535339
v -401.992889 20.000002 29.678915
v -395.113342 20.000002 24.221199
v -427.718811 0.000010 132.579666
v -438.271912 0.000010 137.557388
v -434.987976 0.000011 144.537155
v -424.423767 0.000011 139.545731
v -427.718811 20.000010 132.579666
v -438.271912 20.000010 137.557388
v -434.987976 20.000011 144.537155
v -424.423767 20.000011 139.545731
v -348.036316 0.000010 135.212509
v -356.162659 0.000010 139.052078
v -351.253448 0.000011 149.460022
v -343.127136 0.000011 145.634171
v -348.036316 20.000010 135.212509
v -356.162659 20.000011 139.052078
v -351.253448 20.000011 149.460022
v -343.127136 20.000011 145.634171
v -410.208252 0.000001 12.071601
v -419.470032 0.000001 16.322592
v -415.707458 0.000002 24.522882
v -404.553223 0.000001 19.394274
v -406.712830 0.000001 14.704473
v -408.594116 0.000001 15.568383
v -410.208252 20.000000 12.071599
v -419.470032 20.000002 16.322590
v -415.707458 20.000002 24.522881
v -404.553223 20.000002 19.394272
v -406.712830 20.000002 14.704471
v -408.594116 20.000002 15.568381
v -435.778351 -0.000000 -4.781533
v -433.563080 -0.000000 -5.974555
v -418.857788 -0.000000 -4.781533
v -418.601746 -0.000000 -3.739353
v -431.370087 0.000000 2.088625
v -432.717072 -0.000000 -1.490439
v -434.576111 -0.000000 -0.749943
v -435.778351 20.000000 -4.781534
v -434.576111 20.000000 -0.749945
v -432.717072 20.000000 -1.490441
v -431.370087 20.000000 2.088624
v -418.601746 20.000000 -3.739354
v -418.857788 20.000000 -4.781534
v -433.563080 20.000000 -5.974556
v -366.270447 0.000013 168.602936
v -378.994263 0.000013 174.828491
v -375.754883 0.000014 181.451706
v -363.031067 0.000013 175.226151
v -366.270447 20.000013 168.602936
v -378.994263 20.000013 174.828491
v -375.754883 20.000013 181.451706
v -363.031067 20.000013 175.226151
v -400.167236 0.000011 140.711304
v -412.545959 0.000011 146.319809
v -406.534729 0.000012 159.593704
v -394.144867 0.000012 153.985214
v -400.167236 20.000011 140.711304
v -412.545959 20.000011 146.319809
v -406.534729 20.000011 159.593704
v -394.144867 20.000011 153.985214
v -297.085388 0.000014 181.835663
v -312.158051 0.000014 188.856537
v -306.491882 0.000015 199.374130
v -292.532440 0.000015 193.107452
v -297.085388 20.000013 181.835663
v -312.158051 20.000013 188.856537
v -306.491882 20.000015 199.374130
v -292.532440 20.000015 193.107452
v -452.209106 0.000003 42.020477
v -468.127808 0.000004 49.219711
v -463.530304 0.000004 59.394627
v -455.159088 0.000004 55.609886
v -451.518921 0.000005 63.659309
v -443.971466 0.000005 60.244820
v -452.209106 20.000004 42.020477
v -468.127808 20.000004 49.219711
v -463.530304 20.000004 59.394627
v -455.159088 20.000004 55.609886
v -451.518921 20.000006 63.659309
v -443.971466 20.000004 60.244820
v -299.990845 0.000012 164.146317
v -313.282379 0.000013 169.672516
v -309.775818 0.000013 177.584732
v -305.668121 0.000013 175.856934
v -305.089264 0.000013 177.063644
v -301.059509 0.000013 175.486694
v -301.638367 0.000013 172.949844
v -297.107666 0.000013 170.934082
v -299.990845 20.000011 164.146317
v -313.282379 20.000013 169.672516
v -309.775818 20.000013 177.584732
v -305.668121 20.000013 175.856934
v -305.089264 20.000013 177.063644
v -301.059509 20.000013 175.486694
v -301.638367 20.000013 172.949844
v -297.107666 20.000013 170.934082
v -452.420624 -0.000000 -3.506234
v -447.589355 0.000001 8.807937
v -434.954590 0.000000 3.583329
v -438.984344 -0.000000 -6.577923
v -449.058777 -0.000000 -2.683460
v -449.904785 -0.000000 -5.000939
v -451.774963 -0.000000 -5.234059
v -452.420624 20.000000 -3.506235
v -447.589355 20.000000 8.807935
v -434.954590 20.000000 3.583328
v -438.984344 20.000000 -6.577924
v -449.058777 20.000000 -2.683461
v -449.904785 20.000000 -5.000940
v -451.774963 20.000000 -5.234060
v -446.798981 0.000009 123.309868
v -458.710175 0.000010 129.096634
v -454.747192 0.000010 137.255707
v -442.835999 0.000010 131.468933
v -446.798981 20.000010 123.309868
v -458.710175 20.000010 129.096634
v -454.747192 20.000010 137.255707
v -442.835999 20.000010 131.468933
v -436.757965 0.000007 88.109222
v -442.112427 0.000007 90.577522
v -441.166199 0.000007 92.607010
v -445.819366 0.000007 94.759918
v -438.149445 0.000008 111.366066
v -428.141846 0.000008 106.758583
v -436.757965 20.000006 88.109222
v -442.112427 20.000008 90.577522
v -441.166199 20.000008 92.607010
v -445.819366 20.000008 94.759918
v -438.149445 20.000008 111.366066
v -428.141846 20.000008 106.758583
v -245.611267 0.000010 127.300270
v -253.937958 0.000010 131.057556
v -250.086304 0.000011 139.586868
v -241.759613 0.000010 135.843292
v -245.611267 20.000010 127.300270
v -253.937958 20.000010 131.057556
v -250.086304 20.000011 139.586868
v -241.759613 20.000010 135.843292
v -404.697937 0.000010 132.250565
v -413.926331 0.000010 136.597488
v -410.787109 0.000011 143.289307
v -401.547607 0.000010 138.942368
v -404.697937 20.000010 132.250565
v -413.926331 20.000010 136.597488
v -410.787109 20.000011 143.289307
v -401.547607 20.000010 138.942368
v -232.675934 0.000010 133.841232
v -238.253052 0.000011 139.134354
v -229.982010 0.000011 147.869339
v -224.393768 0.000011 142.576233
v -232.675934 20.000010 133.841232
v -238.253052 20.000011 139.134354
v -229.982010 20.000011 147.869339
v -224.393768 20.000011 142.576233
v -348.425934 0.000012 160.827835
v -364.968018 0.000013 168.685211
v -360.325989 0.000013 178.462341
v -343.783936 0.000013 170.591263
v -348.425934 20.000011 160.827835
v -364.968018 20.000013 168.685211
v -360.325989 20.000013 178.462341
v -343.783936 20.000013 170.591263
v -416.085938 0.000002 30.227430
v -427.741089 0.000003 37.838058
v -420.772491 0.000004 48.520359
v -409.106201 0.000003 40.909737
v -416.085938 20.000002 30.227428
v -427.741089 20.000002 37.838058
v -420.772491 20.000004 48.520359
v -409.106201 20.000004 40.909737
v -397.028046 0.000003 41.430824
v -404.876068 0.000003 44.927597
v -394.567871 0.000004 59.559177
v -387.354370 0.000004 53.511826
v -397.028046 20.000004 41.430824
v -404.876068 20.000004 44.927597
v -394.567871 20.000004 59.559177
v -387.354370 20.000004 53.511826
v -432.728210 0.000009 116.892303
v -445.418610 0.000009 122.720215
v -439.229248 0.000010 136.213547
v -426.527710 0.000010 130.385635
v -432.728210 20.000010 116.892303
v -445.418610 20.000010 122.720215
v -439.229248 20.000010 136.213547
v -426.527710 20.000010 130.385635
v -283.916290 0.000012 154.917664
v -294.102020 0.000012 159.182312
v -291.474884 0.000012 165.449020
v -290.350555 0.000012 164.982788
v -289.192841 0.000013 167.752747
v -280.131439 0.000012 163.954330
v -283.916290 20.000011 154.917664
v -294.102020 20.000011 159.182312
v -291.474884 20.000013 165.449020
v -290.350555 20.000013 164.982788
v -289.192841 20.000013 167.752747
v -280.131439 20.000011 163.954330
v -433.930450 0.000003 33.943611
v -448.980835 0.000003 40.621765
v -441.555817 0.000004 57.365128
v -426.505432 0.000004 50.686985
v -433.930450 20.000002 33.943611
v -448.980835 20.000004 40.621765
v -441.555817 20.000004 57.365128
v -426.505432 20.000004 50.686985
v -381.810669 0.000003 34.039604
v -394.946350 0.000003 39.634441
v -391.907349 0.000003 46.202888
v -384.137238 0.000003 42.843246
v -377.324493 0.000004 48.671200
v -372.871704 0.000003 43.666016
v -379.116730 0.000003 37.769497
v -378.370880 0.000003 36.946724
v -381.810669 20.000002 34.039604
v -394.946350 20.000004 39.634441
v -391.907349 20.000004 46.202888
v -384.137238 20.000004 42.843246
v -377.324493 20.000004 48.671200
v -372.871704 20.000004 43.666016
v -379.116730 20.000002 37.769497
v -378.370880 20.000002 36.946724
v -428.119568 0.000001 8.780511
v -436.958344 0.000001 13.017790
v -427.629761 0.000002 32.531189
v -417.187988 0.000002 27.539711
v -422.687164 0.000001 16.048334
v -424.290192 0.000001 16.816254
v -428.119568 20.000000 8.780509
v -436.958344 20.000002 13.017788
v -427.629761 20.000002 32.531189
v -417.187988 20.000002 27.539709
v -422.687164 20.000002 16.048332
v -424.290192 20.000002 16.816252
v -468.484009 0.000006 74.039902
v -444.728424 0.000005 63.371342
v -435.021362 0.000006 84.612457
v -459.222229 0.000007 94.074280
v -468.484009 20.000006 74.039902
v -459.222229 20.000008 94.074280
v -435.021362 20.000006 84.612457
v -444.728424 20.000006 63.371342
v -308.773956 0.000014 179.861038
v -315.063507 0.000014 183.110931
v -312.670135 0.000014 187.745804
v -306.380585 0.000014 184.509628
v -308.773956 20.000013 179.861038
v -315.063507 20.000013 183.110931
v -312.670135 20.000013 187.745804
v -306.380585 20.000013 184.509628
v -420.471924 0.000000 3.802735
v -426.371857 0.000001 7.834322
v -420.349457 0.000001 16.048334
v -413.080292 0.000001 12.085314
v -414.649902 0.000001 9.260462
v -415.540466 0.000001 10.069522
v -420.471924 20.000000 3.802734
v -426.371857 20.000000 7.834321
v -420.349457 20.000002 16.048332
v -413.080292 20.000000 12.085312
v -414.649902 20.000000 9.260460
v -415.540466 20.000000 10.069520
v -428.052765 0.000007 86.312843
v -434.320068 0.000007 89.192528
v -427.139954 0.000008 104.852509
v -420.861542 0.000008 101.972832
v -428.052765 20.000006 86.312843
v -434.320068 20.000008 89.192528
v -427.139954 20.000008 104.852509
v -420.861542 20.000008 101.972832
v -453.478149 0.000012 157.481949
v -462.717651 0.000012 161.417480
v -460.880890 0.000013 165.723267
v -459.277893 0.000012 165.037628
v -456.405853 0.000013 171.743134
v -448.780457 0.000013 168.493225
v -453.478149 20.000011 157.481949
v -462.717651 20.000011 161.417480
v -460.880890 20.000013 165.723267
v -459.277893 20.000013 165.037628
v -456.405853 20.000013 171.743134
v -448.780457 20.000013 168.493225
v -357.554138 0.000011 140.354782
v -374.051697 0.000011 147.965332
v -367.684204 0.000012 161.801437
v -351.175537 0.000012 154.190903
v -357.554138 20.000011 140.354782
v -374.051697 20.000011 147.965332
v -367.684204 20.000011 161.801437
v -351.175537 20.000011 154.190903
v -319.961548 -0.000006 -74.456970
v -344.006561 -0.000004 -53.764103
v -334.366302 -0.000003 -42.560623
v -310.321289 -0.000005 -63.239758
v -319.961548 19.999994 -74.456970
v -344.006561 19.999996 -53.764103
v -334.366302 19.999996 -42.560623
v -310.321289 19.999994 -63.239758
v -300.814606 -0.000006 -82.808182
v -309.486389 -0.000006 -74.799797
v -304.989075 -0.000005 -69.917976
v -296.317291 -0.000006 -77.926361
v -300.814606 19.999994 -82.808182
v -309.486389 19.999994 -74.799797
v -304.989075 19.999994 -69.917976
v -296.317291 19.999994 -77.926361
v -288.947937 -0.000007 -89.500122
v -298.198578 -0.000006 -81.066635
v -294.870148 -0.000006 -77.035011
v -292.176208 -0.000006 -79.201668
v -290.161316 -0.000006 -76.513924
v -292.153931 -0.000006 -74.566673
v -284.172333 -0.000005 -64.940170
v -275.066406 -0.000006 -73.455925
v -283.048004 -0.000006 -82.931602
v -285.686279 -0.000006 -80.847221
v -288.046265 -0.000006 -83.233284
v -285.508179 -0.000006 -85.317657
v -288.947937 19.999992 -89.500122
v -298.198578 19.999994 -81.066635
v -294.870148 19.999994 -77.035011
v -292.176208 19.999994 -79.201668
v -290.161316 19.999994 -76.513924
v -292.153931 19.999994 -74.566673
v -284.172333 19.999994 -64.940170
v -275.066406 19.999994 -73.455925
v -283.048004 19.999994 -82.931602
v -285.686279 19.999994 -80.847221
v -288.046265 19.999994 -83.233284
v -285.508179 19.999994 -85.317657
v -360.236938 -0.000004 -50.706116
v -369.565521 -0.000003 -45.700886
v -365.468964 -0.000003 -38.076492
v -356.151520 -0.000003 -43.081715
v -360.236938 19.999996 -50.706116
v -369.565521 19.999996 -45.700886
v -365.468964 19.999996 -38.076492
v -356.151520 19.999996 -43.081715
v -354.259094 -0.000005 -64.391647
v -364.032928 -0.000004 -58.741905
v -358.812042 -0.000004 -49.732494
v -349.038208 -0.000004 -55.382233
v -354.259094 19.999994 -64.391647
v -364.032928 19.999996 -58.741905
v -358.812042 19.999996 -49.732494
v -349.038208 19.999996 -55.382233
v -365.491211 -0.000004 -58.906464
v -372.103607 -0.000004 -55.217674
v -367.962524 -0.000004 -47.812683
v -361.350128 -0.000004 -51.501465
v -365.491211 19.999996 -58.906464
v -372.103607 19.999996 -55.217674
v -367.962524 19.999996 -47.812683
v -361.350128 19.999996 -51.501465
v -327.831848 -0.000007 -89.253288
v -337.928528 -0.000006 -81.916840
v -333.074982 -0.000006 -75.238609
v -322.978302 -0.000006 -82.588776
v -327.831848 19.999992 -89.253288
v -337.928528 19.999994 -81.916840
v -333.074982 19.999994 -75.238609
v -322.978302 19.999994 -82.588776
v -334.867218 -0.000005 -71.522392
v -342.147522 -0.000005 -66.105774
v -338.429443 -0.000005 -61.114250
v -331.149170 -0.000005 -66.530869
v -334.867218 19.999994 -71.522392
v -342.147522 19.999994 -66.105774
v -338.429443 19.999996 -61.114250
v -331.149170 19.999994 -66.530869
v -359.402039 -0.000005 -72.304031
v -365.413300 -0.000005 -68.724945
v -361.339020 -0.000005 -61.895889
v -355.327759 -0.000005 -65.488686
v -359.402039 19.999994 -72.304031
v -365.413300 19.999994 -68.724945
v -361.339020 19.999996 -61.895889
v -355.327759 19.999994 -65.488686
v -305.579071 -0.000005 -62.170147
v -313.093140 -0.000004 -55.231388
v -306.491882 -0.000004 -48.086941
v -298.977814 -0.000004 -55.025696
v -305.579071 19.999996 -62.170147
v -313.093140 19.999996 -55.231388
v -306.491882 19.999996 -48.086941
v -298.977814 19.999996 -55.025696
v -292.231873 -0.000005 -70.548775
v -299.990845 -0.000005 -63.514019
v -291.118683 -0.000004 -53.736675
v -283.359711 -0.000005 -60.757713
v -292.231873 19.999994 -70.548775
v -299.990845 19.999994 -63.514019
v -291.118683 19.999996 -53.736675
v -283.359711 19.999996 -60.757713
v -180.411438 0.000000 6.065361
v -191.365280 0.000001 14.841601
v -181.146149 0.000002 27.594563
v -170.192307 0.000001 18.818333
v -180.411438 20.000000 6.065360
v -191.365280 20.000002 14.841599
v -181.146149 20.000002 27.594561
v -170.192307 20.000002 18.818331
v -323.434723 -0.000006 -80.929504
v -333.542542 -0.000006 -73.442215
v -330.314270 -0.000005 -69.095200
v -320.206451 -0.000006 -76.568771
v -323.434723 19.999994 -80.929504
v -333.542542 19.999994 -73.442215
v -330.314270 19.999994 -69.095200
v -320.206451 19.999994 -76.568771
v -314.328796 -0.000004 -54.216629
v -319.293640 -0.000004 -49.348530
v -312.158051 -0.000003 -42.080669
v -307.193207 -0.000004 -46.948765
v -314.328796 19.999996 -54.216629
v -319.293640 19.999996 -49.348530
v -312.158051 19.999996 -42.080669
v -307.193207 19.999996 -46.948765
v -310.232239 -0.000003 -39.200954
v -316.744415 -0.000002 -32.399338
v -309.553192 -0.000002 -25.515450
v -303.040985 -0.000002 -32.317059
v -310.232239 19.999996 -39.200954
v -316.744415 19.999998 -32.399338
v -309.553192 19.999998 -25.515451
v -303.040985 19.999998 -32.317059
v -341.056610 -0.000006 -81.450600
v -346.900879 -0.000006 -76.939026
v -340.544525 -0.000005 -68.711235
v -334.700256 -0.000006 -73.222801
v -341.056610 19.999994 -81.450600
v -346.900879 19.999994 -76.939026
v -340.544525 19.999994 -68.711235
v -334.700256 19.999994 -73.222801
v -277.671265 -0.000004 -57.727146
v -284.573090 -0.000004 -51.871716
v -277.893921 -0.000003 -44.000481
v -270.992096 -0.000004 -49.855911
v -277.671265 19.999996 -57.727146
v -284.573090 19.999996 -51.871716
v -277.893921 19.999996 -44.000481
v -270.992096 19.999996 -49.855911
v -372.148132 -0.000005 -64.899025
v -376.723358 -0.000005 -62.375843
v -373.261322 -0.000004 -56.095306
v -366.315002 -0.000005 -59.934937
v -367.884583 -0.000005 -62.787231
v -370.255707 -0.000005 -61.470787
v -372.148132 19.999994 -64.899025
v -376.723358 19.999996 -62.375843
v -373.261322 19.999996 -56.095306
v -366.315002 19.999996 -59.934937
v -367.884583 19.999996 -62.787231
v -370.255707 19.999996 -61.470787
v -295.593719 -0.000006 -77.048729
v -304.076263 -0.000005 -69.643715
v -300.146667 -0.000005 -65.145859
v -291.664124 -0.000005 -72.550865
v -295.593719 19.999994 -77.048729
v -304.076263 19.999994 -69.643715
v -300.146667 19.999994 -65.145859
v -291.664124 19.999994 -72.550865
v -184.697235 -0.000013 -172.162415
v -180.778793 -0.000013 -171.600174
v -181.725006 -0.000012 -165.100159
v -185.643448 -0.000013 -165.662399
v -184.697235 19.999987 -172.162415
v -185.643448 19.999987 -165.662399
v -181.725006 19.999987 -165.100159
v -180.778793 19.999987 -171.600174
v 251.107437 0.000008 105.963242
v 262.306183 0.000008 108.006439
v 256.528687 0.000010 134.595444
v 221.463058 0.000017 222.726730
v 212.746735 0.000017 218.996902
v 242.168488 0.000011 151.338654
v 251.107437 20.000008 105.963242
v 242.168488 20.000011 151.338654
v 212.746735 20.000017 218.996902
v 221.463058 20.000017 222.726730
v 256.528687 20.000010 134.595444
v 262.306183 20.000008 108.006439
v 414.491058 0.000021 275.424164
v 411.362976 0.000022 288.670471
v 425.945831 0.000022 292.222015
v 429.240875 0.000021 278.934570
v 414.491058 20.000021 275.424164
v 411.362976 20.000021 288.670471
v 425.945831 20.000023 292.222015
v 429.240875 20.000021 278.934570
v 410.695068 0.000020 267.895966
v 405.663422 0.000022 287.381500
v 410.494690 0.000022 288.629333
v 415.526337 0.000020 269.130096
v 410.695068 20.000021 267.895966
v 405.663422 20.000021 287.381500
v 410.494690 20.000021 288.629333
v 415.526337 20.000021 269.130096
v 402.769104 0.000020 265.797943
v 397.637268 0.000022 285.310913
v 404.906433 0.000022 287.285492
v 410.194122 0.000020 267.813690
v 402.769104 20.000021 265.797943
v 397.637268 20.000021 285.310913
v 404.906433 20.000021 287.285492
v 410.194122 20.000021 267.813690
v 445.003723 0.000021 276.877686
v 442.209595 0.000022 290.178833
v 453.831360 0.000022 293.415009
v 456.235870 0.000021 283.980774
v 453.553070 0.000021 279.455658
v 445.003723 20.000021 276.877686
v 442.209595 20.000021 290.178833
v 453.831360 20.000023 293.415009
v 456.235870 20.000021 283.980774
v 453.553070 20.000021 279.455658
v 431.255768 0.000021 272.914764
v 426.669403 0.000022 291.906616
v 435.263275 0.000022 294.086914
v 436.810608 0.000022 287.655731
v 441.530548 0.000022 288.793884
v 444.558441 0.000021 276.233215
v 431.255768 20.000021 272.914764
v 426.669403 20.000023 291.906616
v 435.263275 20.000023 294.086914
v 436.810608 20.000021 287.655731
v 441.530548 20.000021 288.793884
v 444.558441 20.000021 276.233215
v 436.465515 0.000019 248.355576
v 461.401093 0.000019 253.964005
v 459.441864 0.000020 263.288544
v 452.573456 0.000020 264.934052
v 433.827240 0.000020 260.134674
v 436.465515 37.000019 248.355576
v 433.827240 37.000019 260.134674
v 452.573456 37.000019 264.934052
v 459.441864 37.000019 263.288544
v 461.401093 37.000019 253.964005
v 391.236420 0.000020 261.697906
v 386.026672 0.000021 282.390137
v 396.468414 0.000022 285.022949
v 401.566864 0.000020 264.755798
v 391.236420 20.000019 261.697906
v 386.026672 20.000021 282.390137
v 396.468414 20.000021 285.022949
v 401.566864 20.000019 264.755798
v 436.999847 0.000022 289.397247
v 436.053650 0.000022 294.141754
v 449.066895 0.000022 297.542480
v 450.135559 0.000022 297.487610
v 451.137421 0.000022 296.705994
v 451.638367 0.000022 295.814697
v 453.341553 0.000022 293.634399
v 436.999847 9.000022 289.397247
v 436.053650 9.000022 294.141754
v 449.066895 9.000023 297.542480
v 450.135559 9.000023 297.487610
v 451.137421 9.000022 296.705994
v 451.638367 9.000022 295.814697
v 453.341553 9.000022 293.634399
v 436.754944 0.000018 240.155441
v 446.573334 0.000018 242.418015
v 445.181824 0.000019 248.410416
v 462.113525 0.000019 252.318497
v 464.250854 0.000018 243.089935
v 447.319183 0.000018 239.181854
v 437.500793 0.000018 236.919266
v 436.754944 20.000019 240.155441
v 446.573334 20.000019 242.418015
v 445.181824 20.000019 248.410416
v 462.113525 20.000019 252.318497
v 464.250854 20.000019 243.089935
v 447.319183 20.000017 239.181854
v 437.500793 20.000017 236.919266
v 438.190979 0.000018 234.080765
v 448.198608 0.000018 236.439331
v 465.330658 0.000018 240.470840
v 468.024597 0.000017 229.061951
v 450.881409 0.000017 225.016739
v 449.089142 0.000018 232.640945
v 439.092651 0.000017 230.282379
v 438.190979 20.000017 234.080765
v 448.198608 20.000017 236.439331
v 465.330658 20.000019 240.470840
v 468.024597 20.000017 229.061951
v 450.881409 20.000017 225.016739
v 449.089142 20.000017 232.640945
v 439.092651 20.000017 230.282379
v 420.112701 0.000019 256.487122
v 395.188263 0.000019 249.767960
v 398.026886 0.000018 238.811615
v 403.370239 0.000016 216.117249
v 441.742065 0.000017 219.284866
v 439.092651 0.000017 230.282379
v 438.190979 0.000018 234.080765
v 437.500793 0.000018 236.919266
v 436.754944 0.000018 240.155441
v 432.057281 0.000020 259.613586
v 420.112701 11.000019 256.487122
v 432.057281 11.000020 259.613586
v 436.754944 11.000018 240.155441
v 437.500793 11.000018 236.919266
v 438.190979 11.000018 234.080765
v 439.092651 11.000017 230.282379
v 441.742065 11.000016 219.284866
v 403.370239 11.000016 216.117249
v 398.026886 11.000018 238.811615
v 395.188263 11.000019 249.767960
v 231.793503 0.000007 89.384506
v 223.032654 0.000008 110.954681
v 228.375992 0.000009 113.244713
v 236.903076 0.000007 91.290581
v 231.793503 23.000008 89.384506
v 223.032654 23.000008 110.954681
v 228.375992 23.000008 113.244713
v 236.903076 23.000008 91.290581
v 248.413498 -0.000014 -191.539047
v 268.016876 -0.000015 -193.170898
v 268.161591 -0.000014 -185.285858
v 249.894058 -0.000014 -184.106522
v 249.404251 -0.000014 -188.618149
v 248.413498 17.999985 -191.539047
v 249.404251 17.999987 -188.618149
v 249.894058 17.999987 -184.106522
v 268.161591 17.999987 -185.285858
v 268.016876 17.999985 -193.170898
v 525.821655 -0.000013 -171.655029
v 522.504333 -0.000013 -172.971481
v 517.606323 -0.000013 -175.069580
v 491.757904 -0.000014 -185.875519
v 412.142212 0.000001 8.341699
v 388.676056 0.000006 78.030327
v 386.071198 0.000006 85.750626
v 406.553986 0.000007 92.648148
v 419.700806 0.000007 97.077370
v 430.354095 0.000008 101.232338
v 427.526550 0.000011 146.566635
v 408.001129 0.000011 145.291351
v 406.153229 0.000013 173.320084
v 390.991516 0.000013 172.319061
v 388.208527 0.000016 214.677429
v 403.370239 0.000016 216.117249
v 441.742065 0.000017 219.284866
v 445.638245 0.000017 219.613968
v 445.938812 0.000016 216.898865
v 454.755310 0.000017 219.051758
v 469.683258 0.000017 222.438766
v 474.158295 0.000015 198.702209
v 476.852234 0.000012 165.037628
v 472.688873 0.000012 164.790802
v 472.744537 0.000012 163.940613
v 477.742798 0.000012 164.228592
v 478.343903 0.000012 155.562164
v 472.288147 0.000011 149.734268
v 460.054108 0.000011 148.774384
v 459.864868 0.000011 150.296494
v 459.274872 0.000011 150.255356
v 459.375061 0.000011 148.664673
v 434.595367 0.000011 147.032867
v 437.578705 0.000008 101.712288
v 439.938690 0.000008 101.739716
v 439.404358 0.000008 109.322868
v 438.747559 0.000009 118.757233
v 454.076263 0.000009 119.538864
v 461.467865 0.000009 120.059944
v 462.970703 0.000010 126.820320
v 462.547668 0.000010 132.908768
v 479.067474 0.000010 134.060638
v 479.056366 0.000010 130.495331
v 483.030457 0.000010 130.769592
v 485.112152 0.000008 104.605682
v 489.186432 0.000003 46.312592
v 499.294250 -0.000008 -108.931465
v 525.821655 19.999987 -171.655029
v 522.504333 19.999987 -172.971481
v 517.606323 19.999987 -175.069580
v 491.757904 19.999987 -185.875519
v 412.142212 20.000000 8.341697
v 388.676056 20.000006 78.030327
v 386.071198 20.000006 85.750626
v 406.553986 20.000008 92.648148
v 419.700806 20.000008 97.077370
v 430.354095 20.000008 101.232338
v 427.526550 20.000011 146.566635
v 408.001129 20.000011 145.291351
v 406.153229 20.000013 173.320084
v 390.991516 20.000013 172.319061
v 388.208527 20.000015 214.677429
v 403.370239 20.000017 216.117249
v 441.742065 20.000017 219.284866
v 445.638245 20.000017 219.613968
v 445.938812 20.000017 216.898865
v 454.755310 20.000017 219.051758
v 469.683258 20.000017 222.438766
v 474.158295 20.000015 198.702209
v 476.852234 20.000013 165.037628
v 472.688873 20.000013 164.790802
v 472.744537 20.000011 163.940613
v 477.742798 20.000013 164.228592
v 478.343903 20.000011 155.562164
v 472.288147 20.000011 149.734268
v 460.054108 20.000011 148.774384
v 459.864868 20.000011 150.296494
v 459.274872 20.000011 150.255356
v 459.375061 20.000011 148.664673
v 434.595367 20.000011 147.032867
v 437.578705 20.000008 101.712288
v 439.938690 20.000008 101.739716
v 439.404358 20.000008 109.322868
v 438.747559 20.000010 118.757233
v 454.076263 20.000010 119.538864
v 461.467865 20.000010 120.059944
v 462.970703 20.000010 126.820320
v 462.547668 20.000010 132.908768
v 479.067474 20.000010 134.060638
v 479.056366 20.000010 130.495331
v 483.030457 20.000010 130.769592
v 485.112152 20.000008 104.605682
v 489.186432 20.000004 46.312592
v 499.294250 19.999992 -108.931465
v 101.816864 0.000011 147.169998
v 103.353073 0.000011 143.481277
v 105.067398 0.000011 139.353745
v 111.100914 0.000011 141.876892
v 109.375458 0.000011 146.018127
v 107.839249 0.000011 149.693130
v 101.816864 20.000011 147.169998
v 107.839249 20.000011 149.693130
v 109.375458 20.000011 146.018127
v 111.100914 20.000011 141.876892
v 105.067398 20.000011 139.353745
v 103.353073 20.000011 143.481277
v 219.915710 0.000028 366.886444
v 224.179245 0.000027 358.905792
v 245.686172 0.000028 370.396820
v 241.411514 0.000029 378.377441
v 219.915710 20.000029 366.886444
v 241.411514 20.000029 378.377441
v 245.686172 20.000029 370.396820
v 224.179245 20.000027 358.905792
v -230.950485 -0.000015 -199.314392
v -226.798264 -0.000014 -187.041138
v -231.907837 -0.000014 -185.299576
v -236.071182 -0.000015 -197.586533
v -230.950485 19.999985 -199.314392
v -236.071182 19.999985 -197.586533
v -231.907837 19.999987 -185.299576
v -226.798264 19.999987 -187.041138
v -239.288315 -0.000017 -228.084595
v -232.230667 -0.000016 -207.226868
v -241.102829 -0.000015 -204.223694
v -248.160477 -0.000017 -225.081406
v -239.288315 19.999983 -228.084595
v -248.160477 19.999983 -225.081406
v -241.102829 19.999985 -204.223694
v -232.230667 19.999985 -207.226868
v 119.349686 -0.000009 -122.383949
v 130.136551 -0.000010 -127.800606
v 144.140533 -0.000009 -115.829117
v 140.756424 -0.000008 -104.323891
v 135.413086 -0.000008 -103.418831
v 129.468628 -0.000008 -104.488441
v 124.704155 -0.000008 -107.080208
v 120.885895 -0.000008 -111.331245
v 118.759697 -0.000009 -116.624474
v 119.349686 19.999990 -122.383949
v 118.759697 19.999990 -116.624474
v 120.885895 19.999992 -111.331245
v 124.704155 19.999992 -107.080208
v 129.468628 19.999992 -104.488441
v 135.413086 19.999992 -103.418831
v 140.756424 19.999992 -104.323891
v 144.140533 19.999990 -115.829117
v 130.136551 19.999990 -127.800606
v 181.855576 -0.000011 -150.358597
v 183.213684 -0.000011 -146.683487
v 184.104233 -0.000011 -140.498901
v 183.881592 -0.000010 -134.643417
v 182.222931 -0.000010 -128.403976
v 179.952011 -0.000009 -123.864960
v 174.196793 -0.000010 -126.991531
v 176.489975 -0.000010 -132.339630
v 177.458466 -0.000010 -137.797424
v 177.191299 -0.000011 -143.625473
v 175.844330 -0.000011 -148.383911
v 181.855576 19.999989 -150.358597
v 175.844330 19.999989 -148.383911
v 177.191299 19.999989 -143.625473
v 177.458466 19.999990 -137.797424
v 176.489975 19.999990 -132.339630
v 174.196793 19.999990 -126.991531
v 179.952011 19.999990 -123.864960
v 182.222931 19.999990 -128.403976
v 183.881592 19.999990 -134.643417
v 184.104233 19.999989 -140.498901
v 183.213684 19.999989 -146.683487
v 221.329468 -0.000010 -129.514740
v 227.118088 -0.000010 -130.049545
v 227.897324 -0.000009 -121.670876
v 222.119843 -0.000009 -121.136063
v 221.329468 19.999990 -129.514740
v 222.119843 19.999990 -121.136063
v 227.897324 19.999990 -121.670876
v 227.118088 19.999990 -130.049545
v -172.797180 -0.000005 -68.971779
v -177.060715 -0.000005 -66.160622
v -184.808563 -0.000006 -77.926361
v -180.556152 -0.000006 -80.737518
v -172.797180 19.999994 -68.971779
v -180.556152 19.999994 -80.737518
v -184.808563 19.999994 -77.926361
v -177.060715 19.999994 -66.160622
v -137.787201 -0.000001 -17.616810
v -134.647995 -0.000001 -13.242393
v -141.516403 -0.000001 -8.319461
v -144.655624 -0.000001 -12.693876
v -137.787201 19.999998 -17.616812
v -144.655624 19.999998 -12.693878
v -141.516403 20.000000 -8.319463
v -134.647995 19.999998 -13.242394
v -116.736687 -0.000002 -30.452103
v -120.321175 -0.000002 -22.388905
v -124.005852 -0.000002 -24.034454
v -120.421364 -0.000002 -32.097652
v -116.736687 19.999998 -30.452105
v -120.421364 19.999998 -32.097652
v -124.005852 19.999998 -24.034456
v -120.321175 19.999998 -22.388906
v -280.387482 0.000020 270.652191
v -371.970032 0.000023 308.882721
v -396.838806 0.000019 257.378448
v -378.860687 0.000019 249.315445
v -362.775024 0.000021 283.994507
v -335.535156 0.000020 270.994995
v -336.648346 0.000020 268.773590
v -350.340637 0.000021 274.669983
v -365.301971 0.000018 242.459152
v -349.271973 0.000018 233.984772
v -332.874603 0.000020 269.898010
v -290.840363 0.000019 250.083359
v -280.387482 20.000021 270.652191
v -290.840363 20.000019 250.083359
v -332.874603 20.000021 269.898010
v -349.271973 20.000017 233.984772
v -365.301971 20.000019 242.459152
v -350.340637 20.000021 274.669983
v -336.648346 20.000021 268.773590
v -335.535156 20.000021 270.994995
v -362.775024 20.000021 283.994507
v -378.860687 20.000019 249.315445
v -396.838806 20.000019 257.378448
v -371.970032 20.000023 308.882721
v -393.788635 0.000022 295.581573
v -436.501923 0.000024 314.587128
v -451.463257 0.000021 284.131622
v -442.824860 0.000021 280.388092
v -438.372101 0.000022 289.465790
v -413.792755 0.000021 278.043243
v -417.533081 0.000020 268.828430
v -408.059784 0.000020 264.371857
v -393.788635 20.000023 295.581573
v -408.059784 20.000019 264.371857
v -417.533081 20.000021 268.828430
v -413.792755 20.000021 278.043243
v -438.372101 20.000021 289.465790
v -442.824860 20.000021 280.388092
v -451.463257 20.000021 284.131622
v -436.501923 20.000023 314.587128
v -348.058594 0.000027 359.906799
v -358.589417 0.000026 339.379272
v -262.565216 0.000022 296.239777
v -254.015884 0.000024 313.037598
v -330.169556 0.000026 347.675323
v -329.612946 0.000026 350.431519
v -348.058594 20.000027 359.906799
v -329.612946 20.000027 350.431519
v -330.169556 20.000027 347.675323
v -254.015884 20.000023 313.037598
v -262.565216 20.000023 296.239777
v -358.589417 20.000025 339.379272
v -419.447784 0.000027 360.894104
v -423.466400 0.000027 353.187714
v -406.690552 0.000026 345.481323
v -402.315704 0.000027 353.503113
v -419.447784 20.000027 360.894104
v -402.315704 20.000027 353.503113
v -406.690552 20.000027 345.481323
v -423.466400 20.000027 353.187714
v -423.878296 0.000026 350.582336
v -427.896942 0.000026 342.875946
v -411.121094 0.000025 335.183258
v -406.757355 0.000026 343.205048
v -423.878296 20.000027 350.582336
v -406.757355 20.000027 343.205048
v -411.121094 20.000025 335.183258
v -427.896942 20.000027 342.875946
v -428.308807 0.000026 340.407715
v -432.327454 0.000025 332.701294
v -415.551605 0.000025 325.008606
v -411.187866 0.000025 333.030396
v -428.308807 20.000025 340.407715
v -411.187866 20.000025 333.030396
v -415.551605 20.000025 325.008606
v -432.327454 20.000025 332.701294
v -434.130829 0.000025 328.806946
v -438.149445 0.000024 321.100555
v -421.373596 0.000024 313.407837
v -417.009888 0.000024 321.429657
v -434.130829 20.000025 328.806946
v -417.009888 20.000025 321.429657
v -421.373596 20.000023 313.407837
v -438.149445 20.000025 321.100555
v -467.448730 0.000026 341.559540
v -471.467377 0.000025 333.853149
v -454.691528 0.000025 326.160461
v -450.327820 0.000025 334.168549
v -467.448730 20.000027 341.559540
v -450.327820 20.000025 334.168549
v -454.691528 20.000025 326.160461
v -471.467377 20.000025 333.853149
v -413.024658 0.000024 319.482483
v -417.065552 0.000024 311.666351
v -404.909454 0.000023 305.591705
v -400.712708 0.000024 314.038605
v -413.024658 20.000025 319.482483
v -400.712708 20.000023 314.038605
v -404.909454 20.000023 305.591705
v -417.065552 20.000023 311.666351
v -398.174622 0.000024 312.941620
v -402.226654 0.000023 305.139191
v -390.059448 0.000023 299.050842
v -385.862701 0.000023 307.497742
v -398.174622 20.000023 312.941620
v -385.862701 20.000023 307.497742
v -390.059448 20.000023 299.050842
v -402.226654 20.000023 305.139191
v -377.446930 0.000018 235.520584
v -381.487823 0.000017 227.704407
v -369.331757 0.000017 221.629730
v -365.135010 0.000017 230.076691
v -377.446930 20.000017 235.520584
v -365.135010 20.000017 230.076691
v -369.331757 20.000017 221.629730
v -381.487823 20.000017 227.704407
v 80.298813 0.000000 1.882931
v 73.252289 0.000002 22.068281
v 96.707306 0.000002 32.064953
v 104.744568 0.000001 11.893333
v 80.298813 20.000000 1.882929
v 73.252289 20.000002 22.068279
v 96.707306 20.000002 32.064953
v 104.744568 20.000000 11.893332
v 107.427368 0.000001 9.137046
v 112.926552 -0.000000 -5.494604
v 108.974709 -0.000001 -7.592677
v 107.761330 -0.000000 -5.275198
v 94.770340 -0.000001 -10.115850
v 89.271164 0.000000 2.650853
v 107.427368 20.000000 9.137044
v 112.926552 20.000000 -5.494606
v 108.974709 20.000000 -7.592679
v 107.761330 20.000000 -5.275199
v 94.770340 20.000000 -10.115852
v 89.271164 20.000000 2.650851
v 205.377396 -0.000015 -200.603424
v 205.666824 -0.000014 -188.823837
v 218.713470 -0.000014 -189.139252
v 218.424026 -0.000015 -200.905106
v 205.377396 19.999985 -200.603424
v 205.666824 19.999987 -188.823837
v 218.713470 19.999987 -189.139252
v 218.424026 19.999985 -200.905106
v 399.685547 0.000001 10.631749
v 393.718842 0.000001 6.723579
v 371.755493 0.000003 40.484638
v 386.082306 0.000004 49.891640
v 399.685547 13.700001 10.631748
v 393.718842 13.700001 6.723578
v 371.755493 13.700003 40.484638
v 386.082306 13.700004 49.891640
v 382.553497 0.000005 65.688805
v 375.974518 0.000005 62.809116
v 375.028290 0.000005 62.589710
v 353.877594 0.000008 110.844978
v 361.324860 0.000009 114.136040
v 382.553497 11.500005 65.688805
v 375.974518 11.500005 62.809116
v 375.028290 11.500005 62.589710
v 353.877594 11.500009 110.844978
v 361.324860 11.500009 114.136040
v 348.166901 0.000009 123.584122
v 345.751282 0.000010 129.672577
v 347.933136 0.000010 130.550186
v 347.554657 0.000010 131.482651
v 353.287598 0.000010 133.772675
v 356.070587 0.000010 126.738045
v 348.166901 6.300010 123.584122
v 345.751282 6.300010 129.672577
v 347.933136 6.300010 130.550186
v 347.554657 6.300010 131.482651
v 353.287598 6.300010 133.772675
v 356.070587 6.300010 126.738045
v 354.367401 0.000009 113.806938
v 352.964783 0.000009 116.988289
v 356.961151 0.000009 118.757233
v 358.352631 0.000009 115.575882
v 354.367401 3.400009 113.806938
v 352.964783 3.400009 116.988289
v 356.961151 3.400009 118.757233
v 358.352631 3.400009 115.575882
v 355.870209 0.000008 102.603615
v 352.341370 0.000008 101.163780
v 349.680847 0.000008 107.759613
v 353.209686 0.000008 109.199455
v 355.870209 2.980008 102.603615
v 352.341370 2.980008 101.163780
v 349.680847 2.980008 107.759613
v 353.209686 2.980008 109.199455
v 356.693970 0.000008 100.341011
v 358.141113 0.000007 97.104797
v 354.801544 0.000007 95.596397
v 353.354401 0.000007 98.832603
v 356.693970 3.030008 100.341011
v 358.141113 3.030007 97.104797
v 354.801544 3.030007 95.596397
v 353.354401 3.030007 98.832603
v 332.582184 0.000012 160.622147
v 339.973785 0.000012 163.542953
v 350.315369 0.000010 137.118576
v 342.934875 0.000010 134.197769
v 332.582184 10.300013 160.622147
v 339.973785 10.300013 163.542953
v 350.315369 10.300011 137.118576
v 342.934875 10.300011 134.197769
v 297.227112 0.000017 221.012650
v 302.603821 0.000017 224.043137
v 310.574310 0.000016 209.795731
v 305.197571 0.000016 206.765244
v 297.227112 10.300016 221.012650
v 302.603821 10.300017 224.043137
v 310.574310 10.300016 209.795731
v 305.197571 10.300015 206.765244
v 307.123413 0.000018 240.937057
v 312.900879 0.000017 230.529205
v 302.648346 0.000017 224.811050
v 296.893158 0.000018 235.218918
v 307.123413 9.600019 240.937057
v 312.900879 9.600018 230.529205
v 302.648346 9.600018 224.811050
v 296.893158 9.600019 235.218918
v 294.755798 0.000011 150.927277
v 287.898529 0.000013 167.409927
v 293.753937 0.000013 169.878204
v 300.622345 0.000012 153.395554
v 294.755798 5.000011 150.927277
v 287.898529 5.000013 167.409927
v 293.753937 5.000013 169.878204
v 300.622345 5.000011 153.395554
v 310.407318 0.000008 107.403084
v 297.917267 0.000010 137.406540
v 308.737549 0.000011 141.945450
v 321.227570 0.000008 111.942001
v 310.407318 5.500008 107.403084
v 297.917267 5.500010 137.406540
v 308.737549 5.500010 141.945450
v 321.227570 5.500009 111.942001
v 159.747528 0.000013 168.109268
v 155.072113 0.000014 179.751328
v 166.359909 0.000014 184.317642
v 167.395172 0.000014 181.753372
v 184.794418 0.000014 188.801682
v 188.434570 0.000014 179.737625
v 159.747528 29.300013 168.109268
v 155.072113 29.300013 179.751328
v 166.359909 29.300013 184.317642
v 167.395172 29.300013 181.753372
v 184.794418 29.300013 188.801682
v 188.434570 29.300013 179.737625
v 171.536270 0.000015 204.872894
v 177.291489 0.000016 207.190338
v 179.573532 0.000015 201.472168
v 176.846207 0.000015 200.375153
v 179.061462 0.000015 194.807831
v 181.844452 0.000015 195.932266
v 183.825943 0.000014 190.981995
v 172.571533 0.000014 186.443115
v 166.048218 0.000015 202.802292
v 167.161407 0.000015 203.254807
v 166.927643 0.000015 203.844452
v 171.246826 0.000016 205.572250
v 171.536270 27.800014 204.872894
v 177.291489 27.800014 207.190338
v 179.573532 27.800014 201.472168
v 176.846207 27.800014 200.375153
v 179.061462 27.800014 194.807831
v 181.844452 27.800014 195.932266
v 183.825943 27.800014 190.981995
v 172.571533 27.800013 186.443115
v 166.048218 27.800014 202.802292
v 167.161407 27.800014 203.254807
v 166.927643 27.800014 203.844452
v 171.246826 27.800014 205.572250
v 171.235703 0.000014 188.157196
v 166.181793 0.000014 186.113998
v 159.647339 0.000015 202.377197
v 164.701248 0.000015 204.420380
v 171.235703 12.100015 188.157196
v 166.181793 12.100015 186.113998
v 159.647339 12.100016 202.377197
v 164.701248 12.100016 204.420380
v 154.437592 0.000015 199.758087
v 158.979431 0.000015 201.595581
v 165.012939 0.000014 186.566528
v 160.471100 0.000014 184.729019
v 154.437592 11.900015 199.758087
v 158.979431 11.900015 201.595581
v 165.012939 11.900014 186.566528
v 160.471100 11.900014 184.729019
v 157.187180 0.000014 190.707748
v 160.126022 0.000014 183.727997
v 152.712143 0.000014 180.560379
v 149.773300 0.000014 187.540115
v 157.187180 6.800014 190.707748
v 160.126022 6.800014 183.727997
v 152.712143 6.800014 180.560379
v 149.773300 6.800014 187.540115
v 153.535904 0.000015 200.155762
v 156.986801 0.000014 191.585358
v 149.183304 0.000014 188.431442
v 147.435593 0.000015 192.778351
v 149.650848 0.000015 198.578796
v 153.535904 6.600015 200.155762
v 156.986801 6.600014 191.585358
v 149.183304 6.600014 188.431442
v 147.435593 6.600015 192.778351
v 149.650848 6.600015 198.578796
v 152.723267 0.000011 148.637253
v 151.665741 0.000011 145.277649
v 148.949539 0.000011 144.084641
v 144.307510 0.000012 155.219345
v 149.116516 0.000012 157.111694
v 152.723267 14.900011 148.637253
v 151.665741 14.900011 145.277649
v 148.949539 14.900010 144.084641
v 144.307510 14.900011 155.219345
v 149.116516 14.900011 157.111694
v 108.562828 0.000001 10.755165
v 107.137939 0.000001 10.165512
v 97.942947 0.000002 32.339211
v 103.097038 0.000003 34.492126
v 118.336678 -0.000000 -2.299500
v 114.618607 -0.000000 -3.849056
v 108.562828 2.970001 10.755165
v 107.137939 2.970001 10.165512
v 97.942947 2.970002 32.339211
v 103.097038 2.970003 34.492126
v 118.336678 2.970000 -2.299500
v 114.618607 2.970000 -3.849056
v 187.076462 0.000021 275.862976
v 186.274963 0.000021 277.741577
v 191.195282 0.000021 279.908173
v 193.622055 0.000021 274.382019
v 184.950256 0.000020 270.556213
v 183.336136 0.000021 274.217468
v 187.076462 4.200021 275.862976
v 186.274963 4.200021 277.741577
v 191.195282 4.200021 279.908173
v 193.622055 4.200020 274.382019
v 184.950256 4.200020 270.556213
v 183.336136 4.200020 274.217468
v 194.946747 0.000019 257.899506
v 191.763016 0.000019 256.569397
v 188.935501 0.000020 263.507965
v 191.818680 0.000020 264.700958
v 190.861328 0.000020 267.059509
v 194.957886 0.000020 268.746155
v 198.508972 0.000020 260.038666
v 194.712982 0.000020 258.475433
v 194.946747 3.020020 257.899506
v 191.763016 3.020019 256.569397
v 188.935501 3.020020 263.507965
v 191.818680 3.020020 264.700958
v 190.861328 3.020020 267.059509
v 194.957886 3.020020 268.746155
v 198.508972 3.020020 260.038666
v 194.712982 3.020020 258.475433
v 108.562828 0.000020 259.682159
v 108.395851 0.000020 258.571442
v 104.343819 0.000020 259.202209
v 105.512672 0.000020 266.689270
v 116.611229 0.000020 264.934052
v 115.609352 0.000020 258.571442
v 108.562828 9.100020 259.682159
v 108.395851 9.100019 258.571442
v 104.343819 9.100020 259.202209
v 105.512672 9.100020 266.689270
v 116.611229 9.100020 264.934052
v 115.609352 9.100019 258.571442
v 119.550064 0.000022 284.817261
v 119.260628 0.000021 282.828918
v 108.217735 0.000021 284.419586
v 109.241875 0.000022 291.673523
v 119.282898 0.000022 290.219971
v 118.525925 0.000022 284.968079
v 119.550064 6.700021 284.817261
v 119.260628 6.700021 282.828918
v 108.217735 6.700021 284.419586
v 109.241875 6.700022 291.673523
v 119.282898 6.700022 290.219971
v 118.525925 6.700021 284.968079
v 119.260628 0.000023 299.366241
v 118.759697 0.000022 292.386566
v 106.236252 0.000022 293.305298
v 106.792847 0.000023 301.148865
v 109.586967 0.000023 300.956879
v 109.664894 0.000023 301.861908
v 118.180832 0.000023 301.244843
v 118.058380 0.000023 299.462219
v 119.260628 7.100022 299.366241
v 118.759697 7.100022 292.386566
v 106.236252 7.100022 293.305298
v 106.792847 7.100023 301.148865
v 109.586967 7.100023 300.956879
v 109.664894 7.100023 301.861908
v 118.180832 7.100023 301.244843
v 118.058380 7.100022 299.462219
v 102.507050 0.000023 304.467285
v 101.460648 0.000022 297.048828
v 94.302803 0.000023 298.063538
v 95.349205 0.000023 305.495728
v 102.507050 9.500023 304.467285
v 101.460648 9.500023 297.048828
v 94.302803 9.500023 298.063538
v 95.349205 9.500023 305.495728
v 106.881905 0.000022 291.111298
v 105.935692 0.000021 284.611572
v 93.768471 0.000022 286.394196
v 95.349205 0.000022 297.336792
v 105.746445 0.000022 295.814697
v 105.167587 0.000022 291.412964
v 106.881905 9.000022 291.111298
v 105.935692 9.000022 284.611572
v 93.768471 9.000022 286.394196
v 95.349205 9.000023 297.336792
v 105.746445 9.000022 295.814697
v 105.167587 9.000022 291.412964
v 79.241272 0.000021 278.372345
v 76.614136 0.000020 266.785248
v 65.727089 0.000020 269.280945
v 68.654793 0.000021 282.157013
v 77.148468 0.000021 280.209839
v 76.892433 0.000021 278.852295
v 79.241272 12.000021 278.372345
v 76.614136 12.000020 266.785248
v 65.727089 12.000020 269.280945
v 68.654793 12.000021 282.157013
v 77.148468 12.000021 280.209839
v 76.892433 12.000021 278.852295
v 64.914459 0.000022 285.544006
v 64.513702 0.000021 284.529297
v 55.007023 0.000022 286.243347
v 56.064556 0.000022 292.153442
v 76.202255 0.000022 288.547058
v 75.868294 0.000022 286.641022
v 71.549095 0.000022 285.804565
v 67.263298 0.000022 286.545013
v 67.107452 0.000022 285.160065
v 64.914459 7.200021 285.544006
v 64.513702 7.200021 284.529297
v 55.007023 7.200021 286.243347
v 56.064556 7.200022 292.153442
v 76.202255 7.200022 288.547058
v 75.868294 7.200021 286.641022
v 71.549095 7.200021 285.804565
v 67.263298 7.200021 286.545013
v 67.107452 7.200021 285.160065
v 65.459923 0.000021 280.799469
v 63.890316 0.000020 270.076263
v 56.765869 0.000020 271.132141
v 58.335472 0.000021 281.855347
v 65.459923 7.400021 280.799469
v 63.890316 7.400021 270.076263
v 56.765869 7.400021 271.132141
v 58.335472 7.400022 281.855347
v 56.509834 0.000021 282.499817
v 55.040417 0.000020 271.255554
v 47.771255 0.000021 272.215424
v 49.251804 0.000021 283.459717
v 56.509834 6.900022 282.499817
v 55.040417 6.900021 271.255554
v 47.771255 6.900021 272.215424
v 49.251804 6.900022 283.459717
v 47.314846 0.000021 283.500854
v 46.034672 0.000021 272.859924
v 38.798904 0.000021 273.723816
v 40.079079 0.000021 284.364746
v 47.314846 7.000021 283.500854
v 46.034672 7.000021 272.859924
v 38.798904 7.000021 273.723816
v 40.079079 7.000021 284.364746
v 53.426285 0.000022 292.825378
v 52.301956 0.000022 286.298187
v 40.357376 0.000022 288.355072
v 41.470570 0.000022 294.895966
v 53.426285 9.100022 292.825378
v 52.301956 9.100022 286.298187
v 40.357376 9.100022 288.355072
v 41.470570 9.100022 294.895966
v 40.646809 0.000022 294.909668
v 38.643055 0.000021 284.529297
v 33.188400 0.000022 285.585144
v 35.181019 0.000022 295.965546
v 40.646809 9.800022 294.909668
v 38.643055 9.800022 284.529297
v 33.188400 9.800022 285.585144
v 35.181019 9.800022 295.965546
v 39.143993 0.000021 281.581085
v 37.841557 0.000021 274.094055
v 25.819050 0.000021 276.219482
v 27.756010 0.000022 287.312927
v 32.809914 0.000022 286.435333
v 32.175392 0.000021 282.801514
v 39.143993 8.100021 281.581085
v 37.841557 8.100021 274.094055
v 25.819050 8.100021 276.219482
v 27.756010 8.100022 287.312927
v 32.809914 8.100022 286.435333
v 32.175392 8.100021 282.801514
v 32.398033 0.000020 263.206268
v 31.396156 0.000019 255.582092
v 25.062078 0.000019 256.418549
v 26.052822 0.000020 264.042755
v 32.398033 6.800020 263.206268
v 31.396156 6.800019 255.582092
v 25.062078 6.800020 256.418549
v 26.052822 6.800020 264.042755
v 22.724369 0.000018 233.943634
v 22.056452 0.000017 229.994415
v 15.310491 0.000017 231.159988
v 16.969151 0.000018 240.854782
v 25.830183 0.000018 239.318970
v 24.839439 0.000018 233.559692
v 22.724369 10.300018 233.943634
v 22.056452 10.300017 229.994415
v 15.310491 10.300017 231.159988
v 16.969151 10.300018 240.854782
v 25.830183 10.300018 239.318970
v 24.839439 10.300017 233.559692
v 15.009928 0.000018 241.334732
v 13.406927 0.000018 231.955307
v 3.866847 0.000018 233.600830
v 5.547771 0.000018 243.542450
v 6.338140 0.000018 243.802994
v 8.108120 0.000018 244.488617
v 13.039573 0.000018 243.515030
v 12.772407 0.000018 241.718674
v 15.009928 11.800018 241.334732
v 13.406927 11.800017 231.955307
v 3.866847 11.800017 233.600830
v 5.547771 11.800018 243.542450
v 6.338140 11.800018 243.802994
v 8.108120 11.800018 244.488617
v 13.039573 11.800018 243.515030
v 12.772407 11.800018 241.718674
v 22.958139 0.000020 264.618683
v 22.256826 0.000019 256.843658
v 16.145388 0.000019 257.405853
v 16.846701 0.000020 265.167175
v 22.958139 9.200020 264.618683
v 22.256826 9.200019 256.843658
v 16.145388 9.200019 257.405853
v 16.846701 9.200020 265.167175
v 24.171522 0.000021 274.546570
v 22.958139 0.000020 266.689270
v 17.614803 0.000020 267.525726
v 18.839319 0.000021 275.383026
v 24.171522 7.700020 274.546570
v 22.958139 7.700020 266.689270
v 17.614803 7.700020 267.525726
v 18.839319 7.700021 275.383026
v 4.890986 0.000024 316.767395
v 3.243458 0.000023 307.442902
v -1.966294 0.000023 308.361633
v -0.630460 0.000024 315.821228
v 0.137644 0.000024 315.684113
v 0.471603 0.000024 317.562714
v 4.890986 9.300024 316.767395
v 3.243458 9.300023 307.442902
v -1.966294 9.300023 308.361633
v -0.630460 9.300024 315.821228
v 0.137644 9.300024 315.684113
v 0.471603 9.300024 317.562714
v 8.263967 0.000023 306.318481
v 7.150772 0.000023 300.134125
v -0.207446 0.000023 301.464264
v 0.894617 0.000023 307.648590
v 8.263967 9.100023 306.318481
v 7.150772 9.100023 300.134125
v -0.207446 9.100023 301.464264
v 0.894617 9.100023 307.648590
v 121.553810 0.000024 317.411896
v 121.164192 0.000023 307.223511
v 112.514671 0.000023 307.552612
v 112.904289 0.000024 317.740997
v 121.553810 7.800024 317.411896
v 121.164192 7.800024 307.223511
v 112.514671 7.800024 307.552612
v 112.904289 7.800024 317.740997
v 122.054749 0.000025 328.162476
v 121.620605 0.000024 318.385468
v 113.249382 0.000024 318.755707
v 113.672394 0.000025 328.532715
v 122.054749 9.000025 328.162476
v 121.620605 9.000024 318.385468
v 113.249382 9.000024 318.755707
v 113.672394 9.000025 328.532715
v 112.069389 0.000025 327.092896
v 111.345818 0.000024 316.753693
v 103.408737 0.000024 317.302185
v 104.121178 0.000025 327.655121
v 112.069389 9.200025 327.092896
v 111.345818 9.200024 316.753693
v 103.408737 9.200024 317.302185
v 104.121178 9.200025 327.655121
v 111.946938 0.000024 315.190460
v 111.412605 0.000023 308.539917
v 101.293663 0.000023 309.376373
v 101.827995 0.000024 316.026917
v 111.946938 9.700024 315.190460
v 111.412605 9.700023 308.539917
v 101.293663 9.700023 309.376373
v 101.827995 9.700024 316.026917
v 102.317802 0.000025 328.779541
v 100.236130 0.000024 312.475403
v 95.404861 0.000024 313.092438
v 97.475410 0.000025 329.396606
v 102.317802 12.400024 328.779541
v 100.236130 12.400023 312.475403
v 95.404861 12.400023 313.092438
v 97.475410 12.400024 329.396606
v 94.992981 0.000024 317.480438
v 93.957710 0.000023 310.459656
v 85.998367 0.000024 311.652649
v 87.033638 0.000024 318.673431
v 94.992981 12.000024 317.480438
v 93.957710 12.000024 310.459656
v 85.998367 12.000024 311.652649
v 87.033638 12.000024 318.673431
v 96.696167 0.000025 328.450439
v 95.594109 0.000024 320.716583
v 88.647774 0.000024 321.717621
v 89.749832 0.000025 329.437744
v 96.696167 9.600025 328.450439
v 95.594109 9.600024 320.716583
v 88.647774 9.600024 321.717621
v 89.749832 9.600025 329.437744
v 86.343460 0.000025 331.096954
v 85.018753 0.000024 322.663757
v 78.484299 0.000024 323.733337
v 78.684677 0.000025 324.940033
v 71.916451 0.000025 326.050751
v 73.063042 0.000025 333.277222
v 86.343460 7.700025 331.096954
v 85.018753 7.700024 322.663757
v 78.484299 7.700024 323.733337
v 78.684677 7.700024 324.940033
v 71.916451 7.700025 326.050751
v 73.063042 7.700025 333.277222
v 86.232140 0.000024 319.482483
v 84.651405 0.000024 312.160004
v 75.589996 0.000024 314.120880
v 77.170731 0.000024 321.457062
v 86.232140 9.900023 319.482483
v 84.651405 9.900023 312.160004
v 75.589996 9.900023 314.120880
v 77.170731 9.900023 321.457062
v 49.474442 0.000023 308.526184
v 47.125603 0.000022 295.896973
v 42.817535 0.000022 296.705994
v 45.177509 0.000023 309.335236
v 49.474442 9.900023 308.526184
v 47.125603 9.900022 295.896973
v 42.817535 9.900022 296.705994
v 45.177509 9.900023 309.335236
v 44.876949 0.000023 309.225525
v 42.505844 0.000022 296.596313
v 38.208912 0.000022 297.405334
v 40.568882 0.000023 310.034576
v 44.876949 9.800023 309.225525
v 42.505844 9.800022 296.596313
v 38.208912 9.800023 297.405334
v 40.568882 9.800024 310.034576
v 39.689461 0.000023 309.883728
v 37.329487 0.000022 297.254517
v 33.032555 0.000023 298.063538
v 35.392529 0.000023 310.692780
v 39.689461 9.800024 309.883728
v 37.329487 9.800023 297.254517
v 33.032555 9.800023 298.063538
v 35.392529 9.800024 310.692780
v 34.746876 0.000023 310.349945
v 32.386902 0.000022 297.720734
v 28.089968 0.000023 298.529785
v 30.438810 0.000023 311.158997
v 34.746876 9.800024 310.349945
v 32.386902 9.800023 297.720734
v 28.089968 9.800023 298.529785
v 30.438810 9.800024 311.158997
v 29.804289 0.000023 310.761322
v 27.444315 0.000023 298.145813
v 23.147383 0.000023 298.954865
v 25.507357 0.000024 311.570374
v 29.804289 9.900023 310.761322
v 27.444315 9.900023 298.145813
v 23.147383 9.900023 298.954865
v 25.507357 9.900023 311.570374
v 25.273584 0.000024 312.214844
v 22.312487 0.000023 298.488647
v 18.015554 0.000023 299.434784
v 20.976652 0.000024 313.147308
v 25.273584 10.000024 312.214844
v 22.312487 10.000023 298.488647
v 18.015554 10.000023 299.434784
v 20.976652 10.000024 313.147308
v 20.486847 0.000024 312.612518
v 17.514616 0.000023 298.913727
v 13.228816 0.000023 299.846161
v 16.178783 0.000024 313.558685
v 20.486847 10.000024 312.612518
v 17.514616 10.000023 298.913727
v 13.228816 10.000023 299.846161
v 16.178783 10.000024 313.558685
v 15.533130 0.000024 313.311859
v 12.560900 0.000023 299.599335
v 8.252835 0.000023 300.545502
v 11.225065 0.000024 314.244293
v 15.533130 10.000024 313.311859
v 12.560900 10.000023 299.599335
v 8.252835 10.000023 300.545502
v 11.225065 10.000024 314.244293
v 10.746391 0.000024 315.053345
v 8.998675 0.000023 306.757263
v 3.811188 0.000023 307.854279
v 5.570035 0.000024 316.164062
v 10.746391 9.700024 315.053345
v 8.998675 9.700023 306.757263
v 3.811188 9.700023 307.854279
v 5.570035 9.700024 316.164062
v 69.211388 0.000024 324.076141
v 68.131592 0.000024 318.001526
v 62.420898 0.000024 319.016235
v 63.489567 0.000025 325.090881
v 69.211388 9.800025 324.076141
v 68.131592 9.800024 318.001526
v 62.420898 9.800024 319.016235
v 63.489567 9.800025 325.090881
v 70.803253 0.000025 332.084229
v 69.456291 0.000025 325.008606
v 65.103699 0.000025 325.845062
v 65.281807 0.000025 326.832367
v 63.689941 0.000025 327.134033
v 64.847664 0.000025 333.236084
v 70.803253 9.900024 332.084229
v 69.456291 9.900024 325.008606
v 65.103699 9.900024 325.845062
v 65.281807 9.900024 326.832367
v 63.689941 9.900024 327.134033
v 64.847664 9.900024 333.236084
v 63.734470 0.000025 333.496613
v 62.331844 0.000025 326.311279
v 56.465305 0.000025 327.476837
v 57.867931 0.000025 334.648468
v 63.734470 10.000025 333.496613
v 62.331844 10.000025 326.311279
v 56.465305 10.000025 327.476837
v 57.867931 10.000025 334.648468
v 61.875435 0.000025 325.282867
v 60.795635 0.000024 319.413910
v 55.040417 0.000024 320.483490
v 56.120216 0.000025 326.366150
v 61.875435 9.700025 325.282867
v 60.795635 9.700024 319.413910
v 55.040417 9.700024 320.483490
v 56.120216 9.700025 326.366150
v 55.029285 0.000025 333.112671
v 53.014400 0.000024 320.168091
v 38.698715 0.000024 322.430664
v 40.724731 0.000025 335.361511
v 55.029285 8.200025 333.112671
v 53.014400 8.200024 320.168091
v 38.698715 8.200025 322.430664
v 40.724731 8.200026 335.361511
v 39.800777 0.000025 335.183258
v 37.874950 0.000024 323.116272
v 26.353384 0.000025 324.967468
v 28.268080 0.000025 337.020721
v 39.800777 10.000026 335.183258
v 37.874950 10.000025 323.116272
v 26.353384 10.000025 324.967468
v 28.268080 10.000026 337.020721
v -10.192804 0.000024 315.409851
v -10.582423 0.000023 303.918793
v -34.761017 0.000023 304.714111
v -34.594036 0.000023 310.048279
v -22.538136 0.000023 309.650604
v -22.326630 0.000024 315.821228
v -10.192804 5.900024 315.409851
v -10.582423 5.900023 303.918793
v -34.761017 5.900023 304.714111
v -34.594036 5.900023 310.048279
v -22.538136 5.900023 309.650604
v -22.326630 5.900024 315.821228
v 2.954027 0.000025 333.757172
v 2.163659 0.000025 325.406281
v -3.290996 0.000025 325.927338
v -2.478364 0.000025 334.278229
v 2.954027 7.100025 333.757172
v 2.163659 7.100025 325.406281
v -3.290996 7.100025 325.927338
v -2.478364 7.100025 334.278229
v 5.391924 0.000026 340.887634
v 4.701743 0.000025 334.209686
v -2.478364 0.000025 334.950134
v -1.799315 0.000026 341.641815
v 5.391924 7.200026 340.887634
v 4.701743 7.200025 334.209686
v -2.478364 7.200025 334.950134
v -1.799315 7.200026 341.641815
v 5.592299 0.000026 348.786011
v 5.414188 0.000026 344.466583
v -1.031210 0.000026 344.740845
v -0.853099 0.000026 349.046570
v 5.592299 2.990026 348.786011
v 5.414188 2.990026 344.466583
v -1.031210 2.990026 344.740845
v -0.853099 2.990026 349.046570
v 17.225185 0.000026 339.543823
v 17.191790 0.000026 338.487976
v 8.341890 0.000026 338.803345
v 6.560779 0.000026 338.871918
v 6.738890 0.000026 343.876953
v 8.208307 0.000026 343.822113
v 8.241703 0.000026 344.617432
v 17.013680 0.000026 344.302032
v 16.969151 0.000026 343.301025
v 18.505360 0.000026 343.246185
v 18.382908 0.000026 339.502686
v 17.225185 9.800026 339.543823
v 17.191790 9.800026 338.487976
v 8.341890 9.800026 338.803345
v 6.560779 9.800026 338.871918
v 6.738890 9.800026 343.876953
v 8.208307 9.800026 343.822113
v 8.241703 9.800026 344.617432
v 17.013680 9.800026 344.302032
v 16.969151 9.800026 343.301025
v 18.505360 9.800026 343.246185
v 18.382908 9.800026 339.502686
v 9.555273 0.000025 328.327026
v 9.499614 0.000025 327.613983
v 4.957778 0.000025 328.025360
v 5.881730 0.000026 338.693665
v 11.826191 0.000026 338.172577
v 10.946767 0.000025 328.203613
v 9.555273 9.700025 328.327026
v 9.499614 9.700025 327.613983
v 4.957778 9.700025 328.025360
v 5.881730 9.700026 338.693665
v 11.826191 9.700026 338.172577
v 10.946767 9.700025 328.203613
v 16.479345 0.000025 332.742432
v 16.212179 0.000025 329.369171
v 11.881850 0.000025 329.698273
v 12.494107 0.000026 337.816040
v 18.338381 0.000025 337.377258
v 17.993290 0.000025 332.619019
v 16.479345 9.400024 332.742432
v 16.212179 9.400024 329.369171
v 11.881850 9.400024 329.698273
v 12.494107 9.400025 337.816040
v 18.338381 9.400025 337.377258
v 17.993290 9.400024 332.619019
v 21.844944 0.000027 354.243561
v 21.121368 0.000026 344.781982
v 6.393800 0.000026 345.933838
v 7.584918 0.000027 361.456329
v 18.160271 0.000027 360.633575
v 18.204798 0.000027 361.785400
v 22.023056 0.000027 361.634583
v 23.136251 0.000027 359.865662
v 22.690973 0.000027 354.175018
v 21.844944 9.700027 354.243561
v 21.121368 9.700026 344.781982
v 6.393800 9.700026 345.933838
v 7.584918 9.700027 361.456329
v 18.160271 9.700027 360.633575
v 18.204798 9.700027 361.785400
v 22.023056 9.700027 361.634583
v 23.136251 9.700027 359.865662
v 22.690973 9.700027 354.175018
v 37.652313 0.000026 350.335541
v 36.650436 0.000026 343.588989
v 29.147503 0.000026 344.713409
v 31.730116 0.000027 362.114502
v 42.338863 0.000027 360.510162
v 40.769257 0.000026 349.869293
v 37.652313 3.040026 350.335541
v 36.650436 3.040026 343.588989
v 29.147503 3.040026 344.713409
v 31.730116 3.040027 362.114502
v 42.338863 3.040027 360.510162
v 40.769257 3.040026 349.869293
v 141.635849 0.000027 358.083069
v 143.428085 0.000027 352.639221
v 143.027344 0.000026 350.390381
v 130.581818 0.000027 352.652924
v 130.904648 0.000027 354.490387
v 141.635849 8.700027 358.083069
v 143.428085 8.700027 352.639221
v 143.027344 8.700027 350.390381
v 130.581818 8.700027 352.652924
v 130.904648 8.700027 354.490387
v 135.635727 0.000028 365.295807
v 138.151550 0.000028 366.104828
v 138.374191 0.000028 365.378082
v 139.520782 0.000028 365.748322
v 141.557922 0.000027 359.413177
v 131.171814 0.000027 356.039917
v 130.459366 0.000027 358.233887
v 135.635727 7.500028 365.295807
v 138.151550 7.500028 366.104828
v 138.374191 7.500028 365.378082
v 139.520782 7.500028 365.748322
v 141.557922 7.500027 359.413177
v 131.171814 7.500027 356.039917
v 130.459366 7.500027 358.233887
v 159.168671 0.000026 349.841888
v 158.690002 0.000027 351.089722
v 156.307755 0.000026 349.992706
v 155.561920 0.000027 351.706757
v 153.435715 0.000026 350.884033
v 149.372559 0.000027 361.483734
v 154.003448 0.000027 363.266357
v 153.380051 0.000028 364.925568
v 158.200195 0.000028 366.790466
v 159.246597 0.000027 364.075378
v 161.662231 0.000028 365.021545
v 163.977676 0.000027 358.988068
v 161.562042 0.000027 358.041931
v 163.988800 0.000027 351.706757
v 159.168671 6.400026 349.841888
v 158.690002 6.400027 351.089722
v 156.307755 6.400026 349.992706
v 155.561920 6.400027 351.706757
v 153.435715 6.400027 350.884033
v 149.372559 6.400027 361.483734
v 154.003448 6.400028 363.266357
v 153.380051 6.400028 364.925568
v 158.200195 6.400028 366.790466
v 159.246597 6.400028 364.075378
v 161.662231 6.400028 365.021545
v 163.977676 6.400027 358.988068
v 161.562042 6.400027 358.041931
v 163.988800 6.400027 351.706757
v -13.855216 0.000020 270.803040
v -16.382168 0.000020 258.516571
v -24.786789 0.000020 260.258087
v -22.259838 0.000021 272.544525
v -13.855216 7.100020 270.803040
v -16.382168 7.100019 258.516571
v -24.786789 7.100019 260.258087
v -22.259838 7.100020 272.544525
v -11.539770 0.000021 283.583130
v -13.732764 0.000021 272.667938
v -19.343267 0.000021 273.806091
v -18.998177 0.000021 275.506439
v -21.369282 0.000021 275.986389
v -19.510246 0.000022 285.201202
v -11.539770 7.400022 283.583130
v -13.732764 7.400021 272.667938
v -19.343267 7.400021 273.806091
v -18.998177 7.400021 275.506439
v -21.369282 7.400021 275.986389
v -19.510246 7.400022 285.201202
v -10.693742 0.000023 299.859894
v -12.608438 0.000022 286.545013
v -22.860962 0.000022 288.039703
v -21.903614 0.000022 294.676544
v -24.263588 0.000022 295.019379
v -23.306240 0.000023 301.697357
v -10.693742 12.300023 299.859894
v -12.608438 12.300022 286.545013
v -22.860962 12.300022 288.039703
v -21.903614 12.300022 294.676544
v -24.263588 12.300022 295.019379
v -23.306240 12.300023 301.697357
v -24.363775 0.000023 302.273285
v -24.675470 0.000022 297.528748
v -32.679340 0.000023 298.077271
v -32.345383 0.000023 302.808075
v -24.363775 7.000023 302.273285
v -24.675470 7.000022 297.528748
v -32.679340 7.000022 298.077271
v -32.345383 7.000023 302.808075
v -22.783039 0.000021 274.601410
v -25.343388 0.000020 264.111298
v -36.742504 0.000020 266.990936
v -34.182156 0.000021 277.467316
v -22.783039 7.000021 274.601410
v -25.343388 7.000020 264.111298
v -36.742504 7.000020 266.990936
v -34.182156 7.000021 277.467316
v -38.267582 0.000022 291.577515
v -40.549629 0.000022 289.986877
v -47.607285 0.000022 290.357117
v -47.006161 0.000023 302.191010
v -36.063454 0.000023 301.628784
v -36.586655 0.000022 291.481537
v -38.267582 7.600022 291.577515
v -40.549629 7.600022 289.986877
v -47.607285 7.600022 290.357117
v -47.006161 7.600023 302.191010
v -36.063454 7.600023 301.628784
v -36.586655 7.600022 291.481537
v -61.099209 0.000021 282.143311
v -61.856182 0.000020 268.444489
v -68.001015 0.000020 268.773590
v -67.277443 0.000021 282.307861
v -63.147488 0.000021 282.074738
v -62.958244 0.000022 285.461731
v -67.065933 0.000022 285.694855
v -66.665184 0.000022 292.852783
v -64.906334 0.000022 292.743103
v -64.761620 0.000022 295.444458
v -66.498199 0.000022 295.540436
v -66.064056 0.000023 303.370300
v -48.976517 0.000023 302.424133
v -49.399529 0.000022 294.470856
v -50.835552 0.000022 294.553131
v -50.980267 0.000022 291.769501
v -49.299343 0.000022 291.673523
v -49.855938 0.000021 281.430267
v -53.240051 0.000021 281.608521
v -53.162128 0.000021 282.952332
v -56.011906 0.000021 283.103180
v -56.089832 0.000021 281.869049
v -61.099209 12.100021 282.143311
v -61.856182 12.100020 268.444489
v -68.001015 12.100020 268.773590
v -67.277443 12.100021 282.307861
v -63.147488 12.100021 282.074738
v -62.958244 12.100022 285.461731
v -67.065933 12.100022 285.694855
v -66.665184 12.100022 292.852783
v -64.906334 12.100022 292.743103
v -64.761620 12.100022 295.444458
v -66.498199 12.100022 295.540436
v -66.064056 12.100023 303.370300
v -48.976517 12.100023 302.424133
v -49.399529 12.100022 294.470856
v -50.835552 12.100022 294.553131
v -50.980267 12.100022 291.769501
v -49.299343 12.100022 291.673523
v -49.855938 12.100021 281.430267
v -53.240051 12.100021 281.608521
v -53.162128 12.100021 282.952332
v -56.011906 12.100021 283.103180
v -56.089832 12.100021 281.869049
v -52.661190 0.000024 313.092438
v -52.961754 0.000023 306.853271
v -65.540855 0.000023 307.456604
v -65.251427 0.000024 313.668365
v -52.661190 5.600024 313.092438
v -52.961754 5.600023 306.853271
v -65.540855 5.600023 307.456604
v -65.251427 5.600024 313.668365
v -68.924965 0.000024 312.324554
v -69.381378 0.000023 302.478973
v -90.287178 0.000023 303.466278
v -89.641525 0.000024 317.549011
v -84.153473 0.000024 317.288483
v -84.353851 0.000024 313.051300
v -68.924965 7.700023 312.324554
v -69.381378 7.700023 302.478973
v -90.287178 7.700023 303.466278
v -89.641525 7.700024 317.549011
v -84.153473 7.700024 317.288483
v -84.353851 7.700024 313.051300
v -86.502312 0.000022 292.921356
v -86.724953 0.000022 286.997528
v -90.788116 0.000022 287.148376
v -90.287178 0.000023 300.257538
v -82.839905 0.000023 299.983307
v -83.107071 0.000022 292.797943
v -86.502312 7.800022 292.921356
v -86.724953 7.800022 286.997528
v -90.788116 7.800022 287.148376
v -90.287178 7.800023 300.257538
v -82.839905 7.800023 299.983307
v -83.107071 7.800022 292.797943
v -93.982986 0.000023 299.379944
v -94.372604 0.000022 287.792877
v -102.020256 0.000022 288.053406
v -101.630630 0.000023 299.640472
v -93.982986 10.000023 299.379944
v -94.372604 10.000022 287.792877
v -102.020256 10.000022 288.053406
v -101.630630 10.000023 299.640472
v -77.719208 0.000001 8.602243
v -78.320335 0.000001 8.355412
v -77.919586 0.000001 7.354372
v -91.456032 0.000000 1.869219
v -95.752968 0.000001 12.578978
v -82.350098 0.000001 18.009274
v -81.982742 0.000001 17.076799
v -81.225769 0.000001 17.378483
v -77.719208 39.900002 8.602241
v -78.320335 39.900002 8.355409
v -77.919586 39.900002 7.354369
v -91.456032 39.900002 1.869216
v -95.752968 39.900002 12.578975
v -82.350098 39.900002 18.009270
v -81.982742 39.900002 17.076796
v -81.225769 39.900002 17.378479
v -176.181290 0.000004 50.152184
v -169.936279 0.000004 58.407303
v -173.598679 0.000005 61.095013
v -166.752533 0.000005 64.056984
v -163.001068 0.000005 61.163578
v -163.457474 0.000004 58.530716
v -163.179184 0.000004 58.325024
v -164.548416 0.000004 56.514935
v -144.288269 0.000003 41.088001
v -145.702026 0.000003 39.209343
v -143.030350 0.000003 37.166130
v -147.594452 0.000002 28.952135
v -151.323654 0.000002 31.804409
v -151.601959 0.000002 31.434162
v -176.181290 8.000004 50.152184
v -169.936279 8.000005 58.407303
v -173.598679 8.000005 61.095013
v -166.752533 8.000005 64.056984
v -163.001068 8.000005 61.163578
v -163.457474 8.000005 58.530716
v -163.179184 8.000005 58.325024
v -164.548416 8.000004 56.514935
v -144.288269 8.000003 41.088001
v -145.702026 8.000003 39.209343
v -143.030350 8.000003 37.166130
v -147.594452 8.000002 28.952135
v -151.323654 8.000003 31.804409
v -151.601959 8.000002 31.434162
v -162.288620 0.000005 62.713127
v -159.216202 0.000005 66.717262
v -154.128906 0.000005 69.144432
v -146.347672 0.000004 50.056194
v -162.288620 9.900004 62.713127
v -159.216202 9.900004 66.717262
v -154.128906 9.900004 69.144432
v -146.347672 9.900003 50.056194
v -183.161026 0.000004 47.053085
v -187.669464 0.000003 41.526814
v -198.545380 0.000004 50.508717
v -174.444717 0.000005 60.477936
v -171.160782 0.000004 58.338737
v -175.936401 0.000004 52.305099
v -176.927139 0.000004 53.114155
v -182.404053 0.000004 46.422295
v -183.161026 19.800003 47.053085
v -187.669464 19.800003 41.526814
v -198.545380 19.800003 50.508717
v -174.444717 19.800003 60.477936
v -171.160782 19.800003 58.338737
v -175.936401 19.800003 52.305099
v -176.927139 19.800003 53.114155
v -182.404053 19.800003 46.422295
v -184.307617 0.000002 26.291842
v -193.179779 0.000001 15.486106
v -205.124359 0.000002 25.386793
v -197.665955 0.000003 34.464699
v -191.576782 0.000002 29.432085
v -190.174164 0.000002 31.146191
v -184.307617 8.200002 26.291842
v -193.179779 8.200001 15.486105
v -205.124359 8.200002 25.386793
v -197.665955 8.200003 34.464699
v -191.576782 8.200002 29.432085
v -190.174164 8.200002 31.146191
v -200.437820 0.000003 41.375973
v -209.732986 0.000002 29.939461
v -220.185898 0.000003 38.509991
v -217.703461 0.000003 41.938198
v -206.393402 0.000004 46.477146
v -205.881332 0.000003 46.038338
v -204.723618 0.000004 47.464470
v -199.647446 0.000003 43.295769
v -200.905350 0.000003 41.759933
v -200.437820 19.100004 41.375973
v -209.732986 19.100002 29.939459
v -220.185898 19.100004 38.509991
v -217.703461 19.100004 41.938198
v -206.393402 19.100004 46.477146
v -205.881332 19.100004 46.038338
v -204.723618 19.100004 47.464470
v -199.647446 19.100004 43.295769
v -200.905350 19.100004 41.759933
v -222.445679 0.000003 38.167168
v -232.264053 0.000002 25.674763
v -240.312454 0.000002 32.339211
v -224.037552 0.000003 39.291622
v -222.445679 17.700005 38.167168
v -232.264053 17.700003 25.674761
v -240.312454 17.700003 32.339211
v -224.037552 17.700005 39.291622
v -210.935242 0.000002 28.952135
v -220.497589 0.000001 16.679125
v -231.195389 0.000002 25.098824
v -221.633041 0.000003 37.371822
v -210.935242 23.100002 28.952133
v -220.497589 23.100002 16.679123
v -231.195389 23.100002 25.098822
v -221.633041 23.100002 37.371822
v -184.619308 -0.000000 -1.970390
v -189.740005 -0.000001 -8.305748
v -202.174393 0.000000 1.855506
v -197.042572 0.000001 8.190857
v -184.619308 14.900000 -1.970391
v -189.740005 14.899999 -8.305749
v -202.174393 14.900000 1.855505
v -197.042572 14.900001 8.190856
v -169.012329 -0.000000 -4.959801
v -178.852966 -0.000001 -16.574629
v -188.626816 -0.000001 -8.237184
v -181.702744 -0.000000 -0.050586
v -179.632202 -0.000000 -1.819548
v -176.726761 0.000000 1.608674
v -169.012329 16.900000 -4.959803
v -178.852966 16.899998 -16.574631
v -188.626816 16.900000 -8.237185
v -181.702744 16.900000 -0.050587
v -179.632202 16.900000 -1.819549
v -176.726761 16.900000 1.608673
v -234.223282 0.000000 1.896644
v -235.893066 -0.000000 -0.119150
v -256.654144 0.000001 17.076799
v -248.461044 0.000002 27.059761
v -229.358612 0.000001 11.235116
v -229.870682 0.000001 10.508333
v -228.835419 0.000001 9.685561
v -234.802139 0.000000 2.417734
v -234.223282 17.200001 1.896643
v -235.893066 17.200001 -0.119151
v -256.654144 17.200003 17.076797
v -248.461044 17.200003 27.059759
v -229.358612 17.200001 11.235115
v -229.870682 17.200001 10.508332
v -228.835419 17.200001 9.685560
v -234.802139 17.200001 2.417733
v -252.880432 0.000002 24.797140
v -258.635651 0.000001 18.064125
v -262.353729 0.000002 21.272936
v -260.049408 0.000002 23.974369
v -254.394379 0.000002 26.113575
v -252.880432 13.700002 24.797138
v -258.635651 13.700001 18.064123
v -262.353729 13.700002 21.272934
v -260.049408 13.700002 23.974367
v -254.394379 13.700002 26.113573
v -259.214508 0.000001 16.624275
v -268.287048 0.000000 5.914519
v -277.359589 0.000001 13.429175
v -277.448639 0.000001 14.389076
v -273.307556 0.000001 19.325708
v -265.838013 0.000002 22.328825
v -259.214508 17.300001 16.624273
v -268.287048 17.299999 5.914517
v -277.359589 17.300001 13.429174
v -277.448639 17.300001 14.389075
v -273.307556 17.300001 19.325706
v -265.838013 17.300001 22.328823
v -253.492691 0.000001 11.989324
v -262.643158 0.000000 0.854465
v -267.852905 0.000000 5.174024
v -258.713562 0.000001 16.308878
v -253.492691 13.800001 11.989323
v -262.643158 13.800000 0.854464
v -267.852905 13.800000 5.174023
v -258.713562 13.800001 16.308876
v -243.585251 0.000000 4.172983
v -252.602127 -0.000001 -6.811042
v -256.442657 -0.000000 -3.725640
v -247.481430 0.000001 7.614916
v -243.585251 9.300000 4.172983
v -252.602127 9.299999 -6.811042
v -256.442657 9.300000 -3.725641
v -247.481430 9.300001 7.614915
v -239.800385 0.000000 0.689910
v -248.438782 -0.000001 -9.978722
v -252.179108 -0.000001 -6.920745
v -243.540726 0.000000 3.747884
v -239.800385 7.700000 0.689909
v -248.438782 7.699999 -9.978723
v -252.179108 7.699999 -6.920745
v -243.540726 7.700000 3.747884
v -242.972992 -0.000001 -11.610557
v -245.243912 -0.000001 -12.309915
v -247.948975 -0.000001 -10.115850
v -239.544357 0.000000 0.264811
v -235.893066 -0.000000 -2.820590
v -242.972992 7.099999 -11.610558
v -245.243912 7.099999 -12.309916
v -247.948975 7.099999 -10.115851
v -239.544357 7.100000 0.264810
v -235.893066 7.100000 -2.820590
v -226.876190 -0.000001 -9.197086
v -229.458801 -0.000001 -12.049370
v -233.065552 -0.000001 -8.744560
v -230.471817 -0.000000 -5.892278
v -226.876190 8.999999 -9.197087
v -229.458801 8.999999 -12.049371
v -233.065552 8.999999 -8.744561
v -230.471817 9.000000 -5.892279
v -229.948608 -0.000001 -12.652738
v -235.470062 -0.000001 -19.180082
v -239.210388 -0.000001 -16.615768
v -239.555481 -0.000001 -15.532448
v -234.123093 -0.000001 -9.101096
v -229.948608 11.299999 -12.652739
v -235.470062 11.299998 -19.180082
v -239.210388 11.299999 -16.615768
v -239.555481 11.299999 -15.532449
v -234.123093 11.299999 -9.101097
v -222.634918 -0.000001 -11.212883
v -231.184265 -0.000002 -21.333010
v -234.156494 -0.000001 -18.809834
v -225.618286 -0.000001 -8.675996
v -222.634918 10.799999 -11.212884
v -231.184265 10.799998 -21.333010
v -234.156494 10.799999 -18.809834
v -225.618286 10.799999 -8.675997
v -215.287842 -0.000001 -17.164284
v -222.980011 -0.000002 -26.091393
v -229.469940 -0.000002 -20.441669
v -221.777756 -0.000001 -11.528279
v -215.287842 12.599999 -17.164284
v -222.980011 12.599998 -26.091393
v -229.469940 12.599998 -20.441669
v -221.777756 12.599999 -11.528280
v -125.130180 -0.000007 -88.732193
v -124.584717 -0.000006 -84.069778
v -122.725677 -0.000006 -81.724854
v -116.347069 -0.000007 -94.011703
v -121.100410 -0.000007 -96.507469
v -125.130180 6.099993 -88.732193
v -124.584717 6.099994 -84.069778
v -122.725677 6.099994 -81.724854
v -116.347069 6.099993 -94.011703
v -121.100410 6.099993 -96.507469
v -188.960770 -0.000005 -62.526684
v -191.253952 -0.000005 -65.913788
v -196.274460 -0.000005 -62.512974
v -202.241196 -0.000004 -58.453934
v -196.196548 -0.000004 -49.485661
v -185.220444 -0.000004 -56.945507
v -188.960770 13.599996 -62.526684
v -191.253952 13.599996 -65.913788
v -196.274460 13.599996 -62.512974
v -202.241196 13.599996 -58.453934
v -196.196548 13.599997 -49.485661
v -185.220444 13.599996 -56.945507
v -187.513626 -0.000004 -50.418140
v -189.628693 -0.000004 -53.503555
v -195.628815 -0.000004 -49.362244
v -193.513748 -0.000003 -46.276833
v -187.513626 8.599997 -50.418140
v -189.628693 8.599997 -53.503555
v -195.628815 8.599997 -49.362244
v -193.513748 8.599997 -46.276833
v -207.718109 -0.000007 -87.360893
v -208.352631 -0.000007 -87.936844
v -217.859314 -0.000006 -80.655243
v -216.623672 -0.000006 -79.050819
v -217.202530 -0.000006 -78.612007
v -214.419540 -0.000006 -74.950638
v -204.111359 -0.000006 -82.835609
v -205.235687 -0.000006 -84.302902
v -204.823807 -0.000006 -84.536018
v -207.194901 -0.000007 -87.662582
v -207.718109 9.799994 -87.360893
v -208.352631 9.799994 -87.936844
v -217.859314 9.799994 -80.655243
v -216.623672 9.799994 -79.050819
v -217.202530 9.799994 -78.612007
v -214.419540 9.799994 -74.950638
v -204.111359 9.799994 -82.835609
v -205.235687 9.799994 -84.302902
v -204.823807 9.799994 -84.536018
v -207.194901 9.799994 -87.662582
v -208.753387 -0.000007 -89.143585
v -212.460312 -0.000007 -93.819717
v -221.210037 -0.000007 -86.510689
v -217.302719 -0.000006 -81.930550
v -208.753387 12.499993 -89.143585
v -212.460312 12.499993 -93.819717
v -221.210037 12.499993 -86.510689
v -217.302719 12.499994 -81.930550
v -217.959503 -0.000008 -103.158279
v -219.618164 -0.000008 -103.487396
v -237.106461 -0.000007 -90.034935
v -230.783508 -0.000006 -81.765991
v -212.894470 -0.000007 -95.533844
v -217.959503 10.599993 -103.158279
v -219.618164 10.599993 -103.487396
v -237.106461 10.599994 -90.034935
v -230.783508 10.599995 -81.765991
v -212.894470 10.599993 -95.533844
v -231.484818 -0.000006 -80.572968
v -238.308701 -0.000007 -88.526505
v -249.206879 -0.000006 -79.064537
v -242.371872 -0.000005 -71.111008
v -231.484818 14.799994 -80.572968
v -238.308701 14.799994 -88.526505
v -249.206879 14.799994 -79.064537
v -242.371872 14.799994 -71.111008
v -237.952484 -0.000005 -62.458118
v -238.765121 -0.000005 -63.664860
v -240.557358 -0.000005 -62.458118
v -245.165985 -0.000004 -59.331566
v -238.319839 -0.000004 -49.115410
v -231.907837 -0.000004 -53.434990
v -237.952484 9.199995 -62.458118
v -238.765121 9.199995 -63.664860
v -240.557358 9.199995 -62.458118
v -245.165985 9.199995 -59.331566
v -238.319839 9.199996 -49.115410
v -231.907837 9.199996 -53.434990
v -220.152496 -0.000003 -38.597584
v -230.282562 -0.000004 -51.858002
v -236.516464 -0.000004 -47.044758
v -228.501465 -0.000003 -36.568069
v -224.059814 -0.000003 -39.996304
v -221.944733 -0.000003 -37.226292
v -220.152496 7.099997 -38.597584
v -230.282562 7.099996 -51.858002
v -236.516464 7.099997 -47.044758
v -228.501465 7.099997 -36.568069
v -224.059814 7.099997 -39.996304
v -221.944733 7.099997 -37.226292
v -212.015045 -0.000003 -41.024773
v -221.710968 -0.000004 -53.517269
v -226.375259 -0.000004 -49.869625
v -216.668198 -0.000003 -37.363419
v -212.015045 12.599998 -41.024773
v -221.710968 12.599997 -53.517269
v -226.375259 12.599997 -49.869625
v -216.668198 12.599998 -37.363419
v -226.486572 -0.000002 -31.987949
v -235.024780 -0.000003 -43.150280
v -239.611145 -0.000003 -39.612343
v -231.084076 -0.000002 -28.450014
v -226.486572 13.999997 -31.987951
v -235.024780 13.999997 -43.150280
v -239.611145 13.999997 -39.612343
v -231.084076 13.999998 -28.450016
v -231.596146 -0.000002 -28.998531
v -239.900574 -0.000003 -39.859173
v -244.631653 -0.000003 -36.211533
v -236.316086 -0.000002 -25.364607
v -231.596146 13.199998 -28.998533
v -239.900574 13.199997 -39.859173
v -244.631653 13.199997 -36.211533
v -236.316086 13.199998 -25.364609
v -236.961746 -0.000003 -44.850685
v -239.266052 -0.000004 -48.525753
v -248.461044 -0.000003 -42.684040
v -245.065796 -0.000003 -37.294853
v -238.598129 -0.000003 -41.408737
v -239.689072 -0.000003 -43.122852
v -236.961746 10.099997 -44.850685
v -239.266052 10.099997 -48.525753
v -248.461044 10.099998 -42.684040
v -245.065796 10.099998 -37.294853
v -238.598129 10.099998 -41.408737
v -239.689072 10.099998 -43.122852
v -239.856049 -0.000004 -51.076363
v -245.755981 -0.000005 -59.756664
v -255.518692 -0.000004 -53.064743
v -249.629898 -0.000003 -44.398159
v -239.856049 9.999996 -51.076363
v -245.755981 9.999995 -59.756664
v -255.518692 9.999996 -53.064743
v -249.629898 9.999996 -44.398159
v -267.418762 -0.000004 -55.848473
v -272.472656 -0.000005 -61.991879
v -276.725067 -0.000004 -58.467648
v -271.671143 -0.000004 -52.310528
v -267.418762 11.199996 -55.848473
v -272.472656 11.199995 -61.991879
v -276.725067 11.199995 -58.467648
v -271.671143 11.199996 -52.310528
v -261.195984 -0.000004 -49.513088
v -264.635773 -0.000004 -53.777817
v -273.719421 -0.000004 -46.413960
v -270.279663 -0.000003 -42.149235
v -261.195984 8.999996 -49.513088
v -264.635773 8.999996 -53.777817
v -273.719421 8.999996 -46.413960
v -270.279663 8.999997 -42.149235
v -255.262665 -0.000003 -42.944584
v -260.850891 -0.000004 -49.499374
v -265.626495 -0.000003 -45.385490
v -260.049408 -0.000003 -38.844418
v -255.262665 6.799997 -42.944584
v -260.850891 6.799996 -49.499374
v -265.626495 6.799997 -45.385490
v -260.049408 6.799997 -38.844418
v -260.461273 -0.000003 -38.556446
v -265.737823 -0.000003 -45.234646
v -270.123810 -0.000003 -41.751560
v -264.836151 -0.000003 -35.073360
v -260.461273 7.599997 -38.556446
v -265.737823 7.599997 -45.234646
v -270.123810 7.599997 -41.751560
v -264.836151 7.599997 -35.073360
v -267.530060 -0.000003 -36.046978
v -274.264893 -0.000003 -44.836971
v -280.565582 -0.000003 -39.955166
v -273.819611 -0.000002 -31.178886
v -267.530060 9.599998 -36.046978
v -274.264893 9.599997 -44.836971
v -280.565582 9.599998 -39.955166
v -273.819611 9.599998 -31.178886
v -268.799103 -0.000002 -23.527077
v -276.023743 -0.000002 -31.439432
v -284.472900 -0.000002 -23.664206
v -282.335571 -0.000002 -21.305584
v -282.736328 -0.000002 -20.935335
v -277.649017 -0.000001 -15.367893
v -268.799103 15.099998 -23.527079
v -276.023743 15.099998 -31.439434
v -284.472900 15.099998 -23.664207
v -282.335571 15.099998 -21.305586
v -282.736328 15.099998 -20.935337
v -277.649017 15.099999 -15.367894
v -279.329926 -0.000003 -35.004795
v -286.376465 -0.000003 -43.287411
v -289.560211 -0.000003 -40.544823
v -288.903412 -0.000003 -39.776897
v -291.931305 -0.000003 -37.198864
v -290.751312 -0.000003 -35.800144
v -293.434113 -0.000003 -33.482658
v -292.376587 -0.000002 -32.221069
v -294.803345 -0.000002 -30.150417
v -288.124176 -0.000002 -22.306627
v -281.055389 -0.000002 -28.367737
v -281.500671 -0.000002 -28.902542
v -278.005249 -0.000002 -31.891960
v -280.086914 -0.000003 -34.346573
v -279.329926 11.999997 -35.004795
v -286.376465 11.999997 -43.287411
v -289.560211 11.999997 -40.544823
v -288.903412 11.999997 -39.776897
v -291.931305 11.999997 -37.198864
v -290.751312 11.999997 -35.800144
v -293.434113 11.999997 -33.482658
v -292.376587 11.999997 -32.221069
v -294.803345 11.999998 -30.150417
v -288.124176 11.999998 -22.306627
v -281.055389 11.999998 -28.367737
v -281.500671 11.999998 -28.902542
v -278.005249 11.999997 -31.891960
v -280.086914 11.999997 -34.346573
v -274.609985 0.000000 2.678279
v -286.064758 -0.000001 -10.609515
v -293.478638 -0.000000 -4.178166
v -282.012726 0.000001 9.123333
v -274.609985 7.800000 2.678278
v -286.064758 7.799999 -10.609516
v -293.478638 7.800000 -4.178166
v -282.012726 7.800001 9.123332
v -282.458008 0.000001 9.589571
v -293.857117 -0.000000 -3.492521
v -299.411987 0.000000 1.389268
v -290.105652 0.000001 11.701354
v -287.100037 0.000001 12.949225
v -286.153809 0.000001 12.839522
v -282.458008 15.800001 9.589570
v -293.857117 15.800000 -3.492522
v -299.411987 15.800000 1.389267
v -290.105652 15.800001 11.701353
v -287.100037 15.800001 12.949224
v -286.153809 15.800001 12.839521
v -289.315308 -0.000001 -10.568377
v -300.235748 -0.000002 -24.020741
v -321.486633 -0.000000 -1.079052
v -302.673645 0.000001 6.668728
v -302.150421 0.000000 6.024222
v -300.146667 0.000001 6.751005
v -298.154053 0.000000 4.310112
v -301.393463 0.000000 0.525356
v -298.309906 -0.000000 -3.039996
v -298.031616 -0.000000 -2.683460
v -289.704926 -0.000001 -9.498770
v -290.061127 -0.000001 -9.937583
v -289.315308 25.100000 -10.568378
v -300.235748 25.099998 -24.020742
v -321.486633 25.100000 -1.079054
v -302.673645 25.100000 6.668726
v -302.150421 25.100000 6.024220
v -300.146667 25.100000 6.751003
v -298.154053 25.100000 4.310110
v -301.393463 25.100000 0.525354
v -298.309906 25.100000 -3.039998
v -298.031616 25.100000 -2.683462
v -289.704926 25.100000 -9.498772
v -290.061127 25.100000 -9.937585
v -312.581055 -0.000002 -24.788664
v -325.004333 -0.000003 -37.678818
v -333.086121 -0.000002 -29.807594
v -320.651733 -0.000001 -16.931164
v -312.581055 14.699998 -24.788666
v -325.004333 14.699997 -37.678818
v -333.086121 14.699998 -29.807596
v -320.651733 14.699999 -16.931166
v -345.108612 -0.000005 -64.089966
v -351.676483 -0.000006 -73.263947
v -356.240570 -0.000005 -69.959114
v -350.774780 -0.000005 -62.307278
v -349.683868 -0.000005 -60.785137
v -347.579926 -0.000005 -62.307278
v -345.108612 12.399995 -64.089966
v -351.676483 12.399994 -73.263947
v -356.240570 12.399994 -69.959114
v -350.774780 12.399995 -62.307278
v -349.683868 12.399995 -60.785137
v -347.579926 12.399995 -62.307278
v -340.321899 -0.000005 -62.320992
v -345.431458 -0.000005 -68.944359
v -346.811798 -0.000005 -67.861031
v -343.895233 -0.000005 -64.076248
v -346.155029 -0.000005 -62.307278
v -349.238586 -0.000005 -59.907509
v -345.965790 -0.000004 -55.670204
v -343.906372 -0.000004 -57.260906
v -343.271851 -0.000004 -56.438129
v -338.585297 -0.000005 -60.072063
v -340.321899 11.899995 -62.320992
v -345.431458 11.899995 -68.944359
v -346.811798 11.899995 -67.861031
v -343.895233 11.899995 -64.076248
v -346.155029 11.899995 -62.307278
v -349.238586 11.899995 -59.907509
v -345.965790 11.899996 -55.670204
v -343.906372 11.899995 -57.260906
v -343.271851 11.899996 -56.438129
v -338.585297 11.899995 -60.072063
v -338.418335 -0.000003 -43.534241
v -342.759796 -0.000004 -49.060558
v -363.576538 -0.000003 -36.403515
v -356.318512 -0.000002 -24.363564
v -358.244324 -0.000002 -23.266531
v -353.980774 -0.000001 -15.765568
v -353.101349 -0.000001 -16.341509
v -352.466858 -0.000001 -15.367893
v -351.375916 -0.000001 -16.080965
v -341.802429 -0.000002 -25.350895
v -342.080750 -0.000002 -25.871986
v -340.199432 -0.000002 -26.886742
v -341.846954 -0.000002 -29.917297
v -338.117767 -0.000002 -31.933098
v -339.442474 -0.000003 -34.374001
v -334.332886 -0.000003 -36.609207
v -338.418335 22.699997 -43.534241
v -342.759796 22.699997 -49.060558
v -363.576538 22.699999 -36.403515
v -356.318512 22.699999 -24.363565
v -358.244324 22.699999 -23.266533
v -353.980774 22.699999 -15.765570
v -353.101349 22.699999 -16.341511
v -352.466858 22.699999 -15.367895
v -351.375916 22.699999 -16.080967
v -341.802429 22.699999 -25.350897
v -342.080750 22.699999 -25.871988
v -340.199432 22.699999 -26.886744
v -341.846954 22.699999 -29.917299
v -338.117767 22.699999 -31.933100
v -339.442474 22.699999 -34.374001
v -334.332886 22.699999 -36.609207
v -362.463348 -0.000002 -23.691631
v -366.248199 -0.000002 -24.912081
v -368.352142 -0.000002 -23.746483
v -368.975525 -0.000002 -23.924751
v -370.110992 -0.000002 -20.318254
v -362.674835 -0.000001 -17.932207
v -361.428070 -0.000002 -21.867813
v -362.463348 14.299998 -23.691633
v -366.248199 14.299998 -24.912083
v -368.352142 14.299998 -23.746485
v -368.975525 14.299998 -23.924753
v -370.110992 14.299998 -20.318256
v -362.674835 14.299999 -17.932209
v -361.428070 14.299998 -21.867815
v -366.904968 -0.000002 -27.078722
v -371.636047 -0.000003 -34.977367
v -377.858826 -0.000002 -31.220026
v -378.727112 -0.000002 -32.673595
v -386.808899 -0.000002 -27.805508
v -385.127991 -0.000002 -24.994358
v -382.311584 -0.000002 -26.708473
v -380.185394 -0.000002 -23.129402
v -376.322601 -0.000002 -25.460598
v -374.530365 -0.000002 -22.471182
v -366.904968 9.499998 -27.078722
v -371.636047 9.499997 -34.977367
v -377.858826 9.499998 -31.220026
v -378.727112 9.499997 -32.673595
v -386.808899 9.499998 -27.805508
v -385.127991 9.499998 -24.994358
v -382.311584 9.499998 -26.708473
v -380.185394 9.499998 -23.129402
v -376.322601 9.499998 -25.460598
v -374.530365 9.499998 -22.471182
v -401.803650 -0.000002 -32.193645
v -406.879822 -0.000003 -44.836971
v -424.646393 -0.000003 -37.623966
v -423.021149 -0.000003 -33.551224
v -421.963593 -0.000003 -33.976326
v -420.516449 -0.000002 -30.383537
v -414.427277 -0.000002 -32.851864
v -413.158234 -0.000002 -29.684177
v -407.948486 -0.000002 -31.782255
v -407.224915 -0.000002 -29.999575
v -401.803650 2.989998 -32.193645
v -406.879822 2.989997 -44.836971
v -424.646393 2.989997 -37.623966
v -423.021149 2.989997 -33.551224
v -421.963593 2.989997 -33.976326
v -420.516449 2.989998 -30.383537
v -414.427277 2.989998 -32.851864
v -413.158234 2.989998 -29.684177
v -407.948486 2.989998 -31.782255
v -407.224915 2.989998 -29.999575
v -319.894745 0.000002 28.060801
v -358.722992 0.000001 11.728780
v -362.374268 0.000002 20.491302
v -370.667572 0.000002 31.749557
v -373.049805 0.000003 34.711533
v -344.852600 0.000005 60.477936
v -344.195801 0.000005 59.833435
v -340.321899 0.000005 63.865002
v -321.508881 0.000003 45.613239
v -318.759308 0.000003 38.084892
v -315.341797 0.000003 39.346474
v -313.471619 0.000003 34.190445
v -316.588562 0.000002 33.038563
v -316.143280 0.000002 31.818121
v -319.894745 22.800001 28.060799
v -358.722992 22.799999 11.728778
v -362.374268 22.800001 20.491301
v -370.667572 22.800001 31.749556
v -373.049805 22.800001 34.711533
v -344.852600 22.800003 60.477936
v -344.195801 22.800003 59.833435
v -340.321899 22.800005 63.865002
v -321.508881 22.800003 45.613239
v -318.759308 22.800003 38.084892
v -315.341797 22.800003 39.346474
v -313.471619 22.800001 34.190445
v -316.588562 22.800001 33.038563
v -316.143280 22.800001 31.818119
v -369.153625 0.000002 25.359367
v -373.584137 0.000002 21.972292
v -377.981262 0.000002 27.800255
v -373.550751 0.000002 31.173616
v -369.153625 8.200002 25.359367
v -373.584137 8.200002 21.972292
v -377.981262 8.200002 27.800255
v -373.550751 8.200002 31.173616
v -374.663940 0.000002 21.656895
v -376.645447 0.000002 20.134768
v -380.719727 0.000002 25.537634
v -378.738251 0.000002 27.059761
v -374.663940 2.970002 21.656895
v -376.645447 2.970001 20.134768
v -380.719727 2.970002 25.537634
v -378.738251 2.970002 27.059761
v -363.042206 0.000005 71.201355
v -369.131378 0.000005 61.725803
v -372.838318 0.000005 64.139259
v -366.749146 0.000006 73.614807
v -363.042206 7.200005 71.201355
v -369.131378 7.200005 61.725803
v -372.838318 7.200005 64.139259
v -366.749146 7.200006 73.614807
v -349.739502 0.000005 66.854393
v -356.351898 0.000005 60.244820
v -361.105225 0.000005 62.740551
v -361.728638 0.000005 61.821793
v -365.413300 0.000005 64.152969
v -359.813934 0.000006 73.011444
v -356.229431 0.000005 70.735115
v -354.915863 0.000005 72.051544
v -349.739502 7.000005 66.854393
v -356.351898 7.000005 60.244820
v -361.105225 7.000005 62.740551
v -361.728638 7.000005 61.821793
v -365.413300 7.000005 64.152969
v -359.813934 7.000006 73.011444
v -356.229431 7.000005 70.735115
v -354.915863 7.000005 72.051544
v -365.335388 0.000004 55.294495
v -369.209290 0.000004 50.385303
v -379.695587 0.000004 58.695271
v -375.821686 0.000005 63.631886
v -365.335388 11.600004 55.294495
v -369.209290 11.600004 50.385303
v -379.695587 11.600005 58.695271
v -375.821686 11.600005 63.631886
v -385.729095 0.000000 4.049567
v -386.897949 0.000000 2.417734
v -393.710724 0.000001 7.381797
v -390.905457 0.000001 11.289968
v -392.018646 0.000001 12.112740
v -387.554749 0.000001 18.283531
v -377.369019 0.000001 10.864868
v -381.365387 0.000000 5.324865
v -382.790283 0.000000 6.298480
v -384.849670 0.000000 3.405062
v -385.729095 9.400000 4.049567
v -386.897949 9.400000 2.417733
v -393.710724 9.400001 7.381796
v -390.905457 9.400001 11.289967
v -392.018646 9.400001 12.112739
v -387.554749 9.400001 18.283531
v -377.369019 9.400001 10.864867
v -381.365387 9.400000 5.324864
v -382.790283 9.400000 6.298480
v -384.849670 9.400000 3.405061
v -409.017151 0.000000 3.871300
v -410.642395 0.000000 0.415653
v -417.588745 0.000000 3.720458
v -415.963470 0.000001 7.162392
v -409.017151 6.300001 3.871300
v -410.642395 6.300000 0.415653
v -417.588745 6.300001 3.720458
v -415.963470 6.300001 7.162392
v -406.568115 0.000001 8.382837
v -408.193390 0.000000 4.803776
v -414.928223 0.000001 7.902887
v -413.314087 0.000001 11.454522
v -406.568115 6.400001 8.382836
v -408.193390 6.400001 4.803775
v -414.928223 6.400001 7.902886
v -413.314087 6.400001 11.454521
v -436.112305 0.000002 30.899361
v -443.359192 0.000001 14.978730
v -449.492920 0.000001 17.803581
v -442.246002 0.000003 33.724209
v -436.112305 12.200002 30.899361
v -443.359192 12.200001 14.978729
v -449.492920 12.200001 17.803581
v -442.246002 12.200003 33.724209
v -453.912292 0.000009 118.606392
v -456.784332 0.000009 112.641350
v -465.233490 0.000009 116.741463
v -463.029358 0.000009 121.335228
v -460.791840 0.000009 121.938591
v -453.912292 14.300009 118.606392
v -456.784332 14.300009 112.641350
v -465.233490 14.300009 116.741463
v -463.029358 14.300010 121.335228
v -460.791840 14.300010 121.938591
v -422.542450 0.000011 144.221756
v -424.690918 0.000011 139.751419
v -436.201355 0.000011 145.332489
v -432.939697 0.000011 152.133987
v -427.229004 0.000011 149.377747
v -428.353333 0.000011 147.060287
v -422.542450 11.000010 144.221756
v -424.690918 11.000010 139.751419
v -436.201355 11.000011 145.332489
v -432.939697 11.000011 152.133987
v -427.229004 11.000011 149.377747
v -428.353333 11.000011 147.060287
v -391.072449 0.000012 164.873077
v -394.423157 0.000012 164.310867
v -413.113708 0.000013 172.442474
v -414.293701 0.000013 174.567947
v -412.378998 0.000014 179.010849
v -414.828033 0.000014 180.066727
v -418.813263 0.000013 170.810669
v -433.574219 0.000013 177.228195
v -433.897064 0.000014 179.367371
v -425.525818 0.000015 198.770782
v -423.600006 0.000015 198.976471
v -411.043152 0.000015 193.518829
v -411.521820 0.000015 192.408112
v -410.074677 0.000014 191.763611
v -410.686951 0.000014 190.310074
v -407.926208 0.000014 189.117081
v -410.152588 0.000014 183.933685
v -407.492065 0.000014 182.781830
v -405.065308 0.000014 188.390305
v -384.749481 0.000014 179.559357
v -391.072449 17.800013 164.873077
v -394.423157 17.800013 164.310867
v -413.113708 17.800013 172.442474
v -414.293701 17.800013 174.567947
v -412.378998 17.800013 179.010849
v -414.828033 17.800013 180.066727
v -418.813263 17.800013 170.810669
v -433.574219 17.800013 177.228195
v -433.897064 17.800013 179.367371
v -425.525818 17.800014 198.770782
v -423.600006 17.800014 198.976471
v -411.043152 17.800014 193.518829
v -411.521820 17.800014 192.408112
v -410.074677 17.800014 191.763611
v -410.686951 17.800014 190.310074
v -407.926208 17.800013 189.117081
v -410.152588 17.800013 183.933685
v -407.492065 17.800013 182.781830
v -405.065308 17.800013 188.390305
v -384.749481 17.800013 179.559357
v -380.864441 0.000015 196.713882
v -385.751373 0.000014 185.798615
v -405.844543 0.000015 194.876389
v -403.773987 0.000015 199.524979
v -400.946472 0.000015 198.249695
v -397.618042 0.000016 205.681946
v -384.281952 0.000015 199.662094
v -383.536102 0.000015 201.321335
v -378.771637 0.000015 199.154724
v -380.029541 0.000015 196.343643
v -380.864441 10.400015 196.713882
v -385.751373 10.400014 185.798615
v -405.844543 10.400014 194.876389
v -403.773987 10.400015 199.524979
v -400.946472 10.400015 198.249695
v -397.618042 10.400015 205.681946
v -384.281952 10.400015 199.662094
v -383.536102 10.400015 201.321335
v -378.771637 10.400015 199.154724
v -380.029541 10.400015 196.343643
v -371.558136 0.000016 211.893768
v -376.122223 0.000015 201.732712
v -383.413666 0.000015 205.037445
v -378.860687 0.000016 215.184799
v -371.558136 8.100017 211.893768
v -376.122223 8.100016 201.732712
v -383.413666 8.100016 205.037445
v -378.860687 8.100017 215.184799
v -355.906616 0.000017 224.372238
v -361.505981 0.000016 213.388443
v -367.584015 0.000016 216.514923
v -361.984650 0.000017 227.498718
v -355.906616 9.800017 224.372238
v -361.505981 9.800016 213.388443
v -367.584015 9.800016 216.514923
v -361.984650 9.800017 227.498718
v -393.488068 0.000018 234.176758
v -392.653168 0.000018 233.765381
v -390.003784 0.000018 239.305267
v -381.688202 0.000018 235.273758
v -388.055695 0.000017 221.972534
v -398.675568 0.000017 227.114761
v -397.673676 0.000017 229.240219
v -399.799896 0.000017 230.200104
v -395.024292 0.000018 241.060471
v -391.194885 0.000018 239.373825
v -393.488068 12.400018 234.176758
v -392.653168 12.400018 233.765381
v -390.003784 12.400018 239.305267
v -381.688202 12.400018 235.273758
v -388.055695 12.400017 221.972534
v -398.675568 12.400017 227.114761
v -397.673676 12.400017 229.240219
v -399.799896 12.400017 230.200104
v -395.024292 12.400018 241.060471
v -391.194885 12.400018 239.373825
v -387.821899 0.000016 206.614410
v -388.423035 0.000016 205.393982
v -393.888824 0.000016 208.136505
v -393.421295 0.000016 209.082672
v -397.128235 0.000016 210.933884
v -391.773743 0.000017 221.698288
v -387.988892 0.000017 219.792236
v -389.146606 0.000016 217.461090
v -382.055573 0.000016 213.909515
v -386.118713 0.000016 205.764221
v -387.821899 8.800015 206.614410
v -388.423035 8.800015 205.393982
v -393.888824 8.800015 208.136505
v -393.421295 8.800016 209.082672
v -397.128235 8.800016 210.933884
v -391.773743 8.800017 221.698288
v -387.988892 8.800016 219.792236
v -389.146606 8.800016 217.461090
v -382.055573 8.800016 213.909515
v -386.118713 8.800015 205.764221
v -400.178375 0.000016 213.621552
v -402.349121 0.000016 208.931839
v -405.978119 0.000016 210.618484
v -402.048553 0.000017 219.120316
v -400.824036 0.000016 218.544388
v -399.944611 0.000017 220.450439
v -400.879700 0.000017 220.889236
v -398.931610 0.000017 225.112732
v -393.588257 0.000017 222.617035
v -398.174622 0.000016 212.689102
v -400.178375 9.800016 213.621552
v -402.349121 9.800016 208.931839
v -405.978119 9.800016 210.618484
v -402.048553 9.800016 219.120316
v -400.824036 9.800016 218.544388
v -399.944611 9.800016 220.450439
v -400.879700 9.800016 220.889236
v -398.931610 9.800017 225.112732
v -393.588257 9.800017 222.617035
v -398.174622 9.800016 212.689102
v -399.221039 0.000017 225.606384
v -401.491943 0.000017 220.628708
v -414.616516 0.000017 226.675964
v -412.345612 0.000017 231.653641
v -399.221039 10.000017 225.606384
v -401.491943 10.000016 220.628708
v -414.616516 10.000017 226.675964
v -412.345612 10.000017 231.653641
v -405.399261 0.000015 202.212646
v -407.959595 0.000015 196.439636
v -423.188110 0.000015 203.282242
v -420.627777 0.000016 209.041534
v -405.399261 10.600016 202.212646
v -407.959595 10.600016 196.439636
v -423.188110 10.600016 203.282242
v -420.627777 10.600017 209.041534
v -29.484472 0.000015 200.100906
v -30.041069 0.000015 197.413223
v -40.070957 0.000015 199.483841
v -38.479088 0.000016 207.300034
v -27.191290 0.000015 204.955170
v -28.248825 0.000015 199.840363
v -29.484472 11.400015 200.100906
v -30.041069 11.400015 197.413223
v -40.070957 11.400015 199.483841
v -38.479088 11.400015 207.300034
v -27.191290 11.400015 204.955170
v -28.248825 11.400015 199.840363
v -22.226442 0.000016 214.279755
v -23.862839 0.000016 205.764221
v -39.046818 0.000016 208.698730
v -37.410419 0.000016 217.214264
v -22.226442 8.400016 214.279755
v -23.862839 8.400015 205.764221
v -39.046818 8.400016 208.698730
v -37.410419 8.400016 217.214264
v -40.260201 0.000016 210.344238
v -41.874332 0.000015 200.334015
v -68.212524 0.000015 204.612366
v -66.598389 0.000016 214.622574
v -40.260201 8.900016 210.344238
v -41.874332 8.900015 200.334015
v -68.212524 8.900015 204.612366
v -66.598389 8.900016 214.622574
v -22.783039 0.000017 226.634827
v -23.940762 0.000016 217.227982
v -40.905853 0.000017 219.353424
v -40.516235 0.000017 222.562180
v -41.518108 0.000017 222.685593
v -40.237934 0.000018 233.038605
v -34.671959 0.000018 232.352982
v -34.805546 0.000017 231.310822
v -33.447445 0.000017 231.132553
v -33.848198 0.000017 228.006088
v -22.783039 13.500017 226.634827
v -23.940762 13.500016 217.227982
v -40.905853 13.500016 219.353424
v -40.516235 13.500017 222.562180
v -41.518108 13.500017 222.685593
v -40.237934 13.500017 233.038605
v -34.671959 13.500017 232.352982
v -34.805546 13.500017 231.310822
v -33.447445 13.500017 231.132553
v -33.848198 13.500017 228.006088
v -42.186028 0.000017 231.667343
v -43.911480 0.000017 219.284866
v -66.475937 0.000017 222.466187
v -64.171623 0.000018 239.085861
v -53.507217 0.000018 237.591187
v -53.952496 0.000018 234.505859
v -55.087955 0.000018 234.670410
v -55.444176 0.000018 232.202133
v -52.238174 0.000017 231.749619
v -52.048935 0.000018 233.066040
v -42.186028 13.600018 231.667343
v -43.911480 13.600017 219.284866
v -66.475937 13.600018 222.466187
v -64.171623 13.600019 239.085861
v -53.507217 13.600019 237.591187
v -53.952496 13.600019 234.505859
v -55.087955 13.600019 234.670410
v -55.444176 13.600018 232.202133
v -52.238174 13.600018 231.749619
v -52.048935 13.600018 233.066040
v -20.322878 0.000018 240.594254
v -21.180038 0.000018 234.889816
v -32.746132 0.000018 236.645020
v -31.888973 0.000018 242.349457
v -20.322878 11.500018 240.594254
v -21.180038 11.500018 234.889816
v -32.746132 11.500018 236.645020
v -31.888973 11.500018 242.349457
v -30.664459 0.000019 255.074722
v -33.280468 0.000018 236.439331
v -42.519985 0.000018 237.755737
v -39.903976 0.000019 256.391144
v -30.664459 12.600019 255.074722
v -33.280468 12.600019 236.439331
v -42.519985 12.600019 237.755737
v -39.903976 12.600019 256.391144
v -40.972645 0.000019 254.306824
v -43.087715 0.000018 238.194550
v -49.766884 0.000018 239.085861
v -47.662945 0.000019 255.184433
v -40.972645 9.300019 254.306824
v -43.087715 9.300018 238.194550
v -49.766884 9.300018 239.085861
v -47.662945 9.300019 255.184433
v -76.639412 0.000021 275.232178
v -76.683937 0.000020 265.989929
v -94.428261 0.000020 266.099640
v -94.339211 0.000021 280.292114
v -89.686050 0.000021 280.264679
v -89.730583 0.000021 275.314453
v -76.639412 7.300021 275.232178
v -76.683937 7.300020 265.989929
v -94.428261 7.300020 266.099640
v -94.339211 7.300021 280.292114
v -89.686050 7.300021 280.264679
v -89.730583 7.300021 275.314453
v -83.507820 0.000017 226.305725
v -83.652534 0.000017 225.195007
v -92.580360 0.000017 226.415421
v -90.765854 0.000018 239.936035
v -81.915955 0.000018 238.756760
v -82.094063 0.000018 237.399216
v -79.956726 0.000018 237.111252
v -81.437279 0.000017 226.031464
v -83.507820 7.800017 226.305725
v -83.652534 7.800017 225.195007
v -92.580360 7.800017 226.415421
v -90.765854 7.800018 239.936035
v -81.915955 7.800018 238.756760
v -82.094063 7.800018 237.399216
v -79.956726 7.800018 237.111252
v -81.437279 7.800017 226.031464
v -87.526451 0.000017 225.565247
v -88.194374 0.000017 218.681519
v -103.901550 0.000017 220.285889
v -102.254021 0.000018 237.083817
v -92.647148 0.000018 236.206223
v -93.604500 0.000017 226.154877
v -87.526451 7.900017 225.565247
v -88.194374 7.900017 218.681519
v -103.901550 7.900017 220.285889
v -102.254021 7.900018 237.083817
v -92.647148 7.900018 236.206223
v -93.604500 7.900017 226.154877
v -118.540062 0.000017 223.138107
v -118.573463 0.000017 220.656128
v -130.907654 0.000017 220.779541
v -130.685028 0.000018 243.213348
v -115.033501 0.000018 243.048798
v -115.055763 0.000018 240.388565
v -105.860771 0.000018 240.306290
v -105.960960 0.000017 230.117828
v -108.944328 0.000017 230.145248
v -108.988853 0.000017 226.264587
v -113.552948 0.000017 226.319427
v -113.486160 0.000018 232.229568
v -118.161575 0.000018 232.270706
v -118.217239 0.000017 226.579971
v -114.109550 0.000017 226.538834
v -114.131813 0.000017 223.096970
v -118.540062 11.600018 223.138107
v -118.573463 11.600017 220.656128
v -130.907654 11.600017 220.779541
v -130.685028 11.600019 243.213348
v -115.033501 11.600019 243.048798
v -115.055763 11.600019 240.388565
v -105.860771 11.600019 240.306290
v -105.960960 11.600018 230.117828
v -108.944328 11.600018 230.145248
v -108.988853 11.600018 226.264587
v -113.552948 11.600018 226.319427
v -113.486160 11.600018 232.229568
v -118.161575 11.600018 232.270706
v -118.217239 11.600018 226.579971
v -114.109550 11.600018 226.538834
v -114.131813 11.600018 223.096970
v -124.406601 0.000016 208.054230
v -131.842743 0.000016 207.258896
v -133.056122 0.000017 218.708939
v -125.631119 0.000017 219.517975
v -124.406601 7.700016 208.054230
v -131.842743 7.700016 207.258896
v -133.056122 7.700016 218.708939
v -125.631119 7.700016 219.517975
v -102.532326 0.000021 278.687744
v -103.356087 0.000020 265.030060
v -128.024490 0.000020 266.867523
v -129.026367 0.000020 267.114349
v -129.594086 0.000020 267.635437
v -129.861252 0.000020 268.293640
v -129.950317 0.000020 269.061554
v -129.705414 0.000020 270.007690
v -129.304657 0.000020 270.432800
v -128.759201 0.000020 270.720764
v -128.002228 0.000020 270.665894
v -127.902031 0.000021 272.325134
v -129.972580 0.000021 272.448547
v -129.505035 0.000021 280.319550
v -102.532326 12.100021 278.687744
v -103.356087 12.100020 265.030060
v -128.024490 12.100020 266.867523
v -129.026367 12.100020 267.114349
v -129.594086 12.100020 267.635437
v -129.861252 12.100020 268.293640
v -129.950317 12.100020 269.061554
v -129.705414 12.100020 270.007690
v -129.304657 12.100020 270.432800
v -128.759201 12.100020 270.720764
v -128.002228 12.100020 270.665894
v -127.902031 12.100021 272.325134
v -129.972580 12.100021 272.448547
v -129.505035 12.100021 280.319550
v -102.365341 0.000022 297.103668
v -102.587982 0.000022 287.559753
v -110.024124 0.000022 287.724304
v -109.912804 0.000022 292.592255
v -108.977722 0.000022 292.578552
v -108.966591 0.000022 293.264160
v -107.174347 0.000022 293.236725
v -103.567596 0.000022 296.075226
v -103.545326 0.000022 297.131104
v -102.365341 9.900023 297.103668
v -102.587982 9.900022 287.559753
v -110.024124 9.900022 287.724304
v -109.912804 9.900022 292.592255
v -108.977722 9.900022 292.578552
v -108.966591 9.900022 293.264160
v -107.174347 9.900022 293.236725
v -103.567596 9.900022 296.075226
v -103.545326 9.900023 297.131104
v -119.285904 0.000022 294.731415
v -119.653259 0.000022 286.819275
v -131.620102 0.000022 287.381500
v -131.575577 0.000022 288.697906
v -132.677643 0.000022 288.739044
v -132.377075 0.000022 295.362183
v -119.285904 7.200022 294.731415
v -119.653259 7.200021 286.819275
v -131.620102 7.200022 287.381500
v -131.575577 7.200022 288.697906
v -132.677643 7.200022 288.739044
v -132.377075 7.200022 295.362183
v -143.943176 0.000016 210.824188
v -144.978439 0.000015 199.675812
v -161.509384 0.000015 201.211624
v -160.351669 0.000016 213.813538
v -157.891510 0.000016 213.580414
v -157.735657 0.000016 215.321915
v -151.279129 0.000016 214.718567
v -151.178940 0.000016 215.856720
v -144.266006 0.000016 215.212219
v -143.932037 0.000017 218.873489
v -139.690765 0.000016 218.489532
v -140.436615 0.000016 210.508789
v -143.943176 5.500016 210.824188
v -144.978439 5.500015 199.675812
v -161.509384 5.500015 201.211624
v -160.351669 5.500016 213.813538
v -157.891510 5.500016 213.580414
v -157.735657 5.500016 215.321915
v -151.279129 5.500016 214.718567
v -151.178940 5.500016 215.856720
v -144.266006 5.500016 215.212219
v -143.932037 5.500017 218.873489
v -139.690765 5.500017 218.489532
v -140.436615 5.500016 210.508789
v -152.637222 0.000015 195.671722
v -158.336777 0.000015 194.286743
v -158.915649 0.000015 196.659027
v -153.204956 0.000015 198.044006
v -152.637222 3.030015 195.671722
v -158.336777 3.030015 194.286743
v -158.915649 3.030015 196.659027
v -153.204956 3.030015 198.044006
v -159.349792 0.000014 189.309052
v -173.943771 0.000013 178.668030
v -178.708252 0.000014 185.263824
v -164.114258 0.000015 195.904831
v -159.349792 12.600015 189.309052
v -173.943771 12.600014 178.668030
v -178.708252 12.600015 185.263824
v -164.114258 12.600016 195.904831
v -171.394562 0.000015 196.837296
v -178.886368 0.000014 186.703644
v -191.977539 0.000015 196.467056
v -186.378159 0.000015 204.022720
v -178.841827 0.000015 198.400543
v -176.949402 0.000015 200.978516
v -171.394562 9.200015 196.837296
v -178.886368 9.200014 186.703644
v -191.977539 9.200015 196.467056
v -186.378159 9.200015 204.022720
v -178.841827 9.200015 198.400543
v -176.949402 9.200015 200.978516
v -140.648117 0.000018 239.469818
v -140.770569 0.000018 234.807541
v -153.917404 0.000018 235.191483
v -153.783813 0.000018 239.853760
v -140.648117 10.100019 239.469818
v -140.770569 10.100019 234.807541
v -153.917404 10.100019 235.191483
v -153.783813 10.100019 239.853760
v -140.347549 0.000018 244.995987
v -140.525665 0.000018 240.525681
v -153.572311 0.000018 241.019333
v -153.405334 0.000019 245.503357
v -140.347549 9.900018 244.995987
v -140.525665 9.900018 240.525681
v -153.572311 9.900018 241.019333
v -153.405334 9.900018 245.503357
v -143.297516 0.000019 248.712097
v -143.364319 0.000019 246.710052
v -153.071365 0.000019 247.025452
v -152.804199 0.000019 254.978745
v -148.640854 0.000019 254.841614
v -148.596329 0.000019 255.979752
v -146.726166 0.000019 255.911194
v -146.703903 0.000019 256.857361
v -139.623978 0.000019 256.624237
v -139.891144 0.000019 248.602402
v -143.297516 9.900019 248.712097
v -143.364319 9.900019 246.710052
v -153.071365 9.900019 247.025452
v -152.804199 9.900019 254.978745
v -148.640854 9.900019 254.841614
v -148.596329 9.900019 255.979752
v -146.726166 9.900019 255.911194
v -146.703903 9.900019 256.857361
v -139.623978 9.900019 256.624237
v -139.891144 9.900019 248.602402
v -140.481140 0.000020 266.634430
v -140.714905 0.000019 257.913239
v -152.726288 0.000019 258.242340
v -152.492508 0.000020 266.949799
v -140.481140 11.300020 266.634430
v -140.714905 11.300019 257.913239
v -152.726288 11.300019 258.242340
v -152.492508 11.300020 266.949799
v -157.268112 0.000020 259.764435
v -158.782059 0.000019 247.601379
v -169.112503 0.000019 248.904068
v -168.477982 0.000019 253.964005
v -169.490997 0.000019 254.087418
v -167.643097 0.000020 268.924408
v -158.782059 0.000020 267.799988
v -159.750534 0.000020 260.079803
v -157.268112 9.400020 259.764435
v -158.782059 9.400019 247.601379
v -169.112503 9.400019 248.904068
v -168.477982 9.400019 253.964005
v -169.490997 9.400019 254.087418
v -167.643097 9.400020 268.924408
v -158.782059 9.400020 267.799988
v -159.750534 9.400020 260.079803
v -170.136642 0.000019 256.295135
v -172.507751 0.000019 247.779633
v -175.624695 0.000019 248.643539
v -175.290741 0.000019 249.781677
v -185.754776 0.000019 252.702454
v -183.706497 0.000020 260.079803
v -170.136642 8.300019 256.295135
v -172.507751 8.300019 247.779633
v -175.624695 8.300019 248.643539
v -175.290741 8.300019 249.781677
v -185.754776 8.300019 252.702454
v -183.706497 8.300020 260.079803
v -168.745148 0.000020 265.372864
v -170.537399 0.000020 258.777130
v -179.442963 0.000020 261.217957
v -179.031082 0.000020 262.740051
v -182.404053 0.000020 263.658783
v -180.934647 0.000020 269.061554
v -182.203674 0.000020 269.390656
v -180.834457 0.000021 274.368286
v -179.765778 0.000021 274.066620
v -179.342773 0.000021 275.602417
v -171.049469 0.000021 273.326141
v -171.405685 0.000021 272.009735
v -168.277618 0.000020 271.159546
v -169.769287 0.000020 265.647125
v -168.745148 8.800020 265.372864
v -170.537399 8.800019 258.777130
v -179.442963 8.800020 261.217957
v -179.031082 8.800020 262.740051
v -182.404053 8.800020 263.658783
v -180.934647 8.800020 269.061554
v -182.203674 8.800020 269.390656
v -180.834457 8.800021 274.368286
v -179.765778 8.800021 274.066620
v -179.342773 8.800021 275.602417
v -171.049469 8.800021 273.326141
v -171.405685 8.800021 272.009735
v -168.277618 8.800020 271.159546
v -169.769287 8.800020 265.647125
v -155.186447 0.000018 244.680603
v -156.132660 0.000017 230.529205
v -171.149658 0.000017 231.585068
v -170.203445 0.000019 245.750183
v -155.186447 8.500018 244.680603
v -156.132660 8.500017 230.529205
v -171.149658 8.500017 231.585068
v -170.203445 8.500018 245.750183
v -171.962296 0.000018 240.525681
v -173.153412 0.000018 232.476395
v -184.752899 0.000018 234.190460
v -183.984787 0.000018 239.414963
v -181.680481 0.000018 239.085861
v -180.867844 0.000018 244.639465
v -172.863983 0.000018 243.446457
v -173.264725 0.000018 240.731369
v -171.962296 8.700018 240.525681
v -173.153412 8.700017 232.476395
v -184.752899 8.700018 234.190460
v -183.984787 8.700018 239.414963
v -181.680481 8.700018 239.085861
v -180.867844 8.700018 244.639465
v -172.863983 8.700018 243.446457
v -173.264725 8.700018 240.731369
v -180.789917 0.000019 245.750183
v -186.044205 0.000018 236.631302
v -193.513748 0.000018 241.170181
v -192.890350 0.000018 242.280899
v -195.729004 0.000018 243.940125
v -195.450699 0.000018 244.433777
v -197.465591 0.000019 245.599335
v -195.773529 0.000019 248.547546
v -192.522995 0.000019 246.668915
v -189.973785 0.000019 251.084366
v -180.789917 8.600019 245.750183
v -186.044205 8.600019 236.631302
v -193.513748 8.600019 241.170181
v -192.890350 8.600019 242.280899
v -195.729004 8.600019 243.940125
v -195.450699 8.600019 244.433777
v -197.465591 8.600019 245.599335
v -195.773529 8.600019 248.547546
v -192.522995 8.600019 246.668915
v -189.973785 8.600019 251.084366
v -196.330124 0.000012 160.059937
v -199.001785 0.000012 159.950226
v -204.868332 0.000013 165.572433
v -196.218811 0.000013 174.677643
v -189.016434 0.000013 167.766464
v -196.330124 15.200012 160.059937
v -199.001785 15.200012 159.950226
v -204.868332 15.200012 165.572433
v -196.218811 15.200013 174.677643
v -189.016434 15.200012 167.766464
v -201.306107 0.000013 173.498352
v -207.695847 0.000013 167.163101
v -210.245056 0.000013 169.741089
v -208.230179 0.000013 171.756851
v -209.154129 0.000013 172.703018
v -204.846069 0.000013 176.940231
v -205.558517 0.000013 177.913834
v -202.152130 0.000014 181.287155
v -196.140884 0.000013 175.185013
v -199.591782 0.000013 171.756851
v -201.306107 13.100014 173.498352
v -207.695847 13.100013 167.163101
v -210.245056 13.100013 169.741089
v -208.230179 13.100014 171.756851
v -209.154129 13.100014 172.703018
v -204.846069 13.100014 176.940231
v -205.558517 13.100014 177.913834
v -202.152130 13.100014 181.287155
v -196.140884 13.100014 175.185013
v -199.591782 13.100014 171.756851
v -209.666199 0.000013 174.622787
v -211.948242 0.000013 169.110306
v -220.542114 0.000013 172.703018
v -218.271194 0.000013 178.215515
v -209.666199 11.400013 174.622787
v -211.948242 11.400012 169.110306
v -220.542114 11.400013 172.703018
v -218.271194 11.400013 178.215515
v -205.558517 0.000014 179.778763
v -207.818298 0.000013 174.910767
v -218.772141 0.000014 180.011871
v -216.523483 0.000014 184.879868
v -205.558517 9.900013 179.778763
v -207.818298 9.900013 174.910767
v -218.772141 9.900013 180.011871
v -216.523483 9.900014 184.879868
v -205.981522 0.000014 183.481171
v -206.526993 0.000014 182.329315
v -215.532730 0.000014 186.593948
v -213.350876 0.000014 191.256256
v -205.981522 8.700014 183.481171
v -206.526993 8.700013 182.329315
v -215.532730 8.700014 186.593948
v -213.350876 8.700014 191.256256
v -176.838089 0.000014 178.818863
v -186.968155 0.000013 167.944717
v -205.781143 0.000014 185.620346
v -197.643692 0.000015 194.369019
v -192.278091 0.000014 189.336472
v -190.296616 0.000014 191.461945
v -176.838089 12.400013 178.818863
v -186.968155 12.400012 167.944717
v -205.781143 12.400014 185.620346
v -197.643692 12.400014 194.369019
v -192.278091 12.400014 189.336472
v -190.296616 12.400014 191.461945
v -201.061203 0.000015 202.665161
v -195.795792 0.000015 197.399521
v -207.050186 0.000014 185.990585
v -211.013168 0.000014 189.939835
v -208.942627 0.000014 192.037872
v -210.256195 0.000015 193.354279
v -207.606796 0.000015 196.028244
v -211.079956 0.000015 199.497543
v -209.899979 0.000015 202.445770
v -205.680969 0.000016 207.423447
v -201.061203 11.800015 202.665161
v -195.795792 11.800015 197.399521
v -207.050186 11.800014 185.990585
v -211.013168 11.800014 189.939835
v -208.942627 11.800014 192.037872
v -210.256195 11.800014 193.354279
v -207.606796 11.800015 196.028244
v -211.079956 11.800015 199.497543
v -209.899979 11.800015 202.445770
v -205.680969 11.800015 207.423447
v -188.370789 0.000015 204.379242
v -194.682602 0.000015 197.865738
v -200.393280 0.000015 203.460495
v -194.103729 0.000016 209.973999
v -188.370789 9.100016 204.379242
v -194.682602 9.100016 197.865738
v -200.393280 9.100016 203.460495
v -194.103729 9.100017 209.973999
v -177.249969 0.000016 216.350372
v -187.157394 0.000016 205.613388
v -195.328247 0.000016 213.223892
v -188.381912 0.000017 220.765823
v -184.018188 0.000016 216.706894
v -182.760284 0.000016 218.064438
v -180.934647 0.000016 216.364075
v -179.253708 0.000016 218.201569
v -177.249969 7.200016 216.350372
v -187.157394 7.200016 205.613388
v -195.328247 7.200016 213.223892
v -188.381912 7.200016 220.765823
v -184.018188 7.200016 216.706894
v -182.760284 7.200016 218.064438
v -180.934647 7.200016 216.364075
v -179.253708 7.200016 218.201569
v -220.809280 0.000014 189.665588
v -228.356735 0.000013 173.896027
v -233.855927 0.000013 176.542572
v -234.301208 0.000013 175.966629
v -235.358734 0.000013 176.803101
v -227.622040 0.000015 192.956619
v -220.809280 10.900014 189.665588
v -228.356735 10.900013 173.896027
v -233.855927 10.900013 176.542572
v -234.301208 10.900013 175.966629
v -235.358734 10.900013 176.803101
v -227.622040 10.900014 192.956619
v -227.566376 0.000015 194.807831
v -228.824280 0.000015 192.188705
v -235.893066 0.000015 195.616867
v -233.154617 0.000015 201.307617
v -228.668442 0.000015 199.113586
v -229.347488 0.000015 197.673767
v -225.729599 0.000015 195.932266
v -226.519974 0.000015 194.300461
v -227.566376 11.200014 194.807831
v -228.824280 11.200014 192.188705
v -235.893066 11.200014 195.616867
v -233.154617 11.200015 201.307617
v -228.668442 11.200015 199.113586
v -229.347488 11.200015 197.673767
v -225.729599 11.200015 195.932266
v -226.519974 11.200014 194.300461
v -229.302963 0.000014 190.131805
v -234.935730 0.000014 178.928574
v -243.318085 0.000014 183.179489
v -237.696442 0.000015 194.382736
v -229.302963 10.800014 190.131805
v -234.935730 10.800014 178.928574
v -243.318085 10.800014 183.179489
v -237.696442 10.800014 194.382736
v -261.407501 0.000011 152.202560
v -262.309174 0.000011 149.583435
v -269.990234 0.000012 152.353394
v -269.366852 0.000012 155.150787
v -275.122070 0.000012 156.672897
v -276.101685 0.000012 154.122330
v -280.498779 0.000012 155.850128
v -278.272400 0.000012 161.609467
v -275.745453 0.000012 160.992386
v -275.500549 0.000012 162.829895
v -277.793732 0.000012 163.213852
v -277.248260 0.000013 169.343414
v -274.977356 0.000013 169.398270
v -274.966217 0.000013 172.305359
v -272.717560 0.000013 172.291641
v -272.750946 0.000013 174.513092
v -273.530182 0.000013 174.513092
v -273.263031 0.000013 178.105804
v -272.160950 0.000013 178.050964
v -271.737946 0.000014 181.108887
v -270.992096 0.000014 181.122604
v -270.914185 0.000014 182.658417
v -266.283295 0.000014 182.329315
v -266.405731 0.000014 179.902176
v -264.591248 0.000014 179.710190
v -264.958588 0.000013 174.814774
v -266.561584 0.000013 174.814774
v -266.572723 0.000013 173.196671
v -269.912323 0.000013 173.128113
v -269.878906 0.000013 171.674576
v -260.461273 0.000013 171.331757
v -260.728455 0.000012 163.817200
v -261.741455 0.000012 163.803497
v -261.663544 0.000012 160.128494
v -254.817383 0.000012 157.523087
v -257.489044 0.000011 150.982132
v -261.407501 7.700011 152.202560
v -262.309174 7.700011 149.583435
v -269.990234 7.700011 152.353394
v -269.366852 7.700012 155.150787
v -275.122070 7.700012 156.672897
v -276.101685 7.700011 154.122330
v -280.498779 7.700012 155.850128
v -278.272400 7.700012 161.609467
v -275.745453 7.700012 160.992386
v -275.500549 7.700012 162.829895
v -277.793732 7.700012 163.213852
v -277.248260 7.700013 169.343414
v -274.977356 7.700013 169.398270
v -274.966217 7.700013 172.305359
v -272.717560 7.700013 172.291641
v -272.750946 7.700013 174.513092
v -273.530182 7.700013 174.513092
v -273.263031 7.700013 178.105804
v -272.160950 7.700013 178.050964
v -271.737946 7.700014 181.108887
v -270.992096 7.700014 181.122604
v -270.914185 7.700014 182.658417
v -266.283295 7.700014 182.329315
v -266.405731 7.700013 179.902176
v -264.591248 7.700013 179.710190
v -264.958588 7.700013 174.814774
v -266.561584 7.700013 174.814774
v -266.572723 7.700013 173.196671
v -269.912323 7.700013 173.128113
v -269.878906 7.700013 171.674576
v -260.461273 7.700013 171.331757
v -260.728455 7.700012 163.817200
v -261.741455 7.700012 163.803497
v -261.663544 7.700012 160.128494
v -254.817383 7.700012 157.523087
v -257.489044 7.700011 150.982132
v -281.244629 0.000014 191.311096
v -286.810608 0.000014 180.149002
v -294.168823 0.000014 183.823990
v -293.033356 0.000014 186.072861
v -294.024109 0.000014 186.566528
v -289.571320 0.000015 195.466034
v -281.244629 10.100015 191.311096
v -286.810608 10.100014 180.149002
v -294.168823 10.100015 183.823990
v -293.033356 10.100015 186.072861
v -294.024109 10.100015 186.566528
v -289.571320 10.100015 195.466034
v -284.506287 0.000010 126.038696
v -290.606598 0.000009 116.000977
v -299.701416 0.000009 121.568344
v -292.376587 0.000010 133.594406
v -284.205719 0.000010 128.589264
v -285.430237 0.000010 126.600922
v -284.506287 10.800010 126.038696
v -290.606598 10.800009 116.000977
v -299.701416 10.800010 121.568344
v -292.376587 10.800011 133.594406
v -284.205719 10.800010 128.589264
v -285.430237 10.800010 126.600922
v -264.958588 0.000016 213.470718
v -274.665649 0.000015 195.712860
v -286.253998 0.000015 202.089233
v -276.558075 0.000017 219.847076
v -264.958588 10.900016 213.470718
v -274.665649 10.900014 195.712860
v -286.253998 10.900015 202.089233
v -276.558075 10.900016 219.847076
v -280.721436 0.000016 215.637314
v -283.370850 0.000016 210.467651
v -294.536194 0.000016 216.226959
v -291.886780 0.000017 221.410324
v -280.721436 12.500016 215.637314
v -283.370850 12.500016 210.467651
v -294.536194 12.500016 216.226959
v -291.886780 12.500017 221.410324
v -284.272522 0.000016 209.494049
v -288.691895 0.000015 201.293900
v -294.224487 0.000015 204.283264
v -289.805115 0.000016 212.497116
v -284.272522 10.000016 209.494049
v -288.691895 10.000015 201.293900
v -294.224487 10.000015 204.283264
v -289.805115 10.000016 212.497116
v -205.870209 0.000017 223.124405
v -210.768265 0.000016 213.539276
v -224.126602 0.000017 220.423019
v -219.239670 0.000017 230.008118
v -205.870209 8.400017 223.124405
v -210.768265 8.400016 213.539276
v -224.126602 8.400016 220.423019
v -219.239670 8.400017 230.008118
v -311.612579 0.000017 219.572830
v -312.269379 0.000017 219.490555
v -312.970673 0.000017 219.504272
v -315.742554 0.000017 221.204636
v -329.846710 0.000017 228.897400
v -326.841095 0.000018 234.464722
v -312.725800 0.000017 226.771957
v -314.339905 0.000017 223.782608
v -311.345428 0.000017 222.150803
v -310.866760 0.000017 221.506317
v -310.799957 0.000017 221.081223
v -310.900146 0.000017 220.450439
v -311.222961 0.000017 220.011642
v -311.612579 13.100017 219.572830
v -312.269379 13.100017 219.490555
v -312.970673 13.100017 219.504272
v -315.742554 13.100018 221.204636
v -329.846710 13.100018 228.897400
v -326.841095 13.100019 234.464722
v -312.725800 13.100018 226.771957
v -314.339905 13.100018 223.782608
v -311.345428 13.100018 222.150803
v -310.866760 13.100018 221.506317
v -310.799957 13.100018 221.081223
v -310.900146 13.100017 220.450439
v -311.222961 13.100017 220.011642
v -274.153595 0.000022 288.889862
v -279.485779 0.000021 277.453613
v -291.152069 0.000021 282.938629
v -283.560089 0.000023 299.270233
v -276.346588 0.000022 295.883270
v -278.617493 0.000022 290.987885
v -274.153595 4.200022 288.889862
v -279.485779 4.200021 277.453613
v -291.152069 4.200021 282.938629
v -283.560089 4.200022 299.270233
v -276.346588 4.200022 295.883270
v -278.617493 4.200022 290.987885
v -245.934097 0.000020 269.843140
v -249.774612 0.000020 262.630341
v -255.106812 0.000020 263.329681
v -263.388977 0.000020 267.772552
v -258.680176 0.000021 276.658295
v -245.934097 8.400020 269.843140
v -249.774612 8.400020 262.630341
v -255.106812 8.400020 263.329681
v -263.388977 8.400020 267.772552
v -258.680176 8.400021 276.658295
v -240.323593 0.000021 280.922882
v -245.577866 0.000020 271.214417
v -257.322083 0.000021 277.631866
v -252.067795 0.000022 287.340363
v -240.323593 6.300021 280.922882
v -245.577866 6.300021 271.214417
v -257.322083 6.300021 277.631866
v -252.067795 6.300022 287.340363
v -230.271439 0.000021 273.504395
v -235.904205 0.000020 263.110291
v -244.965607 0.000020 268.060516
v -239.343979 0.000021 278.468353
v -230.271439 6.600020 273.504395
v -235.904205 6.600020 263.110291
v -244.965607 6.600020 268.060516
v -239.343979 6.600021 278.468353
v -194.871841 0.000019 249.987366
v -198.311615 0.000019 247.477966
v -203.298721 0.000019 253.484070
v -205.758881 0.000019 254.306824
v -204.723618 0.000019 258.173767
v -208.608658 0.000020 259.284485
v -208.219040 0.000020 259.778137
v -210.412033 0.000020 260.504913
v -209.710724 0.000020 262.095551
v -208.586395 0.000020 261.615631
v -206.883209 0.000020 267.402313
v -203.465698 0.000020 266.401306
v -203.009293 0.000020 268.238800
v -189.539642 0.000020 263.754791
v -192.200165 0.000019 253.580063
v -193.346756 0.000019 254.155991
v -194.871841 6.700019 249.987366
v -198.311615 6.700018 247.477966
v -203.298721 6.700019 253.484070
v -205.758881 6.700019 254.306824
v -204.723618 6.700019 258.173767
v -208.608658 6.700019 259.284485
v -208.219040 6.700019 259.778137
v -210.412033 6.700019 260.504913
v -209.710724 6.700019 262.095551
v -208.586395 6.700019 261.615631
v -206.883209 6.700020 267.402313
v -203.465698 6.700020 266.401306
v -203.009293 6.700020 268.238800
v -189.539642 6.700020 263.754791
v -192.200165 6.700019 253.580063
v -193.346756 6.700019 254.155991
v -185.175919 0.000021 276.438904
v -188.081345 0.000020 266.785248
v -196.341263 0.000020 269.280945
v -193.435822 0.000021 278.934570
v -185.175919 7.400021 276.438904
v -188.081345 7.400020 266.785248
v -196.341263 7.400021 269.280945
v -193.435822 7.400021 278.934570
v -193.168655 0.000021 281.361694
v -197.988785 0.000020 269.678619
v -205.603043 0.000021 272.859924
v -200.782898 0.000021 284.515564
v -193.168655 8.500021 281.361694
v -197.988785 8.500020 269.678619
v -205.603043 8.500021 272.859924
v -200.782898 8.500022 284.515564
v -219.551376 0.000021 283.610535
v -222.211914 0.000021 278.756317
v -228.356735 0.000021 282.157013
v -225.673950 0.000022 287.011261
v -219.551376 7.400022 283.610535
v -222.211914 7.400021 278.756317
v -228.356735 7.400022 282.157013
v -225.673950 7.400022 287.011261
v -213.462189 0.000022 292.290588
v -216.746124 0.000022 286.161072
v -224.338104 0.000022 290.274841
v -220.920593 0.000022 296.637451
v -213.462189 11.500022 292.290588
v -216.746124 11.500022 286.161072
v -224.338104 11.500022 290.274841
v -220.920593 11.500022 296.637451
v -223.514343 0.000022 294.799957
v -231.540482 0.000021 281.251984
v -237.496078 0.000022 284.817261
v -236.883820 0.000022 285.831970
v -240.857925 0.000022 288.204254
v -232.931976 0.000023 301.587646
v -224.505081 0.000022 296.541443
v -225.006027 0.000022 295.691284
v -223.514343 11.500022 294.799957
v -231.540482 11.500021 281.251984
v -237.496078 11.500022 284.817261
v -236.883820 11.500022 285.831970
v -240.857925 11.500022 288.204254
v -232.931976 11.500023 301.587646
v -224.505081 11.500022 296.541443
v -225.006027 11.500022 295.691284
v -236.115707 0.000023 302.108734
v -242.360733 0.000022 290.480530
v -249.151230 0.000022 294.155487
v -242.906204 0.000023 305.797394
v -236.115707 9.900023 302.108734
v -242.360733 9.900022 290.480530
v -249.151230 9.900022 294.155487
v -242.906204 9.900023 305.797394
v -138.811340 0.000021 277.193085
v -139.557190 0.000020 271.241821
v -153.828339 0.000021 273.038177
v -152.425720 0.000021 284.227600
v -140.046997 0.000021 282.664368
v -140.703781 0.000021 277.439911
v -138.811340 9.400021 277.193085
v -139.557190 9.400020 271.241821
v -153.828339 9.400021 273.038177
v -152.425720 9.400022 284.227600
v -140.046997 9.400021 282.664368
v -140.703781 9.400021 277.439911
v -153.538910 0.000021 283.212891
v -154.741165 0.000021 275.890381
v -170.203445 0.000021 278.454620
v -169.502121 0.000021 282.664368
v -168.522522 0.000021 282.499817
v -168.010452 0.000022 285.585144
v -153.538910 6.800022 283.212891
v -154.741165 6.800021 275.890381
v -170.203445 6.800021 278.454620
v -169.502121 6.800022 282.664368
v -168.522522 6.800022 282.499817
v -168.010452 6.800022 285.585144
v -140.614716 0.000022 289.054413
v -141.137924 0.000021 284.707550
v -150.989700 0.000022 285.914246
v -150.666870 0.000022 288.588196
v -154.318146 0.000022 289.027008
v -154.117767 0.000022 290.686218
v -140.614716 9.700022 289.054413
v -141.137924 9.700022 284.707550
v -150.989700 9.700022 285.914246
v -150.666870 9.700022 288.588196
v -154.318146 9.700022 289.027008
v -154.117767 9.700022 290.686218
v -139.534927 0.000022 297.089966
v -140.024719 0.000022 289.890869
v -151.980438 0.000022 290.727356
v -151.746674 0.000022 294.128052
v -152.960052 0.000022 294.224030
v -152.704010 0.000022 298.008698
v -139.534927 9.900023 297.089966
v -140.024719 9.900022 289.890869
v -151.980438 9.900022 290.727356
v -151.746674 9.900022 294.128052
v -152.960052 9.900022 294.224030
v -152.704010 9.900023 298.008698
v -153.650238 0.000023 301.011749
v -155.264359 0.000022 288.739044
v -167.375931 0.000022 290.343384
v -165.761795 0.000023 302.616089
v -153.650238 13.200023 301.011749
v -155.264359 13.200022 288.739044
v -167.375931 13.200022 290.343384
v -165.761795 13.200023 302.616089
v -177.127518 0.000022 290.178833
v -179.877106 0.000021 283.596832
v -185.342896 0.000022 285.818268
v -180.968033 0.000022 296.733429
v -175.557907 0.000022 294.374878
v -170.247971 0.000022 293.360138
v -170.993805 0.000022 289.452087
v -177.127518 8.300022 290.178833
v -179.877106 8.300021 283.596832
v -185.342896 8.300022 285.818268
v -180.968033 8.300022 296.733429
v -175.557907 8.300022 294.374878
v -170.247971 8.300022 293.360138
v -170.993805 8.300022 289.452087
v -168.978928 0.000023 300.778625
v -170.604187 0.000022 294.566864
v -181.457840 0.000022 297.405334
v -178.519012 0.000023 308.759308
v -177.717499 0.000023 308.553619
v -177.539398 0.000023 309.225525
v -168.311005 0.000023 306.798401
v -169.813828 0.000023 300.998016
v -168.978928 10.400023 300.778625
v -170.604187 10.400022 294.566864
v -181.457840 10.400023 297.405334
v -178.519012 10.400023 308.759308
v -177.717499 10.400023 308.553619
v -177.539398 10.400023 309.225525
v -168.311005 10.400023 306.798401
v -169.813828 10.400023 300.998016
v -180.912369 0.000023 309.856293
v -189.083221 0.000022 289.314972
v -198.233688 0.000022 292.921356
v -196.975784 0.000022 296.349487
v -199.268967 0.000022 297.199646
v -198.422928 0.000023 301.738495
v -194.526749 0.000024 315.231598
v -180.912369 11.100024 309.856293
v -189.083221 11.100022 289.314972
v -198.233688 11.100022 292.921356
v -196.975784 11.100022 296.349487
v -199.268967 11.100023 297.199646
v -198.422928 11.100023 301.738495
v -194.526749 11.100024 315.231598
v -214.085587 0.000025 330.959808
v -216.701599 0.000024 318.851685
v -226.987518 0.000024 321.086823
v -224.371506 0.000025 333.194946
v -214.085587 9.100025 330.959808
v -216.701599 9.100024 318.851685
v -226.987518 9.100024 321.086823
v -224.371506 9.100025 333.194946
v -203.744003 0.000023 304.576996
v -204.601166 0.000023 300.806061
v -216.089340 0.000023 303.425140
v -213.328613 0.000024 315.684113
v -215.755371 0.000024 316.232605
v -216.234055 0.000024 316.342316
v -213.228424 0.000025 329.670837
v -196.530502 0.000025 325.872498
v -198.868210 0.000024 315.546997
v -197.599167 0.000024 315.245300
v -199.101974 0.000023 308.539917
v -201.862701 0.000023 309.170685
v -202.931366 0.000023 304.385010
v -203.744003 13.400023 304.576996
v -204.601166 13.400023 300.806061
v -216.089340 13.400023 303.425140
v -213.328613 13.400023 315.684113
v -215.755371 13.400023 316.232605
v -216.234055 13.400023 316.342316
v -213.228424 13.400024 329.670837
v -196.530502 13.400024 325.872498
v -198.868210 13.400023 315.546997
v -197.599167 13.400023 315.245300
v -199.101974 13.400023 308.539917
v -201.862701 13.400023 309.170685
v -202.931366 13.400023 304.385010
v -184.919876 0.000025 325.749084
v -187.023819 0.000024 313.764374
v -192.567520 0.000024 314.751648
v -192.367157 0.000024 315.848663
v -195.339386 0.000024 316.383453
v -193.146393 0.000025 328.875519
v -185.621185 0.000025 327.517975
v -185.899490 0.000025 325.913635
v -184.919876 7.400025 325.749084
v -187.023819 7.400024 313.764374
v -192.567520 7.400024 314.751648
v -192.367157 7.400024 315.848663
v -195.339386 7.400024 316.383453
v -193.146393 7.400025 328.875519
v -185.621185 7.400025 327.517975
v -185.899490 7.400025 325.913635
v -171.917755 0.000024 312.146301
v -171.940018 0.000023 310.528229
v -176.081116 0.000023 310.596771
v -175.825073 0.000025 325.639374
v -171.138519 0.000025 325.570801
v -171.160782 0.000024 324.103577
v -168.077240 0.000024 324.048737
v -168.277618 0.000024 312.077728
v -171.917755 8.000024 312.146301
v -171.940018 8.000024 310.528229
v -176.081116 8.000024 310.596771
v -175.825073 8.000025 325.639374
v -171.138519 8.000025 325.570801
v -171.160782 8.000025 324.103577
v -168.077240 8.000025 324.048737
v -168.277618 8.000024 312.077728
v -145.590698 0.000024 318.508881
v -146.536911 0.000023 311.158997
v -148.663116 0.000024 311.433228
v -149.108398 0.000023 307.963989
v -147.839355 0.000023 307.799438
v -148.651993 0.000023 301.477966
v -157.646606 0.000023 302.629822
v -157.323776 0.000023 305.139191
v -167.520645 0.000023 306.455597
v -166.407440 0.000024 315.149323
v -167.542908 0.000024 315.300171
v -166.752533 0.000024 321.594208
v -161.409195 0.000024 320.908569
v -161.865616 0.000024 317.329620
v -153.127029 0.000024 316.205200
v -152.459106 0.000024 321.361084
v -145.857864 0.000024 320.510895
v -145.690887 0.000024 321.662750
v -140.113785 0.000024 320.908569
v -140.514526 0.000024 317.823273
v -145.590698 7.200024 318.508881
v -146.536911 7.200023 311.158997
v -148.663116 7.200023 311.433228
v -149.108398 7.200023 307.963989
v -147.839355 7.200023 307.799438
v -148.651993 7.200023 301.477966
v -157.646606 7.200023 302.629822
v -157.323776 7.200023 305.139191
v -167.520645 7.200023 306.455597
v -166.407440 7.200024 315.149323
v -167.542908 7.200024 315.300171
v -166.752533 7.200024 321.594208
v -161.409195 7.200024 320.908569
v -161.865616 7.200024 317.329620
v -153.127029 7.200024 316.205200
v -152.459106 7.200024 321.361084
v -145.857864 7.200024 320.510895
v -145.690887 7.200024 321.662750
v -140.113785 7.200024 320.908569
v -140.514526 7.200024 317.823273
v -145.779938 0.000024 323.198547
v -157.334900 0.000025 324.583527
v -156.633591 0.000025 330.452454
v -156.076996 0.000025 335.251831
v -154.885880 0.000025 335.100983
v -154.741165 0.000025 336.252838
v -143.275253 0.000025 334.867859
v -143.442230 0.000025 333.674896
v -142.162064 0.000025 333.441772
v -142.841110 0.000025 327.627686
v -139.212097 0.000025 327.188873
v -139.779831 0.000024 322.471802
v -145.779938 9.900024 323.198547
v -157.334900 9.900024 324.583527
v -156.633591 9.900024 330.452454
v -156.076996 9.900025 335.251831
v -154.885880 9.900025 335.100983
v -154.741165 9.900025 336.252838
v -143.275253 9.900025 334.867859
v -143.442230 9.900024 333.674896
v -142.162064 9.900024 333.441772
v -142.841110 9.900024 327.627686
v -139.212097 9.900024 327.188873
v -139.779831 9.900024 322.471802
v -158.002823 0.000025 336.458527
v -159.227341 0.000025 325.337708
v -167.309128 0.000025 326.229004
v -166.084625 0.000025 337.349823
v -158.002823 7.300025 336.458527
v -159.227341 7.300025 325.337708
v -167.309128 7.300025 326.229004
v -166.084625 7.300025 337.349823
v -167.620834 0.000025 336.074554
v -168.555908 0.000025 326.475830
v -177.895615 0.000025 327.380859
v -177.138641 0.000025 335.100983
v -175.045837 0.000025 334.895294
v -174.867722 0.000025 336.773895
v -167.620834 7.600025 336.074554
v -168.555908 7.600025 326.475830
v -177.895615 7.600025 327.380859
v -177.138641 7.600025 335.100983
v -175.045837 7.600025 334.895294
v -174.867722 7.600025 336.773895
v -177.940140 0.000025 335.512360
v -178.953156 0.000025 327.559113
v -185.832703 0.000025 328.436737
v -184.841949 0.000025 336.389954
v -177.940140 7.200025 335.512360
v -178.953156 7.200025 327.559113
v -185.832703 7.200025 328.436737
v -184.841949 7.200025 336.389954
v -186.823441 0.000026 338.158875
v -188.582291 0.000025 329.149780
v -195.639938 0.000025 330.534729
v -193.881104 0.000026 339.543823
v -186.823441 9.900025 338.158875
v -188.582291 9.900024 329.149780
v -195.639938 9.900024 330.534729
v -193.881104 9.900025 339.543823
v -195.617676 0.000026 338.803345
v -197.621429 0.000025 330.795258
v -205.814545 0.000025 332.852142
v -203.810791 0.000026 340.860229
v -195.617676 7.400026 338.803345
v -197.621429 7.400025 330.795258
v -205.814545 7.400025 332.852142
v -203.810791 7.400026 340.860229
v -204.712479 0.000026 341.052185
v -207.039062 0.000025 332.235077
v -217.959503 0.000025 335.142120
v -214.519730 0.000026 348.127808
v -209.031677 0.000026 346.660583
v -209.899979 0.000026 343.424438
v -208.541870 0.000026 343.067932
v -208.797913 0.000026 342.135468
v -204.712479 6.700026 341.052185
v -207.039062 6.700025 332.235077
v -217.959503 6.700025 335.142120
v -214.519730 6.700026 348.127808
v -209.031677 6.700026 346.660583
v -209.899979 6.700026 343.424438
v -208.541870 6.700026 343.067932
v -208.797913 6.700026 342.135468
v -214.875946 0.000026 348.772308
v -218.749878 0.000025 335.567200
v -229.425415 0.000026 338.721069
v -222.122849 0.000026 350.911438
v -214.875946 9.900026 348.772308
v -218.749878 9.900025 335.567200
v -229.425415 9.900025 338.721069
v -222.122849 9.900026 350.911438
v -157.479630 0.000026 341.861237
v -157.769058 0.000025 337.144135
v -166.552155 0.000025 337.692627
v -165.917633 0.000026 348.100403
v -163.724640 0.000026 347.963257
v -163.624466 0.000026 349.403076
v -158.926773 0.000026 349.101410
v -159.015839 0.000026 347.661591
v -158.314514 0.000026 347.606750
v -158.670746 0.000026 341.943512
v -157.479630 8.800026 341.861237
v -157.769058 8.800026 337.144135
v -166.552155 8.800026 337.692627
v -165.917633 8.800027 348.100403
v -163.724640 8.800027 347.963257
v -163.624466 8.800027 349.403076
v -158.926773 8.800027 349.101410
v -159.015839 8.800027 347.661591
v -158.314514 8.800027 347.606750
v -158.670746 8.800026 341.943512
v -146.948792 0.000028 366.845306
v -148.974808 0.000026 348.690033
v -157.078873 0.000026 349.581329
v -156.410950 0.000027 355.655945
v -153.160431 0.000027 355.285706
v -151.824600 0.000028 367.393799
v -146.948792 10.400027 366.845306
v -148.974808 10.400026 348.690033
v -157.078873 10.400026 349.581329
v -156.410950 10.400026 355.655945
v -153.160431 10.400026 355.285706
v -151.824600 10.400027 367.393799
v -156.388687 0.000027 359.276031
v -157.635468 0.000026 349.581329
v -165.182938 0.000026 350.568634
v -162.589188 0.000028 370.945312
v -157.034348 0.000028 370.218567
v -157.423965 0.000028 367.215546
v -155.854355 0.000028 367.009857
v -156.833969 0.000027 359.330902
v -156.388687 11.300027 359.276031
v -157.635468 11.300027 349.581329
v -165.182938 11.300027 350.568634
v -162.589188 11.300028 370.945312
v -157.034348 11.300028 370.218567
v -157.423965 11.300028 367.215546
v -155.854355 11.300028 367.009857
v -156.833969 11.300027 359.330902
v -134.937424 0.000027 362.471039
v -136.084015 0.000027 353.585388
v -143.141678 0.000027 354.504120
v -143.074875 0.000027 354.997772
v -147.460861 0.000027 355.559967
v -146.570312 0.000027 362.471039
v -142.217728 0.000027 361.908813
v -141.694519 0.000028 366.008850
v -139.757553 0.000028 365.762024
v -139.523788 0.000028 367.613190
v -136.440247 0.000028 367.229248
v -135.182327 0.000028 365.775726
v -135.605347 0.000027 362.553314
v -134.937424 8.300028 362.471039
v -136.084015 8.300027 353.585388
v -143.141678 8.300027 354.504120
v -143.074875 8.300027 354.997772
v -147.460861 8.300027 355.559967
v -146.570312 8.300028 362.471039
v -142.217728 8.300028 361.908813
v -141.694519 8.300028 366.008850
v -139.757553 8.300028 365.762024
v -139.523788 8.300028 367.613190
v -136.440247 8.300028 367.229248
v -135.182327 8.300028 365.775726
v -135.605347 8.300028 362.553314
v -192.500732 0.000027 355.683380
v -196.953522 0.000026 347.839874
v -204.233810 0.000027 351.981018
v -203.565887 0.000027 353.160278
v -206.293213 0.000027 354.709808
v -207.139252 0.000027 353.187714
v -215.120850 0.000027 357.740234
v -208.586395 0.000028 369.313538
v -201.050064 0.000028 365.021545
v -202.953629 0.000027 361.662018
v -192.500732 12.900026 355.683380
v -196.953522 12.900026 347.839874
v -204.233810 12.900026 351.981018
v -203.565887 12.900026 353.160278
v -206.293213 12.900026 354.709808
v -207.139252 12.900026 353.187714
v -215.120850 12.900026 357.740234
v -208.586395 12.900027 369.313538
v -201.050064 12.900027 365.021545
v -202.953629 12.900027 361.662018
v -278.929199 0.000026 339.749512
v -279.875397 0.000025 337.061859
v -282.869904 0.000026 338.145142
v -281.912537 0.000026 340.819092
v -278.929199 2.950026 339.749512
v -279.875397 2.950026 337.061859
v -282.869904 2.950026 338.145142
v -281.912537 2.950026 340.819092
v -378.215027 0.000027 351.720490
v -379.294830 0.000026 349.361938
v -386.875702 0.000027 352.858612
v -385.784760 0.000027 355.244568
v -387.576996 0.000027 356.053619
v -383.101959 0.000028 365.858002
v -372.738129 0.000027 361.086090
v -377.224304 0.000027 351.254272
v -378.215027 8.500027 351.720490
v -379.294830 8.500027 349.361938
v -386.875702 8.500027 352.858612
v -385.784760 8.500027 355.244568
v -387.576996 8.500027 356.053619
v -383.101959 8.500028 365.858002
v -372.738129 8.500028 361.086090
v -377.224304 8.500027 351.254272
v -397.662567 0.000028 367.955994
v -401.525330 0.000027 359.413177
v -410.853912 0.000027 363.773712
v -406.991119 0.000028 372.330261
v -397.662567 10.100028 367.955994
v -401.525330 10.100027 359.413177
v -410.853912 10.100028 363.773712
v -406.991119 10.100028 372.330261
v -371.168518 0.000025 337.747498
v -374.597168 0.000025 330.287903
v -378.960876 0.000025 332.317352
v -374.819794 0.000026 341.312744
v -371.413422 0.000026 339.722076
v -371.168518 7.900025 337.747498
v -374.597168 7.900025 330.287903
v -378.960876 7.900025 332.317352
v -374.819794 7.900026 341.312744
v -371.413422 7.900026 339.722076
v -375.387512 0.000025 330.082214
v -377.079590 0.000025 325.941040
v -386.296844 0.000025 329.739410
v -384.615906 0.000025 333.880585
v -375.387512 9.600025 330.082214
v -377.079590 9.600025 325.941040
v -386.296844 9.600025 329.739410
v -384.615906 9.600025 333.880585
v -381.265198 0.000026 342.725128
v -387.320984 0.000025 329.286896
v -393.254303 0.000025 331.974548
v -387.187378 0.000026 345.426483
v -381.265198 9.600026 342.725128
v -387.320984 9.600025 329.286896
v -393.254303 9.600025 331.974548
v -387.187378 9.600026 345.426483
v -388.812653 0.000026 344.452881
v -394.066925 0.000025 332.317352
v -406.512451 0.000025 337.733765
v -400.434418 0.000027 351.802765
v -394.823914 0.000026 349.348236
v -396.348999 0.000026 345.824127
v -394.534485 0.000026 345.028809
v -393.844299 0.000026 346.633179
v -388.812653 12.200026 344.452881
v -394.066925 12.200025 332.317352
v -406.512451 12.200026 337.733765
v -400.434418 12.200027 351.802765
v -394.823914 12.200027 349.348236
v -396.348999 12.200026 345.824127
v -394.534485 12.200026 345.028809
v -393.844299 12.200026 346.633179
v -381.810669 0.000024 316.081787
v -382.734619 0.000024 312.969025
v -389.591888 0.000024 314.998474
v -388.679077 0.000024 318.111237
v -381.810669 2.990024 316.081787
v -382.734619 2.990024 312.969025
v -389.591888 2.990024 314.998474
v -388.679077 2.990024 318.111237
v -425.670532 0.000026 350.966309
v -429.154846 0.000026 342.409729
v -435.333069 0.000026 344.932831
v -431.848785 0.000027 353.489380
v -425.670532 8.500027 350.966309
v -429.154846 8.500026 342.409729
v -435.333069 8.500026 344.932831
v -431.848785 8.500027 353.489380
v -438.327576 0.000026 339.324432
v -440.687531 0.000025 333.633759
v -446.409363 0.000025 336.019714
v -444.049377 0.000026 341.710388
v -438.327576 9.300026 339.324432
v -440.687531 9.300025 333.633759
v -446.409363 9.300026 336.019714
v -444.049377 9.300026 341.710388
v -436.880402 0.000025 327.312286
v -442.357330 0.000024 314.189453
v -448.914062 0.000024 316.945648
v -447.912170 0.000024 319.345337
v -449.648773 0.000024 320.072113
v -448.891785 0.000024 321.854736
v -450.394592 0.000024 322.485504
v -446.654266 0.000025 331.439758
v -436.880402 11.800025 327.312286
v -442.357330 11.800024 314.189453
v -448.914062 11.800024 316.945648
v -447.912170 11.800024 319.345337
v -449.648773 11.800024 320.072113
v -448.891785 11.800024 321.854736
v -450.394592 11.800025 322.485504
v -446.654266 11.800025 331.439758
v -447.433502 0.000027 355.518829
v -454.457764 0.000026 338.707367
v -458.398468 0.000026 340.366577
v -457.919800 0.000026 341.532135
v -460.791840 0.000026 342.738831
v -457.786224 0.000026 349.951569
v -457.040375 0.000026 349.636200
v -453.500427 0.000027 358.069336
v -447.433502 11.300027 355.518829
v -454.457764 11.300026 338.707367
v -458.398468 11.300026 340.366577
v -457.919800 11.300026 341.532135
v -460.791840 11.300026 342.738831
v -457.786224 11.300027 349.951569
v -457.040375 11.300027 349.636200
v -453.500427 11.300027 358.069336
v -441.333191 0.000028 372.289124
v -447.589355 0.000027 358.645264
v -463.263123 0.000028 365.899139
v -457.686035 0.000029 378.075775
v -455.893768 0.000029 379.035645
v -453.444763 0.000029 377.911224
v -450.706299 0.000028 371.137299
v -448.212738 0.000028 372.069733
v -449.626495 0.000028 376.142334
v -441.333191 8.500028 372.289124
v -447.589355 8.500027 358.645264
v -463.263123 8.500028 365.899139
v -457.686035 8.500029 378.075775
v -455.893768 8.500029 379.035645
v -453.444763 8.500029 377.911224
v -450.706299 8.500028 371.137299
v -448.212738 8.500028 372.069733
v -449.626495 8.500029 376.142334
v -442.991852 0.000024 312.831909
v -445.730316 0.000023 306.579010
v -454.891907 0.000023 310.637909
v -452.142303 0.000024 316.890808
v -442.991852 6.900024 312.831909
v -445.730316 6.900023 306.579010
v -454.891907 6.900023 310.637909
v -452.142303 6.900024 316.890808
v -445.485413 0.000023 305.180328
v -447.912170 0.000023 300.257538
v -458.231506 0.000023 305.386017
v -455.815857 0.000023 310.322540
v -445.485413 6.800023 305.180328
v -447.912170 6.800023 300.257538
v -458.231506 6.800023 305.386017
v -455.815857 6.800024 310.322540
v -447.889923 0.000023 299.242828
v -451.173828 0.000022 291.796936
v -460.658264 0.000022 295.992950
v -457.374329 0.000023 303.452576
v -447.889923 7.500022 299.242828
v -451.173828 7.500022 291.796936
v -460.658264 7.500022 295.992950
v -457.374329 7.500023 303.452576
v -453.556061 0.000022 291.632385
v -457.240753 0.000021 282.527252
v -466.135162 0.000022 286.161072
v -462.439362 0.000022 295.252472
v -453.556061 9.800022 291.632385
v -457.240753 9.800021 282.527252
v -466.135162 9.800022 286.161072
v -462.439362 9.800022 295.252472
v -434.097412 0.000018 234.574417
v -437.949066 0.000017 227.827820
v -453.812103 0.000018 236.974121
v -448.936310 0.000019 245.503357
v -438.271912 0.000018 239.360107
v -439.296051 0.000018 237.563766
v -434.097412 9.600019 234.574417
v -437.949066 9.600018 227.827820
v -453.812103 9.600019 236.974121
v -448.936310 9.600019 245.503357
v -438.271912 9.600019 239.360107
v -439.296051 9.600019 237.563766
v -450.205353 0.000019 250.768982
v -457.129425 0.000018 238.441376
v -466.201965 0.000018 243.569885
v -460.491272 0.000019 253.744614
v -456.016235 0.000019 251.194077
v -454.791718 0.000019 253.374374
v -450.205353 8.900019 250.768982
v -457.129425 8.900018 238.441376
v -466.201965 8.900018 243.569885
v -460.491272 8.900019 253.744614
v -456.016235 8.900019 251.194077
v -454.791718 8.900019 253.374374
v -443.915802 0.000020 265.921356
v -450.049500 0.000019 255.952332
v -463.797455 0.000020 264.508972
v -458.654510 0.000021 272.846191
v -451.296295 0.000020 268.266205
v -450.695160 0.000020 270.144836
v -443.915802 8.000020 265.921356
v -450.049500 8.000019 255.952332
v -463.797455 8.000020 264.508972
v -458.654510 8.000021 272.846191
v -451.296295 8.000020 268.266205
v -450.695160 8.000020 270.144836
v -49.098965 -0.000017 -221.200577
v -50.891209 -0.000016 -216.812363
v -32.991035 -0.000016 -209.448410
v -30.898230 -0.000016 -214.316574
v -29.885223 -0.000016 -216.853500
v -29.295229 -0.000016 -218.279678
v -48.920856 -0.000017 -226.274460
v -50.701969 -0.000017 -221.858810
v -49.098965 21.499983 -221.200577
v -50.891209 21.499983 -216.812363
v -32.991035 21.499985 -209.448410
v -30.898230 21.499985 -214.316574
v -29.885223 21.499983 -216.853500
v -29.295229 21.499983 -218.279678
v -48.920856 21.499983 -226.274460
v -50.701969 21.499983 -221.858810
v -24.541887 -0.000017 -227.453781
v -28.649576 -0.000016 -217.456894
v -15.881230 -0.000016 -212.163605
v -11.773541 -0.000017 -222.160507
v -24.541887 10.699983 -227.453781
v -28.649576 10.699984 -217.456894
v -15.881230 10.699984 -212.163605
v -11.773541 10.699983 -222.160507
v -30.285973 -0.000017 -219.061325
v -28.627312 -0.000017 -222.955872
v -48.508972 -0.000017 -231.499176
v -50.167633 -0.000017 -227.604630
v -30.285973 4.799984 -219.061325
v -28.627312 4.799984 -222.955872
v -48.508972 4.799983 -231.499176
v -50.167633 4.799983 -227.604630
v -86.468918 -0.000020 -265.384491
v -105.938698 -0.000020 -265.754761
v -106.573219 -0.000018 -233.789276
v -87.092308 -0.000018 -233.405304
v -86.468918 20.199980 -265.384491
v -105.938698 20.199980 -265.754761
v -106.573219 20.199984 -233.789276
v -87.092308 20.199984 -233.405304
v -180.511627 -0.000017 -230.333557
v -181.658218 -0.000017 -230.333557
v -181.647079 -0.000018 -233.254456
v -186.122131 -0.000018 -233.473877
v -186.122131 -0.000017 -230.347260
v -183.628571 -0.000017 -230.333557
v -183.661972 -0.000017 -223.874649
v -177.172043 -0.000017 -220.089813
v -170.303635 -0.000017 -223.422119
v -169.869476 -0.000018 -232.705933
v -180.500488 -0.000018 -233.199600
v -180.511627 -0.000018 -232.445389
v -180.511627 -0.000018 -232.198547
v -180.511627 25.199984 -230.333557
v -181.658218 25.199984 -230.333557
v -181.647079 25.199984 -233.254456
v -186.122131 25.199984 -233.473877
v -186.122131 25.199984 -230.347260
v -183.628571 25.199984 -230.333557
v -183.661972 25.199984 -223.874649
v -177.172043 25.199984 -220.089813
v -170.303635 25.199984 -223.422119
v -169.869476 25.199984 -232.705933
v -180.500488 25.199984 -233.199600
v -180.511627 25.199984 -232.445389
v -180.511627 25.199984 -232.198547
v -184.507996 -0.000019 -248.873779
v -184.608185 -0.000019 -245.719742
v -184.218567 -0.000019 -245.706039
v -184.441208 -0.000018 -238.643738
v -185.710251 -0.000018 -238.698593
v -185.854965 -0.000018 -234.406372
v -173.465103 -0.000018 -234.008682
v -172.196060 -0.000018 -235.146881
v -171.227585 -0.000018 -237.779816
v -171.127396 -0.000018 -244.965530
v -174.400192 -0.000019 -247.708160
v -174.377914 -0.000019 -248.544662
v -184.507996 31.199982 -248.873779
v -184.608185 31.199982 -245.719742
v -184.218567 31.199982 -245.706039
v -184.441208 31.199984 -238.643738
v -185.710251 31.199984 -238.698593
v -185.854965 31.199984 -234.406372
v -173.465103 31.199984 -234.008682
v -172.196060 31.199984 -235.146881
v -171.227585 31.199984 -237.779816
v -171.127396 31.199982 -244.965530
v -174.400192 31.199982 -247.708160
v -174.377914 31.199982 -248.544662
v -185.710251 -0.000020 -268.799072
v -199.202164 -0.000020 -269.457306
v -199.413681 -0.000020 -264.493134
v -196.051819 -0.000020 -264.342285
v -197.443314 -0.000018 -232.555084
v -187.747391 -0.000017 -226.781845
v -185.710251 30.999979 -268.799072
v -199.202164 30.999979 -269.457306
v -199.413681 30.999981 -264.493134
v -196.051819 30.999981 -264.342285
v -197.443314 30.999983 -232.555084
v -187.747391 30.999983 -226.781845
v -315.909515 -0.000017 -225.191116
v -316.777802 -0.000017 -230.594101
v -319.416077 -0.000017 -230.168991
v -318.536652 -0.000017 -224.766006
v -315.909515 2.979983 -225.191116
v -316.777802 2.979983 -230.594101
v -319.416077 2.979983 -230.168991
v -318.536652 2.979983 -224.766006
v -578.285400 0.000000 578.285400
v 578.285400 0.000000 578.285400
v -578.285400 0.000000 -578.285400
v 578.285400 0.000000 -578.285400
vn -0.0000 1.0000 -0.0000
vn -0.3560 -0.0000 0.9345
vn -0.3559 -0.0000 0.9345
vn -0.3561 -0.0000 0.9345
vn 0.9722 -0.0000 0.2340
vn 0.4849 -0.0000 0.8746
vn 0.4418 -0.0000 0.8971
vn 0.9641 -0.0000 0.2656
vn -0.2727 -0.0000 0.9621
vn -0.3949 -0.0000 0.9187
vn -0.3948 -0.0000 0.9188
vn -0.3953 -0.0000 0.9186
vn -0.3956 -0.0000 0.9184
vn -0.9322 -0.0000 -0.3620
vn -0.3619 -0.0000 0.9322
vn 0.9203 -0.0000 0.3912
vn -0.4372 -0.0000 0.8994
vn -0.3651 -0.0000 0.9310
vn -0.3908 -0.0000 0.9205
vn -0.4329 -0.0000 0.9014
vn -0.9165 -0.0000 -0.4000
vn -0.4145 -0.0000 0.9101
vn -0.4123 -0.0000 0.9110
vn -0.4166 -0.0000 0.9091
vn 0.9159 -0.0000 0.4014
vn 0.4064 -0.0000 -0.9137
vn 0.4062 -0.0000 -0.9138
vn 0.4065 -0.0000 -0.9136
vn -0.9093 -0.0000 -0.4161
vn 0.3987 -0.0000 -0.9171
vn 0.3957 -0.0000 -0.9184
vn 0.4028 -0.0000 -0.9153
vn 0.4039 -0.0000 -0.9148
vn 0.3771 -0.0000 -0.9262
vn 0.9248 -0.0000 0.3804
vn 0.3857 -0.0000 -0.9226
vn 0.3867 -0.0000 -0.9222
vn 0.3847 -0.0000 -0.9231
vn -0.9408 -0.0000 -0.3389
vn 0.4020 -0.0000 -0.9156
vn 0.3574 -0.0000 -0.9339
vn 0.4183 -0.0000 -0.9083
vn 0.9225 -0.0000 0.3859
vn 0.5016 -0.0000 -0.8651
vn 0.5021 -0.0000 -0.8648
vn 0.5012 -0.0000 -0.8653
vn -0.9405 -0.0000 -0.3397
vn 0.3601 -0.0000 -0.9329
vn 0.3597 -0.0000 -0.9331
vn 0.3632 -0.0000 -0.9317
vn 0.3660 -0.0000 -0.9306
vn 0.9508 -0.0000 0.3098
vn 0.3462 -0.0000 -0.9382
vn 0.3453 -0.0000 -0.9385
vn 0.3471 -0.0000 -0.9378
vn 0.9538 -0.0000 0.3005
vn 0.3911 -0.0000 -0.9204
vn 0.4004 -0.0000 -0.9163
vn 0.9516 -0.0000 0.3075
vn 0.9330 -0.0000 0.3598
vn 0.9204 -0.0000 0.3909
vn 0.9279 -0.0000 0.3728
vn 0.9270 -0.0000 0.3750
vn 0.9288 -0.0000 0.3707
vn 0.3703 -0.0000 -0.9289
vn 0.8926 -0.0000 0.4509
vn -0.4394 -0.0000 0.8983
vn 0.9246 -0.0000 0.3809
vn 0.3783 -0.0000 -0.9257
vn -0.8695 -0.0000 -0.4940
vn -0.4409 -0.0000 0.8976
vn -0.9225 -0.0000 -0.3860
vn 0.3694 -0.0000 -0.9293
vn 0.3695 -0.0000 -0.9292
vn -0.8896 -0.0000 -0.4567
vn 0.4001 -0.0000 -0.9165
vn 0.8891 -0.0000 0.4576
vn 0.8892 -0.0000 0.4576
vn 0.3585 -0.0000 -0.9335
vn 0.3584 -0.0000 -0.9336
vn -0.8575 -0.0000 -0.5144
vn 0.3730 -0.0000 -0.9278
vn 0.9287 -0.0000 0.3709
vn 0.9286 -0.0000 0.3710
vn 0.3752 -0.0000 -0.9269
vn -0.9269 -0.0000 -0.3752
vn -0.3766 -0.0000 0.9264
vn -0.9266 -0.0000 -0.3760
vn -0.9267 -0.0000 -0.3758
vn -0.9263 -0.0000 -0.3768
vn -0.9265 -0.0000 -0.3764
vn -0.9268 -0.0000 -0.3755
vn -0.9268 -0.0000 -0.3754
vn -0.9998 -0.0000 0.0189
vn -0.9998 -0.0000 0.0188
vn -0.9998 -0.0000 0.0187
vn -0.9731 -0.0000 -0.2303
vn -0.9214 -0.0000 -0.3886
vn -0.9215 -0.0000 -0.3883
vn -0.9212 -0.0000 -0.3892
vn -0.9211 -0.0000 -0.3894
vn 0.3510 -0.0000 -0.9364
vn -0.9277 -0.0000 -0.3734
vn 0.3751 -0.0000 -0.9270
vn -0.9284 -0.0000 -0.3716
vn 0.3735 -0.0000 -0.9276
vn -0.9273 -0.0000 -0.3743
vn 0.3727 -0.0000 -0.9279
vn -0.9271 -0.0000 -0.3747
vn 0.3744 -0.0000 -0.9273
vn -0.9279 -0.0000 -0.3727
vn 0.3732 -0.0000 -0.9278
vn 0.3729 -0.0000 -0.9279
vn -0.9270 -0.0000 -0.3750
vn -0.9283 -0.0000 -0.3719
vn 0.3709 -0.0000 -0.9287
vn -0.9272 -0.0000 -0.3745
vn 0.3701 -0.0000 -0.9290
vn -0.9279 -0.0000 -0.3729
vn 0.3721 -0.0000 -0.9282
vn 0.3738 -0.0000 -0.9275
vn -0.9281 -0.0000 -0.3722
vn -0.9286 -0.0000 -0.3712
vn -0.9277 -0.0000 -0.3732
vn -0.9278 -0.0000 -0.3731
vn -0.9277 -0.0000 -0.3733
vn -0.9275 -0.0000 -0.3737
vn -0.3754 -0.0000 0.9269
vn -0.9279 -0.0000 -0.3728
vn -0.3735 -0.0000 0.9276
vn -0.9285 -0.0000 -0.3714
vn -0.3728 -0.0000 0.9279
vn -0.3721 -0.0000 0.9282
vn -0.9280 -0.0000 -0.3725
vn -0.3731 -0.0000 0.9278
vn -0.3726 -0.0000 0.9280
vn -0.3733 -0.0000 0.9277
vn -0.3730 -0.0000 0.9278
vn -0.9110 -0.0000 -0.4125
vn -0.9879 -0.0000 0.1554
vn 0.1561 -0.0000 0.9877
vn 0.9878 -0.0000 -0.1554
vn -0.1552 -0.0000 -0.9879
vn -0.9541 -0.0000 0.2995
vn 0.3074 -0.0000 0.9516
vn 0.9572 -0.0000 -0.2894
vn -0.3254 -0.0000 -0.9456
vn -0.9745 -0.0000 0.2244
vn -0.2969 -0.0000 -0.9549
vn 0.9584 -0.0000 -0.2855
vn -0.2903 -0.0000 -0.9569
vn -0.9873 -0.0000 0.1590
vn 0.1594 -0.0000 0.9872
vn 0.9873 -0.0000 -0.1590
vn -0.1594 -0.0000 -0.9872
vn -0.9929 -0.0000 0.1193
vn 0.1738 -0.0000 0.9848
vn -0.9852 -0.0000 0.1716
vn 0.1675 -0.0000 0.9859
vn 0.9868 -0.0000 -0.1617
vn -0.1698 -0.0000 -0.9855
vn 0.9800 -0.0000 -0.1989
vn -0.1636 -0.0000 -0.9865
vn -0.9878 -0.0000 0.1556
vn 0.1559 -0.0000 0.9878
vn 0.9878 -0.0000 -0.1559
vn -0.1555 -0.0000 -0.9878
vn -0.9850 -0.0000 0.1726
vn 0.1807 -0.0000 0.9835
vn 0.9912 -0.0000 -0.1324
vn 0.2451 -0.0000 0.9695
vn -0.9864 -0.0000 0.1644
vn 0.1260 -0.0000 0.9920
vn -0.9868 -0.0000 0.1617
vn 0.1870 -0.0000 0.9824
vn -0.9852 -0.0000 0.1711
vn 0.1787 -0.0000 0.9839
vn 0.9867 -0.0000 -0.1627
vn 0.2556 -0.0000 0.9668
vn 0.9863 -0.0000 -0.1651
vn -0.1498 -0.0000 -0.9887
vn -0.9875 -0.0000 0.1573
vn -0.2568 -0.0000 -0.9665
vn 0.9830 -0.0000 -0.1836
vn -0.1643 -0.0000 -0.9864
vn -0.9858 -0.0000 0.1681
vn 0.1684 -0.0000 0.9857
vn 0.1682 -0.0000 0.9857
vn 0.1685 -0.0000 0.9857
vn 0.9857 -0.0000 -0.1683
vn -0.1682 -0.0000 -0.9858
vn -0.1681 -0.0000 -0.9858
vn -0.1683 -0.0000 -0.9857
vn -0.9879 -0.0000 0.1549
vn 0.2625 -0.0000 0.9649
vn 0.9914 -0.0000 -0.1307
vn -0.1883 -0.0000 -0.9821
vn -0.9896 -0.0000 0.1437
vn 0.1961 -0.0000 0.9806
vn -0.9031 -0.0000 0.4294
vn 0.2623 -0.0000 0.9650
vn 0.9636 -0.0000 -0.2674
vn 0.2354 -0.0000 0.9719
vn 0.9882 -0.0000 -0.1532
vn -0.0349 -0.0000 -0.9994
vn 0.9863 -0.0000 -0.1650
vn -0.1655 -0.0000 -0.9862
vn -0.9889 -0.0000 0.1488
vn 0.1569 -0.0000 0.9876
vn -0.9913 -0.0000 0.1315
vn 0.1701 -0.0000 0.9854
vn 0.4888 -0.0000 0.8724
vn 0.9876 -0.0000 -0.1572
vn -0.1810 -0.0000 -0.9835
vn -0.9747 -0.0000 -0.2233
vn -0.2045 -0.0000 0.9789
vn -0.2046 -0.0000 0.9789
vn -0.9247 -0.0000 -0.3806
vn -0.1657 -0.0000 0.9862
vn 0.9899 -0.0000 0.1417
vn 0.1430 -0.0000 -0.9897
vn 0.9785 -0.0000 0.2064
vn -0.0545 -0.0000 0.9985
vn 0.9986 -0.0000 0.0538
vn -0.0000 -0.0000 -1.0000
vn -0.9138 -0.0000 -0.4061
vn -0.4060 -0.0000 0.9139
vn 0.9137 -0.0000 0.4064
vn -0.4246 -0.0000 0.9054
vn 0.9059 -0.0000 0.4236
vn 0.4234 -0.0000 -0.9060
vn 0.9481 -0.0000 0.3178
vn 0.3169 -0.0000 -0.9484
vn -0.9486 -0.0000 -0.3165
vn 0.4057 -0.0000 -0.9140
vn -0.9899 -0.0000 -0.1420
vn -0.9122 -0.0000 0.4098
vn 0.4133 -0.0000 0.9106
vn -0.9322 -0.0000 -0.3619
vn -0.3659 -0.0000 0.9306
vn 0.7362 -0.0000 0.6768
vn 0.9998 -0.0000 0.0200
vn 0.7634 -0.0000 -0.6459
vn 0.7950 -0.0000 -0.6066
vn 0.7912 -0.0000 -0.6116
vn 0.7988 -0.0000 -0.6016
vn 0.7016 -0.0000 -0.7126
vn 0.5588 -0.0000 -0.8293
vn -0.1000 -0.0000 -0.9950
vn -0.5499 -0.0000 -0.8352
vn -0.8569 -0.0000 -0.5154
vn -0.4932 -0.0000 0.8699
vn 0.8700 -0.0000 0.4931
vn 0.4932 -0.0000 -0.8699
vn -0.8700 -0.0000 -0.4931
vn -0.4923 -0.0000 0.8704
vn -0.8567 -0.0000 -0.5158
vn -0.5153 -0.0000 0.8570
vn 0.8571 -0.0000 0.5152
vn -0.4922 -0.0000 0.8705
vn -0.4921 -0.0000 0.8705
vn -0.8923 -0.0000 -0.4515
vn -0.4511 -0.0000 0.8925
vn 0.8924 -0.0000 0.4512
vn -0.3865 -0.0000 0.9223
vn -0.9328 -0.0000 -0.3603
vn -0.3604 -0.0000 0.9328
vn 0.9328 -0.0000 0.3604
vn -0.3966 -0.0000 0.9180
vn -0.9250 -0.0000 -0.3800
vn -0.3802 -0.0000 0.9249
vn 0.9257 -0.0000 0.3782
vn -0.3670 -0.0000 0.9302
vn 0.9302 -0.0000 0.3670
vn 0.3672 -0.0000 -0.9301
vn 0.9235 -0.0000 0.3837
vn 0.3844 -0.0000 -0.9232
vn 0.9180 -0.0000 0.3966
vn 0.3971 -0.0000 -0.9178
vn -0.9176 -0.0000 -0.3974
vn 0.3861 -0.0000 -0.9224
vn -0.9224 -0.0000 -0.3863
vn -0.3415 -0.0000 0.9399
vn 0.9038 -0.0000 0.4279
vn 0.0484 -0.0000 -0.9988
vn -0.8851 -0.0000 -0.4654
vn 0.4453 -0.0000 -0.8954
vn -0.8808 -0.0000 -0.4735
vn -0.5898 -0.0000 0.8076
vn 0.8955 -0.0000 0.4451
vn -0.4048 -0.0000 0.9144
vn 0.2419 -0.0000 0.9703
vn 0.9265 -0.0000 0.3763
vn 0.3812 -0.0000 -0.9245
vn 0.9957 -0.0000 -0.0926
vn -0.0928 -0.0000 -0.9957
vn -0.9957 -0.0000 0.0926
vn 0.0928 -0.0000 0.9957
vn -0.9993 -0.0000 -0.0381
vn -0.0379 -0.0000 0.9993
vn 0.9993 -0.0000 0.0381
vn 0.0379 -0.0000 -0.9993
vn -0.9289 -0.0000 -0.3704
vn 0.9283 -0.0000 0.3718
vn 0.3717 -0.0000 -0.9283
vn -0.9384 -0.0000 -0.3456
vn -0.3452 -0.0000 0.9385
vn 0.9384 -0.0000 0.3456
vn 0.3452 -0.0000 -0.9385
vn 0.0229 -0.0000 0.9997
vn 0.9997 -0.0000 -0.0232
vn -0.0229 -0.0000 -0.9997
vn -0.9997 -0.0000 0.0232
vn -0.4302 -0.0000 0.9028
vn 0.9026 -0.0000 0.4304
vn 0.4304 -0.0000 -0.9027
vn -0.9023 -0.0000 -0.4312
vn -0.9134 -0.0000 -0.4071
vn -0.3958 -0.0000 0.9183
vn 0.9225 -0.0000 0.3860
vn 0.3939 -0.0000 -0.9192
vn -0.9942 -0.0000 0.1076
vn 0.1083 -0.0000 0.9941
vn 0.9940 -0.0000 -0.1092
vn -0.1084 -0.0000 -0.9941
vn -0.9237 -0.0000 -0.3832
vn -0.3837 -0.0000 0.9234
vn 0.9237 -0.0000 0.3832
vn 0.3837 -0.0000 -0.9234
vn -0.9099 -0.0000 -0.4148
vn -0.4146 -0.0000 0.9100
vn 0.9099 -0.0000 0.4148
vn 0.4146 -0.0000 -0.9100
vn -0.9574 -0.0000 -0.2888
vn -0.4537 -0.0000 0.8912
vn 0.3410 -0.0000 -0.9401
vn -0.9367 -0.0000 -0.3500
vn -0.3498 -0.0000 0.9368
vn 0.9313 -0.0000 0.3643
vn 0.3801 -0.0000 -0.9249
vn -0.3864 -0.0000 0.9223
vn 0.9224 -0.0000 0.3863
vn 0.3864 -0.0000 -0.9223
vn -0.9736 -0.0000 -0.2282
vn -0.2591 -0.0000 0.9658
vn 0.9767 -0.0000 0.2148
vn 0.1679 -0.0000 -0.9858
vn -0.9450 -0.0000 -0.3271
vn -0.3287 -0.0000 0.9444
vn 0.9452 -0.0000 0.3265
vn 0.3258 -0.0000 -0.9454
vn -0.0264 -0.0000 -0.9997
vn -0.9997 -0.0000 0.0240
vn 0.0238 -0.0000 0.9997
vn 0.9997 -0.0000 -0.0240
vn -1.0000 -0.0000 -0.0042
vn -0.0045 -0.0000 1.0000
vn 1.0000 -0.0000 0.0042
vn 0.0045 -0.0000 -1.0000
vn -0.8920 -0.0000 -0.4521
vn -0.4523 -0.0000 0.8919
vn 0.8917 -0.0000 0.4527
vn 0.4531 -0.0000 -0.8915
vn -0.9237 -0.0000 -0.3830
vn -0.3832 -0.0000 0.9237
vn 0.9238 -0.0000 0.3829
vn 0.3826 -0.0000 -0.9239
vn -0.9955 -0.0000 0.0946
vn 0.0932 -0.0000 0.9956
vn 0.9956 -0.0000 -0.0932
vn -0.0932 -0.0000 -0.9957
vn -0.3862 -0.0000 0.9224
vn 0.9205 -0.0000 0.3907
vn 0.3681 -0.0000 -0.9298
vn -0.2574 -0.0000 -0.9663
vn -0.9204 -0.0000 -0.3909
vn -0.8941 -0.0000 0.4478
vn -0.3814 -0.0000 0.9244
vn 0.9242 -0.0000 0.3818
vn 0.3814 -0.0000 -0.9244
vn -0.9242 -0.0000 -0.3818
vn -0.8932 -0.0000 -0.4496
vn -0.4485 -0.0000 0.8938
vn 0.8932 -0.0000 0.4496
vn 0.4485 -0.0000 -0.8938
vn -0.9066 -0.0000 -0.4220
vn -0.4213 -0.0000 0.9069
vn 0.9070 -0.0000 0.4212
vn 0.4218 -0.0000 -0.9067
vn -0.9249 -0.0000 -0.3801
vn -0.3791 -0.0000 0.9254
vn 0.9252 -0.0000 0.3795
vn 0.3798 -0.0000 -0.9250
vn 0.3798 -0.0000 -0.9251
vn -0.9959 -0.0000 0.0909
vn 0.0882 -0.0000 0.9961
vn 0.9960 -0.0000 -0.0897
vn -0.0879 -0.0000 -0.9961
vn -0.9825 -0.0000 -0.1861
vn -0.1873 -0.0000 0.9823
vn 0.9824 -0.0000 0.1866
vn 0.1852 -0.0000 -0.9827
vn -0.9255 -0.0000 -0.3787
vn 0.9251 -0.0000 0.3798
vn -0.9997 -0.0000 0.0238
vn 0.0240 -0.0000 0.9997
vn 0.9997 -0.0000 -0.0238
vn -0.0240 -0.0000 -0.9997
vn -0.9365 -0.0000 -0.3506
vn -0.3507 -0.0000 0.9365
vn 0.9365 -0.0000 0.3506
vn 0.3507 -0.0000 -0.9365
vn 0.1130 -0.0000 0.9936
vn 0.6667 -0.0000 0.7453
vn 0.9942 -0.0000 -0.1072
vn 0.9943 -0.0000 -0.1071
vn 0.9942 -0.0000 -0.1073
vn -0.1129 -0.0000 -0.9936
vn -0.9936 -0.0000 0.1133
vn -0.9998 -0.0000 0.0183
vn 0.0171 -0.0000 0.9999
vn 0.9998 -0.0000 -0.0183
vn -0.0171 -0.0000 -0.9999
vn -0.9139 -0.0000 -0.4060
vn -0.4061 -0.0000 0.9138
vn -0.4062 -0.0000 0.9138
vn 0.9139 -0.0000 0.4060
vn 0.4061 -0.0000 -0.9138
vn -0.9320 -0.0000 -0.3625
vn -0.3625 -0.0000 0.9320
vn 0.9320 -0.0000 0.3625
vn 0.3625 -0.0000 -0.9320
vn -0.9574 -0.0000 -0.2886
vn -0.2888 -0.0000 0.9574
vn 0.9574 -0.0000 0.2886
vn 0.2888 -0.0000 -0.9574
vn 0.1212 -0.0000 -0.9926
vn -0.2329 -0.0000 -0.9725
vn -0.0481 -0.0000 -0.9988
vn -0.9196 -0.0000 -0.3928
vn -0.3819 -0.0000 0.9242
vn 0.9254 -0.0000 0.3789
vn -0.9203 -0.0000 -0.3911
vn -0.3902 -0.0000 0.9207
vn 0.3734 -0.0000 0.9277
vn 0.9204 -0.0000 0.3910
vn 0.3903 -0.0000 -0.9207
vn -0.9986 -0.0000 0.0532
vn 0.0540 -0.0000 0.9985
vn 0.9986 -0.0000 -0.0532
vn -0.0540 -0.0000 -0.9985
vn -0.8732 -0.0000 -0.4874
vn -0.4880 -0.0000 0.8729
vn 0.8738 -0.0000 0.4864
vn 0.4875 -0.0000 -0.8731
vn -0.3917 -0.0000 0.9201
vn 0.9202 -0.0000 0.3914
vn 0.3917 -0.0000 -0.9201
vn -0.9202 -0.0000 -0.3914
vn -0.9233 -0.0000 -0.3840
vn -0.3861 -0.0000 0.9225
vn 0.9227 -0.0000 0.3854
vn 0.4138 -0.0000 -0.9104
vn -0.9994 -0.0000 0.0334
vn 0.0233 -0.0000 0.9997
vn 0.9984 -0.0000 -0.0559
vn -0.0109 -0.0000 -0.9999
vn -0.0924 -0.0000 -0.9957
vn -0.9957 -0.0000 0.0921
vn 0.0924 -0.0000 0.9957
vn 0.9957 -0.0000 -0.0921
vn -0.9253 -0.0000 -0.3792
vn 0.9253 -0.0000 0.3792
vn 0.3791 -0.0000 -0.9254
vn -0.9286 -0.0000 -0.3711
vn -0.3711 -0.0000 0.9286
vn 0.3939 -0.0000 -0.9191
vn -0.9191 -0.0000 -0.3939
vn -0.3932 -0.0000 0.9194
vn 0.9193 -0.0000 0.3935
vn 0.9281 -0.0000 0.3722
vn -0.9084 -0.0000 -0.4181
vn -0.4182 -0.0000 0.9083
vn 0.9084 -0.0000 0.4181
vn 0.4182 -0.0000 -0.9083
vn -0.0672 -0.0000 -0.9977
vn -0.6332 -0.0000 -0.7740
vn -0.9264 -0.0000 -0.3765
vn -0.3769 -0.0000 0.9262
vn 0.9248 -0.0000 0.3805
vn 0.9247 -0.0000 0.3807
vn 0.9249 -0.0000 0.3803
vn 0.3745 -0.0000 -0.9272
vn -0.9195 -0.0000 -0.3931
vn 0.3343 -0.0000 -0.9425
vn -0.9209 -0.0000 -0.3899
vn 0.3230 -0.0000 -0.9464
vn 0.9937 -0.0000 0.1124
vn 0.7423 -0.0000 -0.6701
vn -0.9087 -0.0000 -0.4174
vn -0.4172 -0.0000 0.9088
vn 0.9087 -0.0000 0.4174
vn 0.4172 -0.0000 -0.9088
vn -0.9973 -0.0000 0.0731
vn 0.0733 -0.0000 0.9973
vn 0.9972 -0.0000 -0.0743
vn -0.0718 -0.0000 -0.9974
vn -0.8481 -0.0000 -0.5298
vn -0.5296 -0.0000 0.8483
vn 0.8488 -0.0000 0.5288
vn 0.5291 -0.0000 -0.8486
vn 0.9321 -0.0000 0.3623
vn 0.9168 -0.0000 -0.3993
vn 0.3598 -0.0000 -0.9330
vn -0.9326 -0.0000 -0.3610
vn -0.9999 -0.0000 0.0140
vn -0.6248 -0.0000 0.7808
vn 0.0735 -0.0000 0.9973
vn 0.9985 -0.0000 -0.0539
vn -0.0177 -0.0000 -0.9998
vn -0.9117 -0.0000 -0.4108
vn -0.4105 -0.0000 0.9119
vn 0.9119 -0.0000 0.4104
vn 0.4107 -0.0000 -0.9118
vn -0.9330 -0.0000 -0.3598
vn -0.3597 -0.0000 0.9331
vn 0.9332 -0.0000 0.3594
vn 0.3588 -0.0000 -0.9334
vn -0.3750 -0.0000 0.9270
vn 0.9273 -0.0000 0.3744
vn 0.3750 -0.0000 -0.9270
vn -0.9273 -0.0000 -0.3744
vn -0.3775 -0.0000 0.9260
vn 0.9277 -0.0000 0.3734
vn -0.9250 -0.0000 -0.3801
vn -0.3876 -0.0000 0.9218
vn 0.9217 -0.0000 0.3878
vn 0.3875 -0.0000 -0.9219
vn -0.9220 -0.0000 -0.3873
vn -0.9174 -0.0000 -0.3979
vn -0.3969 -0.0000 0.9179
vn 0.9177 -0.0000 0.3972
vn 0.3979 -0.0000 -0.9174
vn -0.9243 -0.0000 -0.3816
vn -0.9190 -0.0000 -0.3943
vn -0.3842 -0.0000 0.9233
vn 0.9211 -0.0000 0.3894
vn -0.4008 -0.0000 0.9162
vn 0.9218 -0.0000 0.3877
vn 0.4133 -0.0000 -0.9106
vn 0.9291 -0.0000 0.3698
vn 0.9282 -0.0000 0.3720
vn 0.9300 -0.0000 0.3676
vn 0.4255 -0.0000 -0.9050
vn 0.4500 -0.0000 -0.8930
vn 0.9108 -0.0000 0.4127
vn 0.4217 -0.0000 -0.9067
vn -0.9182 -0.0000 -0.3962
vn 0.3348 -0.0000 -0.9423
vn -0.9136 -0.0000 -0.4065
vn 0.3186 -0.0000 0.9479
vn 0.9104 -0.0000 0.4137
vn 0.3792 -0.0000 -0.9253
vn 0.3791 -0.0000 -0.9253
vn -0.8014 -0.0000 0.5981
vn 0.5985 -0.0000 0.8011
vn 0.8014 -0.0000 -0.5981
vn -0.5985 -0.0000 -0.8011
vn -0.9379 -0.0000 -0.3468
vn -0.3470 -0.0000 0.9379
vn 0.9379 -0.0000 0.3469
vn 0.3466 -0.0000 -0.9380
vn -0.8724 -0.0000 -0.4888
vn -0.0230 -0.0000 0.9997
vn 0.8507 -0.0000 0.5256
vn 0.9741 -0.0000 -0.2259
vn 0.5035 -0.0000 -0.8640
vn -0.0053 -0.0000 1.0000
vn 0.9997 -0.0000 0.0225
vn -0.1592 -0.0000 -0.9872
vn -0.8242 -0.0000 -0.5663
vn -1.0000 -0.0000 -0.0067
vn -0.9988 -0.0000 0.0480
vn 0.0546 -0.0000 0.9985
vn 0.9893 -0.0000 -0.1462
vn 0.9942 -0.0000 -0.1079
vn 0.9471 -0.0000 -0.3209
vn 0.9470 -0.0000 -0.3212
vn 0.9472 -0.0000 -0.3206
vn 0.3313 -0.0000 -0.9435
vn 0.3317 -0.0000 -0.9434
vn 0.3320 -0.0000 -0.9433
vn -0.9693 -0.0000 0.2457
vn -0.0699 -0.0000 0.9976
vn -0.1525 -0.0000 0.9883
vn 0.9808 -0.0000 0.1951
vn 0.1948 -0.0000 -0.9808
vn -0.9077 -0.0000 -0.4197
vn -0.7427 -0.0000 0.6697
vn 0.0445 -0.0000 0.9990
vn 0.8846 -0.0000 0.4663
vn 0.4202 -0.0000 -0.9075
vn -0.8586 -0.0000 -0.5127
vn -0.9108 -0.0000 0.4128
vn 0.0007 -0.0000 1.0000
vn 0.8783 -0.0000 0.4781
vn 0.4959 -0.0000 -0.8684
vn -0.4498 -0.0000 0.8931
vn 0.8933 -0.0000 0.4494
vn 0.8698 -0.0000 -0.4933
vn 0.0751 -0.0000 -0.9972
vn -0.8933 -0.0000 -0.4494
vn -0.9309 -0.0000 -0.3652
vn -0.9309 -0.0000 -0.3653
vn -0.4012 -0.0000 0.9160
vn 0.9659 -0.0000 -0.2590
vn 0.7551 -0.0000 -0.6557
vn 0.3646 -0.0000 -0.9312
vn 0.8598 -0.0000 0.5106
vn 0.5236 -0.0000 -0.8520
vn 0.5237 -0.0000 -0.8519
vn 0.5235 -0.0000 -0.8521
vn -0.3057 -0.0000 -0.9521
vn -0.3052 -0.0000 -0.9523
vn -0.3062 -0.0000 -0.9520
vn -0.9087 -0.0000 -0.4175
vn -0.4040 -0.0000 0.9147
vn 0.9146 -0.0000 0.4043
vn 0.4416 -0.0000 -0.8972
vn -0.2173 -0.0000 -0.9761
vn -0.8499 -0.0000 -0.5270
vn -0.9772 -0.0000 -0.2124
vn -0.2180 -0.0000 0.9760
vn 0.9734 -0.0000 0.2289
vn 0.2306 -0.0000 -0.9730
vn 0.9753 -0.0000 0.2208
vn 0.3150 -0.0000 -0.9491
vn -0.5845 -0.0000 -0.8114
vn 0.0264 -0.0000 -0.9997
vn -0.7050 -0.0000 -0.7092
vn -0.9925 -0.0000 -0.1226
vn -0.3792 -0.0000 0.9253
vn 0.9338 -0.0000 0.3577
vn -0.3658 -0.0000 0.9307
vn 0.9197 -0.0000 0.3926
vn -0.3770 -0.0000 0.9262
vn 0.7600 -0.0000 0.6499
vn 0.9108 -0.0000 0.4129
vn 0.3976 -0.0000 -0.9176
vn -0.9088 -0.0000 -0.4172
vn -0.4168 -0.0000 0.9090
vn 0.9088 -0.0000 0.4171
vn 0.4070 -0.0000 -0.9134
vn 0.9088 -0.0000 0.4172
vn 0.4171 -0.0000 -0.9089
vn -0.4181 -0.0000 0.9084
vn -0.9597 -0.0000 -0.2810
vn -0.2807 -0.0000 0.9598
vn 0.9597 -0.0000 0.2810
vn 0.2807 -0.0000 -0.9598
vn -0.9619 -0.0000 -0.2734
vn -0.2719 -0.0000 0.9623
vn -0.9621 -0.0000 -0.2726
vn -0.2730 -0.0000 0.9620
vn 0.9622 -0.0000 0.2724
vn 0.7876 -0.0000 -0.6162
vn 0.2728 -0.0000 -0.9621
vn -0.9393 -0.0000 -0.3432
vn -0.3420 -0.0000 0.9397
vn 0.9394 -0.0000 0.3428
vn 0.3440 -0.0000 -0.9390
vn -0.3132 -0.0000 0.9497
vn 0.9497 -0.0000 0.3131
vn 0.3131 -0.0000 -0.9497
vn -0.9497 -0.0000 -0.3131
vn -0.9403 -0.0000 -0.3403
vn -0.3401 -0.0000 0.9404
vn 0.9403 -0.0000 0.3403
vn 0.3401 -0.0000 -0.9404
vn -0.9549 -0.0000 -0.2969
vn -0.2986 -0.0000 0.9544
vn 0.9549 -0.0000 0.2969
vn 0.2986 -0.0000 -0.9544
vn -0.0163 -0.0000 -0.9999
vn -0.9998 -0.0000 -0.0194
vn 0.1387 -0.0000 0.9903
vn 1.0000 -0.0000 -0.0000
vn 0.1658 -0.0000 0.9862
vn -0.9786 -0.0000 0.2056
vn 0.1469 -0.0000 0.9892
vn 0.9761 -0.0000 -0.2173
vn -0.1060 -0.0000 -0.9944
vn -0.9221 -0.0000 -0.3869
vn -0.4030 -0.0000 0.9152
vn 0.9228 -0.0000 0.3853
vn -0.9856 -0.0000 0.1692
vn -0.6921 -0.0000 -0.7218
vn 0.8553 -0.0000 -0.5181
vn -0.4107 -0.0000 -0.9118
vn -0.8949 -0.0000 0.4463
vn 0.4396 -0.0000 0.8982
vn -0.8875 -0.0000 0.4609
vn 0.4780 -0.0000 0.8784
vn 0.9777 -0.0000 -0.2099
vn -0.1444 -0.0000 -0.9895
vn -0.9790 -0.0000 0.2038
vn 0.2046 -0.0000 0.9788
vn 0.9790 -0.0000 -0.2038
vn -0.2046 -0.0000 -0.9788
vn -0.9810 -0.0000 0.1941
vn 0.1937 -0.0000 0.9811
vn 0.9811 -0.0000 -0.1937
vn -0.1940 -0.0000 -0.9810
vn -0.9763 -0.0000 -0.2163
vn -0.2311 -0.0000 0.9729
vn 0.9939 -0.0000 0.1105
vn 0.1437 -0.0000 -0.9896
vn -0.0688 -0.0000 -0.9976
vn -0.9977 -0.0000 0.0685
vn 0.0678 -0.0000 0.9977
vn 0.9977 -0.0000 -0.0684
vn -0.7742 -0.0000 0.6329
vn 0.6330 -0.0000 0.7742
vn 0.7744 -0.0000 -0.6327
vn -0.6326 -0.0000 -0.7745
vn -0.9971 -0.0000 0.0761
vn 0.0759 -0.0000 0.9971
vn 0.9971 -0.0000 -0.0761
vn -0.0759 -0.0000 -0.9971
vn -0.9245 -0.0000 -0.3813
vn -0.3991 -0.0000 0.9169
vn -0.7745 -0.0000 0.6326
vn 0.5194 -0.0000 0.8545
vn 0.8695 -0.0000 -0.4939
vn 0.9155 -0.0000 0.4024
vn 0.3925 -0.0000 -0.9197
vn -0.9305 -0.0000 -0.3662
vn 0.1423 -0.0000 0.9898
vn 0.9268 -0.0000 0.3756
vn 0.3890 -0.0000 -0.9213
vn -0.3039 -0.0000 -0.9527
vn -0.9533 -0.0000 0.3021
vn 0.3019 -0.0000 0.9533
vn 0.9534 -0.0000 -0.3017
vn -0.9527 -0.0000 0.3039
vn 0.3045 -0.0000 0.9525
vn 0.9526 -0.0000 -0.3042
vn -0.3032 -0.0000 -0.9529
vn -0.9997 -0.0000 0.0259
vn 0.0275 -0.0000 0.9996
vn 0.9997 -0.0000 -0.0260
vn -0.0250 -0.0000 -0.9997
vn -0.3456 -0.0000 -0.9384
vn -0.8535 -0.0000 0.5212
vn 0.5997 -0.0000 0.8002
vn 0.8529 -0.0000 -0.5221
vn -0.9770 -0.0000 0.2130
vn -0.3506 -0.0000 -0.9365
vn -0.9995 -0.0000 0.0314
vn 0.2424 -0.0000 0.9702
vn -0.9676 -0.0000 0.2524
vn 0.2195 -0.0000 0.9756
vn 0.9727 -0.0000 -0.2322
vn 0.2171 -0.0000 0.9762
vn 0.9285 -0.0000 -0.3713
vn -0.0873 -0.0000 -0.9962
vn -0.0874 -0.0000 -0.9962
vn 0.9592 -0.0000 -0.2827
vn -0.2129 -0.0000 -0.9771
vn -1.0000 -0.0000 0.0059
vn 0.0065 -0.0000 1.0000
vn 1.0000 -0.0000 -0.0059
vn -0.0065 -0.0000 -1.0000
vn 0.2540 -0.0000 -0.9672
vn -0.9673 -0.0000 -0.2535
vn -0.2540 -0.0000 0.9672
vn 0.9673 -0.0000 0.2535
vn -0.9969 -0.0000 -0.0783
vn -0.1203 -0.0000 0.9927
vn 0.9905 -0.0000 0.1374
vn 0.2614 -0.0000 -0.9652
vn -0.9487 -0.0000 0.3161
vn 0.3155 -0.0000 0.9489
vn 0.9490 -0.0000 -0.3153
vn -0.3157 -0.0000 -0.9489
vn 0.9488 -0.0000 -0.3158
vn -0.3160 -0.0000 -0.9487
vn -0.9456 -0.0000 0.3253
vn 0.3251 -0.0000 0.9457
vn 0.9456 -0.0000 -0.3253
vn -0.3251 -0.0000 -0.9457
vn -0.5737 -0.0000 -0.8190
vn -0.8189 -0.0000 0.5739
vn 0.5739 -0.0000 0.8189
vn 0.8192 -0.0000 -0.5735
vn -0.0131 -0.0000 -0.9999
vn -0.9999 -0.0000 0.0132
vn 0.0131 -0.0000 0.9999
vn 0.9999 -0.0000 -0.0118
vn -0.2459 -0.0000 -0.9693
vn -0.9911 -0.0000 0.1329
vn 0.1928 -0.0000 0.9812
vn 0.9904 -0.0000 -0.1385
vn -0.9999 -0.0000 -0.0172
vn -0.0156 -0.0000 0.9999
vn 0.9999 -0.0000 0.0172
vn 0.0173 -0.0000 -0.9998
vn 0.0174 -0.0000 -0.9998
vn -0.6371 -0.0000 -0.7708
vn -0.7704 -0.0000 0.6375
vn 0.6371 -0.0000 0.7708
vn 0.7704 -0.0000 -0.6375
vn -0.5300 -0.0000 -0.8480
vn -0.5299 -0.0000 -0.8480
vn -0.8476 -0.0000 0.5306
vn 0.5313 -0.0000 0.8472
vn 0.8474 -0.0000 -0.5310
vn 0.7658 -0.0000 -0.6431
vn -0.6440 -0.0000 -0.7650
vn 0.7632 -0.0000 -0.6462
vn -0.6434 -0.0000 -0.7655
vn -0.7659 -0.0000 0.6429
vn 0.6432 -0.0000 0.7657
vn -0.6341 -0.0000 -0.7732
vn -0.7729 -0.0000 0.6345
vn 0.6350 -0.0000 0.7725
vn 0.7729 -0.0000 -0.6345
vn -0.6288 -0.0000 -0.7775
vn -0.9477 -0.0000 -0.3193
vn -0.3499 -0.0000 0.9368
vn 0.9429 -0.0000 0.3331
vn -0.3053 -0.0000 0.9523
vn 0.9359 -0.0000 0.3522
vn -0.3313 -0.0000 0.9435
vn 0.9626 -0.0000 0.2710
vn -0.2516 -0.0000 0.9678
vn 0.9521 -0.0000 0.3059
vn 0.2873 -0.0000 -0.9578
vn 0.9922 -0.0000 0.1250
vn 0.3168 -0.0000 -0.9485
vn -1.0000 -0.0000 -0.0048
vn -0.1453 -0.0000 0.9894
vn -0.9939 -0.0000 -0.1105
vn 0.7582 -0.0000 0.6520
vn 0.9955 -0.0000 0.0944
vn 0.1413 -0.0000 -0.9900
vn -0.9975 -0.0000 -0.0701
vn -0.0688 -0.0000 0.9976
vn 0.9973 -0.0000 0.0731
vn -0.0695 -0.0000 0.9976
vn 0.9975 -0.0000 0.0707
vn 0.0703 -0.0000 -0.9975
vn -0.6462 -0.0000 -0.7632
vn -0.7631 -0.0000 0.6463
vn 0.6459 -0.0000 0.7634
vn 0.7638 -0.0000 -0.6455
vn -0.9992 -0.0000 -0.0394
vn -0.0393 -0.0000 0.9992
vn 0.9992 -0.0000 0.0394
vn 0.0393 -0.0000 -0.9992
vn -0.3752 -0.0000 0.9269
vn 0.9267 -0.0000 0.3758
vn -0.6286 -0.0000 -0.7777
vn -0.8270 -0.0000 0.5622
vn -0.6334 -0.0000 -0.7739
vn -0.7678 -0.0000 0.6407
vn 0.6445 -0.0000 0.7646
vn 0.7407 -0.0000 -0.6718
vn -0.9992 -0.0000 -0.0410
vn -0.0421 -0.0000 0.9991
vn 0.9991 -0.0000 0.0414
vn 0.0402 -0.0000 -0.9992
vn -0.9985 -0.0000 -0.0542
vn -0.0535 -0.0000 0.9986
vn 0.9985 -0.0000 0.0542
vn 0.0535 -0.0000 -0.9986
vn -0.9373 -0.0000 -0.3485
vn -0.4265 -0.0000 0.9045
vn 0.9241 -0.0000 0.3822
vn 0.9058 -0.0000 -0.4238
vn 0.4143 -0.0000 -0.9101
vn -0.9995 -0.0000 -0.0328
vn -0.7593 -0.0000 0.6507
vn -0.0916 -0.0000 0.9958
vn 0.9961 -0.0000 0.0880
vn -0.0255 -0.0000 -0.9997
vn -0.9990 -0.0000 -0.0442
vn -0.0441 -0.0000 0.9990
vn 0.9990 -0.0000 0.0443
vn -0.0438 -0.0000 0.9990
vn -0.0439 -0.0000 0.9990
vn 0.9991 -0.0000 0.0432
vn 0.0447 -0.0000 -0.9990
vn 0.3718 -0.0000 -0.9283
vn -0.9286 -0.0000 -0.3710
vn 0.3716 -0.0000 -0.9284
vn -0.3722 -0.0000 0.9281
vn -0.3707 -0.0000 0.9288
vn 0.9286 -0.0000 0.3712
vn 0.3504 -0.0000 -0.9366
vn -0.9363 -0.0000 -0.3513
vn -0.3508 -0.0000 0.9365
vn 0.9367 -0.0000 0.3502
vn -0.6312 -0.0000 -0.7756
vn 0.7764 -0.0000 -0.6303
vn -0.6305 -0.0000 -0.7762
vn -0.7760 -0.0000 0.6307
vn 0.6305 -0.0000 0.7762
vn -0.9983 -0.0000 -0.0589
vn -0.0580 -0.0000 0.9983
vn 0.9983 -0.0000 0.0585
vn 0.0580 -0.0000 -0.9983
vn -0.4022 -0.0000 -0.9155
vn -0.4022 -0.0000 -0.9156
vn -0.9156 -0.0000 0.4021
vn 0.4023 -0.0000 0.9155
vn -0.9317 -0.0000 0.3632
vn -0.4066 -0.0000 -0.9136
vn -0.9138 -0.0000 0.4061
vn 0.4065 -0.0000 0.9136
vn 0.9202 -0.0000 -0.3916
vn -0.3648 -0.0000 -0.9311
vn -0.9301 -0.0000 0.3673
vn -0.7538 -0.0000 0.6571
vn 0.6573 -0.0000 0.7536
vn 0.9994 -0.0000 -0.0342
vn 0.4369 -0.0000 -0.8995
vn 0.5306 -0.0000 -0.8476
vn 0.3590 -0.0000 -0.9333
vn 0.2542 -0.0000 -0.9672
vn -0.1771 -0.0000 -0.9842
vn 0.2186 -0.0000 -0.9758
vn -0.9598 -0.0000 -0.2808
vn -0.9154 -0.0000 0.4026
vn -0.4015 -0.0000 -0.9158
vn -0.4016 -0.0000 -0.9158
vn -0.9158 -0.0000 0.4016
vn 0.4007 -0.0000 0.9162
vn 0.9175 -0.0000 -0.3978
vn 0.4050 -0.0000 0.9143
vn 0.9140 -0.0000 -0.4058
vn -0.4051 -0.0000 -0.9143
vn 0.9156 -0.0000 -0.4021
vn 0.4263 -0.0000 0.9046
vn 0.9041 -0.0000 -0.4273
vn -0.4075 -0.0000 -0.9132
vn 0.6886 -0.0000 -0.7252
vn -0.7250 -0.0000 -0.6887
vn 0.7321 -0.0000 -0.6812
vn -0.6814 -0.0000 -0.7319
vn -0.5499 -0.0000 0.8352
vn 0.7346 -0.0000 0.6785
vn 0.7230 -0.0000 -0.6908
vn 0.6841 -0.0000 0.7294
vn -0.4544 -0.0000 0.8908
vn -0.7887 -0.0000 0.6148
vn -0.7233 -0.0000 -0.6905
vn -0.6886 -0.0000 0.7252
vn 0.7247 -0.0000 0.6891
vn 0.9992 -0.0000 -0.0406
vn 0.0539 -0.0000 0.9985
vn 0.9985 -0.0000 -0.0547
vn -0.0548 -0.0000 -0.9985
vn 0.9994 -0.0000 -0.0341
vn -0.0397 -0.0000 -0.9992
vn -0.9991 -0.0000 0.0414
vn -0.0541 -0.0000 -0.9985
vn -0.9985 -0.0000 0.0547
vn 0.0552 -0.0000 0.9985
vn -0.9990 -0.0000 0.0438
vn -0.0487 -0.0000 -0.9988
vn -0.9988 -0.0000 0.0494
vn 0.0484 -0.0000 0.9988
vn -0.9986 -0.0000 0.0523
vn -0.0022 -0.0000 -1.0000
vn -1.0000 -0.0000 0.0023
vn 0.0019 -0.0000 1.0000
vn 0.0431 -0.0000 0.9991
vn 0.9991 -0.0000 -0.0424
vn -0.0424 -0.0000 -0.9991
vn 0.9986 -0.0000 -0.0522
vn 0.0489 -0.0000 0.9988
vn -0.9990 -0.0000 0.0450
vn -0.0104 -0.0000 -0.9999
vn -1.0000 -0.0000 0.0082
vn 0.0085 -0.0000 1.0000
vn -0.9991 -0.0000 0.0427
vn 0.0409 -0.0000 0.9992
vn 0.9992 -0.0000 -0.0412
vn -0.0413 -0.0000 -0.9991
vn 0.9990 -0.0000 -0.0447
vn 0.0496 -0.0000 0.9988
vn 0.9988 -0.0000 -0.0494
vn -0.9894 -0.0000 0.1454
vn 0.1453 -0.0000 0.9894
vn 0.9896 -0.0000 -0.1441
vn -0.1452 -0.0000 -0.9894
vn -0.9248 -0.0000 -0.3806
vn 0.9248 -0.0000 0.3806
vn 0.3802 -0.0000 -0.9249
vn -0.6910 -0.0000 0.7228
vn 0.7226 -0.0000 0.6913
vn 0.6901 -0.0000 -0.7237
vn -0.9961 -0.0000 0.0877
vn 0.0888 -0.0000 0.9961
vn 0.9960 -0.0000 -0.0891
vn -0.0888 -0.0000 -0.9960
vn -0.9891 -0.0000 0.1473
vn 0.1468 -0.0000 0.9892
vn 0.9892 -0.0000 -0.1464
vn -0.1467 -0.0000 -0.9892
vn -0.9289 -0.0000 -0.3702
vn -0.3700 -0.0000 0.9290
vn 0.9289 -0.0000 0.3702
vn 0.3700 -0.0000 -0.9290
vn -0.3668 -0.0000 0.9303
vn 0.9305 -0.0000 0.3662
vn 0.3668 -0.0000 -0.9303
vn 0.1167 -0.0000 0.9932
vn 0.9932 -0.0000 -0.1165
vn -0.1156 -0.0000 -0.9933
vn -0.9932 -0.0000 0.1162
vn -0.3734 -0.0000 0.9277
vn 0.9277 -0.0000 0.3733
vn 0.3734 -0.0000 -0.9277
vn -0.9050 -0.0000 0.4255
vn 0.4258 -0.0000 0.9048
vn 0.9048 -0.0000 -0.4258
vn -0.4254 -0.0000 -0.9050
vn -0.9227 -0.0000 -0.3854
vn -0.3860 -0.0000 0.9225
vn 0.3860 -0.0000 -0.9225
vn -0.9290 -0.0000 -0.3700
vn -0.3698 -0.0000 0.9291
vn 0.9290 -0.0000 0.3700
vn 0.3698 -0.0000 -0.9291
vn -0.9833 -0.0000 0.1818
vn 0.1815 -0.0000 0.9834
vn 0.9833 -0.0000 -0.1818
vn -0.1815 -0.0000 -0.9834
vn -0.9952 -0.0000 0.0983
vn -0.9952 -0.0000 0.0984
vn 0.0975 -0.0000 0.9952
vn 0.9952 -0.0000 -0.0984
vn 0.9952 -0.0000 -0.0983
vn -0.0975 -0.0000 -0.9952
vn 0.3499 -0.0000 -0.9368
vn -0.9229 -0.0000 -0.3851
vn 0.0937 -0.0000 0.9956
vn 0.9368 -0.0000 0.3499
vn -0.9889 -0.0000 0.1489
vn 0.1503 -0.0000 0.9886
vn 0.1502 -0.0000 0.9886
vn 0.9888 -0.0000 -0.1490
vn -0.1477 -0.0000 -0.9890
vn 0.4630 -0.0000 0.8864
vn 0.8862 -0.0000 -0.4633
vn -0.4628 -0.0000 -0.8865
vn -0.8867 -0.0000 0.4624
vn -0.9272 -0.0000 -0.3746
vn 0.1201 -0.0000 0.9928
vn 0.9001 -0.0000 0.4357
vn 0.3969 -0.0000 -0.9178
vn 0.0335 -0.0000 0.9994
vn 0.9994 -0.0000 -0.0334
vn -0.0335 -0.0000 -0.9994
vn -0.9801 -0.0000 0.1984
vn 0.1978 -0.0000 0.9803
vn 0.9802 -0.0000 -0.1982
vn -0.1992 -0.0000 -0.9800
vn -0.9962 -0.0000 0.0875
vn 0.0872 -0.0000 0.9962
vn 0.9962 -0.0000 -0.0875
vn -0.0872 -0.0000 -0.9962
vn 0.5133 -0.0000 0.8582
vn 0.8583 -0.0000 -0.5132
vn -0.5133 -0.0000 -0.8582
vn -0.8583 -0.0000 0.5132
vn -0.9255 -0.0000 -0.3788
vn -0.3787 -0.0000 0.9255
vn -0.9293 -0.0000 -0.3694
vn -0.3708 -0.0000 0.9287
vn 0.9296 -0.0000 0.3686
vn 0.3674 -0.0000 -0.9301
vn -0.9292 -0.0000 -0.3695
vn -0.3697 -0.0000 0.9291
vn 0.9292 -0.0000 0.3695
vn 0.3697 -0.0000 -0.9291
vn -0.9818 -0.0000 0.1897
vn 0.1895 -0.0000 0.9819
vn 0.9820 -0.0000 -0.1890
vn -0.1894 -0.0000 -0.9819
vn -0.7353 -0.0000 -0.6777
vn -0.7682 -0.0000 0.6403
vn 0.6325 -0.0000 0.7745
vn 0.7742 -0.0000 -0.6330
vn -0.9905 -0.0000 0.1372
vn 0.1372 -0.0000 0.9905
vn 0.9905 -0.0000 -0.1372
vn -0.1372 -0.0000 -0.9905
vn -0.9291 -0.0000 -0.3699
vn -0.3695 -0.0000 0.9292
vn 0.9294 -0.0000 0.3690
vn 0.3699 -0.0000 -0.9291
vn -0.9825 -0.0000 0.1864
vn 0.1869 -0.0000 0.9824
vn 0.9824 -0.0000 -0.1867
vn -0.1860 -0.0000 -0.9826
vn -0.9866 -0.0000 0.1633
vn 0.1637 -0.0000 0.9865
vn 0.9866 -0.0000 -0.1633
vn -0.1637 -0.0000 -0.9865
vn -0.8908 -0.0000 0.4545
vn 0.4541 -0.0000 0.8909
vn 0.8909 -0.0000 -0.4542
vn -0.4549 -0.0000 -0.8906
vn -0.4009 -0.0000 0.9161
vn 0.9161 -0.0000 0.4009
vn 0.4006 -0.0000 -0.9162
vn -0.9165 -0.0000 -0.4001
vn 0.6550 -0.0000 0.7556
vn 0.7558 -0.0000 -0.6548
vn -0.6550 -0.0000 -0.7556
vn -0.7558 -0.0000 0.6548
vn -0.9706 -0.0000 0.2408
vn -0.3716 -0.0000 0.9284
vn 0.9326 -0.0000 0.3609
vn 0.3758 -0.0000 -0.9267
vn -0.9777 -0.0000 0.2100
vn 0.2099 -0.0000 0.9777
vn 0.9779 -0.0000 -0.2092
vn -0.2093 -0.0000 -0.9778
vn 0.1331 -0.0000 0.9911
vn 0.9911 -0.0000 -0.1329
vn -0.1331 -0.0000 -0.9911
vn -0.4011 -0.0000 0.9160
vn 0.9162 -0.0000 0.4007
vn 0.4011 -0.0000 -0.9160
vn -0.9162 -0.0000 -0.4007
vn -0.9071 -0.0000 0.4208
vn 0.4212 -0.0000 0.9070
vn 0.9071 -0.0000 -0.4208
vn -0.4212 -0.0000 -0.9070
vn 0.9050 -0.0000 -0.4254
vn -0.4253 -0.0000 -0.9050
vn -0.9050 -0.0000 0.4254
vn 0.4253 -0.0000 0.9050
vn 0.7277 -0.0000 0.6859
vn 0.6856 -0.0000 -0.7280
vn -0.7280 -0.0000 -0.6856
vn -0.6859 -0.0000 0.7277
vn -0.3657 -0.0000 -0.9307
vn -0.3919 -0.0000 0.9200
vn 0.9200 -0.0000 0.3919
vn 0.3918 -0.0000 -0.9201
vn -0.6184 -0.0000 -0.7859
vn -0.7859 -0.0000 0.6183
vn 0.6184 -0.0000 0.7859
vn 0.7859 -0.0000 -0.6183
vn -0.9902 -0.0000 0.1395
vn 0.1406 -0.0000 0.9901
vn 0.9901 -0.0000 -0.1401
vn -0.1408 -0.0000 -0.9900
vn -0.4005 -0.0000 0.9163
vn 0.9167 -0.0000 0.3995
vn 0.4005 -0.0000 -0.9163
vn -0.9167 -0.0000 -0.3995
vn -0.9248 -0.0000 -0.3805
vn -0.3807 -0.0000 0.9247
vn 0.3803 -0.0000 -0.9249
vn 0.1717 -0.0000 0.9852
vn 0.9852 -0.0000 -0.1711
vn -0.1717 -0.0000 -0.9852
vn -0.9901 -0.0000 0.1404
vn 0.1400 -0.0000 0.9901
vn 0.9902 -0.0000 -0.1394
vn -0.1400 -0.0000 -0.9902
vn -0.9961 -0.0000 0.0886
vn 0.0896 -0.0000 0.9960
vn 0.9961 -0.0000 -0.0886
vn -0.0896 -0.0000 -0.9960
vn 0.1994 -0.0000 0.9799
vn 0.9226 -0.0000 0.3857
vn 0.3898 -0.0000 -0.9209
vn -0.9261 -0.0000 -0.3773
vn -0.3776 -0.0000 0.9260
vn 0.9258 -0.0000 0.3779
vn 0.9250 -0.0000 0.3799
vn -0.3821 -0.0000 0.9241
vn 0.9261 -0.0000 0.3773
vn 0.3774 -0.0000 -0.9261
vn -0.9810 -0.0000 0.1939
vn 0.1934 -0.0000 0.9811
vn 0.9812 -0.0000 -0.1928
vn -0.1932 -0.0000 -0.9812
vn -0.9429 -0.0000 -0.3330
vn -0.3331 -0.0000 0.9429
vn 0.9433 -0.0000 0.3321
vn 0.3336 -0.0000 -0.9427
vn -0.4175 -0.0000 -0.9087
vn -0.9085 -0.0000 0.4180
vn 0.4186 -0.0000 0.9082
vn 0.9084 -0.0000 -0.4182
vn 0.9249 -0.0000 0.3802
vn 0.3809 -0.0000 -0.9246
vn -0.9256 -0.0000 -0.3786
vn 0.9257 -0.0000 0.3783
vn 0.3775 -0.0000 -0.9260
vn -0.9827 -0.0000 0.1852
vn -0.9827 -0.0000 0.1851
vn 0.1853 -0.0000 0.9827
vn 0.9827 -0.0000 -0.1852
vn -0.1853 -0.0000 -0.9827
vn -0.7123 -0.0000 0.7018
vn 0.7018 -0.0000 0.7124
vn 0.7123 -0.0000 -0.7018
vn -0.7018 -0.0000 -0.7124
vn -0.9774 -0.0000 0.2112
vn 0.2120 -0.0000 0.9773
vn 0.9774 -0.0000 -0.2112
vn -0.2120 -0.0000 -0.9773
vn -0.9893 -0.0000 0.1456
vn 0.1454 -0.0000 0.9894
vn 0.9893 -0.0000 -0.1456
vn -0.1454 -0.0000 -0.9894
vn -0.9841 -0.0000 0.1778
vn 0.1792 -0.0000 0.9838
vn 0.1791 -0.0000 0.9838
vn 0.9840 -0.0000 -0.1780
vn -0.1757 -0.0000 -0.9844
vn -0.9257 -0.0000 -0.3783
vn -0.3778 -0.0000 0.9259
vn 0.3778 -0.0000 -0.9259
vn -0.8968 -0.0000 0.4425
vn 0.4421 -0.0000 0.8970
vn 0.8966 -0.0000 -0.4428
vn -0.4418 -0.0000 -0.8971
vn -0.9291 -0.0000 -0.3697
vn -0.3683 -0.0000 0.9297
vn 0.3705 -0.0000 -0.9288
vn -0.4004 -0.0000 0.9163
vn 0.9163 -0.0000 0.4005
vn -0.9163 -0.0000 -0.4005
vn -0.8925 -0.0000 0.4511
vn 0.4504 -0.0000 0.8928
vn 0.8927 -0.0000 -0.4507
vn -0.4509 -0.0000 -0.8926
vn -0.3740 -0.0000 0.9274
vn 0.3740 -0.0000 -0.9274
vn -0.8966 -0.0000 0.4428
vn 0.4438 -0.0000 0.8961
vn 0.8964 -0.0000 -0.4433
vn -0.4431 -0.0000 -0.8965
vn -0.9374 -0.0000 -0.3483
vn -0.3487 -0.0000 0.9372
vn 0.9374 -0.0000 0.3483
vn 0.3487 -0.0000 -0.9372
vn -0.9290 -0.0000 -0.3701
vn 0.9289 -0.0000 0.3704
vn -0.7297 -0.0000 -0.6838
vn -0.6828 -0.0000 0.7306
vn 0.7291 -0.0000 0.6844
vn 0.6840 -0.0000 -0.7295
vn -0.9025 -0.0000 0.4307
vn 0.4309 -0.0000 0.9024
vn 0.9025 -0.0000 -0.4307
vn -0.4309 -0.0000 -0.9024
vn -0.9809 -0.0000 0.1946
vn 0.1946 -0.0000 0.9809
vn 0.9809 -0.0000 -0.1946
vn -0.1946 -0.0000 -0.9809
vn -0.9951 -0.0000 0.0990
vn 0.0989 -0.0000 0.9951
vn 0.9951 -0.0000 -0.0990
vn -0.0989 -0.0000 -0.9951
vn -0.4604 -0.0000 -0.8877
vn -0.8878 -0.0000 0.4601
vn 0.4603 -0.0000 0.8877
vn 0.4604 -0.0000 0.8877
vn 0.8878 -0.0000 -0.4601
vn -0.9940 -0.0000 0.1091
vn 0.1091 -0.0000 0.9940
vn 0.9940 -0.0000 -0.1097
vn -0.1091 -0.0000 -0.9940
vn -0.9915 -0.0000 0.1300
vn 0.1299 -0.0000 0.9915
vn 0.9915 -0.0000 -0.1300
vn -0.1299 -0.0000 -0.9915
vn -0.3838 -0.0000 0.9234
vn 0.9235 -0.0000 0.3836
vn 0.3836 -0.0000 -0.9235
vn -0.6769 -0.0000 0.7361
vn 0.7361 -0.0000 0.6769
vn 0.6767 -0.0000 -0.7362
vn 0.3428 -0.0000 -0.9394
vn -0.7209 -0.0000 -0.6930
vn -0.9232 -0.0000 -0.3844
vn -0.6619 -0.0000 0.7496
vn 0.2596 -0.0000 0.9657
vn 0.9813 -0.0000 0.1926
vn 0.3841 -0.0000 -0.9233
vn 0.9754 -0.0000 0.2203
vn 0.9755 -0.0000 0.2200
vn 0.9754 -0.0000 0.2206
vn 0.8967 -0.0000 -0.4426
vn 0.3921 -0.0000 -0.9199
vn 0.3714 -0.0000 -0.9285
vn 0.3723 -0.0000 -0.9281
vn -0.9264 -0.0000 -0.3766
vn 0.9211 -0.0000 0.3892
vn -0.3732 -0.0000 -0.9277
vn -0.9187 -0.0000 -0.3950
vn 0.0794 -0.0000 0.9968
vn 0.9968 -0.0000 -0.0795
vn 0.3974 -0.0000 -0.9177
vn -0.1209 -0.0000 -0.9927
vn -0.9968 -0.0000 0.0797
vn 0.9157 -0.0000 0.4018
vn 0.4026 -0.0000 -0.9154
vn -0.9155 -0.0000 -0.4023
vn -0.9594 -0.0000 0.2820
vn 0.1059 -0.0000 0.9944
vn 0.1058 -0.0000 0.9944
vn -0.9388 -0.0000 -0.3445
vn -0.3447 -0.0000 0.9387
vn 0.4722 -0.0000 0.8815
vn 0.9387 -0.0000 0.3449
vn 0.9387 -0.0000 0.3448
vn 0.3446 -0.0000 -0.9387
vn 0.4104 -0.0000 -0.9119
vn -0.3769 -0.0000 -0.9262
vn -0.9327 -0.0000 -0.3605
vn -0.3611 -0.0000 0.9325
vn 0.9329 -0.0000 0.3601
vn -0.3591 -0.0000 0.9333
vn 0.9372 -0.0000 -0.3487
vn 0.2629 -0.0000 -0.9648
vn -0.9334 -0.0000 -0.3588
vn -0.9763 -0.0000 0.2163
vn 0.2167 -0.0000 0.9762
vn 0.9763 -0.0000 -0.2163
vn -0.2116 -0.0000 -0.9774
vn -0.9775 -0.0000 0.2108
vn 0.2111 -0.0000 0.9775
vn -0.9359 -0.0000 -0.3524
vn -0.3984 -0.0000 0.9172
vn -0.3983 -0.0000 0.9172
vn -0.9426 -0.0000 -0.3341
vn -0.3514 -0.0000 0.9362
vn 0.9361 -0.0000 0.3517
vn 0.3518 -0.0000 -0.9361
vn 0.3904 -0.0000 -0.9206
vn -0.2730 -0.0000 -0.9620
vn -0.9267 -0.0000 -0.3759
vn -0.3076 -0.0000 0.9515
vn 0.1314 -0.0000 0.9913
vn 0.1623 -0.0000 0.9867
vn 0.9864 -0.0000 -0.1645
vn 0.1657 -0.0000 0.9862
vn -0.1658 -0.0000 -0.9862
vn -0.9890 -0.0000 0.1481
vn -0.1560 -0.0000 -0.9878
vn -0.2057 -0.0000 -0.9786
vn 0.1550 -0.0000 0.9879
vn 0.9878 -0.0000 -0.1555
vn -0.9228 -0.0000 -0.3852
vn 0.9226 -0.0000 0.3858
vn 0.3858 -0.0000 -0.9226
vn 0.3852 -0.0000 -0.9228
vn -0.9256 -0.0000 -0.3784
vn -0.3779 -0.0000 0.9258
vn 0.3724 -0.0000 -0.9281
vn -0.9287 -0.0000 -0.3708
vn -0.3719 -0.0000 0.9283
vn -0.3648 -0.0000 0.9311
vn -0.3649 -0.0000 0.9311
vn 0.9311 -0.0000 0.3647
vn 0.3645 -0.0000 -0.9312
vn -0.9201 -0.0000 -0.3917
vn -0.3913 -0.0000 0.9203
vn 0.9198 -0.0000 0.3925
vn -0.9124 -0.0000 0.4093
vn -0.5244 -0.0000 -0.8515
vn -0.8885 -0.0000 0.4589
vn 0.4578 -0.0000 0.8891
vn 0.8890 -0.0000 -0.4580
vn -0.9213 -0.0000 -0.3889
vn -0.9549 -0.0000 0.2970
vn -0.3333 -0.0000 0.9428
vn 0.9359 -0.0000 0.3523
vn -0.3185 -0.0000 0.9479
vn 0.9470 -0.0000 0.3212
vn 0.3893 -0.0000 -0.9211
vn -0.9793 -0.0000 -0.2024
vn -0.9999 -0.0000 0.0121
vn -0.9503 -0.0000 0.3112
vn 0.0051 -0.0000 1.0000
vn 0.9261 -0.0000 0.3772
vn 0.9992 -0.0000 0.0400
vn 0.8331 -0.0000 -0.5531
vn -0.0047 -0.0000 -1.0000
vn 0.7761 -0.0000 -0.6306
vn -0.4017 -0.0000 -0.9158
vn -0.7825 -0.0000 0.6227
vn 0.5943 -0.0000 0.8042
vn -0.9049 -0.0000 0.4256
vn 0.4253 -0.0000 0.9051
vn 0.5722 -0.0000 -0.8201
vn -0.3920 -0.0000 -0.9200
vn -0.4568 -0.0000 -0.8895
vn 0.9101 -0.0000 -0.4144
vn -0.4129 -0.0000 -0.9108
vn -0.9107 -0.0000 0.4132
vn 0.4124 -0.0000 0.9110
vn -0.8892 -0.0000 0.4576
vn 0.4570 -0.0000 0.8895
vn 0.8897 -0.0000 -0.4566
vn -0.4272 -0.0000 -0.9042
vn -0.8848 -0.0000 0.4660
vn 0.3902 -0.0000 0.9207
vn 0.8938 -0.0000 -0.4484
vn -0.4500 -0.0000 -0.8930
vn 0.8850 -0.0000 -0.4655
vn 0.3841 -0.0000 0.9233
vn 0.9227 -0.0000 -0.3856
vn 0.7356 -0.0000 0.6775
vn 0.6786 -0.0000 -0.7345
vn -0.7348 -0.0000 -0.6783
vn -0.6784 -0.0000 0.7347
vn 0.7313 -0.0000 0.6821
vn -0.6649 -0.0000 0.7469
vn 0.7471 -0.0000 0.6647
vn 0.6648 -0.0000 -0.7470
vn -0.8889 -0.0000 0.4581
vn 0.4579 -0.0000 0.8890
vn 0.8891 -0.0000 -0.4576
vn -0.4122 -0.0000 -0.9111
vn -0.8846 -0.0000 0.4664
vn 0.4647 -0.0000 0.8855
vn -0.9104 -0.0000 0.4136
vn -0.9104 -0.0000 0.4137
vn 0.4099 -0.0000 0.9121
vn 0.9984 -0.0000 -0.0569
vn -0.0566 -0.0000 -0.9984
vn -0.9984 -0.0000 0.0566
vn 0.0566 -0.0000 0.9984
vn 0.9982 -0.0000 -0.0592
vn 0.0579 -0.0000 0.9983
vn 0.9982 -0.0000 -0.0600
vn -0.0583 -0.0000 -0.9983
vn -0.9984 -0.0000 0.0571
vn 0.0569 -0.0000 0.9984
vn 0.9984 -0.0000 -0.0571
vn -0.0569 -0.0000 -0.9984
vn -0.9999 -0.0000 0.0148
vn 0.0162 -0.0000 0.9999
vn 0.9999 -0.0000 -0.0148
vn -0.0162 -0.0000 -0.9999
vn -0.9998 -0.0000 0.0195
vn 0.0196 -0.0000 0.9998
vn 0.9998 -0.0000 -0.0195
vn -0.0196 -0.0000 -0.9998
vn -0.9997 -0.0000 0.0256
vn 0.0260 -0.0000 0.9997
vn 0.9997 -0.0000 -0.0257
vn -0.9701 -0.0000 0.2427
vn 0.2429 -0.0000 0.9701
vn 0.9701 -0.0000 -0.2427
vn -0.2429 -0.0000 -0.9701
vn 0.9974 -0.0000 -0.0720
vn -0.0735 -0.0000 -0.9973
vn -0.9973 -0.0000 0.0736
vn -0.9997 -0.0000 0.0262
vn 0.0258 -0.0000 0.9997
vn 0.9997 -0.0000 -0.0254
vn -0.0258 -0.0000 -0.9997
vn -0.9903 -0.0000 -0.1391
vn -0.1383 -0.0000 0.9904
vn 0.9903 -0.0000 0.1391
vn 0.1383 -0.0000 -0.9904
vn -0.9994 -0.0000 0.0340
vn 0.0334 -0.0000 0.9994
vn 0.9995 -0.0000 -0.0327
vn -0.0334 -0.0000 -0.9994
vn -0.9984 -0.0000 0.0560
vn 0.0558 -0.0000 0.9984
vn 0.9984 -0.0000 -0.0560
vn -0.0558 -0.0000 -0.9984
vn -0.4380 -0.0000 0.8990
vn 0.8996 -0.0000 0.4368
vn 0.4384 -0.0000 -0.8988
vn -0.8987 -0.0000 -0.4386
vn -0.9968 -0.0000 0.0800
vn 0.0808 -0.0000 0.9967
vn 0.9968 -0.0000 -0.0800
vn -0.0808 -0.0000 -0.9967
vn -0.3215 -0.0000 0.9469
vn 0.9465 -0.0000 0.3227
vn 0.3224 -0.0000 -0.9466
vn -0.9472 -0.0000 -0.3208
vn -0.9977 -0.0000 0.0682
vn 0.0699 -0.0000 0.9976
vn 0.9977 -0.0000 -0.0682
vn -0.0699 -0.0000 -0.9976
vn -0.0282 -0.0000 0.9996
vn 0.9996 -0.0000 0.0275
vn 0.0300 -0.0000 -0.9996
vn -0.9996 -0.0000 -0.0274
vn -0.9970 -0.0000 0.0773
vn 0.0764 -0.0000 0.9971
vn 0.9971 -0.0000 -0.0766
vn -0.0763 -0.0000 -0.9971
vn -1.0000 -0.0000 -0.0086
vn -0.0088 -0.0000 1.0000
vn 1.0000 -0.0000 0.0081
vn 0.0077 -0.0000 -1.0000
vn -0.9991 -0.0000 -0.0414
vn -0.0423 -0.0000 0.9991
vn 0.9991 -0.0000 0.0421
vn 0.0422 -0.0000 -0.9991
vn -0.0749 -0.0000 -0.9972
vn -0.9972 -0.0000 0.0753
vn 0.0770 -0.0000 0.9970
vn 0.9972 -0.0000 -0.0754
vn -0.9995 -0.0000 0.0309
vn 0.0299 -0.0000 0.9996
vn 0.9995 -0.0000 -0.0309
vn -0.0299 -0.0000 -0.9996
vn -0.9890 -0.0000 0.1478
vn 0.1484 -0.0000 0.9889
vn 0.9891 -0.0000 -0.1470
vn -0.1482 -0.0000 -0.9890
vn -0.9985 -0.0000 0.0556
vn 0.0562 -0.0000 0.9984
vn 0.0768 -0.0000 -0.9970
vn 0.9961 -0.0000 -0.0879
vn -0.0557 -0.0000 -0.9984
vn -0.9987 -0.0000 0.0502
vn 0.0510 -0.0000 0.9987
vn 0.9987 -0.0000 -0.0508
vn 0.0709 -0.0000 -0.9975
vn 0.9984 -0.0000 -0.0573
vn 0.0354 -0.0000 0.9994
vn 0.9987 -0.0000 -0.0501
vn -0.0510 -0.0000 -0.9987
vn -0.8658 -0.0000 -0.5004
vn -0.9708 -0.0000 -0.2397
vn -0.2631 -0.0000 0.9648
vn 0.9752 -0.0000 0.2215
vn -0.2286 -0.0000 0.9735
vn -0.2289 -0.0000 0.9734
vn -0.2283 -0.0000 0.9736
vn 0.9680 -0.0000 0.2508
vn 0.9734 -0.0000 0.2292
vn 0.0945 -0.0000 -0.9955
vn 0.9979 -0.0000 0.0653
vn -0.6006 -0.0000 -0.7996
vn -0.4343 -0.0000 -0.9008
vn -0.9007 -0.0000 0.4344
vn 0.4343 -0.0000 0.9008
vn 0.9007 -0.0000 -0.4344
vn -0.4287 -0.0000 -0.9035
vn -0.9030 -0.0000 0.4297
vn 0.9026 -0.0000 -0.4304
vn -0.4258 -0.0000 -0.9048
vn -0.9045 -0.0000 0.4264
vn 0.9045 -0.0000 -0.4264
vn -0.4430 -0.0000 -0.8965
vn -0.8964 -0.0000 0.4432
vn 0.4422 -0.0000 0.8969
vn 0.8969 -0.0000 -0.4422
vn -0.4758 -0.0000 -0.8796
vn -0.8796 -0.0000 0.4757
vn 0.4758 -0.0000 0.8796
vn 0.8796 -0.0000 -0.4757
vn -0.4296 -0.0000 -0.9030
vn -0.9033 -0.0000 0.4291
vn 0.4296 -0.0000 0.9030
vn 0.9033 -0.0000 -0.4291
vn -0.4338 -0.0000 -0.9010
vn -0.9013 -0.0000 0.4333
vn 0.4345 -0.0000 0.9007
vn 0.4344 -0.0000 0.9007
vn 0.9007 -0.0000 -0.4343
vn -0.6843 -0.0000 -0.7292
vn -0.8534 -0.0000 0.5213
vn 0.5261 -0.0000 0.8505
vn 0.5988 -0.0000 -0.8009
vn -0.4300 -0.0000 -0.9028
vn -0.9028 -0.0000 0.4302
vn 0.4290 -0.0000 0.9033
vn 0.9030 -0.0000 -0.4296
vn -0.6213 -0.0000 -0.7836
vn -0.7838 -0.0000 0.6210
vn 0.6211 -0.0000 0.7837
vn 0.7838 -0.0000 -0.6210
vn 0.6215 -0.0000 0.7834
vn 0.7838 -0.0000 -0.6211
vn -0.4266 -0.0000 -0.9044
vn -0.9049 -0.0000 0.4257
vn 0.4272 -0.0000 0.9042
vn 0.9040 -0.0000 -0.4276
vn -0.9044 -0.0000 0.4266
vn 0.4260 -0.0000 0.9047
vn 0.9047 -0.0000 -0.4261
vn -0.4171 -0.0000 -0.9088
vn -0.9089 -0.0000 0.4170
vn 0.4177 -0.0000 0.9086
vn 0.9083 -0.0000 -0.4183
vn -0.4173 -0.0000 -0.9088
vn 0.9079 -0.0000 -0.4191
vn -0.9583 -0.0000 0.2858
vn 0.3700 -0.0000 0.9290
vn -0.9359 -0.0000 0.3522
vn 0.4152 -0.0000 0.9097
vn 0.9711 -0.0000 -0.2386
vn 0.0809 -0.0000 -0.9967
vn -0.4742 -0.0000 -0.8804
vn -0.4395 -0.0000 -0.8982
vn -0.8983 -0.0000 0.4394
vn 0.4395 -0.0000 0.8982
vn 0.8983 -0.0000 -0.4394
vn -0.4127 -0.0000 -0.9109
vn -0.9109 -0.0000 0.4125
vn 0.9107 -0.0000 -0.4132
vn -0.4222 -0.0000 -0.9065
vn -0.8804 -0.0000 0.4743
vn 0.4095 -0.0000 0.9123
vn 0.9272 -0.0000 -0.3745
vn -0.4121 -0.0000 -0.9112
vn -0.9113 -0.0000 0.4118
vn 0.4120 -0.0000 0.9112
vn -0.9112 -0.0000 0.4121
vn 0.4122 -0.0000 0.9111
vn 0.9112 -0.0000 -0.4119
vn -0.3839 -0.0000 -0.9234
vn -0.9142 -0.0000 0.4052
vn 0.3877 -0.0000 0.9218
vn -0.9016 -0.0000 0.4325
vn 0.3644 -0.0000 0.9312
vn 0.9749 -0.0000 -0.2225
vn 0.4065 -0.0000 0.9137
vn 0.9204 -0.0000 -0.3910
vn -0.9309 -0.0000 0.3652
vn 0.3821 -0.0000 0.9241
vn 0.9296 -0.0000 -0.3686
vn -0.3606 -0.0000 -0.9327
vn 0.9394 -0.0000 -0.3429
vn 0.1237 -0.0000 -0.9923
vn -0.4370 -0.0000 -0.8995
vn -0.8995 -0.0000 0.4369
vn 0.4370 -0.0000 0.8995
vn 0.8995 -0.0000 -0.4369
vn -0.4186 -0.0000 -0.9082
vn -0.9063 -0.0000 0.4226
vn -0.4199 -0.0000 -0.9076
vn -0.9078 -0.0000 0.4193
vn 0.4182 -0.0000 0.9084
vn 0.9078 -0.0000 -0.4194
vn -0.4113 -0.0000 -0.9115
vn -0.9114 -0.0000 0.4116
vn 0.4101 -0.0000 0.9121
vn 0.9116 -0.0000 -0.4110
vn -0.4261 -0.0000 -0.9047
vn -0.9053 -0.0000 0.4247
vn 0.4257 -0.0000 0.9049
vn 0.9048 -0.0000 -0.4259
vn -0.6884 -0.0000 -0.7253
vn -0.7261 -0.0000 0.6876
vn 0.6877 -0.0000 0.7260
vn 0.7257 -0.0000 -0.6880
vn -0.4291 -0.0000 -0.9033
vn -0.9034 -0.0000 0.4289
vn 0.4297 -0.0000 0.9030
vn 0.9031 -0.0000 -0.4294
vn -0.5467 -0.0000 -0.8373
vn -0.8375 -0.0000 0.5464
vn 0.5464 -0.0000 0.8375
vn 0.8371 -0.0000 -0.5470
vn -0.4070 -0.0000 -0.9134
vn -0.8175 -0.0000 0.5759
vn 0.6424 -0.0000 0.7663
vn 0.7806 -0.0000 -0.6250
vn -0.9089 -0.0000 0.4169
vn 0.4170 -0.0000 0.9089
vn 0.9087 -0.0000 -0.4175
vn -0.3862 -0.0000 -0.9224
vn -0.9222 -0.0000 0.3866
vn 0.3830 -0.0000 0.9237
vn 0.3831 -0.0000 0.9237
vn -0.9227 -0.0000 0.3856
vn 0.3866 -0.0000 0.9222
vn 0.9224 -0.0000 -0.3863
vn -0.4056 -0.0000 -0.9141
vn -0.9141 -0.0000 0.4054
vn 0.4056 -0.0000 0.9141
vn 0.9141 -0.0000 -0.4054
vn -0.3919 -0.0000 -0.9200
vn -0.9076 -0.0000 0.4199
vn 0.3969 -0.0000 0.9179
vn -0.6500 -0.0000 0.7599
vn 0.6865 -0.0000 -0.7271
vn 0.7409 -0.0000 0.6716
vn 0.6455 -0.0000 -0.7638
vn -0.4323 -0.0000 -0.9017
vn -0.9022 -0.0000 0.4313
vn 0.4313 -0.0000 0.9022
vn 0.9020 -0.0000 -0.4317
vn -0.4320 -0.0000 -0.9019
vn 0.9027 -0.0000 -0.4302
vn -0.9077 -0.0000 0.4196
vn 0.3641 -0.0000 0.9313
vn 0.9095 -0.0000 -0.4156
vn -0.4097 -0.0000 -0.9122
vn -0.4591 -0.0000 -0.8884
vn -0.8885 -0.0000 0.4588
vn 0.4575 -0.0000 0.8892
vn 0.8891 -0.0000 -0.4578
vn -0.5642 -0.0000 -0.8256
vn -0.8065 -0.0000 0.5913
vn 0.4787 -0.0000 0.8780
vn 0.8741 -0.0000 -0.4857
vn -0.6724 -0.0000 -0.7402
vn 0.7859 -0.0000 -0.6184
vn -0.9090 -0.0000 0.4168
vn 0.4169 -0.0000 0.9090
vn 0.9088 -0.0000 -0.4173
vn -0.9198 -0.0000 0.3924
vn 0.3933 -0.0000 0.9194
vn -0.9192 -0.0000 0.3937
vn 0.3921 -0.0000 0.9199
vn 0.9198 -0.0000 -0.3924
vn -0.4189 -0.0000 -0.9080
vn -0.9084 -0.0000 0.4181
vn 0.4187 -0.0000 0.9081
vn 0.9081 -0.0000 -0.4187
vn -0.6523 -0.0000 -0.7580
vn -0.7580 -0.0000 0.6522
vn 0.6520 -0.0000 0.7582
vn 0.7584 -0.0000 -0.6518
vn -0.6784 -0.0000 -0.7346
vn -0.7355 -0.0000 0.6775
vn 0.6784 -0.0000 0.7346
vn 0.7355 -0.0000 -0.6775
vn -0.6737 -0.0000 -0.7390
vn -0.7712 -0.0000 0.6366
vn 0.6267 -0.0000 0.7792
vn -0.8001 -0.0000 0.5998
vn -0.6989 -0.0000 -0.7152
vn -0.7698 -0.0000 0.6383
vn 0.6830 -0.0000 0.7304
vn 0.7648 -0.0000 -0.6442
vn -0.6199 -0.0000 -0.7847
vn 0.7110 -0.0000 -0.7032
vn 0.6347 -0.0000 0.7728
vn 0.7723 -0.0000 -0.6352
vn -0.4728 -0.0000 -0.8812
vn -0.8809 -0.0000 0.4733
vn 0.4732 -0.0000 0.8809
vn 0.8814 -0.0000 -0.4723
vn -0.5005 -0.0000 -0.8658
vn -0.8652 -0.0000 0.5014
vn 0.5005 -0.0000 0.8658
vn 0.8652 -0.0000 -0.5014
vn -0.4872 -0.0000 -0.8733
vn -0.8728 -0.0000 0.4881
vn 0.4872 -0.0000 0.8733
vn 0.8728 -0.0000 -0.4881
vn -0.5878 -0.0000 -0.8090
vn -0.8089 -0.0000 0.5879
vn 0.5885 -0.0000 0.8085
vn 0.8084 -0.0000 -0.5887
vn -0.5969 -0.0000 -0.8023
vn -0.8020 -0.0000 0.5974
vn 0.5969 -0.0000 0.8023
vn 0.8020 -0.0000 -0.5974
vn -0.5116 -0.0000 -0.8592
vn -0.8588 -0.0000 0.5124
vn 0.5130 -0.0000 0.8584
vn 0.8583 -0.0000 -0.5131
vn -0.6784 -0.0000 -0.7347
vn -0.7345 -0.0000 0.6786
vn 0.6784 -0.0000 0.7347
vn 0.7345 -0.0000 -0.6786
vn -0.6717 -0.0000 -0.7408
vn -0.7406 -0.0000 0.6720
vn 0.6710 -0.0000 0.7415
vn 0.7410 -0.0000 -0.6715
vn -0.6253 -0.0000 -0.7804
vn -0.7804 -0.0000 0.6253
vn 0.6253 -0.0000 0.7804
vn 0.7804 -0.0000 -0.6253
vn -0.5952 -0.0000 -0.8036
vn -0.8028 -0.0000 0.5962
vn 0.5945 -0.0000 0.8041
vn 0.8037 -0.0000 -0.5950
vn -0.7001 -0.0000 -0.7140
vn -0.7136 -0.0000 0.7006
vn 0.7001 -0.0000 0.7140
vn 0.7136 -0.0000 -0.7006
vn -0.7223 -0.0000 -0.6916
vn -0.6915 -0.0000 0.7224
vn 0.7223 -0.0000 0.6916
vn 0.6915 -0.0000 -0.7224
vn -0.6111 -0.0000 -0.7916
vn -0.7914 -0.0000 0.6114
vn 0.6111 -0.0000 0.7916
vn 0.7914 -0.0000 -0.6114
vn -0.6469 -0.0000 -0.7625
vn -0.7625 -0.0000 0.6470
vn 0.6469 -0.0000 0.7625
vn 0.7625 -0.0000 -0.6470
vn -0.4829 -0.0000 -0.8757
vn -0.8758 -0.0000 0.4827
vn 0.4838 -0.0000 0.8752
vn 0.8761 -0.0000 -0.4821
vn -0.4854 -0.0000 -0.8743
vn 0.8755 -0.0000 -0.4833
vn -0.6576 -0.0000 -0.7533
vn -0.7531 -0.0000 0.6579
vn 0.6576 -0.0000 0.7533
vn 0.7531 -0.0000 -0.6579
vn -0.9896 -0.0000 -0.1441
vn -0.1420 -0.0000 0.9899
vn 0.9896 -0.0000 0.1441
vn 0.1420 -0.0000 -0.9899
vn -0.9811 -0.0000 -0.1933
vn -0.9170 -0.0000 -0.3988
vn -0.3934 -0.0000 0.9194
vn 0.9292 -0.0000 0.3697
vn 0.9772 -0.0000 0.2123
vn 0.1795 -0.0000 -0.9838
vn -0.9732 -0.0000 -0.2298
vn -0.2366 -0.0000 0.9716
vn 0.9706 -0.0000 0.2407
vn 0.2315 -0.0000 -0.9728
vn -0.9682 -0.0000 -0.2500
vn -0.2501 -0.0000 0.9682
vn 0.9683 -0.0000 0.2499
vn 0.2475 -0.0000 -0.9689
vn -0.9671 -0.0000 -0.2543
vn -0.2621 -0.0000 0.9650
vn 0.9651 -0.0000 0.2621
vn 0.9650 -0.0000 0.2621
vn 0.2620 -0.0000 -0.9651
vn -0.9786 -0.0000 -0.2056
vn -0.2683 -0.0000 0.9633
vn 0.9690 -0.0000 0.2470
vn 0.8602 -0.0000 -0.5100
vn 0.2887 -0.0000 -0.9574
vn -0.9721 -0.0000 -0.2347
vn -0.2459 -0.0000 0.9693
vn 0.9723 -0.0000 0.2339
vn -0.2344 -0.0000 0.9721
vn 0.9722 -0.0000 0.2343
vn 0.2420 -0.0000 -0.9703
vn -0.9758 -0.0000 -0.2186
vn -0.2480 -0.0000 0.9688
vn 0.2330 -0.0000 0.9725
vn 0.9786 -0.0000 0.2056
vn 0.2194 -0.0000 -0.9756
vn -0.9697 -0.0000 -0.2442
vn -0.2445 -0.0000 0.9697
vn 0.9698 -0.0000 0.2440
vn 0.2838 -0.0000 -0.9589
vn -0.9807 -0.0000 -0.1956
vn -0.2528 -0.0000 0.9675
vn 0.0513 -0.0000 0.9987
vn 0.6151 -0.0000 0.7884
vn 0.6151 -0.0000 0.7885
vn 0.8718 -0.0000 0.4899
vn 0.8717 -0.0000 0.4900
vn 0.7881 -0.0000 0.6156
vn 0.2510 -0.0000 -0.9680
vn -0.2246 -0.0000 0.9745
vn -0.9741 -0.0000 -0.2262
vn -0.2249 -0.0000 0.9744
vn 0.9742 -0.0000 0.2256
vn 0.2247 -0.0000 -0.9744
vn 0.2249 -0.0000 -0.9744
vn 0.2246 -0.0000 -0.9745
vn -0.9745 -0.0000 -0.2246
vn -0.2292 -0.0000 0.9734
vn -0.2294 -0.0000 0.9733
vn -0.2291 -0.0000 0.9734
vn 0.9732 -0.0000 0.2298
vn 0.2297 -0.0000 -0.9733
vn -0.9735 -0.0000 -0.2288
vn 0.2296 -0.0000 -0.9733
vn -0.9730 -0.0000 -0.2310
vn -0.2532 -0.0000 0.9674
vn -0.2568 -0.0000 0.9665
vn 0.9733 -0.0000 0.2296
vn 0.9721 -0.0000 0.2347
vn 0.9731 -0.0000 0.2304
vn 0.9723 -0.0000 0.2336
vn 0.9726 -0.0000 0.2326
vn 0.9722 -0.0000 0.2342
vn 0.0823 -0.0000 -0.9966
vn -0.9734 -0.0000 -0.2292
vn -0.9680 -0.0000 -0.2508
vn -0.2603 -0.0000 0.9655
vn -0.9265 -0.0000 -0.3763
vn -0.3939 -0.0000 0.9191
vn 0.9322 -0.0000 0.3621
vn 0.3495 -0.0000 -0.9369
vn -0.9470 -0.0000 0.3212
vn -0.9942 -0.0000 0.1079
vn 0.0644 -0.0000 0.9979
vn -0.0830 -0.0000 -0.9966
vn 0.3689 -0.0000 -0.9295
vn 0.3897 -0.0000 -0.9209
vn 0.3938 -0.0000 -0.9192
vn -0.9253 -0.0000 -0.3793
vn -0.9476 -0.0000 -0.3194
vn -0.9477 -0.0000 -0.3191
vn -0.9475 -0.0000 -0.3197
vn -0.3192 -0.0000 0.9477
vn -0.3191 -0.0000 0.9477
vn -0.3193 -0.0000 0.9477
vn -0.3634 -0.0000 0.9316
vn -0.9981 -0.0000 -0.0623
vn 0.0652 -0.0000 -0.9979
vn -0.9978 -0.0000 -0.0658
vn 0.0659 -0.0000 -0.9978
vn -0.9978 -0.0000 -0.0656
vn -0.0884 -0.0000 0.9961
vn -0.0945 -0.0000 0.9955
vn -0.0832 -0.0000 0.9965
vn -0.0842 -0.0000 0.9965
vn 0.9939 -0.0000 0.1100
vn -0.2372 -0.0000 0.9715
vn -0.2213 -0.0000 0.9752
vn 0.9827 -0.0000 0.1853
vn 0.9968 -0.0000 0.0798
vn 0.0592 -0.0000 -0.9982
vn -0.0575 -0.0000 0.9983
vn 0.9976 -0.0000 0.0692
vn 0.6934 -0.0000 -0.7205
vn 0.0782 -0.0000 -0.9969
vn -0.9924 -0.0000 -0.1234
vn 0.0696 -0.0000 -0.9976
vn 0.9980 -0.0000 0.0629
vn 0.0657 -0.0000 -0.9978
vn 0.9978 -0.0000 0.0657
vn -0.0116 -0.0000 0.9999
vn -0.9976 -0.0000 -0.0699
vn -0.9975 -0.0000 -0.0703
vn -0.9976 -0.0000 -0.0694
vn -0.0509 -0.0000 0.9987
vn -0.0703 -0.0000 0.9975
vn -0.9762 -0.0000 0.2170
vn -0.9976 -0.0000 -0.0693
vn -0.0696 -0.0000 0.9976
vn 1.0000 -0.0000 -0.0031
vn -0.0689 -0.0000 0.9976
vn 0.9972 -0.0000 0.0745
vn 0.9968 -0.0000 0.0793
vn 0.9977 -0.0000 0.0673
vn 0.9979 -0.0000 0.0650
vn 0.9210 -0.0000 0.3895
vn 0.9229 -0.0000 0.3851
vn 0.9231 -0.0000 0.3846
vn -0.9235 -0.0000 -0.3836
vn -0.9231 -0.0000 -0.3845
vn -0.4714 -0.0000 0.8819
vn 0.8815 -0.0000 0.4722
vn 0.4712 -0.0000 -0.8820
vn -0.8820 -0.0000 -0.4712
vn -0.3197 -0.0000 -0.9475
vn -0.9471 -0.0000 0.3209
vn 0.3226 -0.0000 0.9465
vn 0.9473 -0.0000 -0.3205
vn -0.3206 -0.0000 -0.9472
vn -0.9472 -0.0000 0.3205
vn 0.3206 -0.0000 0.9472
vn 0.9472 -0.0000 -0.3205
vn -0.9948 -0.0000 -0.1019
vn -0.9279 -0.0000 0.3727
vn -0.7440 -0.0000 0.6682
vn -0.4779 -0.0000 0.8784
vn -0.1771 -0.0000 0.9842
vn 0.1670 -0.0000 0.9860
vn 0.9594 -0.0000 0.2822
vn 0.6498 -0.0000 -0.7601
vn -0.4488 -0.0000 -0.8937
vn -0.3121 -0.0000 -0.9501
vn -0.9622 -0.0000 0.2724
vn -0.9990 -0.0000 0.0458
vn -0.9846 -0.0000 -0.1747
vn -0.9191 -0.0000 -0.3941
vn -0.4774 -0.0000 0.8787
vn 0.8943 -0.0000 0.4474
vn 0.9664 -0.0000 0.2569
vn 0.9993 -0.0000 0.0380
vn 0.9898 -0.0000 -0.1425
vn 0.9380 -0.0000 -0.3466
vn -0.9956 -0.0000 0.0939
vn 0.0922 -0.0000 0.9957
vn -0.0920 -0.0000 -0.9958
vn 0.8348 -0.0000 -0.5505
vn -0.5515 -0.0000 -0.8342
vn -0.8352 -0.0000 0.5500
vn 0.5505 -0.0000 0.8349
vn -0.5826 -0.0000 -0.8128
vn -0.8124 -0.0000 0.5830
vn 0.5826 -0.0000 0.8128
vn 0.8124 -0.0000 -0.5830
vn 0.4078 -0.0000 -0.9131
vn -0.9138 -0.0000 -0.4062
vn -0.4078 -0.0000 0.9131
vn 0.9138 -0.0000 0.4062
vn 0.8915 -0.0000 -0.4530
vn -0.4264 -0.0000 -0.9045
vn 0.9097 -0.0000 -0.4153
vn -0.4674 -0.0000 -0.8841
vn -0.9069 -0.0000 0.4213
vn 0.3955 -0.0000 0.9185
vn -0.8940 -0.0000 0.4480
vn -0.4307 -0.0000 -0.9025
vn 0.9072 -0.0000 -0.4208
vn -0.4092 -0.0000 -0.9124
vn -0.9005 -0.0000 0.4348
vn 0.3852 -0.0000 0.9228
vn 0.9094 -0.0000 -0.4159
vn -0.4257 -0.0000 -0.9049
vn -0.9266 -0.0000 0.3761
vn -0.4214 -0.0000 -0.9069
vn 0.8978 -0.0000 -0.4404
vn -0.3976 -0.0000 -0.9175
vn -0.8975 -0.0000 0.4409
vn 0.4569 -0.0000 0.8895
vn 0.9802 -0.0000 -0.1980
vn 0.4140 -0.0000 0.9103
vn 0.8912 -0.0000 -0.4536
vn -0.4098 -0.0000 -0.9122
vn -0.8897 -0.0000 0.4565
vn 0.3961 -0.0000 0.9182
vn 0.8779 -0.0000 -0.4788
vn -0.4174 -0.0000 -0.9087
vn 0.3957 -0.0000 0.9184
vn 0.8784 -0.0000 -0.4779
vn -0.4168 -0.0000 -0.9090
vn 0.3963 -0.0000 0.9181
vn 0.8781 -0.0000 -0.4785
vn 0.4044 -0.0000 0.9146
vn 0.8956 -0.0000 -0.4449
vn -0.4470 -0.0000 -0.8945
vn -0.8883 -0.0000 0.4593
vn -0.4475 -0.0000 -0.8943
vn -0.8883 -0.0000 0.4592
vn -0.9441 -0.0000 -0.3296
vn -0.3921 -0.0000 0.9199
vn 0.9290 -0.0000 0.3701
vn 0.3790 -0.0000 -0.9254
vn 0.9361 -0.0000 0.3518
vn 0.4689 -0.0000 -0.8832
vn -0.8859 -0.0000 -0.4638
vn 0.3492 -0.0000 -0.9371
vn -0.9184 -0.0000 -0.3956
vn -0.3364 -0.0000 0.9417
vn -0.9997 -0.0000 0.0246
vn 0.0242 -0.0000 0.9997
vn 0.9997 -0.0000 -0.0246
vn -0.0231 -0.0000 -0.9997
vn 0.5479 -0.0000 -0.8365
vn -0.8382 -0.0000 -0.5453
vn -0.5489 -0.0000 0.8359
vn 0.9449 -0.0000 0.3274
vn 0.4010 -0.0000 -0.9161
vn 0.2259 -0.0000 -0.9742
vn -0.9159 -0.0000 -0.4014
vn -0.4042 -0.0000 0.9147
vn 0.9159 -0.0000 0.4013
vn -0.9295 -0.0000 -0.3688
vn -0.3732 -0.0000 0.9278
vn -0.9266 -0.0000 -0.3761
vn -0.3710 -0.0000 0.9287
vn 0.9299 -0.0000 0.3679
vn 0.3706 -0.0000 -0.9288
vn -0.9150 -0.0000 -0.4034
vn -0.9274 -0.0000 -0.3741
vn 0.9274 -0.0000 0.3741
vn 0.9129 -0.0000 0.4082
vn 0.4116 -0.0000 -0.9113
vn -0.9129 -0.0000 -0.4082
vn -0.4116 -0.0000 0.9113
vn -0.3675 -0.0000 0.9300
vn 0.9312 -0.0000 0.3644
vn 0.3680 -0.0000 -0.9298
vn -0.9311 -0.0000 -0.3648
vn -0.4910 -0.0000 0.8712
vn 0.8727 -0.0000 0.4882
vn 0.4910 -0.0000 -0.8712
vn -0.8727 -0.0000 -0.4882
vn 0.8743 -0.0000 0.4853
vn 0.4871 -0.0000 -0.8733
vn 0.4871 -0.0000 -0.8734
vn -0.8751 -0.0000 -0.4839
vn -0.4879 -0.0000 0.8729
vn -0.9233 -0.0000 -0.3841
vn -0.3884 -0.0000 0.9215
vn 0.3878 -0.0000 -0.9217
vn -0.9232 -0.0000 -0.3843
vn -0.3868 -0.0000 0.9222
vn 0.9232 -0.0000 0.3843
vn 0.3868 -0.0000 -0.9222
vn -0.9280 -0.0000 -0.3727
vn -0.3755 -0.0000 0.9268
vn 0.9280 -0.0000 0.3727
vn 0.3757 -0.0000 -0.9268
vn 0.9291 -0.0000 0.3697
vn -0.3746 -0.0000 0.9272
vn 0.9284 -0.0000 0.3716
vn -0.9296 -0.0000 -0.3686
vn -0.9296 -0.0000 -0.3685
vn -0.3714 -0.0000 0.9285
vn 0.9240 -0.0000 0.3824
vn 0.3748 -0.0000 -0.9271
vn -0.3748 -0.0000 0.9271
vn 0.9280 -0.0000 0.3726
vn -0.9280 -0.0000 -0.3726
vn 0.9216 -0.0000 0.3881
vn 0.3929 -0.0000 -0.9196
vn -0.9216 -0.0000 -0.3881
vn -0.3929 -0.0000 0.9196
vn 0.9276 -0.0000 0.3735
vn 0.3747 -0.0000 -0.9271
vn -0.9278 -0.0000 -0.3730
vn -0.9342 -0.0000 0.3568
vn -0.3761 -0.0000 0.9266
vn 0.9539 -0.0000 -0.3003
vn 0.4021 -0.0000 -0.9156
vn -0.9230 -0.0000 -0.3848
vn -0.3662 -0.0000 0.9305
vn 0.9201 -0.0000 0.3916
vn 0.3824 -0.0000 -0.9240
vn -0.9237 -0.0000 -0.3831
vn -0.3854 -0.0000 0.9227
vn 0.9239 -0.0000 0.3827
vn 0.3847 -0.0000 -0.9230
vn -0.9198 -0.0000 -0.3924
vn 0.9156 -0.0000 0.4021
vn 0.4036 -0.0000 -0.9149
vn -0.4027 -0.0000 0.9153
vn 0.3855 -0.0000 -0.9227
vn -0.9261 -0.0000 -0.3774
vn -0.3823 -0.0000 0.9240
vn 0.9260 -0.0000 0.3776
vn 0.3808 -0.0000 -0.9247
vn 0.9266 -0.0000 0.3761
vn 0.9889 -0.0000 -0.1487
vn -0.1538 -0.0000 -0.9881
vn -0.9880 -0.0000 0.1542
vn 0.1562 -0.0000 0.9877
vn -0.1557 -0.0000 -0.9878
vn 0.9896 -0.0000 -0.1440
vn -0.1426 -0.0000 -0.9898
vn -0.9902 -0.0000 0.1398
vn 0.1433 -0.0000 0.9897
vn 0.9898 -0.0000 -0.1427
vn 0.1457 -0.0000 0.9893
vn 0.9974 -0.0000 -0.0716
vn -0.0732 -0.0000 -0.9973
vn -0.9975 -0.0000 0.0708
vn 0.0686 -0.0000 0.9976
vn -0.9963 -0.0000 0.0858
vn 0.0723 -0.0000 0.9974
vn 0.9976 -0.0000 -0.0685
vn 0.0796 -0.0000 0.9968
vn 0.9902 -0.0000 -0.1397
vn -0.1404 -0.0000 -0.9901
vn -0.9902 -0.0000 0.1394
vn 0.1422 -0.0000 0.9898
vn -0.1450 -0.0000 -0.9894
vn -0.9897 -0.0000 0.1430
vn 0.1449 -0.0000 0.9895
vn 0.1448 -0.0000 0.9895
vn 0.9915 -0.0000 -0.1304
vn 0.1733 -0.0000 0.9849
vn 0.9752 -0.0000 -0.2211
vn -0.2234 -0.0000 -0.9747
vn -0.9751 -0.0000 0.2217
vn 0.2235 -0.0000 0.9747
vn 0.2234 -0.0000 0.9747
vn 0.9827 -0.0000 -0.1853
vn 0.2002 -0.0000 0.9798
vn 0.9301 -0.0000 -0.3673
vn -0.1774 -0.0000 -0.9841
vn -0.9844 -0.0000 0.1761
vn 0.1763 -0.0000 0.9843
vn 0.9850 -0.0000 -0.1726
vn 0.1901 -0.0000 -0.9818
vn -0.1703 -0.0000 -0.9854
vn -0.1702 -0.0000 -0.9854
vn 0.9937 -0.0000 -0.1118
vn -0.1725 -0.0000 -0.9850
vn -0.1724 -0.0000 -0.9850
vn 0.9895 -0.0000 -0.1448
vn -0.1466 -0.0000 -0.9892
vn -0.9895 -0.0000 0.1448
vn 0.1466 -0.0000 0.9892
vn 0.9916 -0.0000 -0.1296
vn -0.1309 -0.0000 -0.9914
vn -0.9914 -0.0000 0.1305
vn 0.1311 -0.0000 0.9914
vn 0.9928 -0.0000 -0.1194
vn -0.1185 -0.0000 -0.9929
vn -0.9928 -0.0000 0.1194
vn 0.1185 -0.0000 0.9929
vn 0.9855 -0.0000 -0.1698
vn -0.1697 -0.0000 -0.9855
vn -0.9858 -0.0000 0.1678
vn 0.1706 -0.0000 0.9853
vn 0.9819 -0.0000 -0.1895
vn -0.1900 -0.0000 -0.9818
vn -0.9821 -0.0000 0.1885
vn 0.1897 -0.0000 0.9818
vn 0.9852 -0.0000 -0.1714
vn -0.1741 -0.0000 -0.9847
vn -0.9851 -0.0000 0.1720
vn 0.1711 -0.0000 0.9853
vn 0.9851 -0.0000 -0.1720
vn 0.1725 -0.0000 0.9850
vn 0.9915 -0.0000 -0.1303
vn -0.9917 -0.0000 0.1289
vn 0.1307 -0.0000 0.9914
vn 0.9860 -0.0000 -0.1668
vn -0.9857 -0.0000 0.1686
vn 0.1708 -0.0000 0.9853
vn 0.9855 -0.0000 -0.1695
vn -0.1786 -0.0000 -0.9839
vn 0.9857 -0.0000 -0.1685
vn -0.1700 -0.0000 -0.9854
vn -0.9860 -0.0000 0.1667
vn -0.3131 -0.0000 0.9497
vn -0.3612 -0.0000 0.9325
vn 0.9891 -0.0000 -0.1471
vn 0.1691 -0.0000 0.9856
vn 0.9960 -0.0000 -0.0898
vn -0.0916 -0.0000 -0.9958
vn -0.9959 -0.0000 0.0900
vn 0.0894 -0.0000 0.9960
vn 0.9883 -0.0000 -0.1526
vn -0.1547 -0.0000 -0.9880
vn -0.9881 -0.0000 0.1540
vn 0.9847 -0.0000 -0.1740
vn -0.1737 -0.0000 -0.9848
vn -0.9843 -0.0000 0.1763
vn 0.1757 -0.0000 0.9844
vn 0.1758 -0.0000 0.9844
vn -0.9846 -0.0000 0.1750
vn 0.1771 -0.0000 0.9842
vn 0.9842 -0.0000 -0.1772
vn -0.1779 -0.0000 -0.9841
vn -0.9845 -0.0000 0.1754
vn 0.1776 -0.0000 0.9841
vn 0.9993 -0.0000 -0.0382
vn -0.0380 -0.0000 -0.9993
vn -0.9993 -0.0000 0.0382
vn 0.0380 -0.0000 0.9993
vn 0.9990 -0.0000 -0.0444
vn -0.0442 -0.0000 -0.9990
vn -0.9991 -0.0000 0.0432
vn 0.0441 -0.0000 0.9990
vn 0.9976 -0.0000 -0.0698
vn -0.0689 -0.0000 -0.9976
vn -0.9976 -0.0000 0.0687
vn 0.0706 -0.0000 0.9975
vn 0.9968 -0.0000 -0.0801
vn -0.0824 -0.0000 -0.9966
vn -0.9968 -0.0000 0.0801
vn 0.0824 -0.0000 0.9966
vn 0.9919 -0.0000 -0.1266
vn -0.1267 -0.0000 -0.9919
vn -0.9920 -0.0000 0.1260
vn 0.1264 -0.0000 0.9920
vn 0.9893 -0.0000 -0.1459
vn -0.9893 -0.0000 0.1459
vn 0.1482 -0.0000 0.9890
vn 0.9900 -0.0000 -0.1411
vn -0.9900 -0.0000 0.1413
vn 0.1407 -0.0000 0.9900
vn 0.9879 -0.0000 -0.1552
vn -0.1615 -0.0000 -0.9869
vn -0.9865 -0.0000 0.1638
vn -0.1619 -0.0000 -0.9868
vn -0.9876 -0.0000 0.1567
vn 0.1620 -0.0000 0.9868
vn 0.9775 -0.0000 -0.2110
vn -0.2115 -0.0000 -0.9774
vn -0.9776 -0.0000 0.2106
vn 0.2129 -0.0000 0.9771
vn 0.9831 -0.0000 -0.1828
vn -0.1846 -0.0000 -0.9828
vn -0.9830 -0.0000 0.1837
vn 0.1850 -0.0000 0.9827
vn 0.9828 -0.0000 -0.1845
vn -0.1850 -0.0000 -0.9827
vn 0.1846 -0.0000 0.9828
vn 0.9830 -0.0000 -0.1837
vn -0.9831 -0.0000 0.1828
vn 0.9829 -0.0000 -0.1839
vn -0.9829 -0.0000 0.1839
vn 0.9775 -0.0000 -0.2109
vn -0.2150 -0.0000 -0.9766
vn -0.9775 -0.0000 0.2111
vn 0.2121 -0.0000 0.9773
vn 0.9773 -0.0000 -0.2120
vn -0.2126 -0.0000 -0.9771
vn -0.9776 -0.0000 0.2103
vn 0.2145 -0.0000 0.9767
vn 0.9773 -0.0000 -0.2118
vn -0.2145 -0.0000 -0.9767
vn -0.9773 -0.0000 0.2120
vn 0.2115 -0.0000 0.9774
vn 0.9785 -0.0000 -0.2061
vn -0.2069 -0.0000 -0.9784
vn -0.9783 -0.0000 0.2071
vn 0.2098 -0.0000 0.9777
vn 0.9846 -0.0000 -0.1750
vn -0.1749 -0.0000 -0.9846
vn -0.9849 -0.0000 0.1733
vn 0.1746 -0.0000 0.9846
vn 0.9824 -0.0000 -0.1870
vn -0.1887 -0.0000 -0.9820
vn -0.9841 -0.0000 0.1775
vn -0.1862 -0.0000 -0.9825
vn 0.1899 -0.0000 0.9818
vn 0.9815 -0.0000 -0.1916
vn -0.1949 -0.0000 -0.9808
vn -0.9814 -0.0000 0.1919
vn 0.1927 -0.0000 0.9813
vn 0.9835 -0.0000 -0.1809
vn -0.1827 -0.0000 -0.9832
vn -0.9836 -0.0000 0.1805
vn 0.9881 -0.0000 -0.1538
vn -0.1561 -0.0000 -0.9877
vn -0.9879 -0.0000 0.1548
vn 0.1553 -0.0000 0.9879
vn 0.9875 -0.0000 -0.1576
vn -0.1586 -0.0000 -0.9873
vn -0.9876 -0.0000 0.1569
vn 0.1573 -0.0000 0.9875
vn 0.9994 -0.0000 -0.0339
vn -0.0329 -0.0000 -0.9995
vn -0.9995 -0.0000 0.0313
vn 0.0330 -0.0000 0.9995
vn -0.9994 -0.0000 0.0343
vn 0.0339 -0.0000 0.9994
vn 0.9956 -0.0000 -0.0942
vn -0.0951 -0.0000 -0.9955
vn -0.9953 -0.0000 0.0969
vn 0.0955 -0.0000 0.9954
vn 0.9947 -0.0000 -0.1028
vn -0.1026 -0.0000 -0.9947
vn -0.9949 -0.0000 0.1010
vn 0.1043 -0.0000 0.9945
vn -0.0425 -0.0000 -0.9991
vn -0.9991 -0.0000 0.0413
vn 0.0404 -0.0000 0.9992
vn 0.9995 -0.0000 -0.0316
vn -0.0370 -0.0000 -0.9993
vn -0.0356 -0.0000 -0.9994
vn -0.0385 -0.0000 -0.9993
vn -0.9994 -0.0000 0.0356
vn 0.0373 -0.0000 0.9993
vn -0.9991 -0.0000 0.0420
vn 0.0359 -0.0000 0.9994
vn 0.0357 -0.0000 0.9994
vn -0.0355 -0.0000 -0.9994
vn 0.9970 -0.0000 -0.0778
vn -0.0902 -0.0000 -0.9959
vn -0.9963 -0.0000 0.0863
vn 0.0873 -0.0000 0.9962
vn -0.0884 -0.0000 -0.9961
vn -0.0883 -0.0000 -0.9961
vn 0.9969 -0.0000 -0.0790
vn -0.0758 -0.0000 -0.9971
vn -0.9972 -0.0000 0.0752
vn 0.0749 -0.0000 0.9972
vn 0.9974 -0.0000 -0.0723
vn -0.0813 -0.0000 -0.9967
vn 0.9971 -0.0000 -0.0763
vn -0.0780 -0.0000 -0.9970
vn -0.9971 -0.0000 0.0765
vn 0.0776 -0.0000 0.9970
vn -0.9993 -0.0000 0.0386
vn 0.0395 -0.0000 0.9992
vn 0.8464 -0.0000 0.5326
vn 0.9970 -0.0000 -0.0780
vn -0.0807 -0.0000 -0.9967
vn 0.9892 -0.0000 -0.1469
vn -0.9892 -0.0000 0.1468
vn 0.1495 -0.0000 0.9888
vn -0.1479 -0.0000 -0.9890
vn 0.9498 -0.0000 0.3127
vn 0.9845 -0.0000 -0.1754
vn -0.1789 -0.0000 -0.9839
vn -0.9849 -0.0000 0.1730
vn -0.3175 -0.0000 0.9483
vn -0.3061 -0.0000 0.9520
vn 0.9561 -0.0000 0.2929
vn -0.3073 -0.0000 0.9516
vn -0.3072 -0.0000 0.9516
vn 0.9520 -0.0000 0.3061
vn 0.3089 -0.0000 -0.9511
vn -0.9511 -0.0000 -0.3089
vn -0.8065 -0.0000 0.5912
vn -0.9337 -0.0000 -0.3581
vn -0.9170 -0.0000 -0.3990
vn 0.3609 -0.0000 -0.9326
vn -0.9337 -0.0000 -0.3579
vn -0.3592 -0.0000 0.9332
vn -0.9361 -0.0000 -0.3517
vn -0.3608 -0.0000 0.9326
vn 0.9331 -0.0000 0.3596
vn -0.3647 -0.0000 0.9311
vn 0.9336 -0.0000 0.3583
vn 0.3647 -0.0000 -0.9311
vn 0.3608 -0.0000 -0.9326
vn 0.9795 -0.0000 -0.2015
vn -0.2029 -0.0000 -0.9792
vn -0.9795 -0.0000 0.2015
vn 0.2029 -0.0000 0.9792
vn 0.9804 -0.0000 -0.1970
vn -0.1988 -0.0000 -0.9800
vn -0.9800 -0.0000 0.1989
vn -0.1984 -0.0000 -0.9801
vn -0.9803 -0.0000 0.1978
vn 0.1990 -0.0000 0.9800
vn 0.1989 -0.0000 0.9800
vn 0.9898 -0.0000 -0.1423
vn -0.1443 -0.0000 -0.9895
vn -0.9898 -0.0000 0.1428
vn -0.1438 -0.0000 -0.9896
vn -0.9899 -0.0000 0.1419
vn 0.1442 -0.0000 0.9896
vn 0.9978 -0.0000 -0.0656
vn -0.0684 -0.0000 -0.9977
vn -0.9975 -0.0000 0.0704
vn 0.0669 -0.0000 0.9978
vn 0.0668 -0.0000 0.9978
vn 0.9715 -0.0000 -0.2371
vn -0.2449 -0.0000 -0.9695
vn -0.9714 -0.0000 0.2374
vn 0.2438 -0.0000 0.9698
vn 0.5718 -0.0000 -0.8204
vn -0.0524 -0.0000 -0.9986
vn -0.9987 -0.0000 0.0507
vn 0.9987 -0.0000 -0.0515
vn -0.0570 -0.0000 -0.9984
vn 0.9985 -0.0000 -0.0552
vn -0.0535 -0.0000 -0.9986
vn -0.9986 -0.0000 0.0534
vn 0.0564 -0.0000 0.9984
vn 0.0563 -0.0000 0.9984
vn -0.9984 -0.0000 0.0558
vn -0.0567 -0.0000 -0.9984
vn -0.9984 -0.0000 0.0559
vn 0.0622 -0.0000 0.9981
vn -0.9986 -0.0000 0.0535
vn -0.0552 -0.0000 -0.9985
vn -0.9985 -0.0000 0.0554
vn 0.0553 -0.0000 0.9985
vn 0.9986 -0.0000 -0.0531
vn -0.0572 -0.0000 -0.9984
vn 0.9987 -0.0000 -0.0519
vn 0.0570 -0.0000 0.9984
vn 0.9985 -0.0000 -0.0543
vn -0.0526 -0.0000 -0.9986
vn -0.9983 -0.0000 0.0579
vn -0.0529 -0.0000 -0.9986
vn -0.0528 -0.0000 -0.9986
vn 0.9980 -0.0000 -0.0630
vn -0.0547 -0.0000 -0.9985
vn 0.9988 -0.0000 -0.0481
vn -0.0479 -0.0000 -0.9989
vn -0.9989 -0.0000 0.0465
vn 0.0457 -0.0000 0.9990
vn 0.9989 -0.0000 -0.0463
vn -0.0472 -0.0000 -0.9989
vn 0.0474 -0.0000 0.9989
vn 0.9989 -0.0000 -0.0472
vn 0.0471 -0.0000 0.9989
vn 0.0470 -0.0000 0.9989
vn 0.9993 -0.0000 -0.0376
vn -0.0371 -0.0000 -0.9993
vn 0.0368 -0.0000 0.9993
vn 0.9993 -0.0000 -0.0372
vn -0.0363 -0.0000 -0.9993
vn 0.9994 -0.0000 -0.0336
vn -0.0340 -0.0000 -0.9994
vn -0.9994 -0.0000 0.0336
vn 0.0340 -0.0000 0.9994
vn 0.9284 -0.0000 0.3717
vn 0.3756 -0.0000 -0.9268
vn -0.9281 -0.0000 -0.3724
vn 0.9304 -0.0000 0.3665
vn -0.3702 -0.0000 0.9289
vn -0.7975 -0.0000 0.6033
vn -0.5916 -0.0000 -0.8062
vn -0.3971 -0.0000 0.9178
vn 0.6107 -0.0000 0.7918
vn 0.9853 -0.0000 -0.1708
vn 0.5944 -0.0000 0.8042
vn 0.7975 -0.0000 -0.6033
vn 0.6058 -0.0000 0.7956
vn 0.7990 -0.0000 -0.6013
vn 0.6075 -0.0000 0.7943
vn -0.6075 -0.0000 -0.7943
vn 0.7994 -0.0000 -0.6009
vn -0.6059 -0.0000 -0.7956
vn -0.7934 -0.0000 0.6088
vn -0.4306 -0.0000 0.9025
vn 0.9260 -0.0000 0.3775
vn -0.6218 -0.0000 -0.7832
vn 0.7749 -0.0000 -0.6321
vn -0.6368 -0.0000 -0.7711
vn -0.3822 -0.0000 0.9241
vn 0.5458 -0.0000 0.8379
vn 0.7841 -0.0000 -0.6206
vn -0.6325 -0.0000 -0.7746
vn -0.6325 -0.0000 -0.7745
vn 0.7739 -0.0000 -0.6334
vn -0.6402 -0.0000 -0.7682
vn 0.7729 -0.0000 -0.6346
vn -0.6382 -0.0000 -0.7699
vn -0.7727 -0.0000 0.6348
vn -0.7739 -0.0000 0.6333
vn 0.6375 -0.0000 0.7704
vn 0.7760 -0.0000 -0.6307
vn -0.6340 -0.0000 -0.7733
vn -0.8099 -0.0000 0.5865
vn -0.3724 -0.0000 0.9281
vn 0.6507 -0.0000 0.7593
vn -0.7764 -0.0000 0.6303
vn 0.6346 -0.0000 0.7728
vn 0.7736 -0.0000 -0.6336
vn 0.7862 -0.0000 -0.6179
vn -0.6378 -0.0000 -0.7702
vn -0.3928 -0.0000 0.9196
vn 0.5769 -0.0000 0.8168
vn 0.7888 -0.0000 -0.6146
vn -0.6185 -0.0000 -0.7858
vn -0.7888 -0.0000 0.6146
vn 0.6185 -0.0000 0.7858
vn 0.7777 -0.0000 -0.6286
vn -0.6328 -0.0000 -0.7743
vn -0.7771 -0.0000 0.6294
vn 0.6331 -0.0000 0.7741
vn 0.7630 -0.0000 -0.6464
vn -0.6490 -0.0000 -0.7608
vn -0.7635 -0.0000 0.6458
vn 0.6496 -0.0000 0.7603
vn -0.7629 -0.0000 0.6465
vn 0.6483 -0.0000 0.7614
vn 0.7701 -0.0000 -0.6379
vn -0.6379 -0.0000 -0.7701
vn -0.7730 -0.0000 0.6344
vn 0.6379 -0.0000 0.7701
vn 0.8175 -0.0000 -0.5760
vn 0.6222 -0.0000 0.7829
vn 0.6690 -0.0000 0.7432
vn 0.7601 -0.0000 -0.6498
vn -0.6534 -0.0000 -0.7571
vn -0.7608 -0.0000 0.6490
vn -0.3538 -0.0000 0.9353
vn 0.6562 -0.0000 0.7546
vn -0.9957 -0.0000 -0.0924
vn -0.7661 -0.0000 0.6427
vn 0.6526 -0.0000 0.7577
vn 0.7726 -0.0000 -0.6349
vn -0.6383 -0.0000 -0.7698
vn 0.6375 -0.0000 0.7705
vn -0.6263 -0.0000 -0.7796
vn -0.7846 -0.0000 0.6200
vn 0.6621 -0.0000 0.7494
vn 0.7772 -0.0000 -0.6293
vn -0.6330 -0.0000 -0.7742
vn -0.7772 -0.0000 0.6293
vn 0.2943 -0.0000 -0.9557
vn -0.6299 -0.0000 -0.7766
vn 0.6454 -0.0000 0.7638
vn 0.7788 -0.0000 -0.6273
vn 0.7413 -0.0000 -0.6712
vn -0.6756 -0.0000 -0.7373
vn -0.7398 -0.0000 0.6728
vn 0.6767 -0.0000 0.7363
vn 0.7635 -0.0000 -0.6458
vn -0.5655 -0.0000 -0.8248
vn -0.9528 -0.0000 -0.3035
vn -0.7639 -0.0000 0.6453
vn 0.6480 -0.0000 0.7616
vn 0.7639 -0.0000 -0.6453
vn -0.6472 -0.0000 -0.7623
vn -0.7647 -0.0000 0.6443
vn 0.6478 -0.0000 0.7618
vn 0.7576 -0.0000 -0.6528
vn -0.6566 -0.0000 -0.7542
vn -0.7571 -0.0000 0.6533
vn 0.6557 -0.0000 0.7550
vn -0.7836 -0.0000 0.6212
vn 0.8875 -0.0000 0.4608
vn 0.4649 -0.0000 -0.8854
vn -0.8878 -0.0000 -0.4602
vn 0.8281 -0.0000 -0.5606
vn 0.8294 -0.0000 -0.5587
vn -0.5616 -0.0000 -0.8274
vn -0.5608 -0.0000 -0.8279
vn -0.5625 -0.0000 -0.8268
vn -0.8292 -0.0000 0.5589
vn 0.5621 -0.0000 0.8271
vn 0.8307 -0.0000 -0.5567
vn 0.8248 -0.0000 -0.5654
vn -0.5680 -0.0000 -0.8230
vn -0.8248 -0.0000 0.5654
vn 0.5680 -0.0000 0.8230
vn 0.6721 -0.0000 -0.7405
vn 0.6721 -0.0000 -0.7404
vn -0.6081 -0.0000 -0.7939
vn -0.7923 -0.0000 0.6102
vn -0.6041 -0.0000 -0.7969
vn -0.7961 -0.0000 0.6051
vn 0.6076 -0.0000 0.7943
vn 0.7938 -0.0000 -0.6082
vn 0.4926 -0.0000 0.8703
vn 0.4925 -0.0000 0.8703
vn 0.7968 -0.0000 -0.6043
vn -0.4995 -0.0000 -0.8663
vn 0.7836 -0.0000 -0.6212
vn -0.6411 -0.0000 -0.7675
vn 0.6448 -0.0000 0.7643
vn 0.1946 -0.0000 -0.9809
vn -0.6097 -0.0000 -0.7926
vn -0.7944 -0.0000 0.6074
vn 0.6099 -0.0000 0.7925
vn 0.8330 -0.0000 -0.5533
vn 0.7589 -0.0000 -0.6512
vn -0.6556 -0.0000 -0.7551
vn -0.7584 -0.0000 0.6518
vn 0.6560 -0.0000 0.7548
vn 0.8295 -0.0000 -0.5586
vn 0.8301 -0.0000 -0.5576
vn -0.5600 -0.0000 -0.8285
vn -0.5585 -0.0000 -0.8295
vn -0.5614 -0.0000 -0.8275
vn -0.8307 -0.0000 0.5567
vn 0.5587 -0.0000 0.8294
vn 0.8308 -0.0000 -0.5566
vn 0.7947 -0.0000 -0.6071
vn -0.6111 -0.0000 -0.7915
vn -0.7942 -0.0000 0.6076
vn 0.6110 -0.0000 0.7916
vn -0.7948 -0.0000 0.6069
vn 0.6077 -0.0000 0.7942
vn 0.7900 -0.0000 -0.6131
vn -0.6160 -0.0000 -0.7877
vn -0.7900 -0.0000 0.6132
vn 0.7943 -0.0000 -0.6076
vn -0.6108 -0.0000 -0.7918
vn -0.7947 -0.0000 0.6071
vn 0.7944 -0.0000 -0.6074
vn -0.6106 -0.0000 -0.7919
vn -0.7936 -0.0000 0.6084
vn 0.6100 -0.0000 0.7924
vn 0.8472 -0.0000 -0.5312
vn -0.5362 -0.0000 -0.8441
vn -0.8461 -0.0000 0.5330
vn 0.5367 -0.0000 0.8438
vn 0.8436 -0.0000 -0.5369
vn 0.5352 -0.0000 0.8447
vn 0.8270 -0.0000 -0.5621
vn -0.5654 -0.0000 -0.8248
vn -0.8271 -0.0000 0.5620
vn 0.5642 -0.0000 0.8257
vn 0.7723 -0.0000 -0.6353
vn -0.6381 -0.0000 -0.7700
vn -0.6381 -0.0000 -0.7699
vn -0.7730 -0.0000 0.6345
vn 0.6396 -0.0000 0.7687
vn 0.7784 -0.0000 -0.6278
vn -0.6297 -0.0000 -0.7768
vn -0.7784 -0.0000 0.6278
vn 0.6297 -0.0000 0.7768
vn 0.7610 -0.0000 -0.6488
vn -0.6527 -0.0000 -0.7576
vn -0.7610 -0.0000 0.6488
vn 0.6505 -0.0000 0.7595
vn 0.7846 -0.0000 -0.6200
vn -0.6219 -0.0000 -0.7831
vn -0.7840 -0.0000 0.6208
vn 0.6229 -0.0000 0.7823
vn -0.6125 -0.0000 -0.7905
vn -0.7928 -0.0000 0.6094
vn 0.6121 -0.0000 0.7908
vn 0.7385 -0.0000 -0.6743
vn -0.6772 -0.0000 -0.7358
vn -0.7410 -0.0000 0.6715
vn -0.6786 -0.0000 -0.7345
vn -0.7382 -0.0000 0.6746
vn 0.6778 -0.0000 0.7352
vn 0.7617 -0.0000 -0.6480
vn -0.7600 -0.0000 0.6500
vn -0.6483 -0.0000 -0.7614
vn -0.7643 -0.0000 0.6448
vn -0.6537 -0.0000 -0.7568
vn -0.6537 -0.0000 -0.7567
vn -0.7664 -0.0000 0.6424
vn -0.6491 -0.0000 -0.7607
vn -0.7614 -0.0000 0.6483
vn 0.6509 -0.0000 0.7591
vn 0.7685 -0.0000 -0.6399
vn 0.6500 -0.0000 0.7600
vn 0.7627 -0.0000 -0.6468
vn 0.7574 -0.0000 -0.6529
vn -0.6553 -0.0000 -0.7554
vn -0.7574 -0.0000 0.6529
vn 0.6566 -0.0000 0.7542
vn 0.7539 -0.0000 -0.6569
vn -0.6601 -0.0000 -0.7511
vn -0.7424 -0.0000 0.6700
vn -0.3834 -0.0000 0.9236
vn 0.1152 -0.0000 0.9933
vn 0.6604 -0.0000 0.7510
vn -0.7336 -0.0000 -0.6796
vn -0.3808 -0.0000 0.9247
vn 0.7764 -0.0000 0.6303
vn -0.3410 -0.0000 0.9401
vn 0.7747 -0.0000 0.6324
vn 0.7597 -0.0000 -0.6503
vn 0.7564 -0.0000 0.6542
vn -0.7883 -0.0000 0.6153
vn 0.6334 -0.0000 0.7738
vn 0.7764 -0.0000 -0.6302
vn 0.6458 -0.0000 0.7635
vn 0.7200 -0.0000 -0.6939
vn -0.6977 -0.0000 -0.7164
vn -0.7193 -0.0000 0.6947
vn 0.6976 -0.0000 0.7165
vn 0.8131 -0.0000 -0.5821
vn -0.5865 -0.0000 -0.8100
vn -0.8133 -0.0000 0.5819
vn -0.8137 -0.0000 0.5813
vn -0.8128 -0.0000 0.5825
vn 0.5856 -0.0000 0.8106
vn 0.5862 -0.0000 0.8102
vn 0.5850 -0.0000 0.8110
vn 0.7918 -0.0000 -0.6108
vn 0.7916 -0.0000 -0.6110
vn -0.6174 -0.0000 -0.7867
vn -0.7921 -0.0000 0.6104
vn -0.6153 -0.0000 -0.7883
vn -0.6164 -0.0000 -0.7874
vn -0.6142 -0.0000 -0.7892
vn -0.7914 -0.0000 0.6113
vn 0.6113 -0.0000 0.7914
vn -0.7919 -0.0000 0.6107
vn 0.6128 -0.0000 0.7903
vn 0.7915 -0.0000 -0.6112
vn 0.7864 -0.0000 -0.6178
vn -0.5195 -0.0000 -0.8545
vn -0.8564 -0.0000 0.5163
vn -0.4950 -0.0000 -0.8689
vn -0.8694 -0.0000 0.4942
vn 0.5479 -0.0000 0.8366
vn -0.8378 -0.0000 0.5460
vn 0.5471 -0.0000 0.8371
vn 0.6956 -0.0000 0.7184
vn 0.8821 -0.0000 -0.4711
vn 0.4747 -0.0000 0.8801
vn 0.8786 -0.0000 -0.4776
vn 0.4755 -0.0000 0.8797
vn 0.8789 -0.0000 -0.4770
vn 0.4008 -0.0000 0.9162
vn 0.8613 -0.0000 -0.5081
vn 0.3069 -0.0000 -0.9517
vn -0.4846 -0.0000 -0.8747
vn 0.2749 -0.0000 -0.9615
vn -0.9538 -0.0000 -0.3003
vn -0.3055 -0.0000 0.9522
vn 0.9533 -0.0000 0.3020
vn 0.8697 -0.0000 -0.4937
vn 0.8579 -0.0000 -0.5138
vn -0.5169 -0.0000 -0.8561
vn 0.8585 -0.0000 -0.5128
vn -0.5160 -0.0000 -0.8566
vn 0.5199 -0.0000 0.8542
vn -0.8597 -0.0000 0.5107
vn 0.5167 -0.0000 0.8562
vn -0.8577 -0.0000 0.5142
vn 0.5172 -0.0000 0.8559
vn 0.9280 -0.0000 -0.3726
vn -0.3762 -0.0000 -0.9266
vn -0.9288 -0.0000 0.3706
vn 0.3730 -0.0000 0.9278
vn -0.9276 -0.0000 0.3736
vn 0.3757 -0.0000 0.9268
vn -0.9283 -0.0000 0.3719
vn 0.3736 -0.0000 0.9276
vn 0.3752 -0.0000 0.9270
vn 0.3877 -0.0000 -0.9218
vn -0.9231 -0.0000 -0.3846
vn -0.8051 -0.0000 -0.5931
vn -0.7792 -0.0000 -0.6267
vn -0.6746 -0.0000 0.7382
vn 0.7004 -0.0000 0.7138
vn -0.7211 -0.0000 0.6929
vn 0.6963 -0.0000 0.7177
vn 0.9393 -0.0000 0.3431
vn -0.3463 -0.0000 0.9381
vn 0.9401 -0.0000 0.3410
vn 0.7077 -0.0000 -0.7066
vn 0.6073 -0.0000 -0.7944
vn -0.7983 -0.0000 -0.6023
vn -0.6058 -0.0000 0.7956
vn 0.7976 -0.0000 0.6032
vn 0.6092 -0.0000 -0.7930
vn -0.7984 -0.0000 -0.6021
vn -0.6092 -0.0000 0.7930
vn 0.7984 -0.0000 0.6021
vn 0.8413 -0.0000 -0.5406
vn -0.5456 -0.0000 -0.8380
vn -0.8413 -0.0000 0.5406
vn 0.5456 -0.0000 0.8380
vn 0.7070 -0.0000 -0.7073
vn -0.4649 -0.0000 -0.8854
vn 0.8275 -0.0000 -0.5615
vn -0.5347 -0.0000 -0.8451
vn -0.8453 -0.0000 0.5343
vn 0.5361 -0.0000 0.8442
vn -0.7079 -0.0000 0.7063
vn 0.7085 -0.0000 0.7057
vn 0.7850 -0.0000 -0.6195
vn -0.6211 -0.0000 -0.7837
vn -0.7867 -0.0000 0.6173
vn 0.6223 -0.0000 0.7827
vn 0.8130 -0.0000 -0.5823
vn -0.5889 -0.0000 -0.8082
vn -0.8124 -0.0000 0.5831
vn -0.5944 -0.0000 -0.8042
vn -0.8102 -0.0000 0.5861
vn 0.5887 -0.0000 0.8083
vn 0.8110 -0.0000 -0.5850
vn -0.5642 -0.0000 -0.8257
vn 0.8147 -0.0000 -0.5799
vn -0.5911 -0.0000 -0.8066
vn 0.9049 -0.0000 -0.4256
vn -0.9043 -0.0000 0.4270
vn 0.4282 -0.0000 0.9037
vn 0.9105 -0.0000 -0.4135
vn -0.4180 -0.0000 -0.9084
vn -0.9104 -0.0000 0.4138
vn 0.4144 -0.0000 0.9101
vn 0.9101 -0.0000 -0.4143
vn -0.4183 -0.0000 -0.9083
vn -0.9101 -0.0000 0.4143
vn 0.4183 -0.0000 0.9083
vn 0.9010 -0.0000 -0.4338
vn -0.4366 -0.0000 -0.8997
vn -0.9016 -0.0000 0.4326
vn -0.2604 -0.0000 0.9655
vn 0.4359 -0.0000 0.9000
vn 0.9013 -0.0000 -0.4332
vn -0.4363 -0.0000 -0.8998
vn -0.9017 -0.0000 0.4324
vn 0.4347 -0.0000 0.9006
vn 0.8997 -0.0000 -0.4365
vn 0.4389 -0.0000 0.8985
vn 0.1655 -0.0000 -0.9862
vn -0.3989 -0.0000 -0.9170
vn -0.8743 -0.0000 -0.4854
vn -0.9183 -0.0000 0.3958
vn -0.9184 -0.0000 0.3958
vn -0.3959 -0.0000 -0.9183
vn 0.9185 -0.0000 -0.3955
vn -0.3987 -0.0000 -0.9171
vn -0.9888 -0.0000 -0.1492
vn -0.9182 -0.0000 0.3961
vn -0.1062 -0.0000 0.9943
vn 0.3986 -0.0000 0.9171
vn 0.9184 -0.0000 -0.3958
vn 0.9183 -0.0000 -0.3958
vn 0.4068 -0.0000 0.9135
vn 0.9216 -0.0000 -0.3882
vn 0.3967 -0.0000 0.9180
vn 0.9188 -0.0000 -0.3947
vn 0.3973 -0.0000 0.9177
vn -0.9178 -0.0000 0.3971
vn 0.9185 -0.0000 -0.3954
vn 0.9127 -0.0000 -0.4086
vn -0.4117 -0.0000 -0.9113
vn -0.9135 -0.0000 0.4069
vn 0.4111 -0.0000 0.9116
vn -0.9127 -0.0000 0.4087
vn 0.4114 -0.0000 0.9114
vn -0.9121 -0.0000 0.4100
vn 0.4139 -0.0000 0.9103
vn 0.9128 -0.0000 -0.4085
vn -0.4054 -0.0000 -0.9141
vn 0.9122 -0.0000 -0.4097
vn -0.4128 -0.0000 -0.9108
vn -0.9124 -0.0000 0.4094
vn 0.4109 -0.0000 0.9117
vn -0.4574 -0.0000 -0.8893
vn -0.8909 -0.0000 0.4542
vn 0.4574 -0.0000 0.8892
vn 0.4420 -0.0000 0.8970
vn -0.9021 -0.0000 0.4314
vn 0.4362 -0.0000 0.8998
vn 0.9020 -0.0000 -0.4318
vn -0.4358 -0.0000 -0.9000
vn -0.4115 -0.0000 -0.9114
vn -0.9154 -0.0000 0.4025
vn 0.4031 -0.0000 0.9152
vn 0.9149 -0.0000 -0.4037
vn 0.8971 -0.0000 -0.4419
vn -0.4485 -0.0000 -0.8938
vn -0.8965 -0.0000 0.4430
vn -0.4468 -0.0000 -0.8946
vn -0.8953 -0.0000 0.4454
vn 0.4498 -0.0000 0.8931
vn 0.8956 -0.0000 -0.4448
vn 0.4478 -0.0000 0.8941
vn 0.8948 -0.0000 -0.4464
vn -0.4466 -0.0000 -0.8947
vn 0.9075 -0.0000 -0.4201
vn -0.4215 -0.0000 -0.9068
vn 0.4256 -0.0000 0.9049
vn -0.9080 -0.0000 0.4189
vn -0.4248 -0.0000 -0.9053
vn -0.9081 -0.0000 0.4188
vn 0.4232 -0.0000 0.9060
vn -0.4219 -0.0000 -0.9066
vn 0.9098 -0.0000 -0.4151
vn -0.4185 -0.0000 -0.9082
vn -0.9098 -0.0000 0.4151
vn 0.4185 -0.0000 0.9082
vn -0.4099 -0.0000 -0.9122
vn -0.9138 -0.0000 0.4062
vn 0.4092 -0.0000 0.9125
vn 0.9792 -0.0000 -0.2028
vn -0.2022 -0.0000 -0.9793
vn -0.9799 -0.0000 0.1996
vn 0.2034 -0.0000 0.9791
vn 0.9793 -0.0000 -0.2025
vn -0.2063 -0.0000 -0.9785
vn 0.9820 -0.0000 -0.1887
vn -0.1898 -0.0000 -0.9818
vn -0.9820 -0.0000 0.1887
vn 0.1898 -0.0000 0.9818
vn 0.9872 -0.0000 -0.1592
vn -0.1603 -0.0000 -0.9871
vn -0.9872 -0.0000 0.1592
vn 0.1603 -0.0000 0.9871
vn 0.9925 -0.0000 -0.1222
vn -0.1243 -0.0000 -0.9922
vn -0.9927 -0.0000 0.1205
vn -0.1223 -0.0000 -0.9925
vn -0.9924 -0.0000 0.1227
vn 0.1223 -0.0000 0.9925
vn 0.9919 -0.0000 -0.1271
vn 0.1302 -0.0000 0.9915
vn 0.1301 -0.0000 0.9915
vn 0.1230 -0.0000 0.9924
vn 0.9904 -0.0000 -0.1380
vn -0.1396 -0.0000 -0.9902
vn -0.9905 -0.0000 0.1373
vn 0.1388 -0.0000 0.9903
vn 0.9897 -0.0000 -0.1428
vn -0.1434 -0.0000 -0.9897
vn 0.1398 -0.0000 0.9902
vn -0.9898 -0.0000 0.1423
vn 0.1404 -0.0000 0.9901
vn 0.9889 -0.0000 -0.1486
vn -0.1500 -0.0000 -0.9887
vn -0.9889 -0.0000 0.1486
vn 0.1500 -0.0000 0.9887
vn 0.9903 -0.0000 -0.1390
vn -0.1411 -0.0000 -0.9900
vn -0.9903 -0.0000 0.1390
vn 0.1411 -0.0000 0.9900
vn 0.9915 -0.0000 -0.1302
vn -0.1323 -0.0000 -0.9912
vn -0.9916 -0.0000 0.1296
vn 1.0000 -0.0000 -0.0048
vn -0.0062 -0.0000 -1.0000
vn -1.0000 -0.0000 0.0063
vn 0.0059 -0.0000 1.0000
vn 1.0000 -0.0000 -0.0090
vn 0.0063 -0.0000 1.0000
vn 0.9916 -0.0000 -0.1292
vn -0.1354 -0.0000 -0.9908
vn -0.9911 -0.0000 0.1330
vn 0.1321 -0.0000 0.9912
vn 0.9915 -0.0000 -0.1301
vn 0.1335 -0.0000 0.9910
vn -0.1313 -0.0000 -0.9913
vn 0.9953 -0.0000 -0.0966
vn -0.1016 -0.0000 -0.9948
vn -0.9952 -0.0000 0.0976
vn 0.0910 -0.0000 0.9959
vn 0.9955 -0.0000 -0.0948
vn 0.0966 -0.0000 0.9953
vn 0.9999 -0.0000 -0.0135
vn -0.0100 -0.0000 -0.9999
vn -0.0100 -0.0000 -1.0000
vn -1.0000 -0.0000 0.0099
vn 0.0105 -0.0000 0.9999
vn 1.0000 -0.0000 -0.0084
vn 0.0089 -0.0000 1.0000
vn 1.0000 -0.0000 -0.0098
vn -0.0092 -0.0000 -1.0000
vn 0.9999 -0.0000 -0.0115
vn -0.0120 -0.0000 -0.9999
vn -0.9999 -0.0000 0.0113
vn -0.0088 -0.0000 -1.0000
vn 0.0100 -0.0000 0.9999
vn 1.0000 -0.0000 -0.0065
vn -0.0093 -0.0000 -1.0000
vn 0.1063 -0.0000 -0.9943
vn -0.9944 -0.0000 -0.1054
vn -0.1083 -0.0000 0.9941
vn 0.9943 -0.0000 0.1062
vn 0.9982 -0.0000 -0.0602
vn -0.0743 -0.0000 -0.9972
vn -0.2392 -0.0000 -0.9710
vn -0.6762 -0.0000 -0.7367
vn -0.9933 -0.0000 -0.1152
vn -0.9681 -0.0000 0.2506
vn -0.7276 -0.0000 0.6860
vn -0.7277 -0.0000 0.6859
vn -0.4669 -0.0000 0.8843
vn -0.9982 -0.0000 0.0603
vn -0.0595 -0.0000 -0.9982
vn -0.9982 -0.0000 0.0593
vn 0.0604 -0.0000 0.9982
vn 0.9997 -0.0000 -0.0233
vn -0.0221 -0.0000 -0.9998
vn -0.9997 -0.0000 0.0229
vn 0.0147 -0.0000 0.9999
vn 0.0146 -0.0000 0.9999
vn -0.9999 -0.0000 0.0162
vn 0.0153 -0.0000 0.9999
vn -0.6184 -0.0000 0.7858
vn -0.9998 -0.0000 0.0211
vn 0.0232 -0.0000 0.9997
vn 0.9989 -0.0000 -0.0464
vn -0.0469 -0.0000 -0.9989
vn -0.9994 -0.0000 0.0338
vn -0.0373 -0.0000 -0.9993
vn -0.9990 -0.0000 0.0453
vn 0.0481 -0.0000 0.9988
vn 0.9957 -0.0000 -0.0925
vn -0.0925 -0.0000 -0.9957
vn -0.9958 -0.0000 0.0915
vn 0.0943 -0.0000 0.9955
vn -0.9960 -0.0000 0.0891
vn 0.0930 -0.0000 0.9957
vn -0.9959 -0.0000 0.0908
vn 0.0902 -0.0000 0.9959
vn 0.9957 -0.0000 -0.0931
vn 0.2361 -0.0000 -0.9717
vn -0.9715 -0.0000 -0.2371
vn -0.2357 -0.0000 0.9718
vn 0.9725 -0.0000 0.2327
vn 0.5892 -0.0000 -0.8080
vn -0.8106 -0.0000 -0.5856
vn -0.5892 -0.0000 0.8080
vn 0.8106 -0.0000 0.5856
vn 0.8041 -0.0000 -0.5945
vn -0.5978 -0.0000 -0.8016
vn -0.8034 -0.0000 0.5954
vn 0.5980 -0.0000 0.8015
vn -0.8061 -0.0000 0.5918
vn 0.5977 -0.0000 0.8017
vn 0.9997 -0.0000 -0.0263
vn -0.0292 -0.0000 -0.9996
vn -0.9996 -0.0000 0.0286
vn 0.0292 -0.0000 0.9996
vn 0.9992 -0.0000 -0.0398
vn -0.0378 -0.0000 -0.9993
vn -0.9993 -0.0000 0.0372
vn 0.0388 -0.0000 0.9992
vn 0.9994 -0.0000 -0.0333
vn -0.0325 -0.0000 -0.9995
vn 0.0329 -0.0000 0.9995
vn -0.9992 -0.0000 0.0391
vn 0.0366 -0.0000 0.9993
vn -0.9997 -0.0000 0.0235
vn -0.0322 -0.0000 -0.9995
vn 0.9996 -0.0000 -0.0268
vn -0.0274 -0.0000 -0.9996
vn -0.9996 -0.0000 0.0268
vn 0.0262 -0.0000 0.9997
vn 0.9923 -0.0000 -0.1235
vn -0.1251 -0.0000 -0.9921
vn -0.9922 -0.0000 0.1244
vn -0.9923 -0.0000 0.1236
vn 0.1259 -0.0000 0.9920
vn 0.9922 -0.0000 -0.1245
vn 0.9634 -0.0000 -0.2682
vn -0.2671 -0.0000 -0.9637
vn -0.9595 -0.0000 0.2815
vn -0.9595 -0.0000 0.2816
vn -0.2688 -0.0000 -0.9632
vn -0.2689 -0.0000 -0.9632
vn -0.9636 -0.0000 0.2675
vn 0.2686 -0.0000 0.9632
vn 0.9650 -0.0000 -0.2622
vn -0.2643 -0.0000 -0.9644
vn -0.9653 -0.0000 0.2612
vn -0.2628 -0.0000 -0.9649
vn -0.2628 -0.0000 -0.9648
vn -0.9649 -0.0000 0.2624
vn -0.2510 -0.0000 -0.9680
vn -0.2511 -0.0000 -0.9680
vn -0.9642 -0.0000 0.2652
vn 0.2716 -0.0000 0.9624
vn 0.2717 -0.0000 0.9624
vn -0.9641 -0.0000 0.2655
vn 0.2647 -0.0000 0.9643
vn 0.9653 -0.0000 -0.2612
vn 0.2587 -0.0000 0.9660
vn 0.9978 -0.0000 -0.0667
vn -0.0701 -0.0000 -0.9975
vn -0.9978 -0.0000 0.0667
vn 0.0710 -0.0000 0.9975
vn -0.1462 -0.0000 -0.9893
vn -0.9894 -0.0000 0.1455
vn 0.1414 -0.0000 0.9900
vn 0.1474 -0.0000 0.9891
vn 0.9893 -0.0000 -0.1460
vn 0.1560 -0.0000 0.9878
vn 0.8665 -0.0000 -0.4993
vn -0.5193 -0.0000 -0.8546
vn -0.8720 -0.0000 0.4894
vn -0.8720 -0.0000 0.4895
vn -0.5046 -0.0000 -0.8633
vn -0.8711 -0.0000 0.4911
vn -0.5007 -0.0000 -0.8656
vn -0.8673 -0.0000 0.4978
vn 0.5004 -0.0000 0.8658
vn -0.8660 -0.0000 0.5000
vn 0.5022 -0.0000 0.8647
vn 0.0410 -0.0000 -0.9992
vn -0.6919 -0.0000 -0.7220
vn -0.7250 -0.0000 0.6887
vn 0.6924 -0.0000 0.7215
vn 0.7254 -0.0000 -0.6884
vn 0.7041 -0.0000 -0.7101
vn -0.7111 -0.0000 -0.7031
vn -0.7073 -0.0000 0.7070
vn -0.7073 -0.0000 0.7069
vn -0.7155 -0.0000 -0.6987
vn -0.7012 -0.0000 0.7129
vn -0.8070 -0.0000 -0.5905
vn -0.7036 -0.0000 0.7105
vn 0.7124 -0.0000 0.7018
vn 0.7048 -0.0000 -0.7094
vn -0.7126 -0.0000 -0.7015
vn 0.9240 -0.0000 -0.3825
vn -0.3857 -0.0000 -0.9226
vn -0.9246 -0.0000 0.3809
vn 0.3853 -0.0000 0.9228
vn 0.9070 -0.0000 -0.4211
vn 0.4218 -0.0000 0.9067
vn 0.9038 -0.0000 -0.4280
vn -0.4280 -0.0000 -0.9038
vn -0.9057 -0.0000 0.4239
vn 0.7258 -0.0000 0.6879
vn 0.7317 -0.0000 -0.6816
vn -0.6847 -0.0000 -0.7288
vn -0.7322 -0.0000 0.6811
vn -0.7314 -0.0000 0.6819
vn -0.7315 -0.0000 0.6819
vn 0.6847 -0.0000 0.7288
vn 0.7071 -0.0000 0.7071
vn 0.7119 -0.0000 -0.7023
vn -0.7059 -0.0000 -0.7083
vn -0.7118 -0.0000 0.7024
vn -0.7117 -0.0000 0.7024
vn -0.7079 -0.0000 -0.7063
vn -0.7104 -0.0000 0.7038
vn -0.7067 -0.0000 -0.7075
vn -0.9284 -0.0000 0.3716
vn -0.7628 -0.0000 0.6466
vn 0.7175 -0.0000 0.6966
vn 0.7181 -0.0000 -0.6959
vn -0.6998 -0.0000 -0.7143
vn -0.7194 -0.0000 0.6946
vn 0.6984 -0.0000 0.7157
vn 0.7349 -0.0000 -0.6781
vn -0.6816 -0.0000 -0.7318
vn -0.7356 -0.0000 0.6775
vn 0.6811 -0.0000 0.7322
vn -0.7335 -0.0000 0.6797
vn 0.6816 -0.0000 0.7318
vn -0.7378 -0.0000 0.6750
vn 0.6786 -0.0000 0.7345
vn -0.4337 -0.0000 -0.9011
vn 0.7911 -0.0000 -0.6117
vn 0.7911 -0.0000 -0.6116
vn -0.6204 -0.0000 -0.7843
vn -0.9019 -0.0000 0.4320
vn 0.4350 -0.0000 0.9004
vn 0.9014 -0.0000 -0.4329
vn -0.4364 -0.0000 -0.8998
vn -0.9011 -0.0000 0.4336
vn 0.4393 -0.0000 0.8983
vn 0.9045 -0.0000 -0.4266
vn 0.4337 -0.0000 0.9010
vn 0.9000 -0.0000 -0.4359
vn 0.8934 -0.0000 -0.4492
vn -0.4523 -0.0000 -0.8919
vn -0.8938 -0.0000 0.4485
vn 0.4518 -0.0000 0.8921
vn 0.9455 -0.0000 -0.3255
vn -0.3392 -0.0000 -0.9407
vn -0.9761 -0.0000 0.2175
vn -0.2557 -0.0000 -0.9668
vn 0.9335 -0.0000 -0.3585
vn -0.9327 -0.0000 0.3606
vn 0.2372 -0.0000 0.9715
vn -0.9912 -0.0000 0.1321
vn -0.1651 -0.0000 -0.9863
vn -0.0242 -0.0000 0.9997
vn -0.0241 -0.0000 0.9997
vn -1.0000 -0.0000 0.0038
vn 0.0061 -0.0000 1.0000
vn -0.9999 -0.0000 -0.0150
vn -0.9972 -0.0000 0.0742
vn 0.0497 -0.0000 0.9988
vn -0.9906 -0.0000 0.1370
vn -0.0184 -0.0000 0.9998
vn 0.0709 -0.0000 0.9975
vn 0.9987 -0.0000 -0.0504
vn 0.1052 -0.0000 0.9944
vn 0.9972 -0.0000 -0.0748
vn 1.0000 -0.0000 -0.0069
vn 0.0205 -0.0000 -0.9998
vn 0.9997 -0.0000 0.0230
vn 0.0364 -0.0000 0.9993
vn 0.9994 -0.0000 -0.0355
vn 0.0135 -0.0000 -0.9999
vn 0.9998 -0.0000 0.0212
vn 0.3557 -0.0000 0.9346
vn 0.9258 -0.0000 -0.3781
vn -0.2974 -0.0000 -0.9548
vn 0.8949 -0.0000 -0.4462
vn -0.8927 -0.0000 0.4507
vn -0.4460 -0.0000 -0.8950
vn -0.4460 -0.0000 -0.8951
vn -0.8943 -0.0000 0.4475
vn 0.4465 -0.0000 0.8948
vn 0.8546 -0.0000 -0.5194
vn 0.8546 -0.0000 -0.5193
vn -0.5221 -0.0000 -0.8529
vn -0.8541 -0.0000 0.5202
vn 0.5223 -0.0000 0.8527
vn 0.8515 -0.0000 -0.5244
vn 0.5198 -0.0000 0.8543
vn 0.8775 -0.0000 -0.4796
vn -0.4821 -0.0000 -0.8761
vn -0.8777 -0.0000 0.4792
vn 0.4817 -0.0000 0.8763
vn 0.8899 -0.0000 -0.4561
vn -0.4584 -0.0000 -0.8887
vn -0.8904 -0.0000 0.4551
vn 0.4593 -0.0000 0.8883
vn 0.8803 -0.0000 -0.4744
vn -0.4754 -0.0000 -0.8798
vn -0.8806 -0.0000 0.4738
vn 0.4771 -0.0000 0.8789
vn 0.8905 -0.0000 -0.4550
vn -0.4581 -0.0000 -0.8889
vn 0.1243 -0.0000 -0.9922
vn -0.0195 -0.0000 -0.9998
vn -0.5229 -0.0000 -0.8524
vn -0.4788 -0.0000 -0.8779
vn -0.8800 -0.0000 0.4751
vn 0.4785 -0.0000 0.8781
vn 0.8799 -0.0000 -0.4751
vn 0.8028 -0.0000 0.5962
vn 0.8028 -0.0000 0.5963
vn 0.9879 -0.0000 0.1552
vn 0.9876 -0.0000 -0.1569
vn 0.8055 -0.0000 -0.5926
vn 0.7478 -0.0000 -0.6639
vn 0.9063 -0.0000 -0.4226
vn -0.4255 -0.0000 -0.9050
vn -0.9068 -0.0000 0.4215
vn 0.4250 -0.0000 0.9052
vn 0.4254 -0.0000 0.9050
vn 0.8827 -0.0000 -0.4700
vn -0.1300 -0.0000 -0.9915
vn -0.4727 -0.0000 -0.8812
vn -0.8836 -0.0000 0.4682
vn 0.4715 -0.0000 0.8819
vn 0.8795 -0.0000 -0.4760
vn -0.4795 -0.0000 -0.8775
vn -0.8795 -0.0000 0.4760
vn 0.4795 -0.0000 0.8775
vn 0.8792 -0.0000 -0.4765
vn -0.4794 -0.0000 -0.8776
vn -0.8799 -0.0000 0.4752
vn 0.4800 -0.0000 0.8773
vn 0.5894 -0.0000 -0.8079
vn -0.7694 -0.0000 -0.6388
vn -0.3172 -0.0000 -0.9484
vn -0.9660 -0.0000 0.2586
vn -0.2749 -0.0000 -0.9615
vn -0.7850 -0.0000 0.6196
vn -0.3146 -0.0000 -0.9492
vn -0.9150 -0.0000 0.4034
vn 0.3926 -0.0000 0.9197
vn -0.9593 -0.0000 0.2824
vn 0.2811 -0.0000 0.9597
vn -0.9705 -0.0000 0.2411
vn 0.3159 -0.0000 0.9488
vn 0.9675 -0.0000 -0.2530
vn -0.4489 -0.0000 -0.8936
vn -0.4488 -0.0000 -0.8936
vn 0.9391 -0.0000 -0.3436
vn 0.9576 -0.0000 -0.2882
vn -0.2892 -0.0000 -0.9573
vn -0.9576 -0.0000 0.2882
vn 0.2892 -0.0000 0.9573
vn 0.9244 -0.0000 -0.3814
vn -0.3855 -0.0000 -0.9227
vn -0.9241 -0.0000 0.3822
vn 0.3827 -0.0000 0.9239
vn 0.8769 -0.0000 -0.4806
vn -0.4842 -0.0000 -0.8749
vn -0.8752 -0.0000 0.4837
vn 0.4856 -0.0000 0.8742
vn 0.8815 -0.0000 -0.4723
vn 0.8815 -0.0000 -0.4722
vn -0.4764 -0.0000 -0.8792
vn -0.8810 -0.0000 0.4732
vn 0.5035 -0.0000 0.8640
vn 0.8604 -0.0000 -0.5097
vn -0.5136 -0.0000 -0.8580
vn -0.8562 -0.0000 0.5166
vn -0.5126 -0.0000 -0.8586
vn -0.5126 -0.0000 -0.8587
vn -0.8604 -0.0000 0.5096
vn 0.5138 -0.0000 0.8579
vn 0.8616 -0.0000 -0.5077
vn 0.5129 -0.0000 0.8584
vn 0.8810 -0.0000 -0.4731
vn -0.4760 -0.0000 -0.8795
vn -0.8812 -0.0000 0.4727
vn 0.4773 -0.0000 0.8787
vn 0.9922 -0.0000 -0.1244
vn -0.1249 -0.0000 -0.9922
vn 0.1253 -0.0000 0.9921
vn 0.9922 -0.0000 -0.1247
vn 0.1293 -0.0000 0.9916
vn 0.9868 -0.0000 -0.1620
vn -0.9864 -0.0000 0.1643
vn 0.1656 -0.0000 0.9862
vn -0.9865 -0.0000 0.1637
vn 0.1618 -0.0000 0.9868
vn 0.9928 -0.0000 -0.1195
vn -0.1216 -0.0000 -0.9926
vn -0.9928 -0.0000 0.1199
vn -0.1193 -0.0000 -0.9929
vn 0.1200 -0.0000 0.9928
vn 0.9977 -0.0000 -0.0679
vn -0.0698 -0.0000 -0.9976
vn -0.9976 -0.0000 0.0686
vn -0.0788 -0.0000 -0.9969
vn -0.0789 -0.0000 -0.9969
vn -0.9977 -0.0000 0.0675
vn 0.0696 -0.0000 0.9976
vn -0.9915 -0.0000 0.1304
vn 0.1313 -0.0000 0.9913
vn 0.9227 -0.0000 -0.3855
vn -0.3765 -0.0000 -0.9264
vn -0.9282 -0.0000 0.3720
vn 0.3996 -0.0000 0.9167
vn 0.1877 -0.0000 0.9822
vn 0.9823 -0.0000 -0.1875
vn -0.1177 -0.0000 -0.9931
vn 0.9674 -0.0000 -0.2531
vn -0.2530 -0.0000 -0.9675
vn 0.2486 -0.0000 0.9686
vn -0.9666 -0.0000 0.2562
vn 0.2544 -0.0000 0.9671
vn 0.9680 -0.0000 -0.2508
vn 0.2542 -0.0000 0.9672
vn 0.2541 -0.0000 0.9672
vn 0.9292 -0.0000 -0.3696
vn -0.3667 -0.0000 -0.9304
vn -0.3667 -0.0000 -0.9303
vn -0.9388 -0.0000 0.3445
vn -0.3476 -0.0000 -0.9376
vn -0.9831 -0.0000 0.1832
vn -0.9607 -0.0000 0.2774
vn 0.3672 -0.0000 0.9301
vn -0.2123 -0.0000 -0.9772
vn 0.2123 -0.0000 0.9772
vn 0.9751 -0.0000 -0.2217
vn -0.2223 -0.0000 -0.9750
vn -0.9756 -0.0000 0.2197
vn -0.2220 -0.0000 -0.9751
vn -0.2204 -0.0000 -0.9754
vn -0.2219 -0.0000 -0.9751
vn -0.2235 -0.0000 -0.9747
vn -0.2233 -0.0000 -0.9747
vn -0.9755 -0.0000 0.2200
vn 0.2218 -0.0000 0.9751
vn 0.9753 -0.0000 -0.2208
vn 0.2313 -0.0000 0.9729
vn 0.2312 -0.0000 0.9729
vn 0.9758 -0.0000 -0.2187
vn -0.2227 -0.0000 -0.9749
vn -0.2228 -0.0000 -0.9749
vn 0.9760 -0.0000 -0.2179
vn -0.2299 -0.0000 -0.9732
vn 0.9849 -0.0000 -0.1729
vn -0.1753 -0.0000 -0.9845
vn -0.9837 -0.0000 0.1797
vn -0.9849 -0.0000 0.1729
vn 0.1775 -0.0000 0.9841
vn 0.9853 -0.0000 -0.1709
vn 0.9999 -0.0000 -0.0138
vn -0.0165 -0.0000 -0.9999
vn -0.9999 -0.0000 0.0170
vn 0.9999 -0.0000 -0.0152
vn 0.0178 -0.0000 0.9998
vn 0.9999 -0.0000 -0.0167
vn -0.0188 -0.0000 -0.9998
vn 0.9918 -0.0000 -0.1277
vn -0.1279 -0.0000 -0.9918
vn 0.9919 -0.0000 -0.1273
vn 0.1286 -0.0000 0.9917
vn 0.9918 -0.0000 -0.1275
vn -0.1270 -0.0000 -0.9919
vn -0.9918 -0.0000 0.1276
vn -0.1280 -0.0000 -0.9918
vn -0.9919 -0.0000 0.1270
vn -0.1317 -0.0000 -0.9913
vn -0.9922 -0.0000 0.1246
vn 0.1273 -0.0000 0.9919
vn 0.9920 -0.0000 -0.1265
vn 0.1276 -0.0000 0.9918
vn -0.9917 -0.0000 0.1285
vn 0.1277 -0.0000 0.9918
vn -0.9897 -0.0000 0.1435
vn 0.1340 -0.0000 0.9910
vn 0.9917 -0.0000 -0.1288
vn -0.1339 -0.0000 -0.9910
vn -0.1190 -0.0000 -0.9929
vn -0.1196 -0.0000 -0.9928
vn -0.9931 -0.0000 0.1169
vn -0.9929 -0.0000 0.1187
vn -0.9933 -0.0000 0.1152
vn 0.1257 -0.0000 0.9921
vn 0.1256 -0.0000 0.9921
vn -0.9922 -0.0000 0.1247
vn 0.1199 -0.0000 0.9928
vn 0.9903 -0.0000 -0.1386
vn 0.9932 -0.0000 -0.1160
vn -0.1202 -0.0000 -0.9927
vn 0.9940 -0.0000 -0.1094
vn -0.1096 -0.0000 -0.9940
vn -0.9940 -0.0000 0.1094
vn 0.1096 -0.0000 0.9940
vn 0.9953 -0.0000 -0.0970
vn -0.0964 -0.0000 -0.9953
vn -0.0965 -0.0000 -0.9953
vn 0.0978 -0.0000 0.9952
vn -0.9955 -0.0000 0.0944
vn 0.0961 -0.0000 0.9954
vn 0.9920 -0.0000 -0.1264
vn -0.1265 -0.0000 -0.9920
vn 0.1261 -0.0000 0.9920
vn -0.1926 -0.0000 -0.9813
vn -0.9815 -0.0000 0.1916
vn 0.1926 -0.0000 0.9813
vn -0.2435 -0.0000 -0.9699
vn 0.2435 -0.0000 0.9699
vn 0.9669 -0.0000 -0.2551
vn -0.2572 -0.0000 -0.9663
vn -0.9667 -0.0000 0.2561
vn 0.2583 -0.0000 0.9661
vn 0.9658 -0.0000 -0.2591
vn 0.2539 -0.0000 0.9672
vn 0.9643 -0.0000 -0.2648
vn 0.2563 -0.0000 0.9666
vn 0.9596 -0.0000 -0.2815
vn -0.2833 -0.0000 -0.9590
vn -0.8579 -0.0000 0.5139
vn 0.2831 -0.0000 0.9591
vn 0.9981 -0.0000 -0.0612
vn -0.0623 -0.0000 -0.9981
vn -0.9981 -0.0000 0.0609
vn 0.0624 -0.0000 0.9980
vn -0.9976 -0.0000 0.0694
vn 0.0641 -0.0000 0.9979
vn 0.9981 -0.0000 -0.0617
vn 0.0780 -0.0000 0.9970
vn 0.0779 -0.0000 0.9970
vn 0.9980 -0.0000 -0.0628
vn 0.0689 -0.0000 0.9976
vn 0.9938 -0.0000 -0.1109
vn -0.1093 -0.0000 -0.9940
vn -0.9940 -0.0000 0.1093
vn 0.1132 -0.0000 0.9936
vn -0.9940 -0.0000 0.1097
vn 0.1118 -0.0000 0.9937
vn 0.9918 -0.0000 -0.1276
vn -0.1297 -0.0000 -0.9916
vn -0.9920 -0.0000 0.1263
vn 0.1297 -0.0000 0.9915
vn 0.9917 -0.0000 -0.1287
vn 0.1222 -0.0000 0.9925
vn 0.9918 -0.0000 -0.1280
vn -0.1291 -0.0000 -0.9916
vn -0.9910 -0.0000 0.1341
vn -0.1271 -0.0000 -0.9919
vn -0.9918 -0.0000 0.1278
vn 0.1281 -0.0000 0.9918
vn -0.9920 -0.0000 0.1266
vn -0.9921 -0.0000 0.1253
vn 0.1236 -0.0000 0.9923
vn 0.1235 -0.0000 0.9923
vn 0.7561 -0.0000 0.6544
vn 0.7562 -0.0000 0.6544
vn 0.8696 -0.0000 -0.4937
vn -0.4944 -0.0000 -0.8692
vn -0.8701 -0.0000 0.4928
vn -0.4940 -0.0000 -0.8695
vn 0.8740 -0.0000 -0.4858
vn -0.4955 -0.0000 -0.8686
vn -0.8708 -0.0000 0.4917
vn 0.4949 -0.0000 0.8690
vn 0.8700 -0.0000 -0.4930
vn 0.4965 -0.0000 0.8680
vn 0.9433 -0.0000 -0.3321
vn -0.3402 -0.0000 -0.9404
vn -0.9415 -0.0000 0.3371
vn 0.3375 -0.0000 0.9413
vn 0.9092 -0.0000 -0.4163
vn -0.4188 -0.0000 -0.9081
vn -0.9094 -0.0000 0.4158
vn -0.4114 -0.0000 -0.9114
vn -0.9097 -0.0000 0.4152
vn 0.4182 -0.0000 0.9083
vn 0.9112 -0.0000 -0.4120
vn -0.4235 -0.0000 -0.9059
vn -0.9114 -0.0000 0.4115
vn 0.4246 -0.0000 0.9054
vn 0.9086 -0.0000 -0.4176
vn -0.4217 -0.0000 -0.9067
vn -0.9084 -0.0000 0.4182
vn 0.4231 -0.0000 0.9061
vn 0.9924 -0.0000 0.1231
vn 0.9257 -0.0000 -0.3782
vn -0.3810 -0.0000 -0.9246
vn 0.3806 -0.0000 0.9247
vn 0.9117 -0.0000 -0.4108
vn -0.4126 -0.0000 -0.9109
vn -0.9116 -0.0000 0.4111
vn 0.4150 -0.0000 0.9098
vn 0.9177 -0.0000 -0.3973
vn -0.3991 -0.0000 -0.9169
vn -0.9180 -0.0000 0.3966
vn 0.9177 -0.0000 -0.3972
vn 0.4014 -0.0000 0.9159
vn -0.9186 -0.0000 0.3952
vn 0.3976 -0.0000 0.9176
vn 0.9587 -0.0000 -0.2846
vn -0.2838 -0.0000 -0.9589
vn -0.9596 -0.0000 0.2814
vn 0.2834 -0.0000 0.9590
vn 0.9262 -0.0000 -0.3771
vn -0.3781 -0.0000 -0.9258
vn -0.9262 -0.0000 0.3771
vn 0.3781 -0.0000 0.9258
vn 0.9237 -0.0000 -0.3831
vn -0.3849 -0.0000 -0.9230
vn -0.9237 -0.0000 0.3831
vn 0.3849 -0.0000 0.9230
vn 0.9229 -0.0000 -0.3852
vn 0.9228 -0.0000 -0.3852
vn -0.3875 -0.0000 -0.9219
vn -0.9228 -0.0000 0.3853
vn -0.3861 -0.0000 -0.9225
vn -0.3860 -0.0000 -0.9225
vn -0.9204 -0.0000 0.3909
vn -0.3870 -0.0000 -0.9221
vn -0.9227 -0.0000 0.3854
vn 0.3890 -0.0000 0.9212
vn -0.3881 -0.0000 -0.9216
vn -0.3880 -0.0000 -0.9216
vn -0.9250 -0.0000 0.3799
vn -0.3874 -0.0000 -0.9219
vn -0.3873 -0.0000 -0.9219
vn -0.9231 -0.0000 0.3846
vn 0.3895 -0.0000 0.9210
vn 0.3894 -0.0000 0.9211
vn -0.9221 -0.0000 0.3870
vn -0.9221 -0.0000 0.3871
vn 0.3875 -0.0000 0.9219
vn 0.9090 -0.0000 -0.4168
vn -0.4200 -0.0000 -0.9075
vn -0.9092 -0.0000 0.4164
vn -0.4721 -0.0000 0.8815
vn 0.4172 -0.0000 0.9088
vn 0.4173 -0.0000 0.9088
vn 0.9271 -0.0000 0.3748
vn -0.3503 -0.0000 0.9367
vn -0.9447 -0.0000 -0.3279
vn 0.4214 -0.0000 0.9069
vn 0.9160 -0.0000 -0.4012
vn 0.4055 -0.0000 0.9141
vn -0.4450 -0.0000 -0.8955
vn -0.8982 -0.0000 0.4395
vn 0.4456 -0.0000 0.8952
vn 0.9150 -0.0000 -0.4035
vn -0.4046 -0.0000 -0.9145
vn -0.9152 -0.0000 0.4029
vn 0.4057 -0.0000 0.9140
vn 0.9270 -0.0000 -0.3751
vn -0.3782 -0.0000 -0.9257
vn -0.9264 -0.0000 0.3766
vn 0.3774 -0.0000 0.9261
vn 0.8684 -0.0000 -0.4958
vn -0.8682 -0.0000 0.4963
vn 0.4992 -0.0000 0.8665
vn 0.8687 -0.0000 -0.4953
vn 0.4985 -0.0000 0.8669
vn 0.8719 -0.0000 -0.4897
vn -0.4921 -0.0000 -0.8705
vn 0.4952 -0.0000 0.8688
vn -0.8719 -0.0000 0.4897
vn 0.4939 -0.0000 0.8695
vn 0.8517 -0.0000 -0.5240
vn -0.5284 -0.0000 -0.8490
vn -0.8511 -0.0000 0.5250
vn 0.5284 -0.0000 0.8490
vn -0.9524 -0.0000 0.3048
vn 0.5288 -0.0000 0.8488
vn -0.9258 -0.0000 -0.3781
vn -0.3805 -0.0000 0.9248
vn 0.9187 -0.0000 0.3949
vn 0.9264 -0.0000 0.3766
vn 0.9287 -0.0000 0.3708
vn 0.9241 -0.0000 0.3823
vn 0.3773 -0.0000 -0.9261
vn -0.3799 -0.0000 0.9250
vn -0.3798 -0.0000 0.9251
vn -0.3830 -0.0000 0.9238
vn 0.9250 -0.0000 0.3801
vn 0.3830 -0.0000 -0.9238
vn 0.9200 -0.0000 0.3918
vn 0.3948 -0.0000 -0.9188
vn -0.9200 -0.0000 -0.3918
vn 0.0190 -0.0000 -0.9998
vn -0.9998 -0.0000 -0.0198
vn -0.0197 -0.0000 0.9998
vn 0.9998 -0.0000 0.0195
vn 1.0000 -0.0000 0.0038
vn 0.0490 -0.0000 -0.9988
vn -1.0000 -0.0000 -0.0000
vn -0.0055 -0.0000 1.0000
vn -1.0000 -0.0000 -0.0052
vn -0.5038 -0.0000 0.8638
vn 0.4365 -0.0000 0.8997
vn 0.9989 -0.0000 0.0467
vn 0.0464 -0.0000 -0.9989
vn -0.9999 -0.0000 -0.0148
vn -0.9995 -0.0000 -0.0317
vn -0.0352 -0.0000 0.9994
vn -0.0351 -0.0000 0.9994
vn -0.9995 -0.0000 -0.0315
vn 0.0432 -0.0000 -0.9991
vn -0.9994 -0.0000 -0.0337
vn -0.0321 -0.0000 0.9995
vn 0.6677 -0.0000 0.7444
vn 0.9385 -0.0000 0.3452
vn 0.9999 -0.0000 0.0139
vn 0.6423 -0.0000 -0.7665
vn 0.9996 -0.0000 0.0266
vn 0.0325 -0.0000 -0.9995
vn 0.0487 -0.0000 -0.9988
vn -0.9991 -0.0000 -0.0426
vn -0.0448 -0.0000 0.9990
vn -0.9990 -0.0000 -0.0437
vn -0.5116 -0.0000 0.8592
vn 0.9988 -0.0000 0.0484
vn 0.9873 -0.0000 -0.1587
vn -0.1591 -0.0000 -0.9873
vn -0.9870 -0.0000 0.1607
vn 0.1597 -0.0000 0.9872
vn -0.0000 1.0000 -0.0003
vn -0.3790 -0.0000 0.9254
vn 0.7744 -0.0000 -0.6326
vn 0.2170 -0.0000 0.9762
vn -0.0000 1.0000 -0.0002
vn -0.1893 -0.0000 -0.9819
vn -0.1758 -0.0000 -0.9844
vn -0.1092 -0.0000 -0.9940
vn -0.0750 -0.0000 -0.9972
vn 0.4100 -0.0000 0.9121
vn -0.7712 -0.0000 0.6367
vn -0.8897 -0.0000 0.4564
vn -0.3709 -0.0000 0.9287
vn 0.4116 -0.0000 -0.9114
vn 0.0795 -0.0000 0.9968
vn 0.1186 -0.0000 0.9929
vn 0.1707 -0.0000 0.9853
vn -0.9511 -0.0000 -0.3088
vn -0.3593 -0.0000 0.9332
vn -0.0000 1.0000 -0.0001
vn -0.0000 1.0000 0.0002
vn -0.4574 -0.0000 -0.8892
vn -0.1410 -0.0000 -0.9900
vn 0.1064 -0.0000 -0.9943
vn -0.8061 -0.0000 0.5917
vn -0.7154 -0.0000 -0.6987
vn 0.0136 -0.0000 -0.9999
vn 0.8775 -0.0000 -0.4797
vn -0.0000 1.0000 0.0010
vn -0.2205 -0.0000 -0.9754
vn -0.9929 -0.0000 0.1186
vn 0.9920 -0.0000 -0.1263
vn 0.1297 -0.0000 0.9916
vn 0.3875 -0.0000 0.9218
vt 0.000000 0.000000
vt 1.000000 0.000000
vt 0.000000 1.000000
vt 1.000000 1.000000
s 1
f 172/1/1 175/1/1 178/1/1
f 131/1/2 1/1/3 2/1/2
f 132/1/4 2/1/2 3/1/4
f 133/1/5 3/1/5 4/1/5
f 134/1/6 4/1/6 5/1/6
f 135/1/7 5/1/7 6/1/7
f 136/1/8 6/1/8 7/1/8
f 137/1/9 7/1/9 8/1/9
f 138/1/10 8/1/11 9/1/10
f 139/1/12 9/1/10 10/1/12
f 140/1/13 10/1/12 11/1/13
f 141/1/14 11/1/14 12/1/14
f 142/1/15 12/1/15 13/1/15
f 143/1/16 13/1/16 14/1/16
f 144/1/17 14/1/17 15/1/17
f 145/1/18 15/1/18 16/1/18
f 146/1/19 16/1/19 17/1/19
f 147/1/20 17/1/20 18/1/20
f 148/1/21 18/1/21 19/1/21
f 149/1/22 19/1/23 20/1/22
f 150/1/24 20/1/22 21/1/24
f 151/1/25 21/1/25 22/1/25
f 152/1/26 22/1/27 23/1/26
f 153/1/28 23/1/26 24/1/28
f 154/1/29 24/1/29 25/1/29
f 155/1/30 25/1/31 26/1/30
f 156/1/32 26/1/30 27/1/32
f 157/1/33 27/1/32 28/1/33
f 158/1/34 28/1/34 29/1/34
f 159/1/35 29/1/35 30/1/35
f 160/1/36 30/1/37 31/1/36
f 161/1/38 31/1/36 32/1/38
f 162/1/39 32/1/39 33/1/39
f 163/1/40 33/1/40 34/1/40
f 164/1/41 34/1/41 35/1/41
f 165/1/42 35/1/42 36/1/42
f 166/1/43 36/1/43 37/1/43
f 167/1/44 37/1/45 38/1/44
f 168/1/46 38/1/44 39/1/46
f 169/1/47 39/1/47 40/1/47
f 170/1/48 40/1/49 41/1/48
f 171/1/50 41/1/48 42/1/50
f 172/1/51 42/1/50 43/1/51
f 173/1/52 43/1/52 44/1/52
f 174/1/53 44/1/54 45/1/53
f 175/1/55 45/1/53 46/1/55
f 176/1/56 46/1/56 47/1/56
f 177/1/31 47/1/57 48/1/31
f 178/1/58 48/1/31 49/1/58
f 179/1/59 49/1/59 50/1/59
f 180/1/60 50/1/60 51/1/60
f 181/1/61 51/1/61 52/1/61
f 182/1/62 52/1/63 53/1/62
f 183/1/64 53/1/62 54/1/64
f 184/1/65 54/1/65 55/1/65
f 185/1/66 55/1/66 56/1/66
f 186/1/67 56/1/67 57/1/67
f 187/1/68 57/1/68 58/1/68
f 188/1/69 58/1/69 59/1/69
f 189/1/70 59/1/70 60/1/70
f 190/1/71 60/1/71 61/1/71
f 191/1/72 61/1/72 62/1/72
f 192/1/73 62/1/74 63/1/74
f 193/1/75 63/1/75 64/1/75
f 194/1/76 64/1/76 65/1/76
f 195/1/77 65/1/78 66/1/78
f 196/1/79 66/1/79 67/1/79
f 197/1/80 67/1/79 68/1/80
f 198/1/81 68/1/81 69/1/81
f 199/1/82 69/1/82 70/1/82
f 200/1/83 70/1/84 71/1/84
f 201/1/85 71/1/85 72/1/85
f 202/1/86 72/1/86 73/1/86
f 203/1/87 73/1/87 74/1/87
f 204/1/88 74/1/89 75/1/88
f 205/1/90 75/1/88 76/1/90
f 206/1/91 76/1/90 77/1/91
f 207/1/92 77/1/91 78/1/93
f 208/1/94 78/1/95 79/1/94
f 209/1/96 79/1/94 80/1/96
f 210/1/96 80/1/96 81/1/96
f 211/1/94 81/1/96 82/1/94
f 212/1/95 82/1/94 83/1/95
f 213/1/97 83/1/97 84/1/97
f 214/1/98 84/1/99 85/1/98
f 215/1/100 85/1/98 86/1/100
f 216/1/101 86/1/100 87/1/101
f 217/1/102 87/1/102 88/1/102
f 218/1/103 88/1/103 89/1/103
f 219/1/104 89/1/104 90/1/104
f 220/1/105 90/1/105 91/1/105
f 221/1/106 91/1/106 92/1/106
f 222/1/107 92/1/107 93/1/107
f 223/1/108 93/1/108 94/1/108
f 224/1/109 94/1/109 95/1/109
f 225/1/110 95/1/110 96/1/110
f 226/1/111 96/1/111 97/1/111
f 227/1/108 97/1/108 98/1/108
f 228/1/105 98/1/105 99/1/105
f 229/1/82 99/1/112 100/1/82
f 230/1/113 100/1/82 101/1/113
f 231/1/114 101/1/114 102/1/114
f 232/1/113 102/1/113 103/1/113
f 233/1/115 103/1/115 104/1/115
f 234/1/116 104/1/116 105/1/116
f 235/1/117 105/1/117 106/1/117
f 236/1/118 106/1/118 107/1/118
f 237/1/119 107/1/119 108/1/119
f 238/1/120 108/1/120 109/1/120
f 239/1/103 109/1/103 110/1/103
f 240/1/121 110/1/121 111/1/121
f 241/1/122 111/1/123 112/1/122
f 242/1/124 112/1/122 113/1/124
f 243/1/125 113/1/124 114/1/125
f 244/1/119 114/1/125 115/1/119
f 245/1/126 115/1/119 116/1/126
f 246/1/127 116/1/126 117/1/127
f 247/1/128 117/1/128 118/1/128
f 248/1/129 118/1/129 119/1/129
f 249/1/130 119/1/130 120/1/130
f 250/1/131 120/1/131 121/1/131
f 251/1/132 121/1/132 122/1/132
f 252/1/115 122/1/115 123/1/115
f 253/1/133 123/1/133 124/1/133
f 254/1/134 124/1/134 125/1/134
f 255/1/135 125/1/136 126/1/135
f 256/1/137 126/1/135 127/1/137
f 257/1/135 127/1/137 128/1/135
f 258/1/138 128/1/135 129/1/138
f 130/1/139 129/1/139 1/1/139
f 263/1/1 265/1/1 266/1/1
f 264/1/140 259/1/140 262/1/140
f 265/1/141 262/1/141 261/1/141
f 266/1/142 261/1/142 260/1/142
f 263/1/143 260/1/143 259/1/143
f 276/1/1 277/1/1 281/1/1
f 276/1/144 267/1/144 274/1/144
f 277/1/145 274/1/145 273/1/145
f 278/1/146 273/1/146 272/1/146
f 279/1/147 272/1/147 271/1/147
f 280/1/148 271/1/148 270/1/148
f 281/1/149 270/1/149 269/1/149
f 282/1/150 269/1/150 268/1/150
f 275/1/151 268/1/151 267/1/151
f 287/1/1 289/1/1 290/1/1
f 288/1/152 283/1/152 286/1/152
f 289/1/153 286/1/153 285/1/153
f 290/1/154 285/1/154 284/1/154
f 287/1/155 284/1/155 283/1/155
f 301/1/1 303/1/1 305/1/1
f 300/1/156 291/1/156 298/1/156
f 301/1/157 298/1/157 297/1/157
f 302/1/158 297/1/158 296/1/158
f 303/1/159 296/1/159 295/1/159
f 304/1/160 295/1/160 294/1/160
f 305/1/161 294/1/161 293/1/161
f 306/1/162 293/1/162 292/1/162
f 299/1/163 292/1/163 291/1/163
f 312/1/1 314/1/1 311/1/1
f 312/1/164 307/1/164 310/1/164
f 313/1/165 310/1/165 309/1/165
f 314/1/166 309/1/166 308/1/166
f 311/1/167 308/1/167 307/1/167
f 339/1/1 341/1/1 344/1/1
f 334/1/168 315/1/168 332/1/168
f 335/1/169 332/1/169 331/1/169
f 336/1/170 331/1/170 330/1/170
f 337/1/171 330/1/171 329/1/171
f 338/1/172 329/1/172 328/1/172
f 339/1/173 328/1/173 327/1/173
f 340/1/174 327/1/174 326/1/174
f 341/1/175 326/1/175 325/1/175
f 342/1/176 325/1/176 324/1/176
f 343/1/177 324/1/177 323/1/177
f 344/1/178 323/1/178 322/1/178
f 345/1/179 322/1/179 321/1/179
f 346/1/180 321/1/180 320/1/180
f 347/1/181 320/1/181 319/1/181
f 348/1/182 319/1/182 318/1/182
f 349/1/183 318/1/183 317/1/183
f 350/1/184 317/1/184 316/1/184
f 333/1/185 316/1/185 315/1/185
f 358/1/1 360/1/1 362/1/1
f 358/1/186 351/1/186 356/1/186
f 359/1/187 356/1/188 355/1/187
f 360/1/189 355/1/187 354/1/189
f 361/1/190 354/1/190 353/1/190
f 362/1/191 353/1/192 352/1/191
f 357/1/193 352/1/191 351/1/193
f 367/1/1 369/1/1 370/1/1
f 368/1/194 363/1/194 366/1/194
f 369/1/195 366/1/195 365/1/195
f 370/1/196 365/1/196 364/1/196
f 367/1/197 364/1/197 363/1/197
f 383/1/1 386/1/1 389/1/1
f 382/1/198 371/1/198 380/1/198
f 383/1/199 380/1/199 379/1/199
f 384/1/200 379/1/200 378/1/200
f 385/1/201 378/1/201 377/1/201
f 386/1/202 377/1/202 376/1/202
f 387/1/203 376/1/203 375/1/203
f 388/1/204 375/1/204 374/1/204
f 389/1/205 374/1/205 373/1/205
f 390/1/206 373/1/206 372/1/206
f 381/1/207 372/1/207 371/1/207
f 400/1/1 402/1/1 404/1/1
f 399/1/208 391/1/208 397/1/208
f 400/1/209 397/1/209 396/1/209
f 401/1/210 396/1/210 395/1/210
f 402/1/211 395/1/211 394/1/211
f 403/1/212 394/1/212 393/1/212
f 404/1/213 393/1/213 392/1/213
f 398/1/214 392/1/214 391/1/214
f 415/1/1 417/1/1 422/1/1
f 416/1/215 405/1/215 414/1/215
f 417/1/216 414/1/217 413/1/217
f 418/1/218 413/1/218 412/1/218
f 419/1/219 412/1/219 411/1/219
f 420/1/220 411/1/220 410/1/220
f 421/1/221 410/1/221 409/1/221
f 422/1/222 409/1/222 408/1/222
f 423/1/223 408/1/223 407/1/223
f 424/1/224 407/1/224 406/1/224
f 415/1/225 406/1/225 405/1/225
f 438/1/1 441/1/1 444/1/1
f 436/1/226 425/1/226 434/1/226
f 437/1/227 434/1/227 433/1/227
f 438/1/228 433/1/228 432/1/228
f 439/1/229 432/1/229 431/1/229
f 440/1/230 431/1/230 430/1/230
f 441/1/231 430/1/231 429/1/231
f 442/1/232 429/1/232 428/1/232
f 443/1/233 428/1/233 427/1/233
f 444/1/234 427/1/234 426/1/234
f 435/1/235 426/1/235 425/1/235
f 465/1/1 469/1/1 473/1/1
f 461/1/236 445/1/236 459/1/236
f 462/1/237 459/1/237 458/1/237
f 463/1/238 458/1/238 457/1/238
f 464/1/239 457/1/239 456/1/239
f 465/1/240 456/1/240 455/1/240
f 466/1/241 455/1/241 454/1/241
f 467/1/242 454/1/242 453/1/242
f 468/1/243 453/1/243 452/1/243
f 469/1/244 452/1/245 451/1/244
f 470/1/246 451/1/244 450/1/246
f 471/1/247 450/1/247 449/1/247
f 472/1/248 449/1/248 448/1/248
f 473/1/249 448/1/249 447/1/249
f 474/1/250 447/1/250 446/1/250
f 460/1/251 446/1/251 445/1/251
f 489/1/1 492/1/1 496/1/1
f 488/1/252 475/1/252 486/1/252
f 489/1/253 486/1/253 485/1/253
f 490/1/254 485/1/254 484/1/254
f 491/1/255 484/1/255 483/1/255
f 492/1/256 483/1/256 482/1/256
f 493/1/257 482/1/257 481/1/257
f 494/1/258 481/1/258 480/1/258
f 495/1/259 480/1/259 479/1/259
f 496/1/260 479/1/261 478/1/261
f 497/1/262 478/1/262 477/1/262
f 498/1/263 477/1/263 476/1/263
f 487/1/264 476/1/264 475/1/264
f 523/1/1 527/1/1 530/1/1
f 519/1/265 499/1/265 517/1/265
f 520/1/266 517/1/266 516/1/266
f 521/1/267 516/1/267 515/1/267
f 522/1/268 515/1/268 514/1/268
f 523/1/269 514/1/269 513/1/269
f 524/1/270 513/1/270 512/1/270
f 525/1/271 512/1/271 511/1/271
f 526/1/271 511/1/271 510/1/271
f 527/1/272 510/1/272 509/1/272
f 528/1/273 509/1/273 508/1/273
f 529/1/274 508/1/274 507/1/274
f 530/1/275 507/1/275 506/1/275
f 531/1/276 506/1/276 505/1/276
f 532/1/277 505/1/277 504/1/277
f 533/1/278 504/1/278 503/1/278
f 534/1/279 503/1/279 502/1/279
f 535/1/280 502/1/280 501/1/280
f 536/1/281 501/1/281 500/1/281
f 518/1/282 500/1/282 499/1/282
f 542/1/1 544/1/1 541/1/1
f 542/1/283 537/1/283 540/1/283
f 543/1/284 540/1/284 539/1/284
f 544/1/285 539/1/285 538/1/285
f 541/1/286 538/1/286 537/1/286
f 549/1/1 551/1/1 552/1/1
f 550/1/287 545/1/287 548/1/287
f 551/1/288 548/1/288 547/1/288
f 552/1/289 547/1/289 546/1/289
f 549/1/290 546/1/290 545/1/290
f 559/1/1 561/1/1 562/1/1
f 559/1/270 553/1/270 557/1/270
f 560/1/291 557/1/291 556/1/291
f 561/1/292 556/1/292 555/1/292
f 562/1/293 555/1/293 554/1/293
f 558/1/294 554/1/294 553/1/294
f 567/1/1 569/1/1 570/1/1
f 568/1/295 563/1/295 566/1/295
f 569/1/296 566/1/296 565/1/296
f 570/1/297 565/1/297 564/1/297
f 567/1/298 564/1/298 563/1/298
f 575/1/1 577/1/1 578/1/1
f 576/1/299 571/1/299 574/1/299
f 577/1/300 574/1/300 573/1/300
f 578/1/301 573/1/301 572/1/301
f 575/1/302 572/1/302 571/1/302
f 584/1/1 586/1/1 583/1/1
f 584/1/303 579/1/303 582/1/303
f 585/1/136 582/1/136 581/1/136
f 586/1/304 581/1/304 580/1/304
f 583/1/305 580/1/305 579/1/305
f 591/1/1 593/1/1 594/1/1
f 592/1/306 587/1/306 590/1/306
f 593/1/307 590/1/307 589/1/307
f 594/1/308 589/1/308 588/1/308
f 591/1/309 588/1/309 587/1/309
f 599/1/1 601/1/1 602/1/1
f 600/1/310 595/1/310 598/1/310
f 601/1/311 598/1/311 597/1/311
f 602/1/312 597/1/312 596/1/312
f 599/1/313 596/1/313 595/1/313
f 608/1/1 610/1/1 607/1/1
f 608/1/314 603/1/314 606/1/314
f 609/1/315 606/1/315 605/1/315
f 610/1/316 605/1/316 604/1/316
f 607/1/317 604/1/317 603/1/317
f 615/1/1 617/1/1 618/1/1
f 616/1/318 611/1/318 614/1/318
f 617/1/319 614/1/319 613/1/319
f 618/1/320 613/1/320 612/1/320
f 615/1/321 612/1/321 611/1/321
f 624/1/1 626/1/1 623/1/1
f 624/1/322 619/1/322 622/1/322
f 625/1/323 622/1/323 621/1/323
f 626/1/324 621/1/324 620/1/324
f 623/1/325 620/1/325 619/1/325
f 632/1/1 634/1/1 631/1/1
f 632/1/326 627/1/326 630/1/326
f 633/1/327 630/1/327 629/1/327
f 634/1/328 629/1/328 628/1/328
f 631/1/329 628/1/329 627/1/329
f 639/1/1 641/1/1 642/1/1
f 640/1/330 635/1/330 638/1/330
f 641/1/331 638/1/331 637/1/331
f 642/1/332 637/1/332 636/1/332
f 639/1/333 636/1/333 635/1/333
f 648/1/1 650/1/1 647/1/1
f 648/1/334 643/1/334 646/1/334
f 649/1/335 646/1/335 645/1/335
f 650/1/60 645/1/60 644/1/60
f 647/1/336 644/1/336 643/1/336
f 656/1/1 658/1/1 655/1/1
f 656/1/337 651/1/337 654/1/337
f 657/1/338 654/1/338 653/1/338
f 658/1/339 653/1/339 652/1/339
f 655/1/340 652/1/340 651/1/340
f 664/1/1 666/1/1 663/1/1
f 664/1/282 659/1/282 662/1/282
f 665/1/341 662/1/341 661/1/341
f 666/1/342 661/1/342 660/1/342
f 663/1/343 660/1/343 659/1/343
f 671/1/1 673/1/1 674/1/1
f 672/1/344 667/1/344 670/1/344
f 673/1/345 670/1/345 669/1/345
f 674/1/346 669/1/346 668/1/346
f 671/1/347 668/1/347 667/1/347
f 680/1/1 682/1/1 679/1/1
f 680/1/348 675/1/348 678/1/348
f 681/1/349 678/1/349 677/1/349
f 682/1/350 677/1/350 676/1/350
f 679/1/351 676/1/351 675/1/351
f 688/1/1 690/1/1 687/1/1
f 688/1/352 683/1/352 686/1/352
f 689/1/353 686/1/353 685/1/353
f 690/1/354 685/1/354 684/1/354
f 687/1/355 684/1/355 683/1/355
f 696/1/1 698/1/1 695/1/1
f 696/1/356 691/1/356 694/1/356
f 697/1/357 694/1/357 693/1/357
f 698/1/358 693/1/358 692/1/358
f 695/1/359 692/1/359 691/1/359
f 704/1/1 706/1/1 703/1/1
f 704/1/360 699/1/360 702/1/360
f 705/1/361 702/1/361 701/1/361
f 706/1/362 701/1/362 700/1/362
f 703/1/363 700/1/363 699/1/363
f 711/1/1 713/1/1 714/1/1
f 712/1/364 707/1/364 710/1/364
f 713/1/365 710/1/365 709/1/365
f 714/1/366 709/1/366 708/1/366
f 711/1/367 708/1/367 707/1/367
f 720/1/1 722/1/1 719/1/1
f 720/1/368 715/1/368 718/1/368
f 721/1/369 718/1/369 717/1/369
f 722/1/370 717/1/370 716/1/370
f 719/1/371 716/1/371 715/1/371
f 730/1/1 732/1/1 734/1/1
f 730/1/372 723/1/372 728/1/372
f 731/1/373 728/1/373 727/1/373
f 732/1/374 727/1/374 726/1/374
f 733/1/375 726/1/375 725/1/375
f 734/1/376 725/1/376 724/1/376
f 729/1/377 724/1/377 723/1/377
f 740/1/1 742/1/1 739/1/1
f 740/1/378 735/1/378 738/1/378
f 741/1/379 738/1/379 737/1/379
f 742/1/380 737/1/380 736/1/380
f 739/1/381 736/1/381 735/1/381
f 747/1/1 749/1/1 750/1/1
f 748/1/382 743/1/382 746/1/382
f 749/1/383 746/1/383 745/1/383
f 750/1/384 745/1/384 744/1/384
f 747/1/385 744/1/385 743/1/385
f 755/1/1 757/1/1 758/1/1
f 756/1/386 751/1/386 754/1/386
f 757/1/387 754/1/387 753/1/387
f 758/1/388 753/1/388 752/1/388
f 755/1/389 752/1/389 751/1/389
f 763/1/1 765/1/1 766/1/1
f 764/1/390 759/1/390 762/1/390
f 765/1/391 762/1/391 761/1/391
f 766/1/392 761/1/392 760/1/392
f 763/1/393 760/1/393 759/1/394
f 772/1/1 774/1/1 771/1/1
f 772/1/395 767/1/395 770/1/395
f 773/1/396 770/1/396 769/1/396
f 774/1/397 769/1/397 768/1/397
f 771/1/398 768/1/398 767/1/398
f 779/1/1 781/1/1 782/1/1
f 780/1/399 775/1/399 778/1/399
f 781/1/400 778/1/400 777/1/400
f 782/1/401 777/1/401 776/1/401
f 779/1/402 776/1/402 775/1/402
f 788/1/1 790/1/1 787/1/1
f 788/1/403 783/1/403 786/1/403
f 789/1/271 786/1/271 785/1/271
f 790/1/404 785/1/404 784/1/404
f 787/1/393 784/1/393 783/1/393
f 795/1/1 797/1/1 798/1/1
f 796/1/405 791/1/405 794/1/405
f 797/1/406 794/1/406 793/1/406
f 798/1/407 793/1/407 792/1/407
f 795/1/408 792/1/408 791/1/408
f 804/1/1 806/1/1 803/1/1
f 804/1/409 799/1/409 802/1/409
f 805/1/410 802/1/410 801/1/410
f 806/1/411 801/1/411 800/1/411
f 803/1/412 800/1/412 799/1/412
f 814/1/1 816/1/1 818/1/1
f 814/1/413 807/1/413 812/1/413
f 815/1/414 812/1/414 811/1/414
f 816/1/415 811/1/416 810/1/415
f 817/1/417 810/1/415 809/1/417
f 818/1/418 809/1/418 808/1/418
f 813/1/419 808/1/419 807/1/419
f 824/1/1 826/1/1 823/1/1
f 824/1/420 819/1/420 822/1/420
f 825/1/421 822/1/421 821/1/421
f 826/1/422 821/1/422 820/1/422
f 823/1/423 820/1/423 819/1/423
f 832/1/1 834/1/1 831/1/1
f 832/1/424 827/1/424 830/1/424
f 833/1/425 830/1/425 829/1/426
f 834/1/427 829/1/427 828/1/427
f 831/1/27 828/1/428 827/1/428
f 840/1/1 842/1/1 839/1/1
f 840/1/429 835/1/429 838/1/429
f 841/1/430 838/1/430 837/1/430
f 842/1/431 837/1/431 836/1/431
f 839/1/432 836/1/432 835/1/432
f 848/1/1 850/1/1 847/1/1
f 848/1/433 843/1/433 846/1/433
f 849/1/434 846/1/434 845/1/434
f 850/1/435 845/1/435 844/1/435
f 847/1/436 844/1/436 843/1/436
f 859/1/1 861/1/1 862/1/1
f 858/1/437 851/1/437 856/1/437
f 859/1/438 856/1/438 855/1/438
f 860/1/439 855/1/439 854/1/439
f 861/1/440 854/1/440 853/1/440
f 862/1/441 853/1/441 852/1/441
f 857/1/442 852/1/442 851/1/442
f 869/1/1 871/1/1 872/1/1
f 869/1/443 863/1/443 867/1/443
f 870/1/444 867/1/444 866/1/444
f 871/1/445 866/1/445 865/1/445
f 872/1/446 865/1/446 864/1/446
f 868/1/447 864/1/447 863/1/447
f 877/1/1 879/1/1 880/1/1
f 878/1/448 873/1/448 876/1/448
f 879/1/449 876/1/449 875/1/449
f 880/1/450 875/1/450 874/1/450
f 877/1/451 874/1/451 873/1/451
f 886/1/1 888/1/1 885/1/1
f 886/1/452 881/1/452 884/1/452
f 887/1/453 884/1/453 883/1/453
f 888/1/454 883/1/454 882/1/454
f 885/1/455 882/1/455 881/1/455
f 893/1/1 895/1/1 896/1/1
f 894/1/456 889/1/456 892/1/456
f 895/1/457 892/1/457 891/1/457
f 896/1/458 891/1/458 890/1/458
f 893/1/459 890/1/459 889/1/459
f 902/1/1 904/1/1 901/1/1
f 902/1/460 897/1/460 900/1/460
f 903/1/461 900/1/461 899/1/461
f 904/1/462 899/1/462 898/1/462
f 901/1/463 898/1/463 897/1/463
f 910/1/1 912/1/1 909/1/1
f 910/1/464 905/1/464 908/1/464
f 911/1/465 908/1/465 907/1/465
f 912/1/466 907/1/466 906/1/466
f 909/1/467 906/1/467 905/1/467
f 918/1/1 920/1/1 917/1/1
f 918/1/468 913/1/468 916/1/468
f 919/1/469 916/1/469 915/1/469
f 920/1/470 915/1/470 914/1/470
f 917/1/471 914/1/471 913/1/471
f 925/1/1 927/1/1 928/1/1
f 926/1/472 921/1/472 924/1/472
f 927/1/391 924/1/391 923/1/391
f 928/1/473 923/1/473 922/1/473
f 925/1/474 922/1/474 921/1/474
f 933/1/1 935/1/1 936/1/1
f 934/1/475 929/1/475 932/1/475
f 935/1/476 932/1/476 931/1/476
f 936/1/83 931/1/83 930/1/83
f 933/1/74 930/1/74 929/1/74
f 942/1/1 944/1/1 941/1/1
f 942/1/477 937/1/477 940/1/477
f 943/1/478 940/1/478 939/1/478
f 944/1/479 939/1/479 938/1/479
f 941/1/480 938/1/480 937/1/480
f 950/1/1 952/1/1 949/1/1
f 950/1/119 945/1/119 948/1/119
f 951/1/136 948/1/136 947/1/136
f 952/1/481 947/1/481 946/1/481
f 949/1/112 946/1/112 945/1/112
f 958/1/1 960/1/1 957/1/1
f 958/1/482 953/1/482 956/1/482
f 959/1/483 956/1/483 955/1/483
f 960/1/484 955/1/484 954/1/484
f 957/1/485 954/1/485 953/1/485
f 979/1/1 984/1/1 985/1/1
f 975/1/486 961/1/486 973/1/486
f 976/1/487 973/1/487 972/1/487
f 977/1/488 972/1/488 971/1/488
f 978/1/489 971/1/489 970/1/489
f 979/1/490 970/1/491 969/1/490
f 980/1/492 969/1/490 968/1/492
f 981/1/493 968/1/493 967/1/493
f 982/1/494 967/1/494 966/1/494
f 983/1/495 966/1/495 965/1/495
f 984/1/496 965/1/496 964/1/496
f 985/1/497 964/1/497 963/1/497
f 986/1/498 963/1/498 962/1/498
f 974/1/499 962/1/499 961/1/499
f 991/1/1 993/1/1 994/1/1
f 992/1/500 987/1/500 990/1/500
f 993/1/501 990/1/501 989/1/501
f 994/1/502 989/1/502 988/1/502
f 991/1/503 988/1/503 987/1/503
f 1000/1/1 1002/1/1 999/1/1
f 1000/1/504 995/1/504 998/1/504
f 1001/1/505 998/1/505 997/1/505
f 1002/1/506 997/1/506 996/1/506
f 999/1/507 996/1/507 995/1/507
f 1008/1/1 1010/1/1 1007/1/1
f 1008/1/508 1003/1/508 1006/1/508
f 1009/1/509 1006/1/509 1005/1/509
f 1010/1/510 1005/1/510 1004/1/510
f 1007/1/511 1004/1/511 1003/1/511
f 1017/1/1 1019/1/1 1020/1/1
f 1017/1/267 1011/1/267 1015/1/267
f 1018/1/512 1015/1/512 1014/1/512
f 1019/1/513 1014/1/513 1013/1/513
f 1020/1/514 1013/1/514 1012/1/514
f 1016/1/515 1012/1/515 1011/1/515
f 1027/1/1 1029/1/1 1030/1/1
f 1027/1/516 1021/1/516 1025/1/516
f 1028/1/517 1025/1/517 1024/1/517
f 1029/1/518 1024/1/518 1023/1/518
f 1030/1/519 1023/1/519 1022/1/519
f 1026/1/520 1022/1/520 1021/1/520
f 1036/1/1 1038/1/1 1035/1/1
f 1036/1/521 1031/1/521 1034/1/521
f 1037/1/522 1034/1/522 1033/1/522
f 1038/1/523 1033/1/523 1032/1/523
f 1035/1/524 1032/1/524 1031/1/524
f 1043/1/1 1045/1/1 1046/1/1
f 1044/1/525 1039/1/525 1042/1/525
f 1045/1/526 1042/1/526 1041/1/526
f 1046/1/527 1041/1/527 1040/1/527
f 1043/1/528 1040/1/528 1039/1/528
f 1051/1/1 1053/1/1 1054/1/1
f 1052/1/529 1047/1/529 1050/1/529
f 1053/1/530 1050/1/530 1049/1/530
f 1054/1/531 1049/1/531 1048/1/531
f 1051/1/532 1048/1/532 1047/1/532
f 1060/1/1 1062/1/1 1059/1/1
f 1060/1/533 1055/1/533 1058/1/533
f 1061/1/534 1058/1/534 1057/1/534
f 1062/1/85 1057/1/85 1056/1/85
f 1059/1/535 1056/1/535 1055/1/535
f 1067/1/1 1069/1/1 1070/1/1
f 1068/1/536 1063/1/536 1066/1/536
f 1069/1/537 1066/1/537 1065/1/537
f 1070/1/538 1065/1/538 1064/1/538
f 1067/1/539 1064/1/539 1063/1/539
f 1075/1/1 1077/1/1 1078/1/1
f 1076/1/540 1071/1/540 1074/1/540
f 1077/1/541 1074/1/541 1073/1/541
f 1078/1/542 1073/1/542 1072/1/542
f 1075/1/543 1072/1/543 1071/1/543
f 1100/1/1 1103/1/1 1106/1/1
f 1096/1/544 1079/1/544 1094/1/544
f 1097/1/391 1094/1/391 1093/1/391
f 1098/1/545 1093/1/545 1092/1/545
f 1099/1/546 1092/1/546 1091/1/546
f 1100/1/547 1091/1/547 1090/1/547
f 1101/1/548 1090/1/548 1089/1/548
f 1102/1/549 1089/1/549 1088/1/549
f 1103/1/550 1088/1/550 1087/1/550
f 1104/1/551 1087/1/552 1086/1/551
f 1105/1/553 1086/1/551 1085/1/553
f 1106/1/554 1085/1/554 1084/1/554
f 1107/1/555 1084/1/555 1083/1/555
f 1108/1/556 1083/1/556 1082/1/556
f 1109/1/557 1082/1/557 1081/1/557
f 1110/1/558 1081/1/558 1080/1/558
f 1095/1/559 1080/1/559 1079/1/559
f 1115/1/1 1117/1/1 1118/1/1
f 1116/1/560 1111/1/560 1114/1/560
f 1117/1/561 1114/1/561 1113/1/561
f 1118/1/562 1113/1/562 1112/1/562
f 1115/1/563 1112/1/564 1111/1/564
f 1123/1/1 1125/1/1 1126/1/1
f 1124/1/565 1119/1/565 1122/1/565
f 1125/1/566 1122/1/566 1121/1/566
f 1126/1/567 1121/1/567 1120/1/567
f 1123/1/568 1120/1/568 1119/1/568
f 1131/1/1 1133/1/1 1134/1/1
f 1132/1/569 1127/1/569 1130/1/569
f 1133/1/570 1130/1/570 1129/1/570
f 1134/1/571 1129/1/571 1128/1/571
f 1131/1/572 1128/1/572 1127/1/572
f 1141/1/1 1143/1/1 1144/1/1
f 1141/1/573 1135/1/573 1139/1/573
f 1142/1/574 1139/1/574 1138/1/574
f 1143/1/575 1138/1/575 1137/1/575
f 1144/1/576 1137/1/576 1136/1/576
f 1140/1/577 1136/1/577 1135/1/577
f 1151/1/1 1153/1/1 1154/1/1
f 1151/1/578 1145/1/578 1149/1/578
f 1152/1/579 1149/1/579 1148/1/579
f 1153/1/580 1148/1/580 1147/1/580
f 1154/1/581 1147/1/581 1146/1/581
f 1150/1/582 1146/1/582 1145/1/582
f 1165/1/1 1169/1/1 1171/1/1
f 1165/1/583 1155/1/583 1163/1/583
f 1166/1/584 1163/1/584 1162/1/584
f 1167/1/585 1162/1/585 1161/1/585
f 1168/1/586 1161/1/586 1160/1/586
f 1169/1/587 1160/1/588 1159/1/587
f 1170/1/589 1159/1/587 1158/1/589
f 1171/1/590 1158/1/590 1157/1/590
f 1172/1/591 1157/1/590 1156/1/591
f 1164/1/592 1156/1/591 1155/1/592
f 1179/1/1 1180/1/1 1182/1/1
f 1179/1/593 1173/1/593 1177/1/593
f 1180/1/594 1177/1/594 1176/1/594
f 1181/1/595 1176/1/595 1175/1/595
f 1182/1/596 1175/1/596 1174/1/596
f 1178/1/597 1174/1/597 1173/1/597
f 1189/1/1 1191/1/1 1192/1/1
f 1189/1/598 1183/1/598 1187/1/598
f 1190/1/599 1187/1/599 1186/1/599
f 1191/1/600 1186/1/600 1185/1/600
f 1192/1/601 1185/1/601 1184/1/601
f 1188/1/602 1184/1/602 1183/1/602
f 1199/1/1 1201/1/1 1202/1/1
f 1199/1/603 1193/1/603 1197/1/603
f 1200/1/604 1197/1/604 1196/1/604
f 1201/1/605 1196/1/605 1195/1/605
f 1202/1/606 1195/1/606 1194/1/606
f 1198/1/607 1194/1/607 1193/1/607
f 1209/1/1 1211/1/1 1212/1/1
f 1209/1/608 1203/1/608 1207/1/608
f 1210/1/609 1207/1/609 1206/1/609
f 1211/1/610 1206/1/610 1205/1/610
f 1212/1/611 1205/1/611 1204/1/611
f 1208/1/612 1204/1/612 1203/1/612
f 1219/1/1 1221/1/1 1222/1/1
f 1219/1/613 1213/1/614 1217/1/614
f 1220/1/615 1217/1/615 1216/1/615
f 1221/1/616 1216/1/616 1215/1/616
f 1222/1/617 1215/1/617 1214/1/617
f 1218/1/618 1214/1/618 1213/1/618
f 1231/1/1 1233/1/1 1235/1/1
f 1231/1/256 1223/1/256 1229/1/256
f 1232/1/619 1229/1/619 1228/1/619
f 1233/1/620 1228/1/621 1227/1/620
f 1234/1/622 1227/1/620 1226/1/622
f 1235/1/623 1226/1/624 1225/1/623
f 1236/1/625 1225/1/623 1224/1/625
f 1230/1/626 1224/1/626 1223/1/626
f 1243/1/1 1245/1/1 1246/1/1
f 1243/1/627 1237/1/627 1241/1/627
f 1244/1/628 1241/1/628 1240/1/628
f 1245/1/629 1240/1/629 1239/1/629
f 1246/1/630 1239/1/630 1238/1/630
f 1242/1/631 1238/1/631 1237/1/631
f 1255/1/1 1258/1/1 1260/1/1
f 1255/1/632 1247/1/632 1253/1/632
f 1256/1/633 1253/1/633 1252/1/633
f 1257/1/634 1252/1/634 1251/1/634
f 1258/1/635 1251/1/635 1250/1/635
f 1259/1/636 1250/1/636 1249/1/636
f 1260/1/637 1249/1/637 1248/1/637
f 1254/1/638 1248/1/638 1247/1/638
f 1273/1/1 1277/1/1 1281/1/1
f 1273/1/639 1261/1/639 1271/1/639
f 1274/1/640 1271/1/640 1270/1/640
f 1275/1/641 1270/1/641 1269/1/641
f 1276/1/642 1269/1/642 1268/1/642
f 1277/1/643 1268/1/643 1267/1/643
f 1278/1/644 1267/1/644 1266/1/644
f 1279/1/645 1266/1/645 1265/1/645
f 1280/1/646 1265/1/646 1264/1/646
f 1281/1/647 1264/1/647 1263/1/647
f 1282/1/648 1263/1/648 1262/1/648
f 1272/1/649 1262/1/649 1261/1/649
f 1291/1/1 1295/1/1 1297/1/1
f 1292/1/650 1283/1/650 1290/1/650
f 1293/1/651 1290/1/651 1289/1/651
f 1294/1/652 1289/1/652 1288/1/652
f 1295/1/653 1288/1/653 1287/1/653
f 1296/1/654 1287/1/654 1286/1/654
f 1297/1/655 1286/1/655 1285/1/655
f 1298/1/500 1285/1/500 1284/1/500
f 1291/1/656 1284/1/656 1283/1/656
f 1303/1/1 1305/1/1 1306/1/1
f 1304/1/657 1299/1/657 1302/1/657
f 1305/1/658 1302/1/658 1301/1/658
f 1306/1/659 1301/1/659 1300/1/659
f 1303/1/660 1300/1/660 1299/1/660
f 1316/1/1 1318/1/1 1320/1/1
f 1315/1/661 1307/1/661 1313/1/661
f 1316/1/662 1313/1/662 1312/1/662
f 1317/1/663 1312/1/663 1311/1/663
f 1318/1/664 1311/1/664 1310/1/664
f 1319/1/665 1310/1/665 1309/1/665
f 1320/1/666 1309/1/666 1308/1/666
f 1314/1/667 1308/1/667 1307/1/667
f 1325/1/1 1327/1/1 1328/1/1
f 1326/1/668 1321/1/668 1324/1/668
f 1327/1/669 1324/1/669 1323/1/669
f 1328/1/670 1323/1/670 1322/1/670
f 1325/1/671 1322/1/671 1321/1/671
f 1333/1/1 1335/1/1 1336/1/1
f 1334/1/672 1329/1/672 1332/1/672
f 1335/1/673 1332/1/673 1331/1/673
f 1336/1/674 1331/1/674 1330/1/674
f 1333/1/675 1330/1/675 1329/1/675
f 1341/1/1 1343/1/1 1344/1/1
f 1342/1/676 1337/1/676 1340/1/676
f 1343/1/677 1340/1/677 1339/1/677
f 1344/1/678 1339/1/678 1338/1/678
f 1341/1/679 1338/1/679 1337/1/679
f 1350/1/1 1352/1/1 1349/1/1
f 1350/1/680 1345/1/680 1348/1/680
f 1351/1/681 1348/1/681 1347/1/681
f 1352/1/682 1347/1/682 1346/1/682
f 1349/1/683 1346/1/683 1345/1/683
f 1360/1/1 1362/1/1 1363/1/1
f 1360/1/684 1353/1/684 1354/1/684
f 1361/1/685 1354/1/685 1355/1/685
f 1362/1/686 1355/1/686 1356/1/686
f 1363/1/687 1356/1/687 1357/1/687
f 1364/1/688 1357/1/688 1358/1/688
f 1359/1/687 1358/1/687 1353/1/687
f 1370/1/1 1372/1/1 1369/1/1
f 1370/1/689 1365/1/689 1368/1/689
f 1371/1/690 1368/1/690 1367/1/690
f 1372/1/691 1367/1/691 1366/1/691
f 1369/1/692 1366/1/692 1365/1/692
f 1378/1/1 1380/1/1 1377/1/1
f 1378/1/693 1373/1/693 1376/1/693
f 1379/1/694 1376/1/694 1375/1/694
f 1380/1/695 1375/1/695 1374/1/695
f 1377/1/69 1374/1/69 1373/1/69
f 1393/1/1 1397/1/1 1399/1/1
f 1392/1/696 1381/1/696 1390/1/696
f 1393/1/697 1390/1/697 1389/1/697
f 1394/1/698 1389/1/698 1388/1/698
f 1395/1/699 1388/1/699 1387/1/699
f 1396/1/700 1387/1/700 1386/1/700
f 1397/1/701 1386/1/701 1385/1/701
f 1398/1/702 1385/1/702 1384/1/702
f 1399/1/703 1384/1/703 1383/1/703
f 1400/1/704 1383/1/704 1382/1/704
f 1391/1/705 1382/1/705 1381/1/705
f 1405/1/1 1407/1/1 1408/1/1
f 1406/1/706 1401/1/706 1404/1/706
f 1407/1/707 1404/1/707 1403/1/707
f 1408/1/708 1403/1/708 1402/1/708
f 1405/1/709 1402/1/709 1401/1/709
f 1414/1/1 1416/1/1 1413/1/1
f 1414/1/710 1409/1/710 1412/1/710
f 1415/1/711 1412/1/711 1411/1/711
f 1416/1/712 1411/1/712 1410/1/712
f 1413/1/713 1410/1/713 1409/1/713
f 1422/1/1 1424/1/1 1421/1/1
f 1422/1/714 1417/1/714 1420/1/714
f 1423/1/715 1420/1/715 1419/1/715
f 1424/1/716 1419/1/716 1418/1/716
f 1421/1/717 1418/1/717 1417/1/717
f 1429/1/1 1431/1/1 1432/1/1
f 1430/1/718 1425/1/718 1426/1/718
f 1431/1/719 1426/1/719 1427/1/719
f 1432/1/720 1427/1/720 1428/1/720
f 1429/1/721 1428/1/721 1425/1/721
f 1437/1/1 1439/1/1 1440/1/1
f 1438/1/722 1433/1/722 1436/1/722
f 1439/1/723 1436/1/723 1435/1/723
f 1440/1/724 1435/1/724 1434/1/724
f 1437/1/725 1434/1/725 1433/1/725
f 1446/1/1 1448/1/1 1445/1/1
f 1446/1/726 1441/1/726 1444/1/726
f 1447/1/727 1444/1/727 1443/1/727
f 1448/1/728 1443/1/728 1442/1/728
f 1445/1/729 1442/1/729 1441/1/729
f 1458/1/1 1461/1/1 1462/1/1
f 1457/1/730 1449/1/730 1455/1/730
f 1458/1/731 1455/1/731 1454/1/731
f 1459/1/732 1454/1/732 1453/1/732
f 1460/1/733 1453/1/733 1452/1/733
f 1461/1/734 1452/1/734 1451/1/734
f 1462/1/735 1451/1/735 1450/1/735
f 1456/1/736 1450/1/736 1449/1/736
f 1467/1/1 1469/1/1 1470/1/1
f 1468/1/737 1463/1/737 1466/1/737
f 1469/1/738 1466/1/738 1465/1/738
f 1470/1/739 1465/1/739 1464/1/739
f 1467/1/740 1464/1/740 1463/1/740
f 1476/1/1 1478/1/1 1475/1/1
f 1476/1/741 1471/1/741 1472/1/741
f 1477/1/742 1472/1/742 1473/1/742
f 1478/1/743 1473/1/743 1474/1/743
f 1475/1/744 1474/1/744 1471/1/744
f 1484/1/1 1486/1/1 1483/1/1
f 1484/1/745 1479/1/745 1482/1/745
f 1485/1/746 1482/1/746 1481/1/746
f 1486/1/747 1481/1/747 1480/1/747
f 1483/1/748 1480/1/748 1479/1/748
f 1491/1/1 1493/1/1 1494/1/1
f 1492/1/749 1487/1/749 1490/1/749
f 1493/1/750 1490/1/750 1489/1/750
f 1494/1/751 1489/1/751 1488/1/751
f 1491/1/752 1488/1/752 1487/1/752
f 1499/1/1 1501/1/1 1502/1/1
f 1500/1/753 1495/1/753 1496/1/753
f 1501/1/754 1496/1/754 1497/1/754
f 1502/1/755 1497/1/755 1498/1/755
f 1499/1/756 1498/1/756 1495/1/756
f 1519/1/1 1522/1/1 1525/1/1
f 1516/1/757 1503/1/757 1514/1/757
f 1517/1/758 1514/1/758 1513/1/758
f 1518/1/759 1513/1/759 1512/1/759
f 1519/1/760 1512/1/760 1511/1/760
f 1520/1/761 1511/1/761 1510/1/761
f 1521/1/762 1510/1/762 1509/1/762
f 1522/1/763 1509/1/763 1508/1/763
f 1523/1/764 1508/1/764 1507/1/764
f 1524/1/765 1507/1/765 1506/1/765
f 1525/1/766 1506/1/767 1505/1/767
f 1526/1/768 1505/1/768 1504/1/768
f 1515/1/769 1504/1/769 1503/1/769
f 1531/1/1 1533/1/1 1534/1/1
f 1532/1/770 1527/1/770 1530/1/770
f 1533/1/771 1530/1/771 1529/1/771
f 1534/1/772 1529/1/772 1528/1/772
f 1531/1/773 1528/1/773 1527/1/773
f 1539/1/1 1541/1/1 1542/1/1
f 1540/1/774 1535/1/774 1536/1/774
f 1541/1/775 1536/1/775 1537/1/775
f 1542/1/776 1537/1/776 1538/1/776
f 1539/1/777 1538/1/777 1535/1/777
f 1548/1/1 1550/1/1 1547/1/1
f 1548/1/778 1543/1/778 1546/1/778
f 1549/1/779 1546/1/779 1545/1/779
f 1550/1/780 1545/1/780 1544/1/780
f 1547/1/781 1544/1/781 1543/1/781
f 1558/1/1 1560/1/1 1561/1/1
f 1558/1/782 1551/1/782 1556/1/782
f 1559/1/783 1556/1/783 1555/1/783
f 1560/1/784 1555/1/784 1554/1/784
f 1561/1/785 1554/1/785 1553/1/785
f 1562/1/786 1553/1/786 1552/1/786
f 1557/1/787 1552/1/787 1551/1/787
f 1568/1/1 1570/1/1 1567/1/1
f 1568/1/788 1563/1/788 1566/1/788
f 1569/1/789 1566/1/789 1565/1/789
f 1570/1/790 1565/1/790 1564/1/790
f 1567/1/791 1564/1/791 1563/1/791
f 1576/1/1 1578/1/1 1575/1/1
f 1576/1/792 1571/1/792 1572/1/792
f 1577/1/793 1572/1/793 1573/1/793
f 1578/1/794 1573/1/794 1574/1/794
f 1575/1/795 1574/1/795 1571/1/795
f 1584/1/1 1586/1/1 1583/1/1
f 1584/1/796 1579/1/796 1580/1/796
f 1585/1/797 1580/1/797 1581/1/797
f 1586/1/798 1581/1/798 1582/1/798
f 1583/1/799 1582/1/799 1579/1/799
f 1592/1/1 1594/1/1 1591/1/1
f 1592/1/800 1587/1/800 1588/1/800
f 1593/1/801 1588/1/801 1589/1/801
f 1594/1/802 1589/1/802 1590/1/802
f 1591/1/803 1590/1/803 1587/1/803
f 1599/1/1 1601/1/1 1602/1/1
f 1600/1/804 1595/1/804 1596/1/804
f 1601/1/805 1596/1/805 1597/1/805
f 1602/1/806 1597/1/806 1598/1/806
f 1599/1/807 1598/1/807 1595/1/808
f 1607/1/1 1609/1/1 1610/1/1
f 1608/1/809 1603/1/809 1604/1/809
f 1609/1/810 1604/1/810 1605/1/810
f 1610/1/811 1605/1/811 1606/1/811
f 1607/1/812 1606/1/812 1603/1/812
f 1615/1/1 1617/1/1 1618/1/1
f 1616/1/813 1611/1/814 1612/1/814
f 1617/1/815 1612/1/815 1613/1/815
f 1618/1/816 1613/1/816 1614/1/816
f 1615/1/817 1614/1/817 1611/1/817
f 1627/1/1 1629/1/1 1630/1/1
f 1626/1/818 1619/1/818 1620/1/818
f 1627/1/819 1620/1/819 1621/1/819
f 1628/1/820 1621/1/820 1622/1/820
f 1629/1/821 1622/1/821 1623/1/821
f 1630/1/822 1623/1/822 1624/1/822
f 1625/1/823 1624/1/823 1619/1/823
f 1636/1/1 1638/1/1 1635/1/1
f 1636/1/824 1631/1/824 1632/1/824
f 1637/1/825 1632/1/825 1633/1/825
f 1638/1/826 1633/1/826 1634/1/826
f 1635/1/827 1634/1/827 1631/1/827
f 1656/1/1 1660/1/1 1663/1/1
f 1653/1/828 1639/1/828 1640/1/828
f 1654/1/829 1640/1/829 1641/1/829
f 1655/1/830 1641/1/830 1642/1/830
f 1656/1/831 1642/1/831 1643/1/831
f 1657/1/832 1643/1/832 1644/1/832
f 1658/1/833 1644/1/833 1645/1/833
f 1659/1/834 1645/1/834 1646/1/834
f 1660/1/835 1646/1/835 1647/1/835
f 1661/1/836 1647/1/836 1648/1/836
f 1662/1/837 1648/1/837 1649/1/837
f 1663/1/838 1649/1/838 1650/1/838
f 1664/1/839 1650/1/839 1651/1/839
f 1652/1/840 1651/1/840 1639/1/840
f 1674/1/1 1676/1/1 1678/1/1
f 1673/1/841 1665/1/841 1666/1/841
f 1674/1/842 1666/1/842 1667/1/842
f 1675/1/843 1667/1/843 1668/1/843
f 1676/1/219 1668/1/219 1669/1/219
f 1677/1/844 1669/1/844 1670/1/844
f 1678/1/845 1670/1/845 1671/1/845
f 1672/1/846 1671/1/846 1665/1/846
f 1686/1/1 1688/1/1 1690/1/1
f 1686/1/847 1679/1/847 1680/1/847
f 1687/1/848 1680/1/848 1681/1/848
f 1688/1/849 1681/1/849 1682/1/849
f 1689/1/850 1682/1/850 1683/1/850
f 1690/1/851 1683/1/851 1684/1/851
f 1685/1/852 1684/1/852 1679/1/852
f 1696/1/1 1698/1/1 1695/1/1
f 1696/1/853 1691/1/853 1692/1/853
f 1697/1/854 1692/1/854 1693/1/854
f 1698/1/855 1693/1/855 1694/1/855
f 1695/1/856 1694/1/856 1691/1/856
f 1703/1/1 1705/1/1 1706/1/1
f 1704/1/857 1699/1/857 1700/1/857
f 1705/1/858 1700/1/858 1701/1/858
f 1706/1/859 1701/1/859 1702/1/859
f 1703/1/860 1702/1/860 1699/1/860
f 1712/1/1 1714/1/1 1711/1/1
f 1712/1/85 1707/1/85 1708/1/85
f 1713/1/89 1708/1/89 1709/1/89
f 1714/1/861 1709/1/861 1710/1/861
f 1711/1/862 1710/1/862 1707/1/862
f 1723/1/1 1725/1/1 1726/1/1
f 1722/1/863 1715/1/863 1716/1/863
f 1723/1/864 1716/1/864 1717/1/864
f 1724/1/865 1717/1/865 1718/1/865
f 1725/1/866 1718/1/866 1719/1/866
f 1726/1/867 1719/1/867 1720/1/867
f 1721/1/868 1720/1/868 1715/1/868
f 1731/1/1 1733/1/1 1734/1/1
f 1732/1/869 1727/1/869 1728/1/869
f 1733/1/870 1728/1/870 1729/1/870
f 1734/1/871 1729/1/871 1730/1/871
f 1731/1/872 1730/1/872 1727/1/872
f 1739/1/1 1741/1/1 1742/1/1
f 1740/1/873 1735/1/873 1736/1/873
f 1741/1/874 1736/1/874 1737/1/874
f 1742/1/875 1737/1/875 1738/1/875
f 1739/1/876 1738/1/876 1735/1/876
f 1749/1/1 1751/1/1 1752/1/1
f 1749/1/877 1743/1/877 1744/1/877
f 1750/1/878 1744/1/878 1745/1/878
f 1751/1/879 1745/1/879 1746/1/879
f 1752/1/880 1746/1/880 1747/1/880
f 1748/1/881 1747/1/881 1743/1/881
f 1759/1/1 1761/1/1 1762/1/1
f 1759/1/882 1753/1/882 1754/1/882
f 1760/1/883 1754/1/883 1755/1/883
f 1761/1/884 1755/1/884 1756/1/884
f 1762/1/885 1756/1/885 1757/1/885
f 1758/1/886 1757/1/886 1753/1/886
f 1769/1/1 1772/1/1 1774/1/1
f 1770/1/887 1763/1/887 1764/1/887
f 1771/1/888 1764/1/888 1765/1/888
f 1772/1/889 1765/1/889 1766/1/889
f 1773/1/890 1766/1/891 1767/1/891
f 1774/1/892 1767/1/892 1768/1/892
f 1769/1/893 1768/1/893 1763/1/893
f 1785/1/1 1788/1/1 1790/1/1
f 1784/1/894 1775/1/894 1776/1/894
f 1785/1/895 1776/1/895 1777/1/895
f 1786/1/896 1777/1/896 1778/1/896
f 1787/1/303 1778/1/303 1779/1/303
f 1788/1/897 1779/1/897 1780/1/897
f 1789/1/131 1780/1/131 1781/1/131
f 1790/1/898 1781/1/898 1782/1/898
f 1783/1/899 1782/1/899 1775/1/899
f 1796/1/1 1798/1/1 1795/1/1
f 1796/1/900 1791/1/900 1792/1/900
f 1797/1/901 1792/1/901 1793/1/901
f 1798/1/902 1793/1/902 1794/1/902
f 1795/1/903 1794/1/903 1791/1/903
f 1806/1/1 1808/1/1 1810/1/1
f 1806/1/904 1799/1/904 1800/1/904
f 1807/1/905 1800/1/905 1801/1/905
f 1808/1/906 1801/1/906 1802/1/906
f 1809/1/907 1802/1/907 1803/1/907
f 1810/1/908 1803/1/908 1804/1/908
f 1805/1/905 1804/1/905 1799/1/905
f 1815/1/1 1817/1/1 1818/1/1
f 1816/1/909 1811/1/909 1812/1/909
f 1817/1/910 1812/1/910 1813/1/910
f 1818/1/911 1813/1/911 1814/1/911
f 1815/1/912 1814/1/912 1811/1/912
f 1829/1/1 1832/1/1 1836/1/1
f 1830/1/913 1819/1/913 1828/1/914
f 1831/1/915 1828/1/915 1827/1/915
f 1832/1/916 1827/1/916 1826/1/916
f 1833/1/917 1826/1/917 1825/1/917
f 1834/1/918 1825/1/918 1824/1/918
f 1835/1/919 1824/1/919 1823/1/919
f 1836/1/920 1823/1/920 1822/1/920
f 1837/1/921 1822/1/921 1821/1/921
f 1838/1/922 1821/1/922 1820/1/922
f 1829/1/923 1820/1/923 1819/1/923
f 1850/1/1 1855/1/1 1857/1/1
f 1850/1/924 1839/1/924 1848/1/924
f 1851/1/925 1848/1/925 1847/1/925
f 1852/1/926 1847/1/926 1846/1/926
f 1853/1/927 1846/1/927 1845/1/927
f 1854/1/928 1845/1/928 1844/1/928
f 1855/1/929 1844/1/929 1843/1/929
f 1856/1/930 1843/1/930 1842/1/930
f 1857/1/931 1842/1/931 1841/1/931
f 1858/1/932 1841/1/932 1840/1/932
f 1849/1/933 1840/1/933 1839/1/933
f 1871/1/1 1876/1/1 1879/1/1
f 1872/1/934 1859/1/934 1870/1/934
f 1873/1/935 1870/1/936 1869/1/936
f 1874/1/937 1869/1/937 1868/1/937
f 1875/1/938 1868/1/938 1867/1/938
f 1876/1/939 1867/1/939 1866/1/939
f 1877/1/940 1866/1/940 1865/1/940
f 1878/1/941 1865/1/941 1864/1/941
f 1879/1/942 1864/1/942 1863/1/942
f 1880/1/943 1863/1/943 1862/1/943
f 1881/1/944 1862/1/944 1861/1/944
f 1882/1/945 1861/1/945 1860/1/945
f 1871/1/946 1860/1/946 1859/1/946
f 1899/1/1 1903/1/1 1904/1/1
f 1897/1/947 1883/1/947 1895/1/947
f 1898/1/948 1895/1/948 1894/1/948
f 1899/1/949 1894/1/949 1893/1/949
f 1900/1/950 1893/1/950 1892/1/950
f 1901/1/951 1892/1/951 1891/1/951
f 1902/1/952 1891/1/952 1890/1/952
f 1903/1/953 1890/1/953 1889/1/953
f 1904/1/954 1889/1/954 1888/1/954
f 1905/1/955 1888/1/955 1887/1/955
f 1906/1/956 1887/1/956 1886/1/956
f 1907/1/957 1886/1/957 1885/1/957
f 1908/1/958 1885/1/958 1884/1/958
f 1896/1/959 1884/1/959 1883/1/959
f 1956/1/1 1959/1/1 1969/1/1
f 1946/1/960 1909/1/960 1944/1/960
f 1947/1/961 1944/1/961 1943/1/961
f 1948/1/962 1943/1/962 1942/1/962
f 1949/1/963 1942/1/963 1941/1/963
f 1950/1/964 1941/1/964 1940/1/964
f 1951/1/965 1940/1/965 1939/1/965
f 1952/1/966 1939/1/966 1938/1/966
f 1953/1/967 1938/1/967 1937/1/967
f 1954/1/968 1937/1/968 1936/1/968
f 1955/1/969 1936/1/969 1935/1/969
f 1956/1/970 1935/1/970 1934/1/970
f 1957/1/971 1934/1/971 1933/1/971
f 1958/1/972 1933/1/972 1932/1/972
f 1959/1/973 1932/1/973 1931/1/973
f 1960/1/974 1931/1/974 1930/1/974
f 1961/1/975 1930/1/975 1929/1/975
f 1962/1/976 1929/1/976 1928/1/976
f 1963/1/977 1928/1/977 1927/1/977
f 1964/1/687 1927/1/687 1926/1/687
f 1965/1/978 1926/1/978 1925/1/978
f 1966/1/979 1925/1/979 1924/1/979
f 1967/1/980 1924/1/980 1923/1/980
f 1968/1/981 1923/1/981 1922/1/981
f 1969/1/982 1922/1/982 1921/1/982
f 1970/1/983 1921/1/983 1920/1/983
f 1971/1/984 1920/1/984 1919/1/984
f 1972/1/985 1919/1/985 1918/1/985
f 1973/1/986 1918/1/986 1917/1/986
f 1974/1/987 1917/1/987 1916/1/987
f 1975/1/988 1916/1/988 1915/1/988
f 1976/1/989 1915/1/989 1914/1/989
f 1977/1/990 1914/1/990 1913/1/990
f 1978/1/991 1913/1/991 1912/1/991
f 1979/1/992 1912/1/992 1911/1/992
f 1980/1/993 1911/1/993 1910/1/993
f 1945/1/971 1910/1/971 1909/1/971
f 1985/1/1 1987/1/1 1988/1/1
f 1986/1/994 1981/1/994 1984/1/994
f 1987/1/995 1984/1/995 1983/1/995
f 1988/1/996 1983/1/996 1982/1/996
f 1985/1/997 1982/1/997 1981/1/997
f 1993/1/1 1995/1/1 1996/1/1
f 1994/1/998 1989/1/998 1992/1/998
f 1995/1/271 1992/1/271 1991/1/271
f 1996/1/999 1991/1/999 1990/1/999
f 1993/1/1000 1990/1/1000 1989/1/1000
f 2002/1/1 2004/1/1 2001/1/1
f 2002/1/1001 1997/1/1001 2000/1/1001
f 2003/1/1002 2000/1/1002 1999/1/1002
f 2004/1/1003 1999/1/1003 1998/1/1003
f 2001/1/957 1998/1/957 1997/1/957
f 2009/1/1 2011/1/1 2012/1/1
f 2010/1/1004 2005/1/1004 2008/1/1004
f 2011/1/1005 2008/1/1005 2007/1/1005
f 2012/1/1006 2007/1/1006 2006/1/1006
f 2009/1/1007 2006/1/1007 2005/1/1007
f 2018/1/1 2020/1/1 2017/1/1
f 2018/1/1008 2013/1/1008 2016/1/1008
f 2019/1/1009 2016/1/1009 2015/1/1009
f 2020/1/1010 2015/1/1010 2014/1/1010
f 2017/1/1011 2014/1/1011 2013/1/1011
f 2025/1/1 2027/1/1 2028/1/1
f 2026/1/1012 2021/1/1012 2024/1/1012
f 2027/1/1013 2024/1/1013 2023/1/1013
f 2028/1/1014 2023/1/1014 2022/1/1014
f 2025/1/1015 2022/1/1015 2021/1/1015
f 2034/1/1 2036/1/1 2033/1/1
f 2034/1/737 2029/1/737 2032/1/737
f 2035/1/1016 2032/1/1016 2031/1/1016
f 2036/1/1017 2031/1/1017 2030/1/1017
f 2033/1/1018 2030/1/1018 2029/1/1018
f 2041/1/1 2043/1/1 2044/1/1
f 2042/1/1019 2037/1/1019 2040/1/1019
f 2043/1/1020 2040/1/1020 2039/1/1020
f 2044/1/1021 2039/1/1021 2038/1/1021
f 2041/1/1022 2038/1/1022 2037/1/1022
f 2050/1/1 2052/1/1 2049/1/1
f 2050/1/126 2045/1/126 2048/1/126
f 2051/1/1023 2048/1/1023 2047/1/1023
f 2052/1/1024 2047/1/1024 2046/1/1024
f 2049/1/1025 2046/1/1025 2045/1/1025
f 2058/1/1 2060/1/1 2057/1/1
f 2058/1/1026 2053/1/1026 2056/1/1026
f 2059/1/1027 2056/1/1027 2055/1/1027
f 2060/1/1028 2055/1/1028 2054/1/1028
f 2057/1/1029 2054/1/1029 2053/1/1029
f 2066/1/1 2068/1/1 2065/1/1
f 2066/1/1030 2061/1/1030 2064/1/1030
f 2067/1/1031 2064/1/1031 2063/1/1031
f 2068/1/462 2063/1/462 2062/1/462
f 2065/1/1032 2062/1/1032 2061/1/1032
f 2073/1/1 2075/1/1 2076/1/1
f 2074/1/1033 2069/1/1033 2072/1/1033
f 2075/1/1034 2072/1/1034 2071/1/1034
f 2076/1/1035 2071/1/1035 2070/1/1035
f 2073/1/1036 2070/1/1036 2069/1/1036
f 2082/1/1 2084/1/1 2081/1/1
f 2082/1/1037 2077/1/1037 2080/1/1037
f 2083/1/1038 2080/1/1038 2079/1/1038
f 2084/1/1039 2079/1/1039 2078/1/1039
f 2081/1/1040 2078/1/1040 2077/1/1040
f 2090/1/1 2092/1/1 2089/1/1
f 2090/1/1041 2085/1/1042 2088/1/1042
f 2091/1/1043 2088/1/1043 2087/1/1043
f 2092/1/1044 2087/1/1045 2086/1/1045
f 2089/1/1046 2086/1/1046 2085/1/1046
f 2098/1/1 2100/1/1 2097/1/1
f 2098/1/1047 2093/1/1047 2096/1/1047
f 2099/1/1048 2096/1/1048 2095/1/1048
f 2100/1/1049 2095/1/1049 2094/1/1049
f 2097/1/1050 2094/1/1050 2093/1/1050
f 2105/1/1 2107/1/1 2108/1/1
f 2106/1/1051 2101/1/1051 2104/1/1051
f 2107/1/1052 2104/1/1053 2103/1/1053
f 2108/1/1054 2103/1/1054 2102/1/1054
f 2105/1/1055 2102/1/1055 2101/1/1055
f 2114/1/1 2116/1/1 2113/1/1
f 2114/1/1056 2109/1/1056 2112/1/1056
f 2115/1/1057 2112/1/1057 2111/1/1057
f 2116/1/1058 2111/1/1058 2110/1/1058
f 2113/1/1059 2110/1/1059 2109/1/1059
f 2121/1/1 2123/1/1 2124/1/1
f 2122/1/1060 2117/1/1060 2120/1/1060
f 2123/1/1061 2120/1/1061 2119/1/1061
f 2124/1/1062 2119/1/1062 2118/1/1062
f 2121/1/1063 2118/1/1063 2117/1/1063
f 2129/1/1 2131/1/1 2132/1/1
f 2130/1/464 2125/1/464 2128/1/464
f 2131/1/1064 2128/1/1064 2127/1/1064
f 2132/1/1065 2127/1/1065 2126/1/1065
f 2129/1/1066 2126/1/1066 2125/1/1066
f 2137/1/1 2139/1/1 2140/1/1
f 2138/1/1067 2133/1/1067 2136/1/1067
f 2139/1/1068 2136/1/1068 2135/1/1068
f 2140/1/1069 2135/1/1069 2134/1/1069
f 2137/1/1070 2134/1/1070 2133/1/1070
f 2146/1/1 2148/1/1 2145/1/1
f 2146/1/1071 2141/1/1071 2144/1/1071
f 2147/1/1072 2144/1/1072 2143/1/1072
f 2148/1/1073 2143/1/1073 2142/1/1073
f 2145/1/1074 2142/1/1074 2141/1/1074
f 2154/1/1 2156/1/1 2153/1/1
f 2154/1/1075 2149/1/1075 2152/1/1075
f 2155/1/1076 2152/1/1076 2151/1/1076
f 2156/1/1077 2151/1/1077 2150/1/1077
f 2153/1/1078 2150/1/1078 2149/1/1078
f 2161/1/1 2163/1/1 2164/1/1
f 2162/1/1079 2157/1/1079 2160/1/1079
f 2163/1/1080 2160/1/1080 2159/1/1080
f 2164/1/473 2159/1/473 2158/1/473
f 2161/1/474 2158/1/474 2157/1/474
f 2170/1/1 2172/1/1 2169/1/1
f 2170/1/1081 2165/1/1081 2168/1/1081
f 2171/1/1082 2168/1/1082 2167/1/1082
f 2172/1/1083 2167/1/1083 2166/1/1083
f 2169/1/1084 2166/1/1084 2165/1/1084
f 2178/1/1 2180/1/1 2177/1/1
f 2178/1/1085 2173/1/1085 2176/1/1085
f 2179/1/1086 2176/1/1086 2175/1/1086
f 2180/1/1087 2175/1/1087 2174/1/1087
f 2177/1/1088 2174/1/1088 2173/1/1088
f 2185/1/1 2187/1/1 2188/1/1
f 2186/1/1089 2181/1/1089 2184/1/1089
f 2187/1/1090 2184/1/1090 2183/1/1090
f 2188/1/1091 2183/1/1091 2182/1/1091
f 2185/1/1092 2182/1/1092 2181/1/1092
f 2194/1/1 2196/1/1 2193/1/1
f 2194/1/1093 2189/1/1093 2192/1/1093
f 2195/1/1094 2192/1/1094 2191/1/1094
f 2196/1/1095 2191/1/1095 2190/1/1095
f 2193/1/1096 2190/1/1096 2189/1/1096
f 2202/1/1 2204/1/1 2201/1/1
f 2202/1/1097 2197/1/1097 2200/1/1097
f 2203/1/1098 2200/1/1098 2199/1/1098
f 2204/1/1099 2199/1/1099 2198/1/1099
f 2201/1/1100 2198/1/1100 2197/1/1100
f 2210/1/1 2212/1/1 2209/1/1
f 2210/1/1101 2205/1/1101 2208/1/1101
f 2211/1/1102 2208/1/1102 2207/1/1102
f 2212/1/1103 2207/1/1103 2206/1/1103
f 2209/1/1104 2206/1/1104 2205/1/1104
f 2218/1/1 2220/1/1 2217/1/1
f 2218/1/1105 2213/1/1105 2216/1/1105
f 2219/1/1106 2216/1/1106 2215/1/1106
f 2220/1/1107 2215/1/1107 2214/1/1107
f 2217/1/1108 2214/1/1108 2213/1/1108
f 2225/1/1 2227/1/1 2228/1/1
f 2226/1/1109 2221/1/1109 2224/1/1109
f 2227/1/1110 2224/1/1110 2223/1/1110
f 2228/1/1111 2223/1/1111 2222/1/1111
f 2225/1/1112 2222/1/1112 2221/1/1112
f 2233/1/1 2235/1/1 2236/1/1
f 2234/1/1113 2229/1/1113 2232/1/1113
f 2235/1/1114 2232/1/1114 2231/1/1114
f 2236/1/1115 2231/1/1115 2230/1/1115
f 2233/1/1116 2230/1/1116 2229/1/1116
f 2241/1/1 2243/1/1 2244/1/1
f 2242/1/1117 2237/1/1117 2240/1/1117
f 2243/1/1118 2240/1/1118 2239/1/1118
f 2244/1/1119 2239/1/1119 2238/1/1119
f 2241/1/1120 2238/1/1120 2237/1/1120
f 2250/1/1 2252/1/1 2249/1/1
f 2250/1/1121 2245/1/1121 2248/1/1121
f 2251/1/1122 2248/1/1122 2247/1/1122
f 2252/1/1123 2247/1/1123 2246/1/1123
f 2249/1/1124 2246/1/1124 2245/1/1124
f 2259/1/1 2261/1/1 2262/1/1
f 2259/1/282 2253/1/282 2257/1/282
f 2260/1/1125 2257/1/1125 2256/1/1125
f 2261/1/1126 2256/1/1126 2255/1/1126
f 2262/1/1127 2255/1/1127 2254/1/1127
f 2258/1/1128 2254/1/1128 2253/1/1128
f 2267/1/1 2269/1/1 2270/1/1
f 2268/1/1129 2263/1/1129 2266/1/1129
f 2269/1/1130 2266/1/1130 2265/1/1130
f 2270/1/1131 2265/1/1131 2264/1/1131
f 2267/1/1132 2264/1/1132 2263/1/1132
f 2275/1/1 2277/1/1 2278/1/1
f 2276/1/801 2271/1/801 2274/1/801
f 2277/1/1133 2274/1/1133 2273/1/1133
f 2278/1/1134 2273/1/1134 2272/1/1134
f 2275/1/1135 2272/1/1135 2271/1/1135
f 2283/1/1 2285/1/1 2286/1/1
f 2284/1/1136 2279/1/1136 2282/1/1136
f 2285/1/1137 2282/1/1137 2281/1/1137
f 2286/1/1138 2281/1/1138 2280/1/1138
f 2283/1/1139 2280/1/1139 2279/1/1139
f 2291/1/1 2293/1/1 2294/1/1
f 2292/1/1140 2287/1/1140 2290/1/1140
f 2293/1/1141 2290/1/1141 2289/1/1141
f 2294/1/1142 2289/1/1142 2288/1/1142
f 2291/1/1143 2288/1/1143 2287/1/1143
f 2300/1/1 2302/1/1 2299/1/1
f 2300/1/1144 2295/1/1144 2298/1/1144
f 2301/1/1145 2298/1/1145 2297/1/1145
f 2302/1/1146 2297/1/1146 2296/1/1146
f 2299/1/1147 2296/1/1147 2295/1/1147
f 2308/1/1 2310/1/1 2307/1/1
f 2308/1/1148 2303/1/1148 2306/1/1148
f 2309/1/1149 2306/1/1149 2305/1/1149
f 2310/1/1150 2305/1/1150 2304/1/1150
f 2307/1/1151 2304/1/1151 2303/1/1151
f 2317/1/1 2319/1/1 2320/1/1
f 2317/1/1152 2311/1/1152 2315/1/1152
f 2318/1/459 2315/1/459 2314/1/459
f 2319/1/1153 2314/1/1153 2313/1/1153
f 2320/1/1154 2313/1/1154 2312/1/1154
f 2316/1/1155 2312/1/1155 2311/1/1155
f 2326/1/1 2328/1/1 2325/1/1
f 2326/1/1156 2321/1/1156 2324/1/1156
f 2327/1/1157 2324/1/1157 2323/1/1157
f 2328/1/1158 2323/1/1158 2322/1/1158
f 2325/1/1159 2322/1/1159 2321/1/1159
f 2333/1/1 2335/1/1 2336/1/1
f 2334/1/1160 2329/1/1160 2332/1/1160
f 2335/1/1161 2332/1/1161 2331/1/1161
f 2336/1/1162 2331/1/1162 2330/1/1162
f 2333/1/1163 2330/1/1163 2329/1/1163
f 2341/1/1 2343/1/1 2344/1/1
f 2342/1/1164 2337/1/1164 2340/1/1164
f 2343/1/1165 2340/1/1165 2339/1/1165
f 2344/1/1166 2339/1/1166 2338/1/1166
f 2341/1/1167 2338/1/1167 2337/1/1167
f 2350/1/1 2352/1/1 2349/1/1
f 2350/1/1168 2345/1/1168 2348/1/1168
f 2351/1/1169 2348/1/1169 2347/1/1169
f 2352/1/492 2347/1/492 2346/1/492
f 2349/1/1170 2346/1/1170 2345/1/1170
f 2357/1/1 2359/1/1 2360/1/1
f 2358/1/176 2353/1/176 2356/1/176
f 2359/1/1171 2356/1/1171 2355/1/1171
f 2360/1/1172 2355/1/1172 2354/1/1172
f 2357/1/1173 2354/1/1173 2353/1/1173
f 2365/1/1 2367/1/1 2368/1/1
f 2366/1/1174 2361/1/1174 2364/1/1174
f 2367/1/1175 2364/1/1175 2363/1/1175
f 2368/1/1176 2363/1/1176 2362/1/1176
f 2365/1/1177 2362/1/1177 2361/1/1177
f 2373/1/1 2375/1/1 2376/1/1
f 2374/1/1178 2369/1/1178 2372/1/1178
f 2375/1/1179 2372/1/1179 2371/1/1179
f 2376/1/1180 2371/1/1180 2370/1/1180
f 2373/1/1181 2370/1/1181 2369/1/1181
f 2383/1/1 2385/1/1 2386/1/1
f 2383/1/1048 2377/1/1048 2381/1/1048
f 2384/1/271 2381/1/271 2380/1/271
f 2385/1/1182 2380/1/1182 2379/1/1182
f 2386/1/1183 2379/1/1183 2378/1/1183
f 2382/1/1184 2378/1/1184 2377/1/1184
f 2398/1/1 2400/1/1 2402/1/1
f 2396/1/1185 2387/1/1185 2394/1/1185
f 2397/1/1186 2394/1/1186 2393/1/1186
f 2398/1/1187 2393/1/1187 2392/1/1187
f 2399/1/489 2392/1/489 2391/1/646
f 2400/1/1188 2391/1/1188 2390/1/1188
f 2401/1/1189 2390/1/1189 2389/1/1189
f 2402/1/1190 2389/1/1190 2388/1/1190
f 2395/1/1191 2388/1/1191 2387/1/1191
f 2408/1/1 2410/1/1 2407/1/1
f 2408/1/1192 2403/1/1192 2406/1/1192
f 2409/1/1193 2406/1/1193 2405/1/1193
f 2410/1/1194 2405/1/1194 2404/1/1194
f 2407/1/1195 2404/1/1195 2403/1/1195
f 2416/1/1 2418/1/1 2415/1/1
f 2416/1/1196 2411/1/1196 2414/1/1196
f 2417/1/1197 2414/1/1197 2413/1/1197
f 2418/1/1198 2413/1/1198 2412/1/1198
f 2415/1/1199 2412/1/1199 2411/1/1199
f 2423/1/1 2425/1/1 2426/1/1
f 2424/1/1200 2419/1/1200 2422/1/1200
f 2425/1/1201 2422/1/1201 2421/1/1201
f 2426/1/1202 2421/1/1202 2420/1/1202
f 2423/1/1203 2420/1/1203 2419/1/1203
f 2432/1/1 2434/1/1 2431/1/1
f 2432/1/730 2427/1/730 2430/1/730
f 2433/1/378 2430/1/378 2429/1/378
f 2434/1/1204 2429/1/1204 2428/1/1204
f 2431/1/1205 2428/1/1205 2427/1/1205
f 2439/1/1 2441/1/1 2442/1/1
f 2440/1/1206 2435/1/1206 2438/1/1206
f 2441/1/1080 2438/1/1080 2437/1/1080
f 2442/1/1207 2437/1/1207 2436/1/1207
f 2439/1/1208 2436/1/1208 2435/1/1208
f 2447/1/1 2449/1/1 2450/1/1
f 2448/1/1209 2443/1/1209 2446/1/1210
f 2449/1/1211 2446/1/1211 2445/1/1211
f 2450/1/1212 2445/1/1212 2444/1/1212
f 2447/1/1213 2444/1/1213 2443/1/1213
f 2456/1/1 2458/1/1 2455/1/1
f 2456/1/1214 2451/1/1214 2454/1/1214
f 2457/1/1215 2454/1/1215 2453/1/1215
f 2458/1/1216 2453/1/1216 2452/1/1216
f 2455/1/1217 2452/1/1217 2451/1/1217
f 2463/1/1 2465/1/1 2466/1/1
f 2464/1/1218 2459/1/1218 2462/1/1218
f 2465/1/1219 2462/1/1219 2461/1/1219
f 2466/1/1220 2461/1/1220 2460/1/1220
f 2463/1/1221 2460/1/1221 2459/1/1221
f 2472/1/1 2474/1/1 2471/1/1
f 2472/1/1222 2467/1/1222 2470/1/1222
f 2473/1/1223 2470/1/1223 2469/1/1223
f 2474/1/1224 2469/1/1224 2468/1/1224
f 2471/1/1225 2468/1/1225 2467/1/1225
f 2480/1/1 2482/1/1 2479/1/1
f 2480/1/1226 2475/1/1226 2478/1/1226
f 2481/1/1227 2478/1/1228 2477/1/1228
f 2482/1/1229 2477/1/1229 2476/1/1229
f 2479/1/1230 2476/1/1230 2475/1/1230
f 2487/1/1 2489/1/1 2490/1/1
f 2488/1/1231 2483/1/1231 2486/1/1231
f 2489/1/1232 2486/1/1232 2485/1/1232
f 2490/1/1207 2485/1/1207 2484/1/1207
f 2487/1/1233 2484/1/1233 2483/1/1233
f 2496/1/1 2498/1/1 2495/1/1
f 2496/1/1234 2491/1/1234 2494/1/1234
f 2497/1/1235 2494/1/1235 2493/1/1235
f 2498/1/1236 2493/1/1236 2492/1/1236
f 2495/1/1237 2492/1/1237 2491/1/1237
f 2503/1/1 2505/1/1 2506/1/1
f 2504/1/1238 2499/1/1238 2502/1/1238
f 2505/1/1239 2502/1/1239 2501/1/1239
f 2506/1/1035 2501/1/1035 2500/1/1035
f 2503/1/1240 2500/1/1240 2499/1/1240
f 2512/1/1 2514/1/1 2511/1/1
f 2512/1/1241 2507/1/1241 2510/1/1241
f 2513/1/1242 2510/1/1242 2509/1/1242
f 2514/1/58 2509/1/58 2508/1/58
f 2511/1/1243 2508/1/1243 2507/1/1243
f 2520/1/1 2522/1/1 2519/1/1
f 2520/1/1244 2515/1/1244 2518/1/1244
f 2521/1/1245 2518/1/1245 2517/1/1245
f 2522/1/1246 2517/1/1246 2516/1/1246
f 2519/1/1247 2516/1/1247 2515/1/1247
f 2527/1/1 2529/1/1 2530/1/1
f 2528/1/532 2523/1/532 2526/1/532
f 2529/1/1248 2526/1/1248 2525/1/1248
f 2530/1/530 2525/1/530 2524/1/530
f 2527/1/1249 2524/1/1249 2523/1/1249
f 2535/1/1 2537/1/1 2538/1/1
f 2536/1/1250 2531/1/1250 2534/1/1250
f 2537/1/1251 2534/1/1251 2533/1/1251
f 2538/1/1252 2533/1/1252 2532/1/1252
f 2535/1/1253 2532/1/1253 2531/1/1253
f 2544/1/1 2546/1/1 2543/1/1
f 2544/1/1254 2539/1/1254 2542/1/1254
f 2545/1/1255 2542/1/1255 2541/1/1255
f 2546/1/1256 2541/1/1256 2540/1/1256
f 2543/1/1257 2540/1/1257 2539/1/1257
f 2551/1/1 2553/1/1 2554/1/1
f 2552/1/1258 2547/1/1258 2550/1/1258
f 2553/1/1239 2550/1/1239 2549/1/1239
f 2554/1/1259 2549/1/1259 2548/1/1259
f 2551/1/118 2548/1/118 2547/1/118
f 2559/1/1 2561/1/1 2562/1/1
f 2560/1/1260 2555/1/1260 2558/1/1260
f 2561/1/1261 2558/1/1261 2557/1/1261
f 2562/1/1262 2557/1/1262 2556/1/1262
f 2559/1/1263 2556/1/1263 2555/1/1263
f 2567/1/1 2569/1/1 2570/1/1
f 2568/1/1264 2563/1/1264 2566/1/1264
f 2569/1/1265 2566/1/1265 2565/1/1265
f 2570/1/1266 2565/1/1266 2564/1/1266
f 2567/1/1267 2564/1/1267 2563/1/1267
f 2575/1/1 2577/1/1 2578/1/1
f 2576/1/1268 2571/1/1268 2574/1/1268
f 2577/1/1269 2574/1/1269 2573/1/1269
f 2578/1/1270 2573/1/1270 2572/1/1270
f 2575/1/1271 2572/1/1271 2571/1/1271
f 2584/1/1 2586/1/1 2583/1/1
f 2584/1/1272 2579/1/1272 2582/1/1272
f 2585/1/1273 2582/1/1273 2581/1/1273
f 2586/1/1274 2581/1/1274 2580/1/1274
f 2583/1/1275 2580/1/1275 2579/1/1275
f 2592/1/1 2594/1/1 2591/1/1
f 2592/1/1276 2587/1/1276 2590/1/1276
f 2593/1/1277 2590/1/1277 2589/1/1277
f 2594/1/1278 2589/1/1279 2588/1/1279
f 2591/1/1280 2588/1/1280 2587/1/1280
f 2600/1/1 2602/1/1 2599/1/1
f 2600/1/1281 2595/1/1281 2598/1/1281
f 2601/1/1282 2598/1/1282 2597/1/1282
f 2602/1/1283 2597/1/1283 2596/1/1283
f 2599/1/1284 2596/1/1284 2595/1/1284
f 2608/1/1 2610/1/1 2607/1/1
f 2608/1/1285 2603/1/1285 2606/1/1285
f 2609/1/1286 2606/1/1286 2605/1/1286
f 2610/1/1287 2605/1/1287 2604/1/1287
f 2607/1/1288 2604/1/1288 2603/1/1288
f 2616/1/1 2618/1/1 2615/1/1
f 2616/1/364 2611/1/364 2614/1/364
f 2617/1/1289 2614/1/1289 2613/1/1289
f 2618/1/1290 2613/1/1290 2612/1/1290
f 2615/1/1291 2612/1/1291 2611/1/1291
f 2625/1/1 2627/1/1 2628/1/1
f 2625/1/1292 2619/1/1292 2623/1/1292
f 2626/1/1293 2623/1/1293 2622/1/1293
f 2627/1/1294 2622/1/1294 2621/1/1294
f 2628/1/1295 2621/1/1295 2620/1/1295
f 2624/1/1296 2620/1/1296 2619/1/1296
f 2635/1/1 2637/1/1 2638/1/1
f 2635/1/1297 2629/1/1297 2633/1/1297
f 2636/1/1298 2633/1/1298 2632/1/1298
f 2637/1/1299 2632/1/1299 2631/1/1299
f 2638/1/1300 2631/1/1300 2630/1/1300
f 2634/1/1301 2630/1/1301 2629/1/1301
f 2650/1/1 2655/1/1 2657/1/1
f 2650/1/1302 2639/1/1303 2648/1/1302
f 2651/1/1304 2648/1/1302 2647/1/1304
f 2652/1/1305 2647/1/1305 2646/1/1305
f 2653/1/1306 2646/1/447 2645/1/1306
f 2654/1/477 2645/1/1306 2644/1/477
f 2655/1/894 2644/1/1307 2643/1/894
f 2656/1/1308 2643/1/894 2642/1/1308
f 2657/1/1309 2642/1/1309 2641/1/1309
f 2658/1/327 2641/1/327 2640/1/327
f 2649/1/1310 2640/1/1310 2639/1/1310
f 2665/1/1 2667/1/1 2668/1/1
f 2665/1/1136 2659/1/1136 2663/1/1136
f 2666/1/1118 2663/1/1118 2662/1/1118
f 2667/1/58 2662/1/58 2661/1/58
f 2668/1/1311 2661/1/1311 2660/1/1311
f 2664/1/1312 2660/1/1312 2659/1/1312
f 2675/1/1 2677/1/1 2678/1/1
f 2675/1/1313 2669/1/1313 2673/1/1313
f 2676/1/1314 2673/1/1314 2672/1/1314
f 2677/1/1315 2672/1/1315 2671/1/1315
f 2678/1/1316 2671/1/1316 2670/1/1316
f 2674/1/1317 2670/1/1317 2669/1/1317
f 2685/1/1 2687/1/1 2688/1/1
f 2685/1/1318 2679/1/1318 2683/1/1318
f 2686/1/1319 2683/1/1319 2682/1/1319
f 2687/1/1320 2682/1/1320 2681/1/1320
f 2688/1/1321 2681/1/1321 2680/1/1321
f 2684/1/1322 2680/1/1323 2679/1/1323
f 2695/1/1 2697/1/1 2698/1/1
f 2695/1/1324 2689/1/1324 2693/1/1324
f 2696/1/1325 2693/1/1325 2692/1/1325
f 2697/1/1326 2692/1/1326 2691/1/1326
f 2698/1/1327 2691/1/1327 2690/1/1328
f 2694/1/1329 2690/1/1329 2689/1/1329
f 2705/1/1 2707/1/1 2708/1/1
f 2705/1/1330 2699/1/1330 2703/1/1330
f 2706/1/1331 2703/1/1331 2702/1/1331
f 2707/1/1332 2702/1/1332 2701/1/1332
f 2708/1/1333 2701/1/1333 2700/1/1333
f 2704/1/1334 2700/1/1334 2699/1/1334
f 2715/1/1 2717/1/1 2718/1/1
f 2715/1/1335 2709/1/1335 2713/1/1335
f 2716/1/1103 2713/1/1103 2712/1/1103
f 2717/1/1336 2712/1/1336 2711/1/1336
f 2718/1/1337 2711/1/1337 2710/1/1337
f 2714/1/1338 2710/1/1338 2709/1/1338
f 2725/1/1 2727/1/1 2729/1/1
f 2726/1/1339 2719/1/1339 2724/1/1339
f 2727/1/1340 2724/1/1340 2723/1/1340
f 2728/1/1341 2723/1/1341 2722/1/1341
f 2729/1/1342 2722/1/1342 2721/1/1342
f 2730/1/1343 2721/1/1343 2720/1/1343
f 2725/1/1344 2720/1/1344 2719/1/1344
f 2739/1/1 2741/1/1 2742/1/1
f 2738/1/1345 2731/1/1345 2736/1/1345
f 2739/1/1346 2736/1/1347 2735/1/1347
f 2740/1/1348 2735/1/1348 2734/1/1348
f 2741/1/1349 2734/1/1349 2733/1/1349
f 2742/1/1350 2733/1/1350 2732/1/1350
f 2737/1/1351 2732/1/1351 2731/1/1351
f 2750/1/1 2752/1/1 2754/1/1
f 2750/1/1352 2743/1/1352 2748/1/1352
f 2751/1/1353 2748/1/1353 2747/1/1353
f 2752/1/1354 2747/1/1354 2746/1/1354
f 2753/1/1355 2746/1/1355 2745/1/1355
f 2754/1/1356 2745/1/1356 2744/1/1356
f 2749/1/1017 2744/1/1017 2743/1/1017
f 2763/1/1 2765/1/1 2766/1/1
f 2762/1/1357 2755/1/1357 2760/1/1357
f 2763/1/1358 2760/1/1358 2759/1/1358
f 2764/1/1359 2759/1/1359 2758/1/1359
f 2765/1/206 2758/1/206 2757/1/206
f 2766/1/1360 2757/1/1360 2756/1/1360
f 2761/1/1361 2756/1/1361 2755/1/1361
f 2775/1/1 2777/1/1 2778/1/1
f 2774/1/1362 2767/1/1362 2772/1/1362
f 2775/1/158 2772/1/158 2771/1/158
f 2776/1/1363 2771/1/1363 2770/1/1363
f 2777/1/164 2770/1/164 2769/1/164
f 2778/1/1364 2769/1/1364 2768/1/1364
f 2773/1/1365 2768/1/1365 2767/1/1365
f 2785/1/1 2787/1/1 2788/1/1
f 2785/1/1366 2779/1/1366 2783/1/1366
f 2786/1/1031 2783/1/1031 2782/1/1031
f 2787/1/1367 2782/1/1367 2781/1/1367
f 2788/1/1368 2781/1/1369 2780/1/1368
f 2784/1/343 2780/1/1368 2779/1/343
f 2795/1/1 2798/1/1 2800/1/1
f 2796/1/1370 2789/1/1370 2794/1/1370
f 2797/1/1371 2794/1/1371 2793/1/1371
f 2798/1/392 2793/1/392 2792/1/392
f 2799/1/1372 2792/1/1372 2791/1/1372
f 2800/1/1373 2791/1/1373 2790/1/1373
f 2795/1/1374 2790/1/1374 2789/1/1374
f 2807/1/1 2809/1/1 2811/1/1
f 2808/1/1375 2801/1/1375 2806/1/1376
f 2809/1/1377 2806/1/1377 2805/1/1377
f 2810/1/1378 2805/1/1378 2804/1/1378
f 2811/1/1379 2804/1/1379 2803/1/1379
f 2812/1/1380 2803/1/1380 2802/1/1380
f 2807/1/1381 2802/1/1381 2801/1/1381
f 2821/1/1 2823/1/1 2824/1/1
f 2820/1/1276 2813/1/1276 2818/1/1276
f 2821/1/1382 2818/1/1382 2817/1/1382
f 2822/1/1383 2817/1/1383 2816/1/1383
f 2823/1/1384 2816/1/1384 2815/1/1384
f 2824/1/1385 2815/1/1385 2814/1/1385
f 2819/1/1386 2814/1/1386 2813/1/1386
f 2833/1/1 2836/1/1 2838/1/1
f 2833/1/1387 2825/1/1387 2831/1/1387
f 2834/1/1388 2831/1/1388 2830/1/1388
f 2835/1/1389 2830/1/1389 2829/1/1389
f 2836/1/1390 2829/1/1390 2828/1/1390
f 2837/1/1391 2828/1/1391 2827/1/1391
f 2838/1/1392 2827/1/1392 2826/1/1392
f 2832/1/1393 2826/1/1393 2825/1/1393
f 2850/1/1 2852/1/1 2854/1/1
f 2848/1/1394 2839/1/1394 2846/1/1394
f 2849/1/1395 2846/1/1395 2845/1/1395
f 2850/1/1396 2845/1/1396 2844/1/1396
f 2851/1/1397 2844/1/1397 2843/1/1397
f 2852/1/1398 2843/1/1398 2842/1/1398
f 2853/1/1399 2842/1/1399 2841/1/1399
f 2854/1/1400 2841/1/1400 2840/1/1400
f 2847/1/1401 2840/1/1401 2839/1/1401
f 2863/1/1 2867/1/1 2869/1/1
f 2864/1/1402 2855/1/1402 2862/1/1402
f 2865/1/1403 2862/1/1403 2861/1/1403
f 2866/1/1404 2861/1/1404 2860/1/1404
f 2867/1/1405 2860/1/1405 2859/1/1405
f 2868/1/1406 2859/1/1406 2858/1/1406
f 2869/1/1407 2858/1/1407 2857/1/1407
f 2870/1/1408 2857/1/1408 2856/1/1408
f 2863/1/1409 2856/1/1409 2855/1/1409
f 2882/1/1 2884/1/1 2886/1/1
f 2880/1/1410 2871/1/1410 2878/1/1410
f 2881/1/1411 2878/1/1411 2877/1/1411
f 2882/1/1412 2877/1/1412 2876/1/1412
f 2883/1/1413 2876/1/1413 2875/1/1413
f 2884/1/1414 2875/1/1414 2874/1/1414
f 2885/1/1415 2874/1/1415 2873/1/1415
f 2886/1/1416 2873/1/1416 2872/1/1416
f 2879/1/1417 2872/1/1417 2871/1/1417
f 2896/1/1 2897/1/1 2901/1/1
f 2896/1/1418 2887/1/1418 2894/1/1418
f 2897/1/1419 2894/1/1419 2893/1/1419
f 2898/1/1420 2893/1/1420 2892/1/1420
f 2899/1/1421 2892/1/1421 2891/1/1421
f 2900/1/1422 2891/1/1422 2890/1/1422
f 2901/1/1423 2890/1/1423 2889/1/1423
f 2902/1/1424 2889/1/1424 2888/1/1424
f 2895/1/1425 2888/1/1425 2887/1/1425
f 2911/1/1 2913/1/1 2916/1/1
f 2912/1/1426 2903/1/1426 2910/1/1426
f 2913/1/1427 2910/1/1427 2909/1/1427
f 2914/1/1428 2909/1/1428 2908/1/1428
f 2915/1/1429 2908/1/1429 2907/1/1429
f 2916/1/1430 2907/1/1430 2906/1/1430
f 2917/1/1431 2906/1/1431 2905/1/1431
f 2918/1/1432 2905/1/1432 2904/1/1432
f 2911/1/1433 2904/1/1433 2903/1/1433
f 2927/1/1 2931/1/1 2933/1/1
f 2928/1/1434 2919/1/1434 2926/1/1434
f 2929/1/1435 2926/1/1435 2925/1/1435
f 2930/1/1436 2925/1/1436 2924/1/1436
f 2931/1/1437 2924/1/1437 2923/1/1437
f 2932/1/1438 2923/1/1438 2922/1/1438
f 2933/1/1439 2922/1/1439 2921/1/1439
f 2934/1/1440 2921/1/1441 2920/1/1441
f 2927/1/1442 2920/1/1442 2919/1/1442
f 2943/1/1 2945/1/1 2948/1/1
f 2944/1/1443 2935/1/1443 2942/1/1443
f 2945/1/1444 2942/1/1444 2941/1/1444
f 2946/1/1445 2941/1/1445 2940/1/1445
f 2947/1/1446 2940/1/1446 2939/1/1446
f 2948/1/1447 2939/1/1447 2938/1/1447
f 2949/1/1448 2938/1/1448 2937/1/1448
f 2950/1/1449 2937/1/1449 2936/1/1449
f 2943/1/1450 2936/1/1450 2935/1/1450
f 2956/1/1 2958/1/1 2955/1/1
f 2956/1/1451 2951/1/1451 2954/1/1451
f 2957/1/1452 2954/1/1452 2953/1/1452
f 2958/1/1453 2953/1/1453 2952/1/1453
f 2955/1/1454 2952/1/1454 2951/1/1454
f 2963/1/1 2965/1/1 2966/1/1
f 2964/1/1455 2959/1/1455 2962/1/1455
f 2965/1/1456 2962/1/1456 2961/1/1456
f 2966/1/1457 2961/1/1457 2960/1/1457
f 2963/1/1458 2960/1/1458 2959/1/1458
f 2971/1/1 2973/1/1 2974/1/1
f 2972/1/1459 2967/1/1459 2970/1/1459
f 2973/1/1460 2970/1/1460 2969/1/1460
f 2974/1/1461 2969/1/1461 2968/1/1461
f 2971/1/1462 2968/1/1462 2967/1/1462
f 2980/1/1 2982/1/1 2979/1/1
f 2980/1/1463 2975/1/1463 2978/1/1463
f 2981/1/1464 2978/1/1464 2977/1/1464
f 2982/1/1465 2977/1/1465 2976/1/1465
f 2979/1/752 2976/1/752 2975/1/752
f 2987/1/1 2989/1/1 2990/1/1
f 2988/1/1466 2983/1/1466 2986/1/1466
f 2989/1/1467 2986/1/1467 2985/1/1467
f 2990/1/1468 2985/1/1468 2984/1/1468
f 2987/1/1469 2984/1/1469 2983/1/1469
f 2996/1/1 2998/1/1 2995/1/1
f 2996/1/518 2991/1/518 2994/1/518
f 2997/1/1470 2994/1/1470 2993/1/1470
f 2998/1/1471 2993/1/1471 2992/1/1471
f 2995/1/1472 2992/1/1472 2991/1/1472
f 3003/1/1 3005/1/1 3006/1/1
f 3004/1/1473 2999/1/1473 3002/1/1473
f 3005/1/1474 3002/1/1474 3001/1/1474
f 3006/1/1475 3001/1/1475 3000/1/1475
f 3003/1/1476 3000/1/1476 2999/1/1476
f 3011/1/1 3013/1/1 3014/1/1
f 3012/1/1477 3007/1/1477 3010/1/1477
f 3013/1/1478 3010/1/1478 3009/1/1478
f 3014/1/1479 3009/1/1479 3008/1/1479
f 3011/1/1480 3008/1/1480 3007/1/1480
f 3019/1/1 3021/1/1 3022/1/1
f 3020/1/1481 3015/1/1481 3018/1/1481
f 3021/1/1482 3018/1/1482 3017/1/1482
f 3022/1/1483 3017/1/1483 3016/1/1483
f 3019/1/1484 3016/1/1484 3015/1/1484
f 3028/1/1 3030/1/1 3027/1/1
f 3028/1/1485 3023/1/1485 3026/1/1485
f 3029/1/1486 3026/1/1486 3025/1/1486
f 3030/1/1487 3025/1/1487 3024/1/1487
f 3027/1/1488 3024/1/1488 3023/1/1488
f 3035/1/1 3037/1/1 3038/1/1
f 3036/1/1489 3031/1/1489 3034/1/1489
f 3037/1/1490 3034/1/1490 3033/1/1490
f 3038/1/1491 3033/1/1491 3032/1/1491
f 3035/1/1492 3032/1/1492 3031/1/1492
f 3043/1/1 3045/1/1 3046/1/1
f 3044/1/1493 3039/1/1493 3042/1/1493
f 3045/1/1494 3042/1/1494 3041/1/1494
f 3046/1/1495 3041/1/1495 3040/1/1495
f 3043/1/1496 3040/1/1496 3039/1/1496
f 3051/1/1 3053/1/1 3054/1/1
f 3052/1/1497 3047/1/1497 3050/1/1497
f 3053/1/1498 3050/1/1498 3049/1/1498
f 3054/1/1499 3049/1/1499 3048/1/1499
f 3051/1/1500 3048/1/1500 3047/1/1500
f 3059/1/1 3061/1/1 3062/1/1
f 3060/1/1501 3055/1/1501 3058/1/1501
f 3061/1/1502 3058/1/1502 3057/1/1502
f 3062/1/1503 3057/1/1503 3056/1/1503
f 3059/1/1504 3056/1/1504 3055/1/1504
f 3067/1/1 3069/1/1 3070/1/1
f 3068/1/1505 3063/1/1505 3066/1/1505
f 3069/1/1506 3066/1/1506 3065/1/1506
f 3070/1/1507 3065/1/1507 3064/1/1507
f 3067/1/1508 3064/1/1508 3063/1/1508
f 3076/1/1 3078/1/1 3075/1/1
f 3076/1/1509 3071/1/1509 3074/1/1509
f 3077/1/1510 3074/1/1510 3073/1/1510
f 3078/1/1511 3073/1/1511 3072/1/1511
f 3075/1/1512 3072/1/1512 3071/1/1512
f 3083/1/1 3085/1/1 3086/1/1
f 3084/1/1513 3079/1/1513 3082/1/1513
f 3085/1/1514 3082/1/1514 3081/1/1514
f 3086/1/1515 3081/1/1515 3080/1/1515
f 3083/1/1516 3080/1/1516 3079/1/1516
f 3092/1/1 3094/1/1 3091/1/1
f 3092/1/1517 3087/1/1517 3090/1/1517
f 3093/1/1518 3090/1/1518 3089/1/1518
f 3094/1/1519 3089/1/1519 3088/1/1519
f 3091/1/1520 3088/1/1520 3087/1/1520
f 3100/1/1 3102/1/1 3099/1/1
f 3100/1/1521 3095/1/1521 3098/1/1521
f 3101/1/1522 3098/1/1522 3097/1/1522
f 3102/1/1523 3097/1/1523 3096/1/1523
f 3099/1/1524 3096/1/1524 3095/1/1524
f 3108/1/1 3110/1/1 3107/1/1
f 3108/1/1525 3103/1/1525 3106/1/1525
f 3109/1/1526 3106/1/1526 3105/1/1526
f 3110/1/1527 3105/1/1527 3104/1/1527
f 3107/1/1528 3104/1/1528 3103/1/1528
f 3115/1/1 3117/1/1 3118/1/1
f 3116/1/1529 3111/1/1529 3114/1/1529
f 3117/1/1530 3114/1/1530 3113/1/1530
f 3118/1/1531 3113/1/1531 3112/1/1531
f 3115/1/1532 3112/1/1532 3111/1/1532
f 3126/1/1 3128/1/1 3129/1/1
f 3126/1/1533 3119/1/1533 3124/1/1533
f 3127/1/1534 3124/1/1534 3123/1/1534
f 3128/1/1487 3123/1/1487 3122/1/1487
f 3129/1/1535 3122/1/1535 3121/1/1535
f 3130/1/1536 3121/1/1536 3120/1/1536
f 3125/1/1537 3120/1/1537 3119/1/1537
f 3139/1/1 3140/1/1 3144/1/1
f 3140/1/1538 3131/1/1538 3138/1/1538
f 3141/1/1539 3138/1/1539 3137/1/1539
f 3142/1/1540 3137/1/1540 3136/1/1540
f 3143/1/1541 3136/1/1541 3135/1/1541
f 3144/1/1542 3135/1/1542 3134/1/1542
f 3145/1/1543 3134/1/1543 3133/1/1543
f 3146/1/1544 3133/1/1544 3132/1/1544
f 3139/1/1545 3132/1/1545 3131/1/1545
f 3162/1/1 3165/1/1 3167/1/1
f 3159/1/1546 3147/1/1546 3148/1/1546
f 3160/1/1547 3148/1/1547 3149/1/1547
f 3161/1/1548 3149/1/1548 3150/1/1548
f 3162/1/1549 3150/1/1549 3151/1/1549
f 3163/1/1550 3151/1/1551 3152/1/1550
f 3164/1/1552 3152/1/1550 3153/1/1552
f 3165/1/1553 3153/1/1553 3154/1/1553
f 3166/1/1554 3154/1/1554 3155/1/1554
f 3167/1/1555 3155/1/1555 3156/1/1555
f 3168/1/1556 3156/1/1556 3157/1/1556
f 3158/1/1557 3157/1/1557 3147/1/1557
f 3173/1/1 3175/1/1 3176/1/1
f 3174/1/1558 3169/1/1558 3170/1/1558
f 3175/1/1559 3170/1/1559 3171/1/1559
f 3176/1/1560 3171/1/1560 3172/1/1560
f 3173/1/1561 3172/1/1561 3169/1/1561
f 3185/1/1 3187/1/1 3188/1/1
f 3184/1/1562 3177/1/1562 3178/1/1562
f 3185/1/1264 3178/1/1264 3179/1/1264
f 3186/1/1267 3179/1/1267 3180/1/1267
f 3187/1/1563 3180/1/1563 3181/1/1563
f 3188/1/1265 3181/1/1265 3182/1/1265
f 3183/1/1564 3182/1/1564 3177/1/1564
f 3193/1/1 3195/1/1 3196/1/1
f 3194/1/1565 3189/1/1565 3190/1/1565
f 3195/1/1566 3190/1/1566 3191/1/1566
f 3196/1/1027 3191/1/1027 3192/1/1027
f 3193/1/1567 3192/1/1567 3189/1/1567
f 3201/1/1 3203/1/1 3204/1/1
f 3202/1/1568 3197/1/1568 3198/1/1568
f 3203/1/1569 3198/1/1569 3199/1/1569
f 3204/1/1570 3199/1/1570 3200/1/1570
f 3201/1/1571 3200/1/1571 3197/1/1571
f 3210/1/1 3212/1/1 3209/1/1
f 3210/1/1572 3205/1/1572 3206/1/1572
f 3211/1/1573 3206/1/1573 3207/1/1573
f 3212/1/1574 3207/1/1574 3208/1/1574
f 3209/1/1575 3208/1/1575 3205/1/1575
f 3218/1/1 3220/1/1 3217/1/1
f 3218/1/1576 3213/1/1576 3214/1/1576
f 3219/1/1577 3214/1/1577 3215/1/1577
f 3220/1/1578 3215/1/1578 3216/1/1578
f 3217/1/1579 3216/1/1579 3213/1/1579
f 3226/1/1 3228/1/1 3225/1/1
f 3226/1/1580 3221/1/1580 3222/1/1580
f 3227/1/1581 3222/1/1581 3223/1/1581
f 3228/1/1582 3223/1/1582 3224/1/1583
f 3225/1/1584 3224/1/1584 3221/1/1584
f 3233/1/1 3235/1/1 3236/1/1
f 3234/1/1585 3229/1/1585 3230/1/1585
f 3235/1/1586 3230/1/1586 3231/1/1586
f 3236/1/1587 3231/1/1587 3232/1/1587
f 3233/1/1588 3232/1/1588 3229/1/1588
f 3241/1/1 3243/1/1 3244/1/1
f 3242/1/1589 3237/1/1589 3238/1/1589
f 3243/1/1590 3238/1/1590 3239/1/1590
f 3244/1/1591 3239/1/1591 3240/1/1591
f 3241/1/1592 3240/1/1592 3237/1/1592
f 3252/1/1 3254/1/1 3255/1/1
f 3252/1/1593 3245/1/1593 3246/1/1593
f 3253/1/1594 3246/1/1594 3247/1/1594
f 3254/1/1595 3247/1/1595 3248/1/1595
f 3255/1/1596 3248/1/1596 3249/1/1596
f 3256/1/1597 3249/1/1597 3250/1/1597
f 3251/1/1598 3250/1/1598 3245/1/1598
f 3262/1/1 3264/1/1 3261/1/1
f 3262/1/1599 3257/1/1599 3258/1/1599
f 3263/1/1600 3258/1/1600 3259/1/1600
f 3264/1/1601 3259/1/1601 3260/1/1601
f 3261/1/1602 3260/1/1602 3257/1/1602
f 3270/1/1 3272/1/1 3269/1/1
f 3270/1/1418 3265/1/1418 3266/1/1418
f 3271/1/1603 3266/1/1603 3267/1/1603
f 3272/1/1604 3267/1/1604 3268/1/1604
f 3269/1/1605 3268/1/1605 3265/1/1605
f 3280/1/1 3282/1/1 3284/1/1
f 3280/1/1606 3273/1/1606 3274/1/1606
f 3281/1/1607 3274/1/1607 3275/1/1607
f 3282/1/1608 3275/1/1608 3276/1/1608
f 3283/1/1609 3276/1/1609 3277/1/1609
f 3284/1/1610 3277/1/1610 3278/1/1610
f 3279/1/1611 3278/1/1611 3273/1/1611
f 3294/1/1 3296/1/1 3298/1/1
f 3293/1/1612 3285/1/1612 3291/1/1612
f 3294/1/1613 3291/1/1613 3290/1/1613
f 3295/1/1614 3290/1/1614 3289/1/1614
f 3296/1/1615 3289/1/1615 3288/1/1615
f 3297/1/1616 3288/1/1616 3287/1/1616
f 3298/1/1617 3287/1/1617 3286/1/1617
f 3292/1/1618 3286/1/1618 3285/1/1618
f 3304/1/1 3306/1/1 3303/1/1
f 3304/1/1619 3299/1/1619 3300/1/1619
f 3305/1/1620 3300/1/1620 3301/1/1620
f 3306/1/1621 3301/1/1621 3302/1/1621
f 3303/1/1622 3302/1/1622 3299/1/1622
f 3311/1/1 3313/1/1 3314/1/1
f 3312/1/1623 3307/1/1623 3308/1/1623
f 3313/1/1624 3308/1/1624 3309/1/1624
f 3314/1/1414 3309/1/1414 3310/1/1414
f 3311/1/1625 3310/1/1625 3307/1/1625
f 3319/1/1 3321/1/1 3322/1/1
f 3320/1/1626 3315/1/1626 3316/1/1626
f 3321/1/1627 3316/1/1627 3317/1/1627
f 3322/1/1628 3317/1/1628 3318/1/1628
f 3319/1/1629 3318/1/1629 3315/1/1629
f 3330/1/1 3332/1/1 3334/1/1
f 3330/1/1630 3323/1/1630 3324/1/1630
f 3331/1/1631 3324/1/1631 3325/1/1631
f 3332/1/1632 3325/1/1632 3326/1/1632
f 3333/1/1633 3326/1/1633 3327/1/1633
f 3334/1/1634 3327/1/1634 3328/1/1634
f 3329/1/1635 3328/1/1635 3323/1/1635
f 3344/1/1 3346/1/1 3349/1/1
f 3344/1/1636 3335/1/1636 3336/1/1636
f 3345/1/1637 3336/1/1637 3337/1/1637
f 3346/1/1638 3337/1/1638 3338/1/1638
f 3347/1/1639 3338/1/1639 3339/1/1639
f 3348/1/1640 3339/1/1640 3340/1/1640
f 3349/1/1641 3340/1/1641 3341/1/1641
f 3350/1/1642 3341/1/1642 3342/1/1642
f 3343/1/1643 3342/1/1643 3335/1/1643
f 3359/1/1 3362/1/1 3364/1/1
f 3359/1/1644 3351/1/1644 3352/1/1644
f 3360/1/1645 3352/1/1645 3353/1/1645
f 3361/1/1646 3353/1/1646 3354/1/1646
f 3362/1/1647 3354/1/1647 3355/1/1647
f 3363/1/1648 3355/1/1648 3356/1/1648
f 3364/1/1649 3356/1/1649 3357/1/1649
f 3358/1/337 3357/1/337 3351/1/337
f 3370/1/1 3372/1/1 3369/1/1
f 3370/1/1650 3365/1/1650 3366/1/1650
f 3371/1/1651 3366/1/1651 3367/1/1651
f 3372/1/1652 3367/1/1652 3368/1/1652
f 3369/1/1653 3368/1/1653 3365/1/1653
f 3381/1/1 3383/1/1 3384/1/1
f 3380/1/1654 3373/1/1654 3374/1/1654
f 3381/1/1655 3374/1/1655 3375/1/1655
f 3382/1/1656 3375/1/1656 3376/1/1656
f 3383/1/1657 3376/1/1657 3377/1/1657
f 3384/1/1658 3377/1/1658 3378/1/1658
f 3379/1/1659 3378/1/1659 3373/1/1659
f 3389/1/1 3391/1/1 3392/1/1
f 3390/1/1660 3385/1/1660 3386/1/1660
f 3391/1/1661 3386/1/1661 3387/1/1661
f 3392/1/1662 3387/1/1662 3388/1/1662
f 3389/1/1663 3388/1/1663 3385/1/1663
f 3398/1/1 3400/1/1 3397/1/1
f 3398/1/1664 3393/1/1664 3394/1/1664
f 3399/1/1665 3394/1/1665 3395/1/1665
f 3400/1/1666 3395/1/1666 3396/1/1666
f 3397/1/1667 3396/1/1667 3393/1/1667
f 3406/1/1 3408/1/1 3405/1/1
f 3406/1/1668 3401/1/1668 3402/1/1668
f 3407/1/1669 3402/1/1669 3403/1/1669
f 3408/1/1670 3403/1/1670 3404/1/1670
f 3405/1/1671 3404/1/1671 3401/1/1671
f 3414/1/1 3416/1/1 3413/1/1
f 3414/1/1672 3409/1/1672 3410/1/1672
f 3415/1/1673 3410/1/1673 3411/1/1673
f 3416/1/1674 3411/1/1674 3412/1/1674
f 3413/1/1675 3412/1/1675 3409/1/1675
f 3421/1/1 3423/1/1 3424/1/1
f 3422/1/1676 3417/1/1676 3418/1/1676
f 3423/1/1677 3418/1/1677 3419/1/1677
f 3424/1/1678 3419/1/1678 3420/1/1678
f 3421/1/1679 3420/1/1679 3417/1/1679
f 3429/1/1 3431/1/1 3432/1/1
f 3430/1/1680 3425/1/1680 3426/1/1680
f 3431/1/1681 3426/1/1681 3427/1/1681
f 3432/1/1682 3427/1/1682 3428/1/1682
f 3429/1/1683 3428/1/1683 3425/1/1683
f 3437/1/1 3439/1/1 3440/1/1
f 3438/1/1610 3433/1/1610 3434/1/1610
f 3439/1/1684 3434/1/1684 3435/1/1684
f 3440/1/1685 3435/1/1685 3436/1/1685
f 3437/1/1686 3436/1/1686 3433/1/1686
f 3448/1/1 3450/1/1 3452/1/1
f 3448/1/1687 3441/1/1687 3442/1/1687
f 3449/1/1688 3442/1/1688 3443/1/1688
f 3450/1/1689 3443/1/1690 3444/1/1690
f 3451/1/1691 3444/1/1691 3445/1/1691
f 3452/1/1692 3445/1/1692 3446/1/1692
f 3447/1/1693 3446/1/1693 3441/1/1693
f 3458/1/1 3460/1/1 3457/1/1
f 3458/1/1694 3453/1/1694 3454/1/1694
f 3459/1/1695 3454/1/1695 3455/1/1695
f 3460/1/1696 3455/1/1696 3456/1/1696
f 3457/1/1697 3456/1/1697 3453/1/1697
f 3470/1/1 3472/1/1 3475/1/1
f 3470/1/1698 3461/1/1698 3462/1/1698
f 3471/1/1699 3462/1/1699 3463/1/1699
f 3472/1/1700 3463/1/1700 3464/1/1700
f 3473/1/1701 3464/1/1701 3465/1/1701
f 3474/1/1432 3465/1/1432 3466/1/1432
f 3475/1/1702 3466/1/1702 3467/1/1702
f 3476/1/1703 3467/1/1703 3468/1/1703
f 3469/1/1704 3468/1/1704 3461/1/1704
f 3484/1/1 3486/1/1 3488/1/1
f 3484/1/1705 3477/1/1705 3478/1/1705
f 3485/1/1706 3478/1/1706 3479/1/1706
f 3486/1/1707 3479/1/1707 3480/1/1707
f 3487/1/1708 3480/1/1708 3481/1/1708
f 3488/1/1709 3481/1/1709 3482/1/1709
f 3483/1/1710 3482/1/1710 3477/1/1710
f 3494/1/1 3496/1/1 3493/1/1
f 3494/1/1711 3489/1/1711 3492/1/1711
f 3495/1/1712 3492/1/1712 3491/1/1712
f 3496/1/1713 3491/1/1713 3490/1/1713
f 3493/1/1714 3490/1/1714 3489/1/1714
f 3502/1/1 3504/1/1 3501/1/1
f 3502/1/1715 3497/1/1715 3498/1/1715
f 3503/1/1716 3498/1/1716 3499/1/1716
f 3504/1/1717 3499/1/1717 3500/1/1717
f 3501/1/1718 3500/1/1718 3497/1/1718
f 3512/1/1 3514/1/1 3516/1/1
f 3512/1/1719 3505/1/1719 3506/1/1719
f 3513/1/1720 3506/1/1720 3507/1/1720
f 3514/1/1721 3507/1/1721 3508/1/1721
f 3515/1/1722 3508/1/1722 3509/1/1722
f 3516/1/1723 3509/1/1723 3510/1/1723
f 3511/1/1724 3510/1/1724 3505/1/1724
f 3522/1/1 3524/1/1 3521/1/1
f 3522/1/1200 3517/1/1200 3518/1/1200
f 3523/1/1725 3518/1/1725 3519/1/1725
f 3524/1/1726 3519/1/1726 3520/1/1726
f 3521/1/1727 3520/1/1727 3517/1/1727
f 3532/1/1 3534/1/1 3536/1/1
f 3532/1/1698 3525/1/1698 3526/1/1698
f 3533/1/1728 3526/1/1728 3527/1/1728
f 3534/1/1729 3527/1/1729 3528/1/1729
f 3535/1/1730 3528/1/1730 3529/1/1730
f 3536/1/1731 3529/1/1731 3530/1/1731
f 3531/1/1732 3530/1/1732 3525/1/1732
f 3542/1/1 3544/1/1 3541/1/1
f 3542/1/1733 3537/1/1733 3538/1/1733
f 3543/1/1734 3538/1/1734 3539/1/1734
f 3544/1/1735 3539/1/1735 3540/1/1735
f 3541/1/1736 3540/1/1736 3537/1/1736
f 3550/1/1 3552/1/1 3549/1/1
f 3550/1/1737 3545/1/1737 3546/1/1737
f 3551/1/1738 3546/1/1738 3547/1/1738
f 3552/1/1739 3547/1/1739 3548/1/1739
f 3549/1/1740 3548/1/1740 3545/1/1740
f 3558/1/1 3560/1/1 3557/1/1
f 3558/1/1741 3553/1/1741 3554/1/1741
f 3559/1/1742 3554/1/1742 3555/1/1742
f 3560/1/1743 3555/1/1743 3556/1/1743
f 3557/1/1744 3556/1/1744 3553/1/1744
f 3574/1/1 3576/1/1 3582/1/1
f 3574/1/1745 3561/1/1745 3562/1/1745
f 3575/1/1746 3562/1/1746 3563/1/1746
f 3576/1/1747 3563/1/1747 3564/1/1747
f 3577/1/1748 3564/1/1748 3565/1/1748
f 3578/1/1749 3565/1/1749 3566/1/1749
f 3579/1/1750 3566/1/1750 3567/1/1750
f 3580/1/1751 3567/1/1751 3568/1/1751
f 3581/1/1752 3568/1/1752 3569/1/1752
f 3582/1/1753 3569/1/1753 3570/1/1753
f 3583/1/1754 3570/1/1754 3571/1/1754
f 3584/1/1755 3571/1/1755 3572/1/1755
f 3573/1/1756 3572/1/1756 3561/1/1756
f 3590/1/1 3592/1/1 3589/1/1
f 3590/1/1757 3585/1/1757 3586/1/1757
f 3591/1/1758 3586/1/1758 3587/1/1758
f 3592/1/1759 3587/1/1759 3588/1/1759
f 3589/1/1760 3588/1/1760 3585/1/1760
f 3597/1/1 3599/1/1 3600/1/1
f 3598/1/1761 3593/1/1761 3594/1/1761
f 3599/1/1762 3594/1/1762 3595/1/1762
f 3600/1/1763 3595/1/1763 3596/1/1763
f 3597/1/1764 3596/1/1764 3593/1/1764
f 3605/1/1 3607/1/1 3608/1/1
f 3606/1/1765 3601/1/1765 3602/1/1765
f 3607/1/1766 3602/1/1766 3603/1/1766
f 3608/1/1767 3603/1/1767 3604/1/1767
f 3605/1/1768 3604/1/1768 3601/1/1768
f 3613/1/1 3615/1/1 3616/1/1
f 3614/1/1769 3609/1/1769 3610/1/1769
f 3615/1/1770 3610/1/1770 3611/1/1770
f 3616/1/1771 3611/1/1771 3612/1/1771
f 3613/1/1772 3612/1/1772 3609/1/1772
f 3621/1/1 3623/1/1 3624/1/1
f 3622/1/1773 3617/1/1773 3618/1/1773
f 3623/1/1774 3618/1/1774 3619/1/1774
f 3624/1/1775 3619/1/1775 3620/1/1775
f 3621/1/1776 3620/1/1776 3617/1/1776
f 3629/1/1 3631/1/1 3632/1/1
f 3630/1/1777 3625/1/1777 3626/1/1777
f 3631/1/1778 3626/1/1778 3627/1/1778
f 3632/1/1779 3627/1/1779 3628/1/1779
f 3629/1/1780 3628/1/1780 3625/1/1780
f 3637/1/1 3639/1/1 3640/1/1
f 3638/1/1781 3633/1/1781 3634/1/1781
f 3639/1/1782 3634/1/1782 3635/1/1782
f 3640/1/1783 3635/1/1783 3636/1/1783
f 3637/1/1784 3636/1/1784 3633/1/1784
f 3645/1/1 3647/1/1 3648/1/1
f 3646/1/1785 3641/1/1785 3642/1/1785
f 3647/1/1786 3642/1/1786 3643/1/1786
f 3648/1/1787 3643/1/1787 3644/1/1787
f 3645/1/1788 3644/1/1788 3641/1/1788
f 3653/1/1 3655/1/1 3656/1/1
f 3654/1/1789 3649/1/1789 3650/1/1789
f 3655/1/1790 3650/1/1790 3651/1/1790
f 3656/1/1791 3651/1/1791 3652/1/1791
f 3653/1/1792 3652/1/1792 3649/1/1792
f 3661/1/1 3663/1/1 3664/1/1
f 3662/1/1793 3657/1/1793 3658/1/1793
f 3663/1/1794 3658/1/1794 3659/1/1794
f 3664/1/1795 3659/1/1795 3660/1/1795
f 3661/1/1796 3660/1/1796 3657/1/1796
f 3669/1/1 3671/1/1 3672/1/1
f 3670/1/1797 3665/1/1797 3666/1/1797
f 3671/1/1798 3666/1/1798 3667/1/1798
f 3672/1/1799 3667/1/1799 3668/1/1799
f 3669/1/1800 3668/1/1800 3665/1/1800
f 3677/1/1 3679/1/1 3680/1/1
f 3678/1/1801 3673/1/1801 3674/1/1801
f 3679/1/1802 3674/1/1802 3675/1/1802
f 3680/1/1803 3675/1/1803 3676/1/1803
f 3677/1/1804 3676/1/1804 3673/1/1804
f 3685/1/1 3687/1/1 3688/1/1
f 3686/1/1805 3681/1/1805 3682/1/1805
f 3687/1/1806 3682/1/1806 3683/1/1806
f 3688/1/1807 3683/1/1807 3684/1/1807
f 3685/1/1808 3684/1/1808 3681/1/1808
f 3693/1/1 3695/1/1 3696/1/1
f 3694/1/1809 3689/1/1809 3690/1/1809
f 3695/1/1810 3690/1/1810 3691/1/1810
f 3696/1/1811 3691/1/1811 3692/1/1811
f 3693/1/1812 3692/1/1812 3689/1/1812
f 3704/1/1 3706/1/1 3708/1/1
f 3704/1/1813 3697/1/1813 3698/1/1813
f 3705/1/1814 3698/1/1814 3699/1/1814
f 3706/1/1815 3699/1/1815 3700/1/1815
f 3707/1/1816 3700/1/1816 3701/1/1816
f 3708/1/1817 3701/1/1817 3702/1/1817
f 3703/1/1818 3702/1/1818 3697/1/1818
f 3713/1/1 3715/1/1 3716/1/1
f 3714/1/1819 3709/1/1819 3710/1/1819
f 3715/1/1820 3710/1/1820 3711/1/1820
f 3716/1/1821 3711/1/1821 3712/1/1821
f 3713/1/1822 3712/1/1822 3709/1/1822
f 3721/1/1 3723/1/1 3724/1/1
f 3722/1/1823 3717/1/1823 3720/1/1823
f 3723/1/1824 3720/1/1824 3719/1/1824
f 3724/1/1825 3719/1/1825 3718/1/1825
f 3721/1/1826 3718/1/1826 3717/1/1826
f 3732/1/1 3734/1/1 3736/1/1
f 3732/1/1827 3725/1/1827 3730/1/1827
f 3733/1/1828 3730/1/1828 3729/1/1828
f 3734/1/1829 3729/1/1829 3728/1/1829
f 3735/1/1830 3728/1/1830 3727/1/1830
f 3736/1/1831 3727/1/1831 3726/1/1831
f 3731/1/1832 3726/1/1832 3725/1/1832
f 3741/1/1 3743/1/1 3744/1/1
f 3742/1/1833 3737/1/1833 3738/1/1833
f 3743/1/1834 3738/1/1834 3739/1/1834
f 3744/1/1835 3739/1/1835 3740/1/1835
f 3741/1/1836 3740/1/1836 3737/1/1836
f 3749/1/1 3751/1/1 3752/1/1
f 3750/1/1837 3745/1/1837 3746/1/1837
f 3751/1/1838 3746/1/1838 3747/1/1838
f 3752/1/1839 3747/1/1839 3748/1/1839
f 3749/1/1840 3748/1/1840 3745/1/1840
f 3758/1/1 3760/1/1 3757/1/1
f 3758/1/1841 3753/1/1841 3754/1/1841
f 3759/1/1842 3754/1/1842 3755/1/1842
f 3760/1/1843 3755/1/1843 3756/1/1844
f 3757/1/1845 3756/1/1845 3753/1/1845
f 3767/1/1 3769/1/1 3770/1/1
f 3767/1/1846 3761/1/1846 3762/1/1846
f 3768/1/1847 3762/1/1847 3763/1/1847
f 3769/1/1848 3763/1/1848 3764/1/1848
f 3770/1/1849 3764/1/1849 3765/1/1849
f 3766/1/1850 3765/1/1850 3761/1/1850
f 3778/1/1 3780/1/1 3782/1/1
f 3778/1/1851 3771/1/1851 3772/1/1851
f 3779/1/1852 3772/1/1852 3773/1/1852
f 3780/1/1853 3773/1/1853 3774/1/1853
f 3781/1/1854 3774/1/1854 3775/1/1854
f 3782/1/1855 3775/1/1855 3776/1/1855
f 3777/1/1856 3776/1/1856 3771/1/1856
f 3789/1/1 3791/1/1 3792/1/1
f 3789/1/1857 3783/1/1857 3787/1/1857
f 3790/1/1858 3787/1/1858 3786/1/1858
f 3791/1/1859 3786/1/1859 3785/1/1859
f 3792/1/1860 3785/1/1860 3784/1/1860
f 3788/1/1861 3784/1/1861 3783/1/1861
f 3798/1/1 3800/1/1 3797/1/1
f 3798/1/1862 3793/1/1862 3794/1/1862
f 3799/1/1863 3794/1/1863 3795/1/1863
f 3800/1/1864 3795/1/1864 3796/1/1864
f 3797/1/1865 3796/1/1865 3793/1/1865
f 3809/1/1 3811/1/1 3813/1/1
f 3809/1/1866 3801/1/1866 3802/1/1866
f 3810/1/1867 3802/1/1867 3803/1/1867
f 3811/1/1868 3803/1/1868 3804/1/1868
f 3812/1/1869 3804/1/1870 3805/1/1870
f 3813/1/1871 3805/1/1872 3806/1/1872
f 3814/1/1873 3806/1/1873 3807/1/1873
f 3808/1/1874 3807/1/1874 3801/1/1874
f 3823/1/1 3825/1/1 3827/1/1
f 3823/1/1875 3815/1/1875 3816/1/1875
f 3824/1/1876 3816/1/1876 3817/1/1876
f 3825/1/1877 3817/1/1877 3818/1/1877
f 3826/1/1878 3818/1/1878 3819/1/1878
f 3827/1/1879 3819/1/1880 3820/1/1879
f 3828/1/1881 3820/1/1879 3821/1/1881
f 3822/1/1882 3821/1/1882 3815/1/1882
f 3837/1/1 3839/1/1 3841/1/1
f 3837/1/1883 3829/1/1884 3830/1/1883
f 3838/1/1885 3830/1/1883 3831/1/1885
f 3839/1/1886 3831/1/1886 3832/1/1886
f 3840/1/1887 3832/1/1887 3833/1/1887
f 3841/1/1888 3833/1/1888 3834/1/1888
f 3842/1/1889 3834/1/1889 3835/1/1889
f 3836/1/1890 3835/1/1890 3829/1/1890
f 3854/1/1 3858/1/1 3861/1/1
f 3854/1/1891 3843/1/1892 3852/1/1891
f 3855/1/1893 3852/1/1894 3851/1/1893
f 3856/1/1895 3851/1/1893 3850/1/1895
f 3857/1/1896 3850/1/1895 3849/1/1896
f 3858/1/1897 3849/1/1896 3848/1/1897
f 3859/1/1898 3848/1/1897 3847/1/1898
f 3860/1/1899 3847/1/1899 3846/1/1899
f 3861/1/1900 3846/1/1900 3845/1/1900
f 3862/1/1901 3845/1/1901 3844/1/1901
f 3853/1/1892 3844/1/1902 3843/1/1892
f 3868/1/1 3870/1/1 3867/1/1
f 3868/1/1903 3863/1/1903 3864/1/1903
f 3869/1/1904 3864/1/1904 3865/1/1904
f 3870/1/1905 3865/1/1905 3866/1/1905
f 3867/1/1906 3866/1/1906 3863/1/1906
f 3877/1/1 3879/1/1 3880/1/1
f 3877/1/1907 3871/1/1907 3875/1/1907
f 3878/1/1908 3875/1/1908 3874/1/1908
f 3879/1/1909 3874/1/1909 3873/1/1909
f 3880/1/422 3873/1/422 3872/1/422
f 3876/1/1910 3872/1/1910 3871/1/1910
f 3937/1/1 3938/1/1 3961/1/1
f 3929/1/1911 3881/1/1911 3882/1/1911
f 3930/1/1912 3882/1/1913 3883/1/1912
f 3931/1/36 3883/1/1912 3884/1/36
f 3932/1/1914 3884/1/1914 3885/1/1914
f 3933/1/1915 3885/1/1916 3886/1/1915
f 3934/1/1917 3886/1/1915 3887/1/1917
f 3935/1/1918 3887/1/1919 3888/1/1918
f 3936/1/1920 3888/1/1918 3889/1/1920
f 3937/1/1921 3889/1/1921 3890/1/1921
f 3938/1/1922 3890/1/1922 3891/1/1922
f 3939/1/1923 3891/1/1923 3892/1/1923
f 3940/1/1924 3892/1/1924 3893/1/1924
f 3941/1/1925 3893/1/1925 3894/1/1925
f 3942/1/1926 3894/1/1926 3895/1/1926
f 3943/1/1927 3895/1/1928 3896/1/1927
f 3944/1/1929 3896/1/1927 3897/1/1929
f 3945/1/1930 3897/1/1929 3898/1/1930
f 3946/1/1931 3898/1/1931 3899/1/1931
f 3947/1/1932 3899/1/1932 3900/1/1932
f 3948/1/1933 3900/1/1933 3901/1/1933
f 3949/1/1934 3901/1/1934 3902/1/1934
f 3950/1/1935 3902/1/1935 3903/1/1935
f 3951/1/1936 3903/1/1936 3904/1/1936
f 3952/1/1556 3904/1/1556 3905/1/1556
f 3953/1/1937 3905/1/1937 3906/1/1937
f 3954/1/1938 3906/1/1938 3907/1/1938
f 3955/1/1939 3907/1/1939 3908/1/1939
f 3956/1/1940 3908/1/1940 3909/1/1940
f 3957/1/1941 3909/1/1941 3910/1/1941
f 3958/1/1942 3910/1/1942 3911/1/1942
f 3959/1/1943 3911/1/1943 3912/1/1943
f 3960/1/1944 3912/1/1944 3913/1/1944
f 3961/1/1945 3913/1/1945 3914/1/1945
f 3962/1/1946 3914/1/1946 3915/1/1946
f 3963/1/1947 3915/1/1948 3916/1/1947
f 3964/1/1949 3916/1/1947 3917/1/1949
f 3965/1/1950 3917/1/1950 3918/1/1950
f 3966/1/1951 3918/1/1951 3919/1/1951
f 3967/1/1952 3919/1/1952 3920/1/1952
f 3968/1/1953 3920/1/1953 3921/1/1953
f 3969/1/1954 3921/1/1954 3922/1/1954
f 3970/1/1955 3922/1/1955 3923/1/1955
f 3971/1/848 3923/1/848 3924/1/1956
f 3972/1/1957 3924/1/1958 3925/1/1957
f 3973/1/1959 3925/1/1957 3926/1/1959
f 3974/1/1960 3926/1/1959 3927/1/1960
f 3928/1/1961 3927/1/1961 3881/1/1961
f 3982/1/1 3984/1/1 3986/1/1
f 3982/1/341 3975/1/341 3980/1/341
f 3983/1/1962 3980/1/1183 3979/1/1962
f 3984/1/1963 3979/1/1962 3978/1/1963
f 3985/1/1368 3978/1/1368 3977/1/1368
f 3986/1/460 3977/1/1964 3976/1/460
f 3981/1/1965 3976/1/460 3975/1/1965
f 3992/1/1 3994/1/1 3991/1/1
f 3992/1/1966 3987/1/1966 3990/1/1966
f 3993/1/1967 3990/1/1967 3989/1/1967
f 3994/1/1968 3989/1/1968 3988/1/1968
f 3991/1/1969 3988/1/1969 3987/1/1969
f 4000/1/1 4002/1/1 3999/1/1
f 4000/1/1970 3995/1/1970 3998/1/1970
f 4001/1/1971 3998/1/1971 3997/1/1971
f 4002/1/1972 3997/1/1972 3996/1/1972
f 3999/1/1973 3996/1/1973 3995/1/1973
f 4008/1/1 4010/1/1 4007/1/1
f 4008/1/1974 4003/1/1974 4006/1/1974
f 4009/1/1975 4006/1/1975 4005/1/1975
f 4010/1/1976 4005/1/1976 4004/1/1976
f 4007/1/1977 4004/1/1977 4003/1/1977
f 4021/1/1 4025/1/1 4027/1/1
f 4021/1/1978 4011/1/1978 4019/1/1978
f 4022/1/1979 4019/1/1979 4018/1/1979
f 4023/1/1980 4018/1/1980 4017/1/1980
f 4024/1/1981 4017/1/1981 4016/1/1981
f 4025/1/1982 4016/1/1982 4015/1/1982
f 4026/1/1983 4015/1/1983 4014/1/1983
f 4027/1/1984 4014/1/1984 4013/1/1984
f 4028/1/1985 4013/1/1985 4012/1/1985
f 4020/1/1986 4012/1/1986 4011/1/1986
f 4043/1/1 4046/1/1 4050/1/1
f 4041/1/1987 4029/1/1987 4039/1/1987
f 4042/1/1988 4039/1/1988 4038/1/1988
f 4043/1/1989 4038/1/1989 4037/1/1989
f 4044/1/1990 4037/1/1990 4036/1/1990
f 4045/1/1991 4036/1/1991 4035/1/1991
f 4046/1/1992 4035/1/1992 4034/1/1992
f 4047/1/1993 4034/1/1993 4033/1/1993
f 4048/1/1994 4033/1/1994 4032/1/1994
f 4049/1/1995 4032/1/1995 4031/1/1995
f 4050/1/1996 4031/1/1996 4030/1/1996
f 4040/1/1997 4030/1/1997 4029/1/1997
f 4056/1/1 4058/1/1 4055/1/1
f 4056/1/1998 4051/1/1998 4054/1/1998
f 4057/1/1999 4054/1/1999 4053/1/1999
f 4058/1/295 4053/1/295 4052/1/295
f 4055/1/2000 4052/1/2000 4051/1/2000
f 4063/1/1 4065/1/1 4066/1/1
f 4064/1/2001 4059/1/2001 4062/1/2001
f 4065/1/2002 4062/1/2002 4061/1/2002
f 4066/1/2003 4061/1/2003 4060/1/2003
f 4063/1/2004 4060/1/2004 4059/1/2004
f 4071/1/1 4073/1/1 4074/1/1
f 4072/1/2005 4067/1/2005 4070/1/2005
f 4073/1/2006 4070/1/2006 4069/1/2006
f 4074/1/2007 4069/1/2007 4068/1/2007
f 4071/1/2008 4068/1/2008 4067/1/2008
f 4079/1/1 4081/1/1 4082/1/1
f 4080/1/2009 4075/1/2009 4078/1/2009
f 4081/1/2010 4078/1/2010 4077/1/2010
f 4082/1/2011 4077/1/2011 4076/1/2011
f 4079/1/2012 4076/1/2012 4075/1/2012
f 4097/1/1 4101/1/1 4102/1/1
f 4096/1/2013 4083/1/2013 4094/1/2013
f 4097/1/2014 4094/1/2014 4093/1/2014
f 4098/1/2015 4093/1/2015 4092/1/2015
f 4099/1/2016 4092/1/2016 4091/1/2016
f 4100/1/2017 4091/1/2017 4090/1/2017
f 4101/1/2018 4090/1/2018 4089/1/2018
f 4102/1/2019 4089/1/2019 4088/1/2019
f 4103/1/2020 4088/1/2020 4087/1/2020
f 4104/1/2021 4087/1/2021 4086/1/2021
f 4105/1/2022 4086/1/2022 4085/1/2022
f 4106/1/2023 4085/1/2023 4084/1/2023
f 4095/1/2024 4084/1/2024 4083/1/2024
f 4115/1/1 4119/1/1 4122/1/1
f 4116/1/2025 4107/1/2025 4114/1/2025
f 4117/1/2026 4114/1/2026 4113/1/2026
f 4118/1/2027 4113/1/2027 4112/1/2027
f 4119/1/2028 4112/1/2028 4111/1/2028
f 4120/1/2029 4111/1/2029 4110/1/2029
f 4121/1/2030 4110/1/2030 4109/1/2030
f 4122/1/2031 4109/1/2031 4108/1/2031
f 4115/1/920 4108/1/920 4107/1/920
f 4131/1/1 4133/1/1 4134/1/1
f 4130/1/2032 4123/1/2032 4128/1/2032
f 4131/1/2033 4128/1/2033 4127/1/2033
f 4132/1/2034 4127/1/2034 4126/1/2034
f 4133/1/2035 4126/1/2035 4125/1/2035
f 4134/1/2036 4125/1/2036 4124/1/2036
f 4129/1/2037 4124/1/2037 4123/1/2037
f 4139/1/1 4141/1/1 4142/1/1
f 4140/1/2038 4135/1/2038 4138/1/2038
f 4141/1/2039 4138/1/2039 4137/1/2039
f 4142/1/2040 4137/1/2040 4136/1/2040
f 4139/1/1059 4136/1/1059 4135/1/1059
f 4147/1/1 4149/1/1 4150/1/1
f 4148/1/2041 4143/1/2041 4146/1/2041
f 4149/1/2042 4146/1/2042 4145/1/2042
f 4150/1/2043 4145/1/2043 4144/1/2043
f 4147/1/1059 4144/1/1059 4143/1/1059
f 4155/1/1 4157/1/1 4158/1/1
f 4156/1/2041 4151/1/2041 4154/1/2041
f 4157/1/2042 4154/1/2042 4153/1/2042
f 4158/1/2043 4153/1/2043 4152/1/2043
f 4155/1/1059 4152/1/1059 4151/1/1059
f 4163/1/1 4165/1/1 4166/1/1
f 4164/1/2041 4159/1/2041 4162/1/2041
f 4165/1/2042 4162/1/2042 4161/1/2042
f 4166/1/2043 4161/1/2043 4160/1/2043
f 4163/1/1059 4160/1/1059 4159/1/1059
f 4171/1/1 4173/1/1 4174/1/1
f 4172/1/2044 4167/1/2044 4170/1/2044
f 4173/1/2045 4170/1/2045 4169/1/2045
f 4174/1/2043 4169/1/2043 4168/1/2043
f 4171/1/1059 4168/1/1059 4167/1/1059
f 4179/1/1 4181/1/1 4182/1/1
f 4180/1/2046 4175/1/2046 4178/1/2046
f 4181/1/2047 4178/1/2047 4177/1/2047
f 4182/1/2048 4177/1/2048 4176/1/2048
f 4179/1/2049 4176/1/2049 4175/1/2049
f 4187/1/1 4189/1/1 4190/1/1
f 4188/1/2046 4183/1/2046 4186/1/2046
f 4189/1/2047 4186/1/2047 4185/1/2047
f 4190/1/2050 4185/1/2050 4184/1/2050
f 4187/1/702 4184/1/702 4183/1/702
f 4195/1/1 4197/1/1 4198/1/1
f 4196/1/2046 4191/1/2046 4194/1/2046
f 4197/1/2047 4194/1/2047 4193/1/2047
f 4198/1/2048 4193/1/2048 4192/1/2048
f 4195/1/2051 4192/1/2051 4191/1/2051
f 4204/1/1 4206/1/1 4203/1/1
f 4204/1/2052 4199/1/2052 4200/1/2052
f 4205/1/2053 4200/1/2053 4201/1/2053
f 4206/1/2054 4201/1/2054 4202/1/2054
f 4203/1/2055 4202/1/2055 4199/1/2055
f 4214/1/1 4216/1/1 4218/1/1
f 4214/1/2056 4207/1/2056 4208/1/2056
f 4215/1/2057 4208/1/2057 4209/1/2057
f 4216/1/2058 4209/1/2058 4210/1/2058
f 4217/1/2059 4210/1/2059 4211/1/2059
f 4218/1/2060 4211/1/2060 4212/1/2060
f 4213/1/2061 4212/1/2061 4207/1/2061
f 4224/1/1 4226/1/1 4223/1/1
f 4224/1/2062 4219/1/2062 4220/1/2062
f 4225/1/2063 4220/1/2063 4221/1/2063
f 4226/1/2064 4221/1/2064 4222/1/2064
f 4223/1/2065 4222/1/2065 4219/1/2065
f 4231/1/1 4233/1/1 4234/1/1
f 4232/1/2066 4227/1/2066 4228/1/2066
f 4233/1/2067 4228/1/2067 4229/1/2067
f 4234/1/2068 4229/1/2068 4230/1/2068
f 4231/1/2069 4230/1/2069 4227/1/2069
f 4241/1/1 4243/1/1 4244/1/1
f 4241/1/2070 4235/1/2070 4236/1/2070
f 4242/1/2071 4236/1/2071 4237/1/2071
f 4243/1/2072 4237/1/2072 4238/1/2072
f 4244/1/2073 4238/1/2073 4239/1/2073
f 4240/1/2074 4239/1/2074 4235/1/2074
f 4253/1/1 4255/1/1 4256/1/1
f 4252/1/2075 4245/1/2075 4246/1/2075
f 4253/1/2076 4246/1/2076 4247/1/2076
f 4254/1/2077 4247/1/2077 4248/1/2077
f 4255/1/2078 4248/1/2078 4249/1/2078
f 4256/1/2079 4249/1/2079 4250/1/2079
f 4251/1/2080 4250/1/2080 4245/1/2080
f 4262/1/1 4264/1/1 4261/1/1
f 4262/1/2081 4257/1/2081 4258/1/2081
f 4263/1/291 4258/1/291 4259/1/291
f 4264/1/1137 4259/1/1137 4260/1/1137
f 4261/1/235 4260/1/235 4257/1/235
f 4269/1/1 4271/1/1 4272/1/1
f 4270/1/1233 4265/1/1233 4266/1/1233
f 4271/1/2082 4266/1/2082 4267/1/2082
f 4272/1/1232 4267/1/1232 4268/1/1232
f 4269/1/2083 4268/1/2083 4265/1/2083
f 4278/1/1 4280/1/1 4277/1/1
f 4278/1/2084 4273/1/2084 4274/1/2084
f 4279/1/2085 4274/1/2085 4275/1/2085
f 4280/1/2086 4275/1/2086 4276/1/2086
f 4277/1/2087 4276/1/2087 4273/1/2087
f 4285/1/1 4287/1/1 4288/1/1
f 4286/1/2088 4281/1/2088 4282/1/2088
f 4287/1/2089 4282/1/2089 4283/1/2089
f 4288/1/2090 4283/1/2090 4284/1/2090
f 4285/1/2091 4284/1/2091 4281/1/2091
f 4293/1/1 4295/1/1 4296/1/1
f 4294/1/2092 4289/1/2092 4290/1/2092
f 4295/1/2093 4290/1/2093 4291/1/2093
f 4296/1/2094 4291/1/2094 4292/1/2094
f 4293/1/2095 4292/1/2095 4289/1/2095
f 4302/1/1 4304/1/1 4301/1/1
f 4302/1/2096 4297/1/2096 4298/1/2096
f 4303/1/2097 4298/1/2097 4299/1/2098
f 4304/1/2099 4299/1/2099 4300/1/2099
f 4301/1/2100 4300/1/2100 4297/1/2100
f 4310/1/1 4312/1/1 4309/1/1
f 4310/1/2101 4305/1/2101 4306/1/2101
f 4311/1/2102 4306/1/2102 4307/1/2102
f 4312/1/1963 4307/1/1963 4308/1/1963
f 4309/1/2103 4308/1/2103 4305/1/2103
f 4318/1/1 4320/1/1 4317/1/1
f 4318/1/2104 4313/1/2104 4314/1/2104
f 4319/1/2105 4314/1/2105 4315/1/2105
f 4320/1/2106 4315/1/2106 4316/1/2106
f 4317/1/2107 4316/1/2107 4313/1/2107
f 4328/1/1 4330/1/1 4332/1/1
f 4328/1/2108 4321/1/2108 4322/1/2108
f 4329/1/529 4322/1/529 4323/1/529
f 4330/1/530 4323/1/530 4324/1/530
f 4331/1/2109 4324/1/2109 4325/1/2109
f 4332/1/2110 4325/1/2110 4326/1/2110
f 4327/1/2111 4326/1/2111 4321/1/2111
f 4349/1/1 4351/1/1 4354/1/1
f 4346/1/130 4333/1/130 4334/1/130
f 4347/1/64 4334/1/64 4335/1/64
f 4348/1/112 4335/1/112 4336/1/112
f 4349/1/2112 4336/1/2112 4337/1/2112
f 4350/1/2113 4337/1/2113 4338/1/2113
f 4351/1/2114 4338/1/2114 4339/1/2114
f 4352/1/1249 4339/1/1249 4340/1/1249
f 4353/1/303 4340/1/303 4341/1/303
f 4354/1/87 4341/1/87 4342/1/87
f 4355/1/2115 4342/1/2116 4343/1/2116
f 4356/1/2117 4343/1/2117 4344/1/2117
f 4345/1/2118 4344/1/2118 4333/1/2118
f 4361/1/1 4363/1/1 4364/1/1
f 4362/1/2119 4357/1/2119 4358/1/2119
f 4363/1/129 4358/1/129 4359/1/129
f 4364/1/2120 4359/1/2120 4360/1/2120
f 4361/1/62 4360/1/62 4357/1/62
f 4369/1/1 4371/1/1 4372/1/1
f 4370/1/529 4365/1/529 4366/1/529
f 4371/1/2121 4366/1/2121 4367/1/2121
f 4372/1/531 4367/1/531 4368/1/531
f 4369/1/2122 4368/1/2122 4365/1/2122
f 4378/1/1 4380/1/1 4377/1/1
f 4378/1/2123 4373/1/2123 4374/1/2123
f 4379/1/2124 4374/1/2124 4375/1/2124
f 4380/1/2125 4375/1/2125 4376/1/2125
f 4377/1/2126 4376/1/2126 4373/1/2126
f 4387/1/1 4389/1/1 4390/1/1
f 4387/1/2127 4381/1/2127 4382/1/2127
f 4388/1/2128 4382/1/2128 4383/1/2128
f 4389/1/2129 4383/1/2129 4384/1/2129
f 4390/1/2130 4384/1/2130 4385/1/2130
f 4386/1/2131 4385/1/2131 4381/1/2131
f 4397/1/1 4399/1/1 4400/1/1
f 4397/1/2132 4391/1/2132 4392/1/2132
f 4398/1/2133 4392/1/2133 4393/1/2133
f 4399/1/2134 4393/1/2134 4394/1/2134
f 4400/1/2135 4394/1/2135 4395/1/2135
f 4396/1/2136 4395/1/2136 4391/1/2136
f 4407/1/1 4409/1/1 4411/1/1
f 4408/1/2137 4401/1/2137 4402/1/2137
f 4409/1/2138 4402/1/2138 4403/1/2138
f 4410/1/2139 4403/1/2139 4404/1/2139
f 4411/1/2140 4404/1/2140 4405/1/2140
f 4412/1/2141 4405/1/2141 4406/1/2141
f 4407/1/364 4406/1/364 4401/1/364
f 4419/1/1 4421/1/1 4423/1/1
f 4420/1/2142 4413/1/2142 4414/1/2142
f 4421/1/694 4414/1/694 4415/1/694
f 4422/1/2143 4415/1/2143 4416/1/2143
f 4423/1/2144 4416/1/2144 4417/1/2144
f 4424/1/2081 4417/1/2081 4418/1/2081
f 4419/1/2145 4418/1/2145 4413/1/2145
f 4436/1/1 4438/1/1 4440/1/1
f 4434/1/2146 4425/1/2146 4426/1/2146
f 4435/1/2147 4426/1/2147 4427/1/2147
f 4436/1/2148 4427/1/2148 4428/1/2148
f 4437/1/2077 4428/1/2077 4429/1/2077
f 4438/1/1169 4429/1/1169 4430/1/1169
f 4439/1/2149 4430/1/2149 4431/1/2149
f 4440/1/2150 4431/1/2150 4432/1/2150
f 4433/1/2151 4432/1/2151 4425/1/2151
f 4447/1/1 4449/1/1 4451/1/1
f 4448/1/2152 4441/1/2152 4442/1/2152
f 4449/1/2153 4442/1/2153 4443/1/2153
f 4450/1/2154 4443/1/2154 4444/1/2154
f 4451/1/2155 4444/1/2155 4445/1/2155
f 4452/1/1365 4445/1/1365 4446/1/1365
f 4447/1/2156 4446/1/2156 4441/1/2156
f 4460/1/1 4462/1/1 4464/1/1
f 4460/1/2157 4453/1/2157 4454/1/2157
f 4461/1/2158 4454/1/2158 4455/1/2158
f 4462/1/2159 4455/1/2159 4456/1/2159
f 4463/1/2160 4456/1/2160 4457/1/2160
f 4464/1/2161 4457/1/2161 4458/1/2161
f 4459/1/2162 4458/1/2162 4453/1/2162
f 4474/1/1 4477/1/1 4480/1/1
f 4474/1/2163 4465/1/2163 4466/1/2163
f 4475/1/2164 4466/1/2164 4467/1/2164
f 4476/1/2165 4467/1/2165 4468/1/2165
f 4477/1/2166 4468/1/2166 4469/1/2166
f 4478/1/2167 4469/1/2167 4470/1/2167
f 4479/1/2168 4470/1/2168 4471/1/2168
f 4480/1/2169 4471/1/2169 4472/1/2169
f 4473/1/2170 4472/1/2170 4465/1/2170
f 4485/1/1 4487/1/1 4488/1/1
f 4486/1/2171 4481/1/2171 4482/1/2171
f 4487/1/2172 4482/1/2172 4483/1/2172
f 4488/1/2173 4483/1/2173 4484/1/2173
f 4485/1/2174 4484/1/2174 4481/1/2174
f 4496/1/1 4498/1/1 4500/1/1
f 4496/1/996 4489/1/996 4490/1/996
f 4497/1/2175 4490/1/2175 4491/1/2175
f 4498/1/2176 4491/1/2176 4492/1/2176
f 4499/1/2177 4492/1/2177 4493/1/2178
f 4500/1/2179 4493/1/2179 4494/1/2179
f 4495/1/2180 4494/1/2180 4489/1/2180
f 4508/1/1 4510/1/1 4512/1/1
f 4508/1/2181 4501/1/2181 4502/1/2181
f 4509/1/2182 4502/1/2182 4503/1/2182
f 4510/1/2183 4503/1/2183 4504/1/2183
f 4511/1/2184 4504/1/2184 4505/1/2185
f 4512/1/2186 4505/1/2186 4506/1/2186
f 4507/1/2187 4506/1/2187 4501/1/2187
f 4524/1/1 4526/1/1 4529/1/1
f 4523/1/2188 4513/1/2188 4514/1/2188
f 4524/1/2189 4514/1/2189 4515/1/2189
f 4525/1/2190 4515/1/2190 4516/1/2190
f 4526/1/2191 4516/1/2191 4517/1/2191
f 4527/1/2192 4517/1/2192 4518/1/2192
f 4528/1/2193 4518/1/2193 4519/1/2193
f 4529/1/2194 4519/1/2195 4520/1/2195
f 4530/1/2196 4520/1/2196 4521/1/2196
f 4522/1/2197 4521/1/2198 4513/1/2198
f 4535/1/1 4537/1/1 4538/1/1
f 4536/1/2199 4531/1/2199 4532/1/2199
f 4537/1/2200 4532/1/2200 4533/1/2200
f 4538/1/2201 4533/1/2201 4534/1/2201
f 4535/1/2202 4534/1/2202 4531/1/2202
f 4543/1/1 4545/1/1 4546/1/1
f 4544/1/2203 4539/1/2203 4540/1/2203
f 4545/1/2204 4540/1/2204 4541/1/2204
f 4546/1/2205 4541/1/2205 4542/1/2205
f 4543/1/2206 4542/1/2206 4539/1/2206
f 4552/1/1 4554/1/1 4551/1/1
f 4552/1/2207 4547/1/2207 4548/1/2207
f 4553/1/2208 4548/1/2208 4549/1/2208
f 4554/1/2209 4549/1/2209 4550/1/2209
f 4551/1/2210 4550/1/2210 4547/1/2210
f 4559/1/1 4561/1/1 4562/1/1
f 4560/1/2211 4555/1/2211 4556/1/2211
f 4561/1/2212 4556/1/2212 4557/1/2212
f 4562/1/2213 4557/1/2213 4558/1/2213
f 4559/1/2214 4558/1/2214 4555/1/2214
f 4567/1/1 4569/1/1 4570/1/1
f 4568/1/2215 4563/1/2215 4564/1/2215
f 4569/1/2216 4564/1/2216 4565/1/2216
f 4570/1/2217 4565/1/2217 4566/1/2217
f 4567/1/2218 4566/1/2218 4563/1/2218
f 4578/1/1 4580/1/1 4582/1/1
f 4578/1/2219 4571/1/2219 4572/1/2219
f 4579/1/2220 4572/1/2220 4573/1/2220
f 4580/1/2221 4573/1/2221 4574/1/2221
f 4581/1/2222 4574/1/2222 4575/1/2222
f 4582/1/2223 4575/1/2223 4576/1/2223
f 4577/1/2224 4576/1/2224 4571/1/2224
f 4587/1/1 4589/1/1 4590/1/1
f 4588/1/2225 4583/1/2225 4584/1/2225
f 4589/1/2204 4584/1/2204 4585/1/2204
f 4590/1/2226 4585/1/2226 4586/1/2226
f 4587/1/2227 4586/1/2227 4583/1/2227
f 4597/1/1 4599/1/1 4601/1/1
f 4598/1/2228 4591/1/2228 4592/1/2228
f 4599/1/2194 4592/1/2194 4593/1/2194
f 4600/1/2229 4593/1/2229 4594/1/2229
f 4601/1/2230 4594/1/2230 4595/1/2230
f 4602/1/2231 4595/1/2231 4596/1/2231
f 4597/1/2232 4596/1/2232 4591/1/2232
f 4612/1/1 4615/1/1 4618/1/1
f 4612/1/2233 4603/1/2233 4604/1/2233
f 4613/1/2234 4604/1/2234 4605/1/2234
f 4614/1/2235 4605/1/2235 4606/1/2235
f 4615/1/2236 4606/1/2236 4607/1/2236
f 4616/1/2237 4607/1/2237 4608/1/2237
f 4617/1/711 4608/1/711 4609/1/711
f 4618/1/2238 4609/1/2238 4610/1/2238
f 4611/1/2239 4610/1/2239 4603/1/2239
f 4623/1/1 4625/1/1 4626/1/1
f 4624/1/2240 4619/1/2240 4620/1/2240
f 4625/1/2241 4620/1/2241 4621/1/2241
f 4626/1/2242 4621/1/2242 4622/1/2242
f 4623/1/2243 4622/1/2243 4619/1/2243
f 4631/1/1 4633/1/1 4634/1/1
f 4632/1/2244 4627/1/2244 4628/1/2244
f 4633/1/2245 4628/1/2245 4629/1/2245
f 4634/1/2246 4629/1/2246 4630/1/2246
f 4631/1/1364 4630/1/1364 4627/1/1364
f 4642/1/1 4644/1/1 4645/1/1
f 4642/1/2247 4635/1/2247 4636/1/2247
f 4643/1/2248 4636/1/2248 4637/1/2248
f 4644/1/2249 4637/1/2249 4638/1/2249
f 4645/1/2250 4638/1/2251 4639/1/2251
f 4646/1/2252 4639/1/2252 4640/1/2252
f 4641/1/2253 4640/1/2253 4635/1/2253
f 4651/1/1 4653/1/1 4654/1/1
f 4652/1/2254 4647/1/2254 4648/1/2254
f 4653/1/2255 4648/1/2255 4649/1/2255
f 4654/1/2256 4649/1/2256 4650/1/2256
f 4651/1/2257 4650/1/2257 4647/1/2257
f 4660/1/1 4662/1/1 4659/1/1
f 4660/1/2258 4655/1/2258 4656/1/2258
f 4661/1/2259 4656/1/2259 4657/1/2259
f 4662/1/2260 4657/1/2260 4658/1/2260
f 4659/1/2261 4658/1/2261 4655/1/2261
f 4667/1/1 4669/1/1 4670/1/1
f 4668/1/2262 4663/1/2262 4664/1/2262
f 4669/1/2263 4664/1/2263 4665/1/2263
f 4670/1/2264 4665/1/2264 4666/1/2264
f 4667/1/2265 4666/1/2265 4663/1/2265
f 4675/1/1 4677/1/1 4678/1/1
f 4676/1/2266 4671/1/2266 4672/1/2266
f 4677/1/2267 4672/1/2267 4673/1/2267
f 4678/1/2268 4673/1/2268 4674/1/2268
f 4675/1/2269 4674/1/2269 4671/1/2269
f 4683/1/1 4685/1/1 4686/1/1
f 4684/1/2270 4679/1/2270 4680/1/2270
f 4685/1/2271 4680/1/2271 4681/1/2271
f 4686/1/2272 4681/1/2272 4682/1/2272
f 4683/1/2273 4682/1/2273 4679/1/2273
f 4691/1/1 4693/1/1 4694/1/1
f 4692/1/2274 4687/1/2274 4688/1/2274
f 4693/1/2275 4688/1/2275 4689/1/2275
f 4694/1/2276 4689/1/2276 4690/1/2276
f 4691/1/2277 4690/1/2277 4687/1/2277
f 4699/1/1 4701/1/1 4702/1/1
f 4700/1/2278 4695/1/2278 4696/1/2278
f 4701/1/1532 4696/1/1532 4697/1/1532
f 4702/1/2279 4697/1/2279 4698/1/2279
f 4699/1/2280 4698/1/2280 4695/1/2280
f 4707/1/1 4709/1/1 4710/1/1
f 4708/1/2281 4703/1/2281 4704/1/2281
f 4709/1/2158 4704/1/2158 4705/1/2158
f 4710/1/2282 4705/1/2282 4706/1/2282
f 4707/1/2283 4706/1/2283 4703/1/2283
f 4718/1/1 4720/1/1 4722/1/1
f 4718/1/2284 4711/1/2284 4712/1/2284
f 4719/1/2285 4712/1/2285 4713/1/2285
f 4720/1/2286 4713/1/2286 4714/1/2286
f 4721/1/2287 4714/1/2287 4715/1/2287
f 4722/1/2288 4715/1/2288 4716/1/2288
f 4717/1/2289 4716/1/2289 4711/1/2289
f 4727/1/1 4729/1/1 4730/1/1
f 4728/1/2290 4723/1/2290 4724/1/2290
f 4729/1/2291 4724/1/2291 4725/1/2291
f 4730/1/2292 4725/1/2292 4726/1/2292
f 4727/1/2293 4726/1/2293 4723/1/2293
f 4735/1/1 4737/1/1 4738/1/1
f 4736/1/2294 4731/1/2294 4732/1/2294
f 4737/1/2295 4732/1/2295 4733/1/2295
f 4738/1/2296 4733/1/2296 4734/1/2296
f 4735/1/2297 4734/1/2297 4731/1/2297
f 4743/1/1 4745/1/1 4746/1/1
f 4744/1/2298 4739/1/2298 4740/1/2298
f 4745/1/2299 4740/1/2299 4741/1/2299
f 4746/1/2296 4741/1/2296 4742/1/2296
f 4743/1/2300 4742/1/2300 4739/1/2300
f 4751/1/1 4753/1/1 4754/1/1
f 4752/1/2301 4747/1/2301 4748/1/2301
f 4753/1/2299 4748/1/2299 4749/1/2299
f 4754/1/2296 4749/1/2296 4750/1/2296
f 4751/1/2297 4750/1/2297 4747/1/2297
f 4759/1/1 4761/1/1 4762/1/1
f 4760/1/2301 4755/1/2301 4756/1/2301
f 4761/1/2299 4756/1/2299 4757/1/2299
f 4762/1/2302 4757/1/2302 4758/1/2302
f 4759/1/2300 4758/1/2300 4755/1/2300
f 4767/1/1 4769/1/1 4770/1/1
f 4768/1/2303 4763/1/2303 4764/1/2303
f 4769/1/2299 4764/1/2299 4765/1/2299
f 4770/1/2304 4765/1/2304 4766/1/2304
f 4767/1/2297 4766/1/2297 4763/1/2297
f 4775/1/1 4777/1/1 4778/1/1
f 4776/1/2305 4771/1/2305 4772/1/2305
f 4777/1/2306 4772/1/2306 4773/1/2306
f 4778/1/2307 4773/1/2307 4774/1/2307
f 4775/1/2308 4774/1/2308 4771/1/2308
f 4783/1/1 4785/1/1 4786/1/1
f 4784/1/2309 4779/1/2309 4780/1/2309
f 4785/1/2310 4780/1/2310 4781/1/2310
f 4786/1/2311 4781/1/2311 4782/1/2311
f 4783/1/2312 4782/1/2312 4779/1/2312
f 4791/1/1 4793/1/1 4794/1/1
f 4792/1/2313 4787/1/2313 4788/1/2313
f 4793/1/2314 4788/1/2314 4789/1/2314
f 4794/1/2315 4789/1/2315 4790/1/2315
f 4791/1/2316 4790/1/2316 4787/1/2316
f 4799/1/1 4801/1/1 4802/1/1
f 4800/1/2317 4795/1/2317 4796/1/2317
f 4801/1/2318 4796/1/2318 4797/1/2318
f 4802/1/2319 4797/1/2319 4798/1/2319
f 4799/1/2320 4798/1/2320 4795/1/2320
f 4807/1/1 4809/1/1 4810/1/1
f 4808/1/2321 4803/1/2321 4804/1/2321
f 4809/1/2322 4804/1/2322 4805/1/2322
f 4810/1/2323 4805/1/2323 4806/1/2323
f 4807/1/2324 4806/1/2324 4803/1/2324
f 4818/1/1 4820/1/1 4822/1/1
f 4818/1/2325 4811/1/2325 4812/1/2325
f 4819/1/2326 4812/1/2326 4813/1/2326
f 4820/1/2327 4813/1/2327 4814/1/2327
f 4821/1/2328 4814/1/2328 4815/1/2328
f 4822/1/1105 4815/1/1105 4816/1/1105
f 4817/1/2329 4816/1/2329 4811/1/2329
f 4827/1/1 4829/1/1 4830/1/1
f 4828/1/2330 4823/1/2330 4824/1/2330
f 4829/1/2331 4824/1/2331 4825/1/2331
f 4830/1/2332 4825/1/2332 4826/1/2332
f 4827/1/2333 4826/1/2333 4823/1/2333
f 4835/1/1 4837/1/1 4838/1/1
f 4836/1/2334 4831/1/2334 4832/1/2334
f 4837/1/2335 4832/1/2335 4833/1/2335
f 4838/1/2336 4833/1/2336 4834/1/2336
f 4835/1/2297 4834/1/2297 4831/1/2297
f 4843/1/1 4845/1/1 4846/1/1
f 4844/1/2337 4839/1/2337 4840/1/2337
f 4845/1/2338 4840/1/2338 4841/1/2338
f 4846/1/2339 4841/1/2339 4842/1/2339
f 4843/1/2340 4842/1/2340 4839/1/2340
f 4851/1/1 4853/1/1 4854/1/1
f 4852/1/2341 4847/1/2341 4848/1/2341
f 4853/1/2342 4848/1/2342 4849/1/2342
f 4854/1/2343 4849/1/2343 4850/1/2343
f 4851/1/2344 4850/1/2344 4847/1/2344
f 4862/1/1 4864/1/1 4865/1/1
f 4862/1/2345 4855/1/2345 4856/1/2345
f 4863/1/2346 4856/1/2346 4857/1/2346
f 4864/1/2347 4857/1/2347 4858/1/2347
f 4865/1/2348 4858/1/2348 4859/1/2348
f 4866/1/2349 4859/1/2349 4860/1/2349
f 4861/1/2350 4860/1/2350 4855/1/2350
f 4872/1/1 4874/1/1 4871/1/1
f 4872/1/2351 4867/1/2351 4868/1/2351
f 4873/1/2352 4868/1/2352 4869/1/2352
f 4874/1/2353 4869/1/2353 4870/1/2353
f 4871/1/2354 4870/1/2354 4867/1/2354
f 4879/1/1 4881/1/1 4882/1/1
f 4880/1/2355 4875/1/2355 4876/1/2355
f 4881/1/2356 4876/1/2356 4877/1/2356
f 4882/1/2357 4877/1/2357 4878/1/2357
f 4879/1/2358 4878/1/2358 4875/1/2358
f 4887/1/1 4889/1/1 4890/1/1
f 4888/1/989 4883/1/989 4884/1/989
f 4889/1/2359 4884/1/2359 4885/1/2359
f 4890/1/2360 4885/1/2360 4886/1/2360
f 4887/1/2361 4886/1/2361 4883/1/2361
f 4902/1/1 4907/1/1 4910/1/1
f 4903/1/2362 4891/1/2362 4892/1/2362
f 4904/1/2363 4892/1/2364 4893/1/2363
f 4905/1/2365 4893/1/2363 4894/1/2365
f 4906/1/2366 4894/1/2366 4895/1/2366
f 4907/1/2367 4895/1/2367 4896/1/2367
f 4908/1/2368 4896/1/2368 4897/1/2368
f 4909/1/2369 4897/1/2369 4898/1/2369
f 4910/1/2262 4898/1/2262 4899/1/2262
f 4911/1/2370 4899/1/2370 4900/1/2370
f 4912/1/1483 4900/1/1483 4901/1/1483
f 4902/1/2371 4901/1/2371 4891/1/2371
f 4919/1/1 4921/1/1 4923/1/1
f 4920/1/2372 4913/1/2372 4914/1/2372
f 4921/1/2373 4914/1/2373 4915/1/2373
f 4922/1/2374 4915/1/2374 4916/1/2374
f 4923/1/2375 4916/1/2375 4917/1/2375
f 4924/1/1536 4917/1/1536 4918/1/1536
f 4919/1/2376 4918/1/2377 4913/1/2377
f 4931/1/1 4933/1/1 4935/1/1
f 4932/1/2378 4925/1/2378 4926/1/2378
f 4933/1/2379 4926/1/2379 4927/1/2379
f 4934/1/2380 4927/1/2380 4928/1/2380
f 4935/1/2381 4928/1/2381 4929/1/2381
f 4936/1/2382 4929/1/2382 4930/1/2382
f 4931/1/2383 4930/1/2383 4925/1/2383
f 4946/1/1 4950/1/1 4952/1/1
f 4947/1/2384 4937/1/2384 4938/1/2384
f 4948/1/2385 4938/1/2385 4939/1/2385
f 4949/1/2386 4939/1/2386 4940/1/2386
f 4950/1/2387 4940/1/2387 4941/1/2387
f 4951/1/2388 4941/1/2388 4942/1/2388
f 4952/1/2389 4942/1/2389 4943/1/2389
f 4953/1/2390 4943/1/2390 4944/1/2390
f 4954/1/2391 4944/1/2391 4945/1/2391
f 4946/1/1496 4945/1/2392 4937/1/2392
f 4961/1/1 4963/1/1 4965/1/1
f 4962/1/2393 4955/1/2393 4956/1/2393
f 4963/1/1532 4956/1/1532 4957/1/1532
f 4964/1/2394 4957/1/2394 4958/1/2394
f 4965/1/2395 4958/1/2395 4959/1/2395
f 4966/1/2278 4959/1/2278 4960/1/2278
f 4961/1/2396 4960/1/2396 4955/1/2396
f 4973/1/1 4975/1/1 4976/1/1
f 4973/1/2397 4967/1/2397 4968/1/2397
f 4974/1/2398 4968/1/2398 4969/1/2398
f 4975/1/2399 4969/1/2399 4970/1/2399
f 4976/1/2400 4970/1/2400 4971/1/2400
f 4972/1/2401 4971/1/2401 4967/1/2401
f 4986/1/1 4988/1/1 4990/1/1
f 4985/1/2402 4977/1/2402 4978/1/2402
f 4986/1/2403 4978/1/2403 4979/1/2403
f 4987/1/2404 4979/1/2405 4980/1/2405
f 4988/1/2406 4980/1/2406 4981/1/2406
f 4989/1/2407 4981/1/2407 4982/1/2407
f 4990/1/2408 4982/1/2408 4983/1/2408
f 4984/1/2409 4983/1/2409 4977/1/2409
f 5008/1/1 5014/1/1 5017/1/1
f 5006/1/2410 4991/1/2410 4992/1/2410
f 5007/1/42 4992/1/42 4993/1/42
f 5008/1/2411 4993/1/2411 4994/1/2411
f 5009/1/2412 4994/1/2412 4995/1/2412
f 5010/1/2413 4995/1/2413 4996/1/2413
f 5011/1/2414 4996/1/2414 4997/1/2414
f 5012/1/2415 4997/1/2415 4998/1/2415
f 5013/1/2416 4998/1/2416 4999/1/2416
f 5014/1/2417 4999/1/2417 5000/1/2417
f 5015/1/2418 5000/1/2418 5001/1/2418
f 5016/1/2419 5001/1/2419 5002/1/2419
f 5017/1/2420 5002/1/2420 5003/1/2420
f 5018/1/643 5003/1/643 5004/1/643
f 5005/1/2421 5004/1/2421 4991/1/2421
f 5023/1/1 5025/1/1 5026/1/1
f 5024/1/2422 5019/1/2422 5020/1/2422
f 5025/1/2423 5020/1/2423 5021/1/2423
f 5026/1/2424 5021/1/2424 5022/1/2424
f 5023/1/2425 5022/1/2425 5019/1/2425
f 5034/1/1 5036/1/1 5038/1/1
f 5034/1/2426 5027/1/2426 5028/1/2426
f 5035/1/2427 5028/1/2427 5029/1/2427
f 5036/1/2428 5029/1/2428 5030/1/2428
f 5037/1/2429 5030/1/2429 5031/1/2429
f 5038/1/2430 5031/1/2430 5032/1/2430
f 5033/1/2431 5032/1/2431 5027/1/2432
f 5046/1/1 5048/1/1 5050/1/1
f 5046/1/2433 5039/1/2433 5040/1/2433
f 5047/1/2434 5040/1/2434 5041/1/2434
f 5048/1/2435 5041/1/2435 5042/1/2435
f 5049/1/2436 5042/1/2436 5043/1/2436
f 5050/1/2437 5043/1/2437 5044/1/2437
f 5045/1/2438 5044/1/2438 5039/1/2438
f 5056/1/1 5058/1/1 5055/1/1
f 5056/1/2439 5051/1/2439 5052/1/2439
f 5057/1/2440 5052/1/2440 5053/1/2440
f 5058/1/2441 5053/1/2441 5054/1/2441
f 5055/1/2442 5054/1/2442 5051/1/2443
f 5063/1/1 5065/1/1 5066/1/1
f 5064/1/2444 5059/1/2444 5060/1/2444
f 5065/1/2445 5060/1/2445 5061/1/2445
f 5066/1/2446 5061/1/2446 5062/1/2446
f 5063/1/2447 5062/1/2447 5059/1/2447
f 5073/1/1 5075/1/1 5077/1/1
f 5074/1/2448 5067/1/2448 5068/1/2448
f 5075/1/2449 5068/1/2449 5069/1/2449
f 5076/1/2450 5069/1/2450 5070/1/2450
f 5077/1/1868 5070/1/1868 5071/1/1868
f 5078/1/2451 5071/1/2451 5072/1/2451
f 5073/1/2452 5072/1/2452 5067/1/2452
f 5106/1/1 5112/1/1 5116/1/1
f 5102/1/2453 5079/1/2453 5080/1/2453
f 5103/1/2454 5080/1/2454 5081/1/2454
f 5104/1/2455 5081/1/2455 5082/1/2455
f 5105/1/2456 5082/1/2456 5083/1/2457
f 5106/1/2458 5083/1/2458 5084/1/2458
f 5107/1/2459 5084/1/2459 5085/1/2459
f 5108/1/2460 5085/1/2460 5086/1/2460
f 5109/1/2461 5086/1/2461 5087/1/2461
f 5110/1/2462 5087/1/2462 5088/1/2462
f 5111/1/2463 5088/1/2463 5089/1/2463
f 5112/1/2464 5089/1/2464 5090/1/2464
f 5113/1/2465 5090/1/2465 5091/1/2465
f 5114/1/2466 5091/1/2466 5092/1/2466
f 5115/1/2467 5092/1/2467 5093/1/2467
f 5116/1/2468 5093/1/2468 5094/1/2468
f 5117/1/2469 5094/1/2469 5095/1/2469
f 5118/1/2470 5095/1/2470 5096/1/2470
f 5119/1/2471 5096/1/2471 5097/1/2471
f 5120/1/2472 5097/1/2472 5098/1/2472
f 5121/1/2473 5098/1/2474 5099/1/2474
f 5122/1/2475 5099/1/2475 5100/1/2475
f 5101/1/2476 5100/1/2476 5079/1/2476
f 5128/1/1 5130/1/1 5127/1/1
f 5128/1/2477 5123/1/2477 5124/1/2477
f 5129/1/2478 5124/1/2478 5125/1/2478
f 5130/1/2479 5125/1/2479 5126/1/2479
f 5127/1/2480 5126/1/2480 5123/1/2480
f 5139/1/1 5141/1/1 5142/1/1
f 5138/1/2481 5131/1/2481 5132/1/2481
f 5139/1/2482 5132/1/2482 5133/1/2482
f 5140/1/1989 5133/1/1989 5134/1/1989
f 5141/1/2483 5134/1/2483 5135/1/2483
f 5142/1/2484 5135/1/2484 5136/1/2484
f 5137/1/2485 5136/1/2486 5131/1/2485
f 5149/1/1 5151/1/1 5153/1/1
f 5150/1/2487 5143/1/2487 5144/1/2487
f 5151/1/2488 5144/1/2488 5145/1/2488
f 5152/1/2260 5145/1/2260 5146/1/2260
f 5153/1/2489 5146/1/2489 5147/1/2489
f 5154/1/2490 5147/1/2490 5148/1/2490
f 5149/1/2491 5148/1/2491 5143/1/2491
f 5159/1/1 5161/1/1 5162/1/1
f 5160/1/2492 5155/1/2492 5156/1/2492
f 5161/1/2493 5156/1/2493 5157/1/2493
f 5162/1/2494 5157/1/2494 5158/1/2494
f 5159/1/2495 5158/1/2495 5155/1/2495
f 5172/1/1 5174/1/1 5177/1/1
f 5172/1/394 5163/1/394 5164/1/394
f 5173/1/2496 5164/1/2496 5165/1/2496
f 5174/1/2497 5165/1/2497 5166/1/2497
f 5175/1/2498 5166/1/2498 5167/1/2498
f 5176/1/2109 5167/1/2109 5168/1/2109
f 5177/1/2499 5168/1/2499 5169/1/2499
f 5178/1/2500 5169/1/2500 5170/1/2500
f 5171/1/84 5170/1/84 5163/1/84
f 5194/1/1 5200/1/1 5205/1/1
f 5194/1/2501 5179/1/2501 5180/1/2501
f 5195/1/2502 5180/1/2502 5181/1/2502
f 5196/1/2503 5181/1/2503 5182/1/2503
f 5197/1/2504 5182/1/2504 5183/1/2504
f 5198/1/2505 5183/1/2505 5184/1/2505
f 5199/1/2506 5184/1/2506 5185/1/2506
f 5200/1/2507 5185/1/2507 5186/1/2507
f 5201/1/2508 5186/1/2508 5187/1/2508
f 5202/1/2509 5187/1/2509 5188/1/2509
f 5203/1/2510 5188/1/2510 5189/1/2510
f 5204/1/1722 5189/1/1722 5190/1/1722
f 5205/1/2511 5190/1/2511 5191/1/2511
f 5206/1/2512 5191/1/2512 5192/1/2512
f 5193/1/2513 5192/1/2513 5179/1/2513
f 5212/1/1 5214/1/1 5211/1/1
f 5212/1/2514 5207/1/2514 5208/1/2514
f 5213/1/2515 5208/1/2515 5209/1/2515
f 5214/1/2516 5209/1/2516 5210/1/2516
f 5211/1/2517 5210/1/2517 5207/1/2517
f 5223/1/1 5225/1/1 5229/1/1
f 5224/1/2518 5215/1/2518 5216/1/2518
f 5225/1/2519 5216/1/2519 5217/1/2519
f 5226/1/2520 5217/1/2520 5218/1/2520
f 5227/1/2521 5218/1/2521 5219/1/2521
f 5228/1/2522 5219/1/2522 5220/1/2522
f 5229/1/2523 5220/1/2524 5221/1/2524
f 5230/1/2525 5221/1/2525 5222/1/2525
f 5223/1/2526 5222/1/2526 5215/1/2526
f 5238/1/1 5240/1/1 5241/1/1
f 5238/1/2527 5231/1/2527 5232/1/2527
f 5239/1/2528 5232/1/2528 5233/1/2528
f 5240/1/2529 5233/1/2529 5234/1/2529
f 5241/1/811 5234/1/811 5235/1/811
f 5242/1/2530 5235/1/2530 5236/1/2530
f 5237/1/2531 5236/1/2531 5231/1/2531
f 5255/1/1 5257/1/1 5260/1/1
f 5253/1/2532 5243/1/2532 5244/1/2532
f 5254/1/2533 5244/1/2533 5245/1/2533
f 5255/1/2534 5245/1/2534 5246/1/2534
f 5256/1/2535 5246/1/2535 5247/1/2535
f 5257/1/2536 5247/1/2536 5248/1/2536
f 5258/1/2537 5248/1/2537 5249/1/2537
f 5259/1/2538 5249/1/2538 5250/1/2538
f 5260/1/2539 5250/1/2539 5251/1/2539
f 5252/1/1755 5251/1/1755 5243/1/1755
f 5266/1/1 5268/1/1 5265/1/1
f 5266/1/2540 5261/1/2540 5262/1/2540
f 5267/1/2541 5262/1/2541 5263/1/2541
f 5268/1/2542 5263/1/2542 5264/1/2542
f 5265/1/2543 5264/1/2543 5261/1/2543
f 5273/1/1 5275/1/1 5276/1/1
f 5274/1/2544 5269/1/2544 5270/1/2544
f 5275/1/2545 5270/1/2545 5271/1/2545
f 5276/1/2546 5271/1/2546 5272/1/2546
f 5273/1/2547 5272/1/2547 5269/1/2547
f 5281/1/1 5283/1/1 5284/1/1
f 5282/1/2548 5277/1/2548 5278/1/2548
f 5283/1/2549 5278/1/2549 5279/1/2549
f 5284/1/2550 5279/1/2550 5280/1/2550
f 5281/1/2551 5280/1/2551 5277/1/2551
f 5292/1/1 5294/1/1 5295/1/1
f 5292/1/2552 5285/1/2552 5286/1/2552
f 5293/1/2553 5286/1/2553 5287/1/2553
f 5294/1/2554 5287/1/2554 5288/1/2554
f 5295/1/2555 5288/1/2555 5289/1/2555
f 5296/1/2556 5289/1/2556 5290/1/2556
f 5291/1/2557 5290/1/2557 5285/1/2557
f 5308/1/1 5310/1/1 5312/1/1
f 5306/1/2558 5297/1/2558 5298/1/2558
f 5307/1/2559 5298/1/2559 5299/1/2559
f 5308/1/2560 5299/1/2560 5300/1/2560
f 5309/1/2561 5300/1/2561 5301/1/2561
f 5310/1/2562 5301/1/2562 5302/1/2562
f 5311/1/2563 5302/1/2563 5303/1/2563
f 5312/1/827 5303/1/827 5304/1/827
f 5305/1/2564 5304/1/2564 5297/1/2564
f 5319/1/1 5321/1/1 5322/1/1
f 5319/1/2565 5313/1/2565 5314/1/2565
f 5320/1/2566 5314/1/2566 5315/1/2566
f 5321/1/2567 5315/1/2567 5316/1/2567
f 5322/1/2568 5316/1/2568 5317/1/2568
f 5318/1/2569 5317/1/2569 5313/1/2569
f 5330/1/1 5332/1/1 5334/1/1
f 5330/1/2552 5323/1/2552 5324/1/2552
f 5331/1/2559 5324/1/2559 5325/1/2559
f 5332/1/2570 5325/1/2570 5326/1/2570
f 5333/1/2571 5326/1/2571 5327/1/2571
f 5334/1/138 5327/1/138 5328/1/138
f 5329/1/2572 5328/1/2572 5323/1/2572
f 5339/1/1 5341/1/1 5342/1/1
f 5340/1/2573 5335/1/2573 5336/1/2573
f 5341/1/2574 5336/1/2574 5337/1/2574
f 5342/1/2560 5337/1/2560 5338/1/2560
f 5339/1/2575 5338/1/2575 5335/1/2575
f 5347/1/1 5349/1/1 5350/1/1
f 5348/1/827 5343/1/827 5344/1/827
f 5349/1/2576 5344/1/2576 5345/1/2576
f 5350/1/2577 5345/1/2577 5346/1/2577
f 5347/1/2578 5346/1/2578 5343/1/2578
f 5355/1/1 5357/1/1 5358/1/1
f 5356/1/2579 5351/1/2579 5352/1/2579
f 5357/1/2580 5352/1/2580 5353/1/2580
f 5358/1/2581 5353/1/2581 5354/1/2581
f 5355/1/723 5354/1/723 5351/1/723
f 5365/1/1 5367/1/1 5368/1/1
f 5365/1/2582 5359/1/2582 5360/1/2582
f 5366/1/2583 5360/1/2583 5361/1/2583
f 5367/1/2581 5361/1/2581 5362/1/2581
f 5368/1/2584 5362/1/2584 5363/1/2584
f 5364/1/2585 5363/1/2585 5359/1/2585
f 5373/1/1 5375/1/1 5376/1/1
f 5374/1/2586 5369/1/2586 5370/1/2586
f 5375/1/2587 5370/1/2587 5371/1/2587
f 5376/1/2588 5371/1/2588 5372/1/2588
f 5373/1/2589 5372/1/2589 5369/1/2589
f 5383/1/1 5385/1/1 5386/1/1
f 5383/1/2590 5377/1/2590 5378/1/2590
f 5384/1/2591 5378/1/2591 5379/1/2591
f 5385/1/2592 5379/1/2592 5380/1/2592
f 5386/1/2593 5380/1/2593 5381/1/2593
f 5382/1/2594 5381/1/2594 5377/1/2594
f 5391/1/1 5393/1/1 5394/1/1
f 5392/1/2595 5387/1/2595 5388/1/2595
f 5393/1/2596 5388/1/2596 5389/1/2596
f 5394/1/2597 5389/1/2597 5390/1/2597
f 5391/1/2598 5390/1/2598 5387/1/2598
f 5399/1/1 5401/1/1 5402/1/1
f 5400/1/2599 5395/1/2599 5396/1/2599
f 5401/1/2600 5396/1/2600 5397/1/2600
f 5402/1/2601 5397/1/2601 5398/1/2601
f 5399/1/2602 5398/1/2602 5395/1/2602
f 5409/1/1 5411/1/1 5412/1/1
f 5409/1/1022 5403/1/1022 5404/1/1022
f 5410/1/2603 5404/1/2603 5405/1/2603
f 5411/1/2604 5405/1/2604 5406/1/2604
f 5412/1/2605 5406/1/2605 5407/1/2605
f 5408/1/2606 5407/1/2606 5403/1/2606
f 5420/1/1 5422/1/1 5424/1/1
f 5420/1/2607 5413/1/2608 5414/1/2607
f 5421/1/2609 5414/1/2610 5415/1/2609
f 5422/1/2611 5415/1/2609 5416/1/2611
f 5423/1/2612 5416/1/2612 5417/1/2612
f 5424/1/2613 5417/1/2613 5418/1/2613
f 5419/1/2608 5418/1/2614 5413/1/2608
f 5429/1/1 5431/1/1 5432/1/1
f 5430/1/2615 5425/1/2615 5426/1/2615
f 5431/1/2616 5426/1/2616 5427/1/2616
f 5432/1/2617 5427/1/2617 5428/1/2617
f 5429/1/2618 5428/1/2618 5425/1/2618
f 5443/1/1 5448/1/1 5450/1/1
f 5444/1/2619 5433/1/2619 5434/1/2620
f 5445/1/2621 5434/1/2621 5435/1/2621
f 5446/1/2622 5435/1/2622 5436/1/2622
f 5447/1/2623 5436/1/2623 5437/1/2623
f 5448/1/2624 5437/1/2624 5438/1/2624
f 5449/1/2625 5438/1/2625 5439/1/2625
f 5450/1/2626 5439/1/2626 5440/1/2626
f 5451/1/2627 5440/1/2628 5441/1/2628
f 5452/1/2629 5441/1/2629 5442/1/2629
f 5443/1/2630 5442/1/2630 5433/1/2630
f 5457/1/1 5459/1/1 5460/1/1
f 5458/1/2631 5453/1/2631 5454/1/2631
f 5459/1/2632 5454/1/2632 5455/1/2632
f 5460/1/2567 5455/1/2567 5456/1/2567
f 5457/1/2633 5456/1/2633 5453/1/2633
f 5467/1/1 5469/1/1 5470/1/1
f 5467/1/2634 5461/1/2634 5462/1/2634
f 5468/1/2635 5462/1/2635 5463/1/2635
f 5469/1/2636 5463/1/2636 5464/1/2636
f 5470/1/2637 5464/1/2637 5465/1/2637
f 5466/1/2638 5465/1/2638 5461/1/2638
f 5475/1/1 5477/1/1 5478/1/1
f 5476/1/2639 5471/1/2639 5472/1/2639
f 5477/1/2640 5472/1/2640 5473/1/2640
f 5478/1/2641 5473/1/2641 5474/1/2641
f 5475/1/2642 5474/1/2642 5471/1/2642
f 5486/1/1 5488/1/1 5490/1/1
f 5486/1/2643 5479/1/2644 5480/1/2643
f 5487/1/2645 5480/1/2646 5481/1/2645
f 5488/1/2647 5481/1/2645 5482/1/2647
f 5489/1/2648 5482/1/2648 5483/1/2648
f 5490/1/2649 5483/1/2649 5484/1/2649
f 5485/1/2644 5484/1/2650 5479/1/2644
f 5498/1/1 5500/1/1 5501/1/1
f 5498/1/2651 5491/1/2651 5492/1/2651
f 5499/1/2652 5492/1/2652 5493/1/2652
f 5500/1/2653 5493/1/2653 5494/1/2653
f 5501/1/2654 5494/1/2654 5495/1/2654
f 5502/1/2655 5495/1/2655 5496/1/2655
f 5497/1/2656 5496/1/2656 5491/1/2656
f 5507/1/1 5509/1/1 5510/1/1
f 5508/1/2657 5503/1/2657 5504/1/2657
f 5509/1/2658 5504/1/2658 5505/1/2658
f 5510/1/2659 5505/1/2659 5506/1/2659
f 5507/1/1158 5506/1/1158 5503/1/1158
f 5515/1/1 5517/1/1 5518/1/1
f 5516/1/2660 5511/1/2660 5512/1/2660
f 5517/1/2661 5512/1/2661 5513/1/2661
f 5518/1/2662 5513/1/2662 5514/1/2662
f 5515/1/2637 5514/1/2637 5511/1/2637
f 5523/1/1 5525/1/1 5526/1/1
f 5524/1/2663 5519/1/2663 5520/1/2663
f 5525/1/2664 5520/1/2664 5521/1/2664
f 5526/1/2665 5521/1/2665 5522/1/2665
f 5523/1/2666 5522/1/2666 5519/1/2666
f 5534/1/1 5536/1/1 5538/1/1
f 5534/1/2667 5527/1/2667 5528/1/2667
f 5535/1/2668 5528/1/2668 5529/1/2668
f 5536/1/2669 5529/1/2669 5530/1/2669
f 5537/1/2670 5530/1/2670 5531/1/2670
f 5538/1/2671 5531/1/2671 5532/1/2671
f 5533/1/2672 5532/1/2672 5527/1/2672
f 5543/1/1 5545/1/1 5546/1/1
f 5544/1/2673 5539/1/2673 5540/1/2673
f 5545/1/2674 5540/1/2674 5541/1/2674
f 5546/1/2675 5541/1/2675 5542/1/2675
f 5543/1/2676 5542/1/2676 5539/1/2676
f 5551/1/1 5553/1/1 5554/1/1
f 5552/1/2677 5547/1/2677 5548/1/2677
f 5553/1/2678 5548/1/2679 5549/1/2679
f 5554/1/2680 5549/1/2680 5550/1/2680
f 5551/1/2681 5550/1/2681 5547/1/2681
f 5559/1/1 5561/1/1 5562/1/1
f 5560/1/2682 5555/1/2682 5556/1/2682
f 5561/1/2683 5556/1/2683 5557/1/2683
f 5562/1/2684 5557/1/2684 5558/1/2684
f 5559/1/2685 5558/1/2685 5555/1/2685
f 5567/1/1 5569/1/1 5570/1/1
f 5568/1/2686 5563/1/2686 5564/1/2686
f 5569/1/2687 5564/1/2687 5565/1/2687
f 5570/1/2688 5565/1/2688 5566/1/2688
f 5567/1/2689 5566/1/2689 5563/1/2689
f 5575/1/1 5577/1/1 5578/1/1
f 5576/1/2690 5571/1/2690 5572/1/2690
f 5577/1/2691 5572/1/2691 5573/1/2691
f 5578/1/2692 5573/1/2692 5574/1/2692
f 5575/1/2693 5574/1/2693 5571/1/2693
f 5583/1/1 5585/1/1 5586/1/1
f 5584/1/2626 5579/1/2626 5580/1/2626
f 5585/1/2694 5580/1/2694 5581/1/2694
f 5586/1/2695 5581/1/2695 5582/1/2695
f 5583/1/2696 5582/1/2696 5579/1/2696
f 5594/1/1 5596/1/1 5598/1/1
f 5594/1/2697 5587/1/2697 5588/1/2697
f 5595/1/2698 5588/1/2698 5589/1/2698
f 5596/1/2699 5589/1/2699 5590/1/2699
f 5597/1/2700 5590/1/2700 5591/1/2700
f 5598/1/2701 5591/1/2701 5592/1/2701
f 5593/1/2702 5592/1/2702 5587/1/2702
f 5616/1/1 5620/1/1 5624/1/1
f 5614/1/2703 5599/1/2703 5600/1/2703
f 5615/1/2687 5600/1/2687 5601/1/2687
f 5616/1/2704 5601/1/2704 5602/1/2704
f 5617/1/2705 5602/1/2705 5603/1/2705
f 5618/1/2706 5603/1/2706 5604/1/2706
f 5619/1/2707 5604/1/2708 5605/1/2708
f 5620/1/2709 5605/1/2709 5606/1/2709
f 5621/1/2710 5606/1/2710 5607/1/2710
f 5622/1/2711 5607/1/2711 5608/1/2711
f 5623/1/2712 5608/1/2712 5609/1/2712
f 5624/1/2713 5609/1/2713 5610/1/2713
f 5625/1/2714 5610/1/2714 5611/1/2714
f 5626/1/2715 5611/1/2715 5612/1/2715
f 5613/1/2569 5612/1/2569 5599/1/2569
f 5631/1/1 5633/1/1 5634/1/1
f 5632/1/2716 5627/1/2716 5628/1/2716
f 5633/1/2717 5628/1/2717 5629/1/2717
f 5634/1/2718 5629/1/2718 5630/1/2718
f 5631/1/2719 5630/1/2719 5627/1/2719
f 5642/1/1 5644/1/1 5646/1/1
f 5642/1/2720 5635/1/2720 5636/1/2720
f 5643/1/2721 5636/1/2721 5637/1/2721
f 5644/1/2722 5637/1/2722 5638/1/2722
f 5645/1/2723 5638/1/2723 5639/1/2723
f 5646/1/2724 5639/1/2724 5640/1/2724
f 5641/1/2725 5640/1/2725 5635/1/2725
f 5660/1/1 5666/1/1 5667/1/1
f 5660/1/905 5647/1/905 5648/1/905
f 5661/1/2726 5648/1/2726 5649/1/2726
f 5662/1/2727 5649/1/2727 5650/1/2727
f 5663/1/2728 5650/1/2728 5651/1/2728
f 5664/1/2729 5651/1/2729 5652/1/2729
f 5665/1/2730 5652/1/2730 5653/1/2730
f 5666/1/2731 5653/1/2731 5654/1/2731
f 5667/1/2732 5654/1/2732 5655/1/2732
f 5668/1/2733 5655/1/2733 5656/1/2733
f 5669/1/2734 5656/1/2734 5657/1/2734
f 5670/1/2735 5657/1/2735 5658/1/2735
f 5659/1/2736 5658/1/2736 5647/1/2736
f 5675/1/1 5677/1/1 5678/1/1
f 5676/1/2737 5671/1/2737 5672/1/2737
f 5677/1/2738 5672/1/2738 5673/1/2738
f 5678/1/2739 5673/1/2739 5674/1/2739
f 5675/1/2740 5674/1/2740 5671/1/2740
f 5686/1/1 5688/1/1 5690/1/1
f 5686/1/2741 5679/1/2741 5680/1/2741
f 5687/1/2742 5680/1/2742 5681/1/2742
f 5688/1/2743 5681/1/2744 5682/1/2743
f 5689/1/2745 5682/1/2743 5683/1/2745
f 5690/1/2746 5683/1/2747 5684/1/2746
f 5685/1/2748 5684/1/2746 5679/1/2748
f 5701/1/1 5705/1/1 5708/1/1
f 5702/1/2749 5691/1/2750 5692/1/2749
f 5703/1/2751 5692/1/2751 5693/1/2751
f 5704/1/2752 5693/1/2752 5694/1/2752
f 5705/1/2753 5694/1/2754 5695/1/2753
f 5706/1/2755 5695/1/2753 5696/1/2755
f 5707/1/2756 5696/1/2756 5697/1/2756
f 5708/1/2757 5697/1/2757 5698/1/2757
f 5709/1/2758 5698/1/2758 5699/1/2758
f 5710/1/2759 5699/1/2759 5700/1/2759
f 5701/1/2750 5700/1/2760 5691/1/2750
f 5730/1/1 5735/1/1 5739/1/1
f 5728/1/2761 5711/1/2761 5712/1/2761
f 5729/1/2762 5712/1/2762 5713/1/2762
f 5730/1/2763 5713/1/2763 5714/1/2763
f 5731/1/2764 5714/1/2764 5715/1/2764
f 5732/1/2765 5715/1/2765 5716/1/2765
f 5733/1/2766 5716/1/2766 5717/1/2766
f 5734/1/2767 5717/1/2767 5718/1/2767
f 5735/1/2768 5718/1/2768 5719/1/2768
f 5736/1/2769 5719/1/2769 5720/1/2769
f 5737/1/2770 5720/1/2770 5721/1/2770
f 5738/1/2771 5721/1/2771 5722/1/2771
f 5739/1/2772 5722/1/2772 5723/1/2772
f 5740/1/2773 5723/1/2773 5724/1/2773
f 5741/1/2774 5724/1/2774 5725/1/2774
f 5742/1/2775 5725/1/2775 5726/1/2775
f 5727/1/2776 5726/1/2776 5711/1/2776
f 5752/1/1 5754/1/1 5756/1/1
f 5751/1/2777 5743/1/2777 5744/1/2777
f 5752/1/2778 5744/1/2778 5745/1/2778
f 5753/1/2779 5745/1/2779 5746/1/2779
f 5754/1/2780 5746/1/2780 5747/1/2780
f 5755/1/2781 5747/1/2781 5748/1/2781
f 5756/1/2782 5748/1/2782 5749/1/2782
f 5750/1/2783 5749/1/2783 5743/1/2783
f 5769/1/1 5772/1/1 5773/1/1
f 5768/1/2784 5757/1/2784 5758/1/2784
f 5769/1/2785 5758/1/2785 5759/1/2785
f 5770/1/2786 5759/1/2786 5760/1/2786
f 5771/1/2787 5760/1/2787 5761/1/2787
f 5772/1/1078 5761/1/1078 5762/1/1078
f 5773/1/2788 5762/1/2788 5763/1/2788
f 5774/1/2789 5763/1/2789 5764/1/2789
f 5775/1/2790 5764/1/2790 5765/1/2790
f 5776/1/2791 5765/1/2791 5766/1/2791
f 5767/1/2792 5766/1/2792 5757/1/2792
f 5788/1/1 5793/1/1 5795/1/1
f 5788/1/2793 5777/1/2793 5778/1/2793
f 5789/1/2794 5778/1/2794 5779/1/2794
f 5790/1/2795 5779/1/2795 5780/1/2795
f 5791/1/2796 5780/1/2796 5781/1/2796
f 5792/1/2797 5781/1/2797 5782/1/2797
f 5793/1/2798 5782/1/2798 5783/1/2798
f 5794/1/2799 5783/1/2799 5784/1/2799
f 5795/1/2800 5784/1/2800 5785/1/2800
f 5796/1/2027 5785/1/2027 5786/1/2027
f 5787/1/2801 5786/1/2801 5777/1/2801
f 5814/1/1 5817/1/1 5820/1/1
f 5812/1/2802 5797/1/2802 5798/1/2802
f 5813/1/2803 5798/1/2803 5799/1/2803
f 5814/1/2804 5799/1/2804 5800/1/2804
f 5815/1/2805 5800/1/2805 5801/1/2805
f 5816/1/2806 5801/1/2806 5802/1/2806
f 5817/1/2807 5802/1/2807 5803/1/2807
f 5818/1/2808 5803/1/2808 5804/1/2808
f 5819/1/2809 5804/1/2809 5805/1/2809
f 5820/1/2810 5805/1/2810 5806/1/2810
f 5821/1/2811 5806/1/2811 5807/1/2811
f 5822/1/2812 5807/1/2812 5808/1/2812
f 5823/1/572 5808/1/572 5809/1/572
f 5824/1/670 5809/1/670 5810/1/670
f 5811/1/2813 5810/1/2813 5797/1/2813
f 5829/1/1 5831/1/1 5832/1/1
f 5830/1/2814 5825/1/2814 5826/1/2814
f 5831/1/2815 5826/1/2815 5827/1/2815
f 5832/1/2816 5827/1/2816 5828/1/2816
f 5829/1/2817 5828/1/2817 5825/1/2817
f 5837/1/1 5839/1/1 5840/1/1
f 5838/1/2818 5833/1/2818 5834/1/2818
f 5839/1/2819 5834/1/2819 5835/1/2819
f 5840/1/2820 5835/1/2820 5836/1/2820
f 5837/1/2821 5836/1/2821 5833/1/2821
f 5845/1/1 5847/1/1 5848/1/1
f 5846/1/2822 5841/1/2822 5842/1/2822
f 5847/1/2823 5842/1/2823 5843/1/2823
f 5848/1/2824 5843/1/2824 5844/1/2824
f 5845/1/2825 5844/1/2825 5841/1/2825
f 5859/1/1 5861/1/1 5863/1/1
f 5858/1/2826 5849/1/2826 5850/1/2826
f 5859/1/2827 5850/1/2827 5851/1/2827
f 5860/1/2828 5851/1/2828 5852/1/2828
f 5861/1/2829 5852/1/2829 5853/1/2829
f 5862/1/2830 5853/1/2830 5854/1/2830
f 5863/1/2831 5854/1/2831 5855/1/2831
f 5864/1/2832 5855/1/2832 5856/1/2832
f 5857/1/2833 5856/1/2833 5849/1/2833
f 5869/1/1 5871/1/1 5872/1/1
f 5870/1/2834 5865/1/2834 5866/1/2834
f 5871/1/2835 5866/1/2835 5867/1/2835
f 5872/1/2836 5867/1/2836 5868/1/2836
f 5869/1/2837 5868/1/2837 5865/1/2837
f 5886/1/1 5889/1/1 5891/1/1
f 5884/1/2838 5873/1/2838 5874/1/2838
f 5885/1/2839 5874/1/2839 5875/1/2839
f 5886/1/2840 5875/1/2840 5876/1/2840
f 5887/1/2841 5876/1/2841 5877/1/2841
f 5888/1/2842 5877/1/2842 5878/1/2842
f 5889/1/2843 5878/1/2843 5879/1/2843
f 5890/1/2844 5879/1/2844 5880/1/2844
f 5891/1/2845 5880/1/2845 5881/1/2845
f 5892/1/2846 5881/1/2846 5882/1/2846
f 5883/1/2847 5882/1/2847 5873/1/2847
f 5897/1/1 5899/1/1 5900/1/1
f 5898/1/2848 5893/1/2848 5894/1/2848
f 5899/1/1576 5894/1/1576 5895/1/1576
f 5900/1/2849 5895/1/2849 5896/1/2849
f 5897/1/2850 5896/1/2850 5893/1/2850
f 5905/1/1 5907/1/1 5908/1/1
f 5906/1/2851 5901/1/2851 5902/1/2851
f 5907/1/2852 5902/1/2852 5903/1/2852
f 5908/1/2853 5903/1/2853 5904/1/2853
f 5905/1/2854 5904/1/2854 5901/1/2854
f 5913/1/1 5915/1/1 5916/1/1
f 5914/1/2855 5909/1/2855 5910/1/2855
f 5915/1/2856 5910/1/2856 5911/1/2856
f 5916/1/2857 5911/1/2857 5912/1/2857
f 5913/1/2858 5912/1/2858 5909/1/2858
f 5923/1/1 5925/1/1 5926/1/1
f 5923/1/2859 5917/1/2859 5918/1/2859
f 5924/1/2860 5918/1/2860 5919/1/2860
f 5925/1/2861 5919/1/2861 5920/1/2861
f 5926/1/2862 5920/1/2862 5921/1/2862
f 5922/1/2863 5921/1/2863 5917/1/2863
f 5934/1/1 5936/1/1 5938/1/1
f 5934/1/2864 5927/1/2864 5928/1/2864
f 5935/1/2865 5928/1/2865 5929/1/2865
f 5936/1/2866 5929/1/2866 5930/1/2866
f 5937/1/2867 5930/1/2867 5931/1/2867
f 5938/1/2868 5931/1/2868 5932/1/2868
f 5933/1/2869 5932/1/2869 5927/1/2869
f 5964/1/1 5969/1/1 5971/1/1
f 5960/1/2870 5939/1/2870 5940/1/2870
f 5961/1/2871 5940/1/2871 5941/1/2871
f 5962/1/2872 5941/1/2872 5942/1/2872
f 5963/1/2873 5942/1/2874 5943/1/2874
f 5964/1/2875 5943/1/2875 5944/1/2875
f 5965/1/2876 5944/1/2876 5945/1/2876
f 5966/1/2877 5945/1/2877 5946/1/2877
f 5967/1/2878 5946/1/2878 5947/1/2878
f 5968/1/2879 5947/1/2879 5948/1/2879
f 5969/1/2880 5948/1/2880 5949/1/2880
f 5970/1/2881 5949/1/2881 5950/1/2881
f 5971/1/2882 5950/1/2883 5951/1/2883
f 5972/1/2884 5951/1/2884 5952/1/2884
f 5973/1/2885 5952/1/2885 5953/1/2885
f 5974/1/2886 5953/1/2886 5954/1/2886
f 5975/1/2887 5954/1/2887 5955/1/2887
f 5976/1/2888 5955/1/2888 5956/1/2888
f 5977/1/2889 5956/1/2889 5957/1/2889
f 5978/1/2881 5957/1/2881 5958/1/2881
f 5959/1/2890 5958/1/2890 5939/1/2890
f 5989/1/1 5993/1/1 5997/1/1
f 5990/1/2891 5979/1/2891 5980/1/2891
f 5991/1/2892 5980/1/2892 5981/1/2892
f 5992/1/2893 5981/1/2893 5982/1/2893
f 5993/1/2894 5982/1/2894 5983/1/2894
f 5994/1/2895 5983/1/2895 5984/1/2895
f 5995/1/2896 5984/1/2896 5985/1/2896
f 5996/1/2897 5985/1/2897 5986/1/2897
f 5997/1/2898 5986/1/2034 5987/1/2034
f 5998/1/2899 5987/1/2899 5988/1/2899
f 5989/1/2900 5988/1/2900 5979/1/2900
f 6003/1/1 6005/1/1 6006/1/1
f 6004/1/2901 5999/1/2901 6000/1/2901
f 6005/1/2902 6000/1/2902 6001/1/2902
f 6006/1/2903 6001/1/2903 6002/1/2903
f 6003/1/2904 6002/1/2904 5999/1/2904
f 6011/1/1 6013/1/1 6014/1/1
f 6012/1/1115 6007/1/1115 6008/1/1115
f 6013/1/2905 6008/1/2905 6009/1/2905
f 6014/1/2906 6009/1/2906 6010/1/2906
f 6011/1/2907 6010/1/2907 6007/1/2907
f 6025/1/1 6031/1/1 6034/1/1
f 6026/1/2908 6015/1/2908 6016/1/2908
f 6027/1/2909 6016/1/2909 6017/1/2909
f 6028/1/2910 6017/1/2910 6018/1/2910
f 6029/1/2911 6018/1/2911 6019/1/2911
f 6030/1/2912 6019/1/2912 6020/1/2912
f 6031/1/1566 6020/1/1566 6021/1/1566
f 6032/1/2913 6021/1/2913 6022/1/2913
f 6033/1/2914 6022/1/2914 6023/1/2914
f 6034/1/2915 6023/1/2915 6024/1/2915
f 6025/1/2916 6024/1/2916 6015/1/2916
f 6045/1/1 6050/1/1 6052/1/1
f 6046/1/2917 6035/1/2917 6036/1/2917
f 6047/1/2918 6036/1/2918 6037/1/2918
f 6048/1/2919 6037/1/2919 6038/1/2919
f 6049/1/2920 6038/1/2920 6039/1/2920
f 6050/1/2921 6039/1/2921 6040/1/2921
f 6051/1/2922 6040/1/2922 6041/1/2922
f 6052/1/2923 6041/1/2923 6042/1/2923
f 6053/1/2924 6042/1/2924 6043/1/2924
f 6054/1/2925 6043/1/2925 6044/1/2925
f 6045/1/2926 6044/1/2926 6035/1/2926
f 6065/1/1 6070/1/1 6073/1/1
f 6066/1/2927 6055/1/2927 6056/1/2927
f 6067/1/2928 6056/1/2928 6057/1/2928
f 6068/1/1711 6057/1/1711 6058/1/1711
f 6069/1/2929 6058/1/2929 6059/1/2929
f 6070/1/2930 6059/1/2930 6060/1/2930
f 6071/1/2931 6060/1/2931 6061/1/2931
f 6072/1/2932 6061/1/2932 6062/1/2932
f 6073/1/2933 6062/1/2933 6063/1/2933
f 6074/1/1659 6063/1/1659 6064/1/1659
f 6065/1/2934 6064/1/2934 6055/1/2934
f 6079/1/1 6081/1/1 6082/1/1
f 6080/1/2935 6075/1/2935 6076/1/2935
f 6081/1/2936 6076/1/2936 6077/1/2936
f 6082/1/2937 6077/1/2937 6078/1/2937
f 6079/1/2938 6078/1/2938 6075/1/2938
f 6087/1/1 6089/1/1 6090/1/1
f 6088/1/1697 6083/1/1697 6084/1/1697
f 6089/1/2939 6084/1/2939 6085/1/2939
f 6090/1/2940 6085/1/2940 6086/1/2940
f 6087/1/2941 6086/1/2941 6083/1/2941
f 6097/1/1 6099/1/1 6101/1/1
f 6098/1/2942 6091/1/2942 6092/1/2942
f 6099/1/2943 6092/1/2943 6093/1/2943
f 6100/1/2944 6093/1/2944 6094/1/2944
f 6101/1/2945 6094/1/2945 6095/1/2945
f 6102/1/2946 6095/1/2946 6096/1/2946
f 6097/1/2947 6096/1/2947 6091/1/2947
f 6107/1/1 6109/1/1 6110/1/1
f 6108/1/2948 6103/1/2948 6104/1/2948
f 6109/1/2949 6104/1/2949 6105/1/2949
f 6110/1/2950 6105/1/2950 6106/1/2950
f 6107/1/2951 6106/1/2951 6103/1/2951
f 6115/1/1 6117/1/1 6118/1/1
f 6116/1/2952 6111/1/2952 6112/1/2952
f 6117/1/2953 6112/1/2953 6113/1/2953
f 6118/1/2954 6113/1/2954 6114/1/2954
f 6115/1/2955 6114/1/2955 6111/1/2955
f 6132/1/1 6136/1/1 6138/1/1
f 6130/1/2956 6119/1/2956 6120/1/2956
f 6131/1/2957 6120/1/2957 6121/1/2957
f 6132/1/2958 6121/1/2958 6122/1/2958
f 6133/1/2959 6122/1/2959 6123/1/2959
f 6134/1/2960 6123/1/2960 6124/1/2960
f 6135/1/2961 6124/1/2961 6125/1/2961
f 6136/1/2962 6125/1/2962 6126/1/2962
f 6137/1/2963 6126/1/2964 6127/1/2964
f 6138/1/2962 6127/1/2962 6128/1/2962
f 6129/1/2965 6128/1/2965 6119/1/2965
f 6150/1/1 6152/1/1 6156/1/1
f 6150/1/2966 6139/1/2966 6140/1/2966
f 6151/1/2967 6140/1/2967 6141/1/2967
f 6152/1/2968 6141/1/2968 6142/1/2968
f 6153/1/2969 6142/1/2969 6143/1/2969
f 6154/1/2970 6143/1/2970 6144/1/2970
f 6155/1/2971 6144/1/2971 6145/1/2971
f 6156/1/2970 6145/1/2970 6146/1/2970
f 6157/1/2972 6146/1/2972 6147/1/2972
f 6158/1/2973 6147/1/2973 6148/1/2973
f 6149/1/2974 6148/1/2974 6139/1/2974
f 6163/1/1 6165/1/1 6166/1/1
f 6164/1/2975 6159/1/2975 6160/1/2975
f 6165/1/2976 6160/1/2976 6161/1/2976
f 6166/1/2977 6161/1/2977 6162/1/2977
f 6163/1/2978 6162/1/2978 6159/1/2978
f 6171/1/1 6173/1/1 6174/1/1
f 6172/1/2979 6167/1/2979 6168/1/2979
f 6173/1/2980 6168/1/2980 6169/1/2980
f 6174/1/2981 6169/1/2981 6170/1/2981
f 6171/1/2982 6170/1/2982 6167/1/2982
f 6179/1/1 6181/1/1 6182/1/1
f 6180/1/2983 6175/1/2983 6176/1/2983
f 6181/1/2984 6176/1/2984 6177/1/2984
f 6182/1/2985 6177/1/2985 6178/1/2985
f 6179/1/2964 6178/1/2964 6175/1/2964
f 6191/1/1 6193/1/1 6194/1/1
f 6190/1/2986 6183/1/2986 6184/1/2986
f 6191/1/2987 6184/1/2987 6185/1/2987
f 6192/1/2988 6185/1/2988 6186/1/2988
f 6193/1/2989 6186/1/2989 6187/1/2989
f 6194/1/2990 6187/1/2990 6188/1/2990
f 6189/1/2991 6188/1/2991 6183/1/2991
f 6203/1/1 6205/1/1 6208/1/1
f 6204/1/2992 6195/1/2992 6196/1/2992
f 6205/1/2993 6196/1/2993 6197/1/2993
f 6206/1/2994 6197/1/2994 6198/1/2994
f 6207/1/2995 6198/1/2995 6199/1/2995
f 6208/1/2996 6199/1/2996 6200/1/2996
f 6209/1/2997 6200/1/2997 6201/1/2997
f 6210/1/170 6201/1/170 6202/1/170
f 6203/1/2998 6202/1/2998 6195/1/2998
f 6218/1/1 6220/1/1 6222/1/1
f 6218/1/2999 6211/1/2999 6212/1/2999
f 6219/1/3000 6212/1/3000 6213/1/3000
f 6220/1/3001 6213/1/3001 6214/1/3001
f 6221/1/3002 6214/1/3002 6215/1/3002
f 6222/1/3003 6215/1/3003 6216/1/3003
f 6217/1/3004 6216/1/3004 6211/1/3004
f 6241/1/1 6244/1/1 6251/1/1
f 6240/1/3005 6223/1/3005 6224/1/3005
f 6241/1/3006 6224/1/3006 6225/1/3007
f 6242/1/3008 6225/1/3008 6226/1/3008
f 6243/1/3009 6226/1/3009 6227/1/3009
f 6244/1/3010 6227/1/3010 6228/1/3010
f 6245/1/3011 6228/1/3011 6229/1/3011
f 6246/1/3012 6229/1/3012 6230/1/3012
f 6247/1/3013 6230/1/3013 6231/1/3013
f 6248/1/3014 6231/1/3014 6232/1/3014
f 6249/1/3015 6232/1/3015 6233/1/3015
f 6250/1/3016 6233/1/3016 6234/1/3016
f 6251/1/3017 6234/1/3017 6235/1/3017
f 6252/1/3012 6235/1/3012 6236/1/3012
f 6253/1/3018 6236/1/3018 6237/1/3018
f 6254/1/3019 6237/1/3019 6238/1/3019
f 6239/1/3020 6238/1/3020 6223/1/3020
f 6259/1/1 6261/1/1 6262/1/1
f 6260/1/3021 6255/1/3021 6256/1/3021
f 6261/1/3022 6256/1/3022 6257/1/3022
f 6262/1/3023 6257/1/3023 6258/1/3023
f 6259/1/3024 6258/1/3024 6255/1/3024
f 6278/1/1 6287/1/1 6288/1/1
f 6278/1/3025 6263/1/3025 6264/1/3025
f 6279/1/3026 6264/1/3026 6265/1/3026
f 6280/1/3027 6265/1/3027 6266/1/3027
f 6281/1/3028 6266/1/3028 6267/1/3028
f 6282/1/2077 6267/1/2077 6268/1/2077
f 6283/1/3029 6268/1/3029 6269/1/3029
f 6284/1/3030 6269/1/3030 6270/1/3030
f 6285/1/3031 6270/1/3032 6271/1/3032
f 6286/1/3033 6271/1/3033 6272/1/3033
f 6287/1/2168 6272/1/2168 6273/1/2168
f 6288/1/3034 6273/1/3034 6274/1/3034
f 6289/1/3035 6274/1/3035 6275/1/3035
f 6290/1/3036 6275/1/3036 6276/1/3036
f 6277/1/3037 6276/1/3037 6263/1/3037
f 6301/1/1 6306/1/1 6307/1/1
f 6301/1/3038 6291/1/3038 6292/1/3038
f 6302/1/3039 6292/1/3039 6293/1/3039
f 6303/1/3040 6293/1/3040 6294/1/3040
f 6304/1/3041 6294/1/3042 6295/1/3042
f 6305/1/3043 6295/1/3043 6296/1/3043
f 6306/1/3044 6296/1/3044 6297/1/3044
f 6307/1/3045 6297/1/3045 6298/1/3045
f 6308/1/3046 6298/1/3046 6299/1/3046
f 6300/1/465 6299/1/3047 6291/1/3047
f 6316/1/1 6318/1/1 6320/1/1
f 6316/1/3048 6309/1/3048 6310/1/3048
f 6317/1/3049 6310/1/3049 6311/1/3049
f 6318/1/3050 6311/1/3050 6312/1/3050
f 6319/1/3051 6312/1/3051 6313/1/3051
f 6320/1/3052 6313/1/3052 6314/1/3052
f 6315/1/3053 6314/1/3053 6309/1/3053
f 6333/1/1 6337/1/1 6341/1/1
f 6334/1/3054 6321/1/3054 6322/1/3054
f 6335/1/3055 6322/1/3055 6323/1/3055
f 6336/1/3056 6323/1/3056 6324/1/3056
f 6337/1/3057 6324/1/3057 6325/1/3057
f 6338/1/3058 6325/1/3058 6326/1/3058
f 6339/1/3059 6326/1/3059 6327/1/3059
f 6340/1/1004 6327/1/1004 6328/1/1004
f 6341/1/298 6328/1/298 6329/1/298
f 6342/1/3060 6329/1/3060 6330/1/3060
f 6343/1/3061 6330/1/3061 6331/1/3061
f 6344/1/3062 6331/1/3062 6332/1/3062
f 6333/1/1181 6332/1/1181 6321/1/1181
f 6349/1/1 6351/1/1 6352/1/1
f 6350/1/3063 6345/1/3063 6346/1/3063
f 6351/1/3064 6346/1/3064 6347/1/3064
f 6352/1/3065 6347/1/3065 6348/1/3065
f 6349/1/3066 6348/1/3066 6345/1/3066
f 6357/1/1 6359/1/1 6360/1/1
f 6358/1/3067 6353/1/3067 6354/1/3067
f 6359/1/3068 6354/1/3068 6355/1/3068
f 6360/1/3069 6355/1/3069 6356/1/3069
f 6357/1/3070 6356/1/3070 6353/1/3070
f 6368/1/1 6370/1/1 6371/1/1
f 6368/1/3071 6361/1/3071 6362/1/3071
f 6369/1/3072 6362/1/3072 6363/1/3072
f 6370/1/3073 6363/1/3073 6364/1/3073
f 6371/1/3074 6364/1/3074 6365/1/3074
f 6372/1/3075 6365/1/3075 6366/1/3075
f 6367/1/3076 6366/1/3076 6361/1/3076
f 6377/1/1 6379/1/1 6380/1/1
f 6378/1/3077 6373/1/3077 6374/1/3077
f 6379/1/3078 6374/1/3078 6375/1/3078
f 6380/1/3079 6375/1/3079 6376/1/3079
f 6377/1/3080 6376/1/3080 6373/1/3080
f 6386/1/1 6388/1/1 6385/1/1
f 6386/1/3081 6381/1/3081 6382/1/3081
f 6387/1/3082 6382/1/3082 6383/1/3082
f 6388/1/3083 6383/1/3083 6384/1/3083
f 6385/1/3084 6384/1/3084 6381/1/3084
f 6399/1/1 6403/1/1 6407/1/1
f 6400/1/3085 6389/1/3085 6390/1/3085
f 6401/1/3086 6390/1/3086 6391/1/3086
f 6402/1/2494 6391/1/2494 6392/1/2494
f 6403/1/3087 6392/1/3087 6393/1/3087
f 6404/1/3088 6393/1/3088 6394/1/3088
f 6405/1/3089 6394/1/3089 6395/1/3089
f 6406/1/3090 6395/1/3090 6396/1/3090
f 6407/1/3087 6396/1/3087 6397/1/3087
f 6408/1/3085 6397/1/3085 6398/1/3085
f 6399/1/3091 6398/1/3091 6389/1/3091
f 6413/1/1 6415/1/1 6416/1/1
f 6414/1/3092 6409/1/3092 6410/1/3092
f 6415/1/3093 6410/1/3093 6411/1/3093
f 6416/1/3094 6411/1/3094 6412/1/3094
f 6413/1/3095 6412/1/3095 6409/1/3095
f 6428/1/1 6430/1/1 6432/1/1
f 6426/1/3096 6417/1/3096 6418/1/3096
f 6427/1/3097 6418/1/3097 6419/1/3097
f 6428/1/3098 6419/1/3098 6420/1/3098
f 6429/1/1316 6420/1/1316 6421/1/1316
f 6430/1/3099 6421/1/3099 6422/1/3099
f 6431/1/3100 6422/1/3100 6423/1/3100
f 6432/1/3101 6423/1/3101 6424/1/3101
f 6425/1/173 6424/1/173 6417/1/173
f 6440/1/1 6442/1/1 6444/1/1
f 6440/1/3102 6433/1/3102 6434/1/3102
f 6441/1/3103 6434/1/3103 6435/1/3103
f 6442/1/3104 6435/1/3105 6436/1/3105
f 6443/1/3106 6436/1/3106 6437/1/3107
f 6444/1/3108 6437/1/3108 6438/1/3108
f 6439/1/3109 6438/1/3109 6433/1/3109
f 6464/1/1 6469/1/1 6470/1/1
f 6460/1/3110 6445/1/3110 6446/1/3110
f 6461/1/3111 6446/1/3111 6447/1/3111
f 6462/1/3112 6447/1/3112 6448/1/3112
f 6463/1/3113 6448/1/3114 6449/1/3114
f 6464/1/3115 6449/1/3115 6450/1/3115
f 6465/1/3116 6450/1/3117 6451/1/3117
f 6466/1/3118 6451/1/3118 6452/1/3118
f 6467/1/3119 6452/1/3120 6453/1/3120
f 6468/1/3121 6453/1/3121 6454/1/3121
f 6469/1/3122 6454/1/3122 6455/1/3122
f 6470/1/3123 6455/1/3123 6456/1/3123
f 6471/1/201 6456/1/201 6457/1/201
f 6472/1/3123 6457/1/3123 6458/1/3123
f 6459/1/3124 6458/1/3124 6445/1/3124
f 6477/1/1 6479/1/1 6480/1/1
f 6478/1/3125 6473/1/3125 6474/1/3125
f 6479/1/3126 6474/1/3126 6475/1/3126
f 6480/1/3127 6475/1/3127 6476/1/3127
f 6477/1/3128 6476/1/3128 6473/1/3128
f 6490/1/1 6493/1/1 6496/1/1
f 6490/1/1010 6481/1/1010 6482/1/1010
f 6491/1/3129 6482/1/3129 6483/1/3129
f 6492/1/3130 6483/1/3130 6484/1/3130
f 6493/1/3131 6484/1/3131 6485/1/3131
f 6494/1/2201 6485/1/2201 6486/1/2201
f 6495/1/3132 6486/1/3132 6487/1/3132
f 6496/1/3133 6487/1/3133 6488/1/3133
f 6489/1/3134 6488/1/3134 6481/1/3134
f 6508/1/1 6512/1/1 6515/1/1
f 6508/1/3135 6497/1/3135 6498/1/3135
f 6509/1/3136 6498/1/3136 6499/1/3136
f 6510/1/3137 6499/1/3138 6500/1/3138
f 6511/1/3139 6500/1/3139 6501/1/3139
f 6512/1/3140 6501/1/3140 6502/1/3140
f 6513/1/3141 6502/1/3141 6503/1/3141
f 6514/1/3142 6503/1/3142 6504/1/3142
f 6515/1/3143 6504/1/3143 6505/1/3143
f 6516/1/3144 6505/1/3144 6506/1/3144
f 6507/1/3145 6506/1/3145 6497/1/3145
f 6523/1/1 6525/1/1 6526/1/1
f 6523/1/3146 6517/1/3146 6518/1/3146
f 6524/1/3147 6518/1/3147 6519/1/3147
f 6525/1/3148 6519/1/3148 6520/1/3148
f 6526/1/3149 6520/1/3149 6521/1/3149
f 6522/1/3150 6521/1/3150 6517/1/3150
f 6537/1/1 6542/1/1 6545/1/1
f 6538/1/3151 6527/1/3151 6528/1/3151
f 6539/1/3152 6528/1/3152 6529/1/3152
f 6540/1/3153 6529/1/3154 6530/1/3154
f 6541/1/3155 6530/1/3155 6531/1/3155
f 6542/1/3156 6531/1/3156 6532/1/3156
f 6543/1/3157 6532/1/3157 6533/1/3157
f 6544/1/3158 6533/1/3158 6534/1/3158
f 6545/1/3159 6534/1/3159 6535/1/3159
f 6546/1/3160 6535/1/3160 6536/1/3160
f 6537/1/3161 6536/1/3161 6527/1/3161
f 6551/1/1 6553/1/1 6554/1/1
f 6552/1/3162 6547/1/3162 6548/1/3162
f 6553/1/3163 6548/1/3163 6549/1/3163
f 6554/1/3164 6549/1/3164 6550/1/3164
f 6551/1/3165 6550/1/3165 6547/1/3165
f 6559/1/1 6561/1/1 6562/1/1
f 6560/1/3166 6555/1/3166 6556/1/3166
f 6561/1/1626 6556/1/1626 6557/1/1626
f 6562/1/1657 6557/1/1657 6558/1/1657
f 6559/1/3167 6558/1/3167 6555/1/3167
f 6567/1/1 6569/1/1 6570/1/1
f 6568/1/3168 6563/1/3168 6564/1/3168
f 6569/1/3169 6564/1/3169 6565/1/3169
f 6570/1/3170 6565/1/3170 6566/1/3170
f 6567/1/3171 6566/1/3171 6563/1/3171
f 6578/1/1 6580/1/1 6581/1/1
f 6578/1/3172 6571/1/3172 6572/1/3172
f 6579/1/3173 6572/1/3173 6573/1/3173
f 6580/1/3174 6573/1/3174 6574/1/3174
f 6581/1/954 6574/1/954 6575/1/954
f 6582/1/3175 6575/1/3176 6576/1/3176
f 6577/1/3177 6576/1/3177 6571/1/3177
f 6593/1/1 6597/1/1 6599/1/1
f 6594/1/3178 6583/1/3178 6584/1/3178
f 6595/1/3179 6584/1/3179 6585/1/3179
f 6596/1/3180 6585/1/3180 6586/1/3180
f 6597/1/3181 6586/1/3181 6587/1/3182
f 6598/1/3183 6587/1/3183 6588/1/3183
f 6599/1/3184 6588/1/3184 6589/1/3184
f 6600/1/3185 6589/1/3185 6590/1/3185
f 6601/1/3186 6590/1/3186 6591/1/3186
f 6602/1/3187 6591/1/3187 6592/1/3187
f 6593/1/3188 6592/1/3188 6583/1/3188
f 6607/1/1 6609/1/1 6610/1/1
f 6608/1/3189 6603/1/3189 6604/1/3189
f 6609/1/3190 6604/1/3190 6605/1/3190
f 6610/1/3191 6605/1/3191 6606/1/3191
f 6607/1/3192 6606/1/3192 6603/1/3192
f 6620/1/1 6623/1/1 6625/1/1
f 6620/1/3193 6611/1/3193 6612/1/3193
f 6621/1/3194 6612/1/3194 6613/1/3194
f 6622/1/3195 6613/1/3195 6614/1/3195
f 6623/1/3196 6614/1/3196 6615/1/3196
f 6624/1/3197 6615/1/3197 6616/1/3197
f 6625/1/3198 6616/1/3198 6617/1/3198
f 6626/1/3199 6617/1/3199 6618/1/3199
f 6619/1/3200 6618/1/3200 6611/1/3200
f 6635/1/1 6637/1/1 6638/1/1
f 6634/1/1708 6627/1/1708 6628/1/1708
f 6635/1/3201 6628/1/3201 6629/1/3201
f 6636/1/3202 6629/1/3203 6630/1/3203
f 6637/1/3204 6630/1/3204 6631/1/3204
f 6638/1/3205 6631/1/3205 6632/1/3205
f 6633/1/3206 6632/1/3206 6627/1/3206
f 6647/1/1 6649/1/1 6652/1/1
f 6648/1/3207 6639/1/3207 6640/1/3207
f 6649/1/3208 6640/1/3208 6641/1/3208
f 6650/1/3209 6641/1/3209 6642/1/3209
f 6651/1/3210 6642/1/3210 6643/1/3210
f 6652/1/3211 6643/1/3211 6644/1/3211
f 6653/1/3212 6644/1/3212 6645/1/3212
f 6654/1/3213 6645/1/3213 6646/1/3213
f 6647/1/2865 6646/1/2865 6639/1/2865
f 6659/1/1 6661/1/1 6662/1/1
f 6660/1/3214 6655/1/3214 6656/1/3214
f 6661/1/3215 6656/1/3215 6657/1/3215
f 6662/1/3216 6657/1/3216 6658/1/3216
f 6659/1/3217 6658/1/3217 6655/1/3217
f 6713/1/1 6719/1/1 6722/1/1
f 6700/1/3218 6663/1/3218 6664/1/3218
f 6701/1/3219 6664/1/3219 6665/1/3219
f 6702/1/3220 6665/1/3220 6666/1/3220
f 6703/1/3221 6666/1/3221 6667/1/3221
f 6704/1/3222 6667/1/3222 6668/1/3222
f 6705/1/1152 6668/1/1152 6669/1/1152
f 6706/1/3223 6669/1/3223 6670/1/3223
f 6707/1/3224 6670/1/3224 6671/1/3224
f 6708/1/3225 6671/1/3225 6672/1/3225
f 6709/1/3226 6672/1/3226 6673/1/3226
f 6710/1/1178 6673/1/1178 6674/1/1178
f 6711/1/3227 6674/1/3228 6675/1/3228
f 6712/1/3229 6675/1/3229 6676/1/3229
f 6713/1/3230 6676/1/3230 6677/1/3230
f 6714/1/3231 6677/1/3231 6678/1/3231
f 6715/1/225 6678/1/225 6679/1/225
f 6716/1/3232 6679/1/3232 6680/1/3232
f 6717/1/3233 6680/1/3233 6681/1/3233
f 6718/1/3234 6681/1/3234 6682/1/3234
f 6719/1/3235 6682/1/3235 6683/1/3235
f 6720/1/2450 6683/1/2450 6684/1/2450
f 6721/1/3236 6684/1/3236 6685/1/3236
f 6722/1/3237 6685/1/3237 6686/1/3237
f 6723/1/3238 6686/1/3238 6687/1/3238
f 6724/1/3239 6687/1/3239 6688/1/3239
f 6725/1/225 6688/1/225 6689/1/225
f 6726/1/3240 6689/1/3240 6690/1/3240
f 6727/1/3241 6690/1/3241 6691/1/3241
f 6728/1/3242 6691/1/3242 6692/1/3242
f 6729/1/3243 6692/1/3243 6693/1/3243
f 6730/1/3244 6693/1/3244 6694/1/3244
f 6731/1/3245 6694/1/3245 6695/1/3245
f 6732/1/3246 6695/1/3246 6696/1/3246
f 6733/1/3247 6696/1/3247 6697/1/3247
f 6734/1/3248 6697/1/3248 6698/1/3248
f 6699/1/3249 6698/1/3249 6663/1/3249
f 6742/1/1 6744/1/1 6746/1/1
f 6742/1/3250 6735/1/3250 6736/1/3250
f 6743/1/2920 6736/1/2920 6737/1/2920
f 6744/1/3251 6737/1/3251 6738/1/3251
f 6745/1/3252 6738/1/3252 6739/1/3253
f 6746/1/3254 6739/1/3254 6740/1/3254
f 6741/1/3255 6740/1/3255 6735/1/3255
f 6754/1/1 6756/1/1 6758/1/1
f 6754/1/3256 6747/1/3256 6748/1/3257
f 6755/1/3258 6748/1/3258 6749/1/3258
f 6756/1/3259 6749/1/3259 6750/1/3259
f 6757/1/3260 6750/1/3260 6751/1/3260
f 6758/1/3261 6751/1/3261 6752/1/3261
f 6753/1/3262 6752/1/3262 6747/1/3262
f 6763/1/1 6765/1/1 6766/1/1
f 6764/1/3263 6759/1/3263 6760/1/3263
f 6765/1/3264 6760/1/3264 6761/1/3264
f 6766/1/3265 6761/1/3265 6762/1/3265
f 6763/1/3266 6762/1/3266 6759/1/3266
f 6771/1/1 6773/1/1 6774/1/1
f 6772/1/3267 6767/1/3267 6768/1/3267
f 6773/1/3268 6768/1/3268 6769/1/3268
f 6774/1/3269 6769/1/3269 6770/1/3269
f 6771/1/3270 6770/1/3270 6767/1/3270
f 6779/1/1 6781/1/1 6782/1/1
f 6780/1/3271 6775/1/3271 6776/1/3271
f 6781/1/3272 6776/1/3272 6777/1/3272
f 6782/1/3273 6777/1/3273 6778/1/3273
f 6779/1/3274 6778/1/3274 6775/1/3274
f 6787/1/1 6789/1/1 6790/1/1
f 6788/1/3275 6783/1/3275 6784/1/3275
f 6789/1/3276 6784/1/3276 6785/1/3276
f 6790/1/2906 6785/1/2906 6786/1/2906
f 6787/1/1385 6786/1/1385 6783/1/1385
f 6805/1/1 6811/1/1 6815/1/1
f 6805/1/3277 6791/1/3277 6792/1/3277
f 6806/1/3278 6792/1/1462 6793/1/1462
f 6807/1/3279 6793/1/3279 6794/1/3279
f 6808/1/3280 6794/1/3280 6795/1/3280
f 6809/1/3281 6795/1/3281 6796/1/3281
f 6810/1/3282 6796/1/3282 6797/1/3282
f 6811/1/3283 6797/1/3283 6798/1/3283
f 6812/1/3282 6798/1/3282 6799/1/3282
f 6813/1/3284 6799/1/3285 6800/1/3285
f 6814/1/3286 6800/1/3286 6801/1/3286
f 6815/1/3287 6801/1/3287 6802/1/3287
f 6816/1/3288 6802/1/3288 6803/1/3288
f 6804/1/3289 6803/1/3289 6791/1/3289
f 6824/1/1 6826/1/1 6828/1/1
f 6824/1/3290 6817/1/3290 6818/1/3290
f 6825/1/3291 6818/1/3291 6819/1/3291
f 6826/1/3292 6819/1/3292 6820/1/3292
f 6827/1/3293 6820/1/3293 6821/1/3293
f 6828/1/1142 6821/1/1142 6822/1/1142
f 6823/1/3294 6822/1/3294 6817/1/3294
f 6835/1/1 6837/1/1 6838/1/1
f 6835/1/3295 6829/1/3295 6830/1/3295
f 6836/1/3296 6830/1/3296 6831/1/3296
f 6837/1/3297 6831/1/3297 6832/1/3297
f 6838/1/3298 6832/1/3298 6833/1/3298
f 6834/1/3299 6833/1/3299 6829/1/3299
f 6843/1/1 6845/1/1 6846/1/1
f 6844/1/3300 6839/1/3300 6840/1/3300
f 6845/1/3301 6840/1/3301 6841/1/3301
f 6846/1/3302 6841/1/3302 6842/1/3302
f 6843/1/3303 6842/1/3303 6839/1/3303
f 6851/1/1 6853/1/1 6854/1/1
f 6852/1/3304 6847/1/3304 6848/1/3304
f 6853/1/3305 6848/1/3305 6849/1/3305
f 6854/1/3306 6849/1/3306 6850/1/3306
f 6851/1/3307 6850/1/3307 6847/1/3307
f 6875/1/1 6880/1/1 6884/1/1
f 6872/1/3308 6855/1/3308 6856/1/3308
f 6873/1/3309 6856/1/3309 6857/1/3309
f 6874/1/3310 6857/1/3310 6858/1/3310
f 6875/1/3311 6858/1/3311 6859/1/3311
f 6876/1/3312 6859/1/3312 6860/1/3312
f 6877/1/3313 6860/1/3313 6861/1/3313
f 6878/1/3314 6861/1/3314 6862/1/3314
f 6879/1/3315 6862/1/3315 6863/1/3315
f 6880/1/3316 6863/1/3316 6864/1/3316
f 6881/1/3317 6864/1/3317 6865/1/3317
f 6882/1/3318 6865/1/3318 6866/1/3318
f 6883/1/3319 6866/1/3319 6867/1/3319
f 6884/1/3320 6867/1/3320 6868/1/3320
f 6885/1/3321 6868/1/3321 6869/1/3321
f 6886/1/3322 6869/1/3323 6870/1/3323
f 6871/1/3324 6870/1/3324 6855/1/3324
f 6891/1/1 6893/1/1 6894/1/1
f 6892/1/3325 6887/1/3325 6888/1/3325
f 6893/1/3326 6888/1/3326 6889/1/3326
f 6894/1/3327 6889/1/3327 6890/1/3327
f 6891/1/3328 6890/1/3328 6887/1/3328
f 6899/1/1 6901/1/1 6902/1/1
f 6900/1/3329 6895/1/3329 6896/1/3329
f 6901/1/3330 6896/1/3330 6897/1/3330
f 6902/1/3331 6897/1/3331 6898/1/3331
f 6899/1/3332 6898/1/3332 6895/1/3332
f 6907/1/1 6909/1/1 6910/1/1
f 6908/1/3333 6903/1/3333 6904/1/3333
f 6909/1/3334 6904/1/3334 6905/1/3334
f 6910/1/3335 6905/1/3335 6906/1/3335
f 6907/1/3336 6906/1/3336 6903/1/3336
f 6915/1/1 6917/1/1 6918/1/1
f 6916/1/3337 6911/1/3337 6912/1/3338
f 6917/1/3339 6912/1/3339 6913/1/3339
f 6918/1/3340 6913/1/3340 6914/1/3340
f 6915/1/3341 6914/1/3341 6911/1/3341
f 6930/1/1 6932/1/1 6934/1/1
f 6928/1/3342 6919/1/3342 6920/1/3342
f 6929/1/3343 6920/1/3343 6921/1/3343
f 6930/1/3344 6921/1/3344 6922/1/3344
f 6931/1/3345 6922/1/3346 6923/1/3346
f 6932/1/3347 6923/1/3347 6924/1/3347
f 6933/1/3348 6924/1/3348 6925/1/3348
f 6934/1/3349 6925/1/3349 6926/1/3349
f 6927/1/3350 6926/1/3350 6919/1/3350
f 6939/1/1 6941/1/1 6942/1/1
f 6940/1/3351 6935/1/3351 6936/1/3351
f 6941/1/3352 6936/1/3352 6937/1/3352
f 6942/1/3353 6937/1/3353 6938/1/3353
f 6939/1/3354 6938/1/3354 6935/1/3354
f 6950/1/1 6952/1/1 6954/1/1
f 6950/1/3355 6943/1/3355 6944/1/3355
f 6951/1/3356 6944/1/3356 6945/1/3356
f 6952/1/3098 6945/1/3098 6946/1/3098
f 6953/1/3357 6946/1/3357 6947/1/3357
f 6954/1/3358 6947/1/3358 6948/1/3358
f 6949/1/3359 6948/1/3359 6943/1/3359
f 6962/1/1 6964/1/1 6965/1/1
f 6962/1/3360 6955/1/3360 6956/1/3360
f 6963/1/163 6956/1/163 6957/1/163
f 6964/1/3361 6957/1/3361 6958/1/3361
f 6965/1/1359 6958/1/1359 6959/1/3362
f 6966/1/3363 6959/1/3363 6960/1/3363
f 6961/1/3364 6960/1/3364 6955/1/3364
f 6974/1/1 6976/1/1 6978/1/1
f 6974/1/3365 6967/1/3365 6968/1/3365
f 6975/1/3366 6968/1/3366 6969/1/3366
f 6976/1/3367 6969/1/3367 6970/1/3367
f 6977/1/3368 6970/1/3368 6971/1/3368
f 6978/1/3367 6971/1/3367 6972/1/3367
f 6973/1/3369 6972/1/3369 6967/1/3369
f 6986/1/1 6988/1/1 6990/1/1
f 6986/1/3370 6979/1/3370 6980/1/3370
f 6987/1/3371 6980/1/3371 6981/1/3371
f 6988/1/3372 6981/1/3372 6982/1/3372
f 6989/1/3373 6982/1/3374 6983/1/3374
f 6990/1/3375 6983/1/3375 6984/1/3375
f 6985/1/3376 6984/1/3376 6979/1/3376
f 6995/1/1 6997/1/1 6998/1/1
f 6996/1/2179 6991/1/2179 6992/1/2179
f 6997/1/2998 6992/1/2998 6993/1/2998
f 6998/1/3377 6993/1/3377 6994/1/3377
f 6995/1/3378 6994/1/3378 6991/1/3378
f 7006/1/1 7010/1/1 7012/1/1
f 7007/1/3379 6999/1/3379 7000/1/3379
f 7008/1/3380 7000/1/3380 7001/1/3380
f 7009/1/3381 7001/1/3381 7002/1/3381
f 7010/1/3382 7002/1/3382 7003/1/3382
f 7011/1/3383 7003/1/3383 7004/1/3383
f 7012/1/3384 7004/1/3384 7005/1/3384
f 7006/1/3385 7005/1/3385 6999/1/3385
f 7022/1/1 7025/1/1 7028/1/1
f 7022/1/3386 7013/1/3386 7014/1/3386
f 7023/1/3387 7014/1/3387 7015/1/3387
f 7024/1/3030 7015/1/3030 7016/1/3030
f 7025/1/3388 7016/1/3388 7017/1/3388
f 7026/1/3389 7017/1/3389 7018/1/3389
f 7027/1/3390 7018/1/3390 7019/1/3390
f 7028/1/3391 7019/1/3391 7020/1/3391
f 7021/1/3392 7020/1/3393 7013/1/3393
f 7037/1/1 7039/1/1 7041/1/1
f 7037/1/3394 7029/1/3394 7030/1/3394
f 7038/1/3395 7030/1/3395 7031/1/3396
f 7039/1/3397 7031/1/3397 7032/1/3397
f 7040/1/3398 7032/1/3398 7033/1/3398
f 7041/1/3399 7033/1/3399 7034/1/3399
f 7042/1/3400 7034/1/3400 7035/1/3400
f 7036/1/3401 7035/1/3401 7029/1/3401
f 7047/1/1 7049/1/1 7050/1/1
f 7048/1/1220 7043/1/1220 7044/1/1220
f 7049/1/3402 7044/1/3402 7045/1/3402
f 7050/1/1218 7045/1/1218 7046/1/1218
f 7047/1/3403 7046/1/3403 7043/1/3403
f 7067/1/1 7070/1/1 7075/1/1
f 7065/1/3404 7051/1/3404 7052/1/3404
f 7066/1/3405 7052/1/3405 7053/1/3405
f 7067/1/3406 7053/1/3406 7054/1/3406
f 7068/1/3407 7054/1/3408 7055/1/3409
f 7069/1/3410 7055/1/3409 7056/1/3411
f 7070/1/3412 7056/1/3412 7057/1/3412
f 7071/1/3413 7057/1/3413 7058/1/3413
f 7072/1/3414 7058/1/3414 7059/1/3414
f 7073/1/3415 7059/1/3415 7060/1/3416
f 7074/1/3417 7060/1/3417 7061/1/3417
f 7075/1/3418 7061/1/3419 7062/1/3419
f 7076/1/3420 7062/1/3420 7063/1/3420
f 7064/1/3421 7063/1/3421 7051/1/3421
f 7088/1/1 7090/1/1 7092/1/1
f 7086/1/3422 7077/1/3422 7078/1/3422
f 7087/1/3423 7078/1/3423 7079/1/3423
f 7088/1/3424 7079/1/3424 7080/1/3424
f 7089/1/931 7080/1/931 7081/1/931
f 7090/1/3425 7081/1/3425 7082/1/3425
f 7091/1/3426 7082/1/3426 7083/1/3426
f 7092/1/3427 7083/1/3427 7084/1/3427
f 7085/1/1359 7084/1/1359 7077/1/1359
f 7101/1/1 7103/1/1 7106/1/1
f 7102/1/3428 7093/1/3428 7094/1/3428
f 7103/1/3429 7094/1/3429 7095/1/3429
f 7104/1/3430 7095/1/3430 7096/1/3430
f 7105/1/3042 7096/1/3042 7097/1/3042
f 7106/1/3431 7097/1/3431 7098/1/3431
f 7107/1/3432 7098/1/3432 7099/1/3432
f 7108/1/3433 7099/1/3433 7100/1/3433
f 7101/1/3434 7100/1/3434 7093/1/3434
f 7129/1/1 7131/1/1 7143/1/1
f 7130/1/3435 7109/1/3435 7110/1/3435
f 7131/1/3436 7110/1/3436 7111/1/3436
f 7132/1/3437 7111/1/3437 7112/1/3437
f 7133/1/3438 7112/1/3438 7113/1/3438
f 7134/1/3439 7113/1/3439 7114/1/3439
f 7135/1/3440 7114/1/3440 7115/1/3440
f 7136/1/3441 7115/1/3441 7116/1/3441
f 7137/1/3442 7116/1/3442 7117/1/3442
f 7138/1/3443 7117/1/3443 7118/1/3443
f 7139/1/3444 7118/1/3444 7119/1/3444
f 7140/1/3445 7119/1/3445 7120/1/3445
f 7141/1/3446 7120/1/3446 7121/1/3446
f 7142/1/3447 7121/1/3447 7122/1/3447
f 7143/1/3448 7122/1/3448 7123/1/3448
f 7144/1/3449 7123/1/3449 7124/1/3449
f 7145/1/3450 7124/1/3450 7125/1/3450
f 7146/1/3451 7125/1/3451 7126/1/3451
f 7147/1/3452 7126/1/3452 7127/1/3452
f 7148/1/3453 7127/1/3453 7128/1/3453
f 7129/1/3454 7128/1/3454 7109/1/3454
f 7161/1/1 7165/1/1 7170/1/1
f 7162/1/3455 7149/1/3456 7150/1/3455
f 7163/1/3457 7150/1/3458 7151/1/3457
f 7164/1/3459 7151/1/3457 7152/1/3459
f 7165/1/3460 7152/1/3461 7153/1/3461
f 7166/1/3462 7153/1/3462 7154/1/3462
f 7167/1/3463 7154/1/3463 7155/1/3463
f 7168/1/3464 7155/1/3464 7156/1/3464
f 7169/1/1228 7156/1/1227 7157/1/1227
f 7170/1/3465 7157/1/3465 7158/1/3465
f 7171/1/3369 7158/1/3369 7159/1/3369
f 7172/1/3365 7159/1/3365 7160/1/3365
f 7161/1/3456 7160/1/3466 7149/1/3456
f 7177/1/1 7179/1/1 7180/1/1
f 7178/1/3467 7173/1/3467 7174/1/3467
f 7179/1/3468 7174/1/3468 7175/1/3468
f 7180/1/3469 7175/1/3469 7176/1/3469
f 7177/1/3470 7176/1/3470 7173/1/3470
f 7188/1/1 7190/1/1 7191/1/1
f 7188/1/3471 7181/1/3471 7182/1/3471
f 7189/1/3472 7182/1/3472 7183/1/3473
f 7190/1/3001 7183/1/3001 7184/1/3001
f 7191/1/3474 7184/1/3474 7185/1/3474
f 7192/1/3475 7185/1/3475 7186/1/3475
f 7187/1/3476 7186/1/3476 7181/1/3476
f 7197/1/1 7199/1/1 7200/1/1
f 7198/1/3477 7193/1/3477 7194/1/3477
f 7199/1/3478 7194/1/3478 7195/1/3478
f 7200/1/3099 7195/1/3099 7196/1/3099
f 7197/1/3479 7196/1/3479 7193/1/3479
f 7205/1/1 7207/1/1 7208/1/1
f 7206/1/2330 7201/1/2330 7202/1/2330
f 7207/1/3480 7202/1/3480 7203/1/3480
f 7208/1/3481 7203/1/3481 7204/1/3481
f 7205/1/3482 7204/1/3482 7201/1/3482
f 7213/1/1 7215/1/1 7216/1/1
f 7214/1/1468 7209/1/1468 7210/1/1468
f 7215/1/3483 7210/1/3483 7211/1/3483
f 7216/1/1466 7211/1/1466 7212/1/1466
f 7213/1/3484 7212/1/3484 7209/1/3484
f 7228/1/1 7230/1/1 7232/1/1
f 7226/1/3485 7217/1/3485 7218/1/3485
f 7227/1/3486 7218/1/3486 7219/1/3486
f 7228/1/3487 7219/1/3487 7220/1/3487
f 7229/1/3488 7220/1/3488 7221/1/3488
f 7230/1/3489 7221/1/3489 7222/1/3489
f 7231/1/3490 7222/1/3490 7223/1/3490
f 7232/1/3491 7223/1/3491 7224/1/3491
f 7225/1/3492 7224/1/3492 7217/1/3492
f 7238/1/1 7240/1/1 7237/1/1
f 7238/1/3493 7233/1/3493 7234/1/3493
f 7239/1/3494 7234/1/3494 7235/1/3494
f 7240/1/3495 7235/1/3495 7236/1/3495
f 7237/1/3496 7236/1/3496 7233/1/3496
f 7255/1/1 7258/1/1 7260/1/1
f 7252/1/3497 7241/1/3497 7242/1/3497
f 7253/1/3498 7242/1/3498 7243/1/3498
f 7254/1/3499 7243/1/3499 7244/1/3499
f 7255/1/3500 7244/1/3500 7245/1/3500
f 7256/1/3501 7245/1/3501 7246/1/3501
f 7257/1/3502 7246/1/3502 7247/1/3502
f 7258/1/3503 7247/1/3503 7248/1/3503
f 7259/1/3504 7248/1/3505 7249/1/3505
f 7260/1/3506 7249/1/3506 7250/1/3506
f 7251/1/3507 7250/1/3507 7241/1/3507
f 7268/1/1 7270/1/1 7271/1/1
f 7268/1/3508 7261/1/3508 7262/1/3508
f 7269/1/3509 7262/1/3509 7263/1/3509
f 7270/1/3510 7263/1/3510 7264/1/3510
f 7271/1/3511 7264/1/3511 7265/1/3511
f 7272/1/3512 7265/1/3512 7266/1/3512
f 7267/1/3513 7266/1/3513 7261/1/3513
f 7284/1/1 7286/1/1 7288/1/1
f 7282/1/3514 7273/1/3514 7274/1/3514
f 7283/1/3515 7274/1/3515 7275/1/3515
f 7284/1/3516 7275/1/3516 7276/1/3516
f 7285/1/3517 7276/1/3517 7277/1/3517
f 7286/1/3518 7277/1/3518 7278/1/3518
f 7287/1/1286 7278/1/1286 7279/1/1286
f 7288/1/3447 7279/1/3447 7280/1/3447
f 7281/1/2961 7280/1/3519 7273/1/3519
f 7305/1/1 7310/1/1 7312/1/1
f 7303/1/3520 7289/1/3520 7290/1/3520
f 7304/1/3521 7290/1/3521 7291/1/3521
f 7305/1/3522 7291/1/3522 7292/1/3522
f 7306/1/3523 7292/1/3523 7293/1/3523
f 7307/1/3524 7293/1/3524 7294/1/3524
f 7308/1/3525 7294/1/3525 7295/1/3525
f 7309/1/3526 7295/1/3526 7296/1/3526
f 7310/1/2277 7296/1/2277 7297/1/2277
f 7311/1/3527 7297/1/3527 7298/1/3527
f 7312/1/3528 7298/1/3529 7299/1/3529
f 7313/1/3530 7299/1/3531 7300/1/3531
f 7314/1/2983 7300/1/2983 7301/1/2983
f 7302/1/2961 7301/1/3519 7289/1/3519
f 7329/1/1 7332/1/1 7334/1/1
f 7326/1/3532 7315/1/3532 7316/1/3532
f 7327/1/3533 7316/1/3533 7317/1/3533
f 7328/1/3534 7317/1/3534 7318/1/3534
f 7329/1/3535 7318/1/3535 7319/1/3535
f 7330/1/3536 7319/1/3536 7320/1/3536
f 7331/1/3537 7320/1/3537 7321/1/3537
f 7332/1/3538 7321/1/3538 7322/1/3538
f 7333/1/3539 7322/1/3539 7323/1/3539
f 7334/1/3540 7323/1/3540 7324/1/3540
f 7325/1/3541 7324/1/3541 7315/1/3541
f 7339/1/1 7341/1/1 7342/1/1
f 7340/1/3542 7335/1/3542 7336/1/3542
f 7341/1/3543 7336/1/3543 7337/1/3543
f 7342/1/3544 7337/1/3544 7338/1/3544
f 7339/1/3545 7338/1/3545 7335/1/3545
f 7351/1/1 7354/1/1 7357/1/1
f 7352/1/3546 7343/1/3546 7344/1/3546
f 7353/1/3547 7344/1/3547 7345/1/3547
f 7354/1/3548 7345/1/3548 7346/1/3548
f 7355/1/3549 7346/1/3549 7347/1/3549
f 7356/1/3550 7347/1/3550 7348/1/3550
f 7357/1/3551 7348/1/3551 7349/1/3551
f 7358/1/2935 7349/1/2935 7350/1/2935
f 7351/1/1565 7350/1/1565 7343/1/1565
f 7363/1/1 7365/1/1 7366/1/1
f 7364/1/3552 7359/1/3552 7360/1/3552
f 7365/1/3553 7360/1/3553 7361/1/3553
f 7366/1/3554 7361/1/3554 7362/1/3554
f 7363/1/3555 7362/1/3555 7359/1/3555
f 7373/1/1 7375/1/1 7376/1/1
f 7373/1/3556 7367/1/3556 7368/1/3556
f 7374/1/3557 7368/1/3557 7369/1/3557
f 7375/1/3558 7369/1/3558 7370/1/3558
f 7376/1/3559 7370/1/3559 7371/1/3559
f 7372/1/3560 7371/1/3560 7367/1/3560
f 7381/1/1 7383/1/1 7384/1/1
f 7382/1/3561 7377/1/3561 7378/1/3561
f 7383/1/3562 7378/1/3562 7379/1/3562
f 7384/1/2027 7379/1/2027 7380/1/2027
f 7381/1/3563 7380/1/3563 7377/1/3563
f 7389/1/1 7391/1/1 7392/1/1
f 7390/1/3564 7385/1/3564 7386/1/3564
f 7391/1/3565 7386/1/3565 7387/1/3565
f 7392/1/3566 7387/1/3566 7388/1/3566
f 7389/1/3567 7388/1/3567 7385/1/3567
f 7402/1/1 7406/1/1 7407/1/1
f 7402/1/3568 7393/1/3568 7394/1/3568
f 7403/1/3569 7394/1/3569 7395/1/3569
f 7404/1/3570 7395/1/3570 7396/1/3570
f 7405/1/2775 7396/1/2775 7397/1/2775
f 7406/1/3571 7397/1/3571 7398/1/3571
f 7407/1/3572 7398/1/3572 7399/1/3572
f 7408/1/3573 7399/1/3573 7400/1/3573
f 7401/1/3574 7400/1/3574 7393/1/3574
f 7413/1/1 7415/1/1 7416/1/1
f 7414/1/3575 7409/1/3575 7410/1/3575
f 7415/1/3576 7410/1/3576 7411/1/3576
f 7416/1/3577 7411/1/3577 7412/1/3577
f 7413/1/3578 7412/1/3578 7409/1/3578
f 7421/1/1 7423/1/1 7424/1/1
f 7422/1/3579 7417/1/3579 7418/1/3579
f 7423/1/3580 7418/1/3580 7419/1/3580
f 7424/1/3581 7419/1/3581 7420/1/3581
f 7421/1/3582 7420/1/3582 7417/1/3582
f 7429/1/1 7431/1/1 7432/1/1
f 7430/1/3583 7425/1/3583 7426/1/3583
f 7431/1/3584 7426/1/3584 7427/1/3584
f 7432/1/3585 7427/1/3585 7428/1/3585
f 7429/1/3586 7428/1/3586 7425/1/3586
f 7444/1/1 7446/1/1 7448/1/1
f 7442/1/3587 7433/1/3587 7434/1/3588
f 7443/1/3589 7434/1/3589 7435/1/3589
f 7444/1/3590 7435/1/3590 7436/1/3590
f 7445/1/3591 7436/1/3591 7437/1/3592
f 7446/1/3593 7437/1/3593 7438/1/3593
f 7447/1/3594 7438/1/3594 7439/1/3594
f 7448/1/3595 7439/1/3595 7440/1/3595
f 7441/1/3596 7440/1/3596 7433/1/3596
f 7458/1/1 7460/1/1 7463/1/1
f 7458/1/3379 7449/1/3379 7450/1/3379
f 7459/1/3597 7450/1/3598 7451/1/3598
f 7460/1/3599 7451/1/3599 7452/1/3599
f 7461/1/3600 7452/1/3601 7453/1/3601
f 7462/1/3602 7453/1/3602 7454/1/3602
f 7463/1/3603 7454/1/3604 7455/1/3604
f 7464/1/3605 7455/1/3605 7456/1/3606
f 7457/1/3607 7456/1/3607 7449/1/3607
f 7474/1/1 7476/1/1 7480/1/1
f 7475/1/3608 7465/1/3608 7466/1/3608
f 7476/1/3609 7466/1/3609 7467/1/3609
f 7477/1/3610 7467/1/3610 7468/1/3610
f 7478/1/3611 7468/1/3611 7469/1/3611
f 7479/1/3612 7469/1/3613 7470/1/3613
f 7480/1/3614 7470/1/3614 7471/1/3614
f 7481/1/3615 7471/1/3615 7472/1/3615
f 7482/1/3616 7472/1/3616 7473/1/3616
f 7474/1/3617 7473/1/3617 7465/1/3617
f 7487/1/1 7489/1/1 7490/1/1
f 7488/1/3618 7483/1/3618 7484/1/3618
f 7489/1/942 7484/1/942 7485/1/942
f 7490/1/2914 7485/1/2914 7486/1/2914
f 7487/1/3619 7486/1/3619 7483/1/3619
f 7495/1/1 7497/1/1 7498/1/1
f 7496/1/1571 7491/1/1571 7492/1/1571
f 7497/1/3620 7492/1/3620 7493/1/3620
f 7498/1/3621 7493/1/3621 7494/1/3621
f 7495/1/3622 7494/1/3622 7491/1/3622
f 7503/1/1 7505/1/1 7506/1/1
f 7504/1/3623 7499/1/3623 7500/1/3623
f 7505/1/3624 7500/1/3624 7501/1/3624
f 7506/1/3625 7501/1/3625 7502/1/3625
f 7503/1/3626 7502/1/3626 7499/1/3626
f 7511/1/1 7513/1/1 7514/1/1
f 7512/1/3627 7507/1/3627 7508/1/3627
f 7513/1/3628 7508/1/3628 7509/1/3628
f 7514/1/3629 7509/1/3629 7510/1/3629
f 7511/1/3630 7510/1/3630 7507/1/3630
f 7522/1/1 7524/1/1 7526/1/1
f 7522/1/3631 7515/1/3631 7516/1/3631
f 7523/1/2630 7516/1/2630 7517/1/2630
f 7524/1/3632 7517/1/3632 7518/1/3632
f 7525/1/3633 7518/1/3633 7519/1/3633
f 7526/1/3634 7519/1/3634 7520/1/3634
f 7521/1/3635 7520/1/3635 7515/1/3635
f 7534/1/1 7536/1/1 7537/1/1
f 7534/1/3636 7527/1/3636 7528/1/3636
f 7535/1/3637 7528/1/3637 7529/1/3637
f 7536/1/3137 7529/1/3137 7530/1/3137
f 7537/1/3638 7530/1/3638 7531/1/3638
f 7538/1/3639 7531/1/3639 7532/1/3639
f 7533/1/3640 7532/1/3640 7527/1/3640
f 7546/1/1 7548/1/1 7549/1/1
f 7546/1/3641 7539/1/3641 7540/1/3641
f 7547/1/3642 7540/1/3642 7541/1/3642
f 7548/1/3643 7541/1/3643 7542/1/3643
f 7549/1/3644 7542/1/3644 7543/1/3644
f 7550/1/3645 7543/1/3645 7544/1/3645
f 7545/1/3646 7544/1/3646 7539/1/3646
f 7559/1/1 7563/1/1 7565/1/1
f 7560/1/3647 7551/1/3647 7552/1/3647
f 7561/1/3648 7552/1/3648 7553/1/3648
f 7562/1/3649 7553/1/3649 7554/1/3649
f 7563/1/3650 7554/1/3651 7555/1/3650
f 7564/1/3652 7555/1/3650 7556/1/3652
f 7565/1/3653 7556/1/3653 7557/1/3653
f 7566/1/2082 7557/1/2082 7558/1/2082
f 7559/1/3654 7558/1/3655 7551/1/3655
f 7572/1/1 7574/1/1 7571/1/1
f 7572/1/535 7567/1/535 7568/1/535
f 7573/1/3656 7568/1/3656 7569/1/3656
f 7574/1/3657 7569/1/3657 7570/1/3657
f 7571/1/3658 7570/1/3658 7567/1/3658
f 7580/1/1 7582/1/1 7579/1/1
f 7580/1/3659 7575/1/3659 7576/1/3659
f 7581/1/3660 7576/1/3660 7577/1/3660
f 7582/1/3661 7577/1/3661 7578/1/3661
f 7579/1/11 7578/1/11 7575/1/11
f 7588/1/1 7590/1/1 7587/1/1
f 7588/1/3662 7583/1/3662 7584/1/3662
f 7589/1/3663 7584/1/3663 7585/1/3663
f 7590/1/3664 7585/1/3664 7586/1/3664
f 7587/1/3665 7586/1/3665 7583/1/3665
f 7604/1/1 7605/1/1 7611/1/1
f 7605/1/225 7591/1/225 7592/1/225
f 7606/1/3666 7592/1/3666 7593/1/3666
f 7607/1/3667 7593/1/3667 7594/1/3667
f 7608/1/3668 7594/1/3668 7595/1/3668
f 7609/1/3669 7595/1/3669 7596/1/3669
f 7610/1/3670 7596/1/3670 7597/1/3670
f 7611/1/3671 7597/1/3671 7598/1/3671
f 7612/1/3672 7598/1/3672 7599/1/3672
f 7613/1/3673 7599/1/3673 7600/1/3673
f 7614/1/3674 7600/1/3674 7601/1/3674
f 7615/1/3675 7601/1/3675 7602/1/3675
f 7616/1/3668 7602/1/3668 7603/1/3668
f 7604/1/3668 7603/1/3668 7591/1/3668
f 7634/1/1 7636/1/1 7639/1/1
f 7630/1/3676 7617/1/3676 7618/1/3676
f 7631/1/3677 7618/1/3678 7619/1/3678
f 7632/1/3679 7619/1/3679 7620/1/3679
f 7633/1/3680 7620/1/3680 7621/1/3680
f 7634/1/3681 7621/1/3681 7622/1/3681
f 7635/1/3682 7622/1/3682 7623/1/3682
f 7636/1/3683 7623/1/3683 7624/1/3683
f 7637/1/3684 7624/1/3684 7625/1/3684
f 7638/1/3685 7625/1/3685 7626/1/3685
f 7639/1/3686 7626/1/3686 7627/1/3686
f 7640/1/3687 7627/1/3687 7628/1/3687
f 7629/1/3688 7628/1/3688 7617/1/3688
f 7647/1/1 7650/1/1 7652/1/1
f 7648/1/3689 7641/1/3689 7642/1/3689
f 7649/1/3690 7642/1/3690 7643/1/3690
f 7650/1/3691 7643/1/3691 7644/1/3691
f 7651/1/3692 7644/1/3692 7645/1/3692
f 7652/1/3693 7645/1/3693 7646/1/3693
f 7647/1/3694 7646/1/3694 7641/1/3694
f 7658/1/1 7660/1/1 7657/1/1
f 7658/1/3695 7653/1/3695 7654/1/3695
f 7659/1/3696 7654/1/3696 7655/1/3696
f 7660/1/3697 7655/1/3697 7656/1/3697
f 7657/1/3698 7656/1/3698 7653/1/3698
s 0
f 7662/2/1 7663/3/1 7661/1/1
s 1
f 258/1/1 130/1/1 131/1/1
f 131/1/1 132/1/1 133/1/1
f 134/1/1 135/1/1 136/1/1
f 258/1/1 131/1/1 133/1/1
f 133/1/1 134/1/1 136/1/1
f 258/1/1 133/1/1 136/1/1
f 256/1/3699 257/1/1 258/1/1
f 253/1/1 254/1/1 255/1/1
f 255/1/1 256/1/3699 258/1/1
f 255/1/1 258/1/1 136/1/1
f 251/1/1 252/1/1 253/1/1
f 253/1/1 255/1/1 136/1/1
f 251/1/1 253/1/1 136/1/1
f 249/1/1 250/1/1 251/1/1
f 247/1/1 248/1/1 249/1/1
f 245/1/1 246/1/1 247/1/1
f 243/1/1 244/1/1 245/1/1
f 241/1/1 242/1/1 243/1/1
f 239/1/1 240/1/1 241/1/1
f 237/1/1 238/1/1 239/1/1
f 235/1/1 236/1/1 237/1/1
f 233/1/1 234/1/1 235/1/1
f 231/1/1 232/1/1 233/1/1
f 229/1/1 230/1/1 231/1/1
f 226/1/1 227/1/1 228/1/1
f 228/1/1 229/1/1 231/1/1
f 228/1/1 231/1/1 233/1/1
f 224/1/1 225/1/1 226/1/1
f 228/1/1 233/1/1 235/1/1
f 228/1/1 235/1/1 237/1/1
f 237/1/1 239/1/1 241/1/1
f 241/1/1 243/1/1 245/1/1
f 245/1/1 247/1/1 249/1/1
f 249/1/1 251/1/1 136/1/1
f 245/1/1 249/1/1 136/1/1
f 237/1/1 241/1/1 245/1/1
f 228/1/1 237/1/1 245/1/1
f 228/1/1 245/1/1 136/1/1
f 226/1/1 228/1/1 136/1/1
f 226/1/1 136/1/1 137/1/1
f 222/1/1 223/1/1 224/1/1
f 224/1/1 226/1/1 137/1/1
f 224/1/1 137/1/1 138/1/1
f 220/1/1 221/1/1 222/1/1
f 222/1/1 224/1/1 138/1/1
f 222/1/1 138/1/1 139/1/1
f 218/1/1 219/1/1 220/1/1
f 220/1/1 222/1/1 139/1/1
f 140/1/1 141/1/1 142/1/1
f 220/1/1 139/1/1 140/1/1
f 216/1/1 217/1/1 218/1/1
f 218/1/1 220/1/1 140/1/1
f 140/1/1 142/1/1 143/1/1
f 143/1/1 144/1/1 145/1/1
f 143/1/1 145/1/1 146/1/1
f 216/1/1 218/1/1 140/1/1
f 215/1/1 216/1/1 140/1/1
f 209/1/1 210/1/1 211/1/1
f 207/1/1 208/1/1 209/1/1
f 205/1/1 206/1/1 207/1/1
f 205/1/1 207/1/1 209/1/1
f 205/1/1 209/1/1 211/1/1
f 204/1/1 205/1/1 211/1/1
f 204/1/1 211/1/1 212/1/1
f 201/1/1 202/1/1 203/1/1
f 203/1/1 204/1/1 212/1/1
f 201/1/1 203/1/1 212/1/1
f 199/1/1 200/1/1 201/1/1
f 196/1/1 197/1/1 198/1/1
f 199/1/1 201/1/1 212/1/1
f 195/1/1 196/1/1 198/1/1
f 198/1/1 199/1/1 212/1/1
f 198/1/1 212/1/1 213/1/1
f 194/1/1 195/1/1 198/1/1
f 191/1/1 192/1/1 193/1/1
f 193/1/1 194/1/1 198/1/1
f 198/1/1 213/1/1 214/1/1
f 147/1/1 148/1/1 149/1/1
f 149/1/1 150/1/1 151/1/1
f 152/1/1 153/1/1 154/1/1
f 149/1/1 151/1/1 152/1/1
f 147/1/1 149/1/1 152/1/1
f 147/1/1 152/1/1 154/1/1
f 146/1/1 147/1/1 154/1/1
f 146/1/1 154/1/1 155/1/1
f 143/1/1 146/1/1 155/1/1
f 156/1/1 157/1/1 158/1/1
f 143/1/1 155/1/1 156/1/1
f 198/1/1 214/1/1 215/1/1
f 191/1/1 193/1/1 198/1/1
f 188/1/1 189/1/1 190/1/1
f 191/1/1 198/1/1 215/1/1
f 187/1/1 188/1/1 190/1/1
f 187/1/1 190/1/1 191/1/1
f 185/1/1 186/1/1 187/1/1
f 182/1/1 183/1/1 184/1/1
f 185/1/1 187/1/1 191/1/1
f 181/1/1 182/1/1 184/1/1
f 184/1/1 185/1/1 191/1/1
f 140/1/1 143/1/1 156/1/1
f 158/1/1 159/1/1 160/1/1
f 140/1/1 156/1/1 158/1/1
f 184/1/1 191/1/1 215/1/1
f 180/1/1 181/1/1 184/1/1
f 180/1/1 184/1/1 215/1/1
f 140/1/1 158/1/1 160/1/1
f 160/1/1 161/1/1 162/1/1
f 162/1/1 163/1/1 164/1/1
f 165/1/1 166/1/1 167/1/1
f 165/1/1 167/1/1 168/1/1
f 165/1/1 168/1/1 169/1/1
f 164/1/1 165/1/1 169/1/1
f 164/1/1 169/1/1 170/1/1
f 140/1/1 160/1/1 162/1/1
f 164/1/1 170/1/1 171/1/1
f 140/1/1 162/1/1 164/1/1
f 179/1/1 180/1/1 215/1/1
f 178/1/1 179/1/1 215/1/1
f 140/1/1 164/1/1 171/1/1
f 172/1/1 173/1/1 174/1/1
f 140/1/1 171/1/1 172/1/1
f 175/1/1 176/1/1 177/1/1
f 172/1/1 174/1/1 175/1/1
f 215/1/1 140/1/1 172/1/1
f 175/1/1 177/1/1 178/1/1
f 178/1/1 215/1/1 172/1/1
f 131/1/2 130/1/3 1/1/3
f 132/1/4 131/1/2 2/1/2
f 133/1/5 132/1/5 3/1/5
f 134/1/6 133/1/6 4/1/6
f 135/1/7 134/1/7 5/1/7
f 136/1/8 135/1/8 6/1/8
f 137/1/9 136/1/9 7/1/9
f 138/1/10 137/1/11 8/1/11
f 139/1/12 138/1/10 9/1/10
f 140/1/13 139/1/12 10/1/12
f 141/1/14 140/1/14 11/1/14
f 142/1/15 141/1/15 12/1/15
f 143/1/16 142/1/16 13/1/16
f 144/1/17 143/1/17 14/1/17
f 145/1/18 144/1/18 15/1/18
f 146/1/19 145/1/19 16/1/19
f 147/1/20 146/1/20 17/1/20
f 148/1/21 147/1/21 18/1/21
f 149/1/22 148/1/23 19/1/23
f 150/1/24 149/1/22 20/1/22
f 151/1/25 150/1/25 21/1/25
f 152/1/26 151/1/27 22/1/27
f 153/1/28 152/1/26 23/1/26
f 154/1/29 153/1/29 24/1/29
f 155/1/30 154/1/31 25/1/31
f 156/1/32 155/1/30 26/1/30
f 157/1/33 156/1/32 27/1/32
f 158/1/34 157/1/34 28/1/34
f 159/1/35 158/1/35 29/1/35
f 160/1/36 159/1/37 30/1/37
f 161/1/38 160/1/36 31/1/36
f 162/1/39 161/1/39 32/1/39
f 163/1/40 162/1/40 33/1/40
f 164/1/41 163/1/41 34/1/41
f 165/1/42 164/1/42 35/1/42
f 166/1/43 165/1/43 36/1/43
f 167/1/44 166/1/45 37/1/45
f 168/1/46 167/1/44 38/1/44
f 169/1/47 168/1/47 39/1/47
f 170/1/48 169/1/49 40/1/49
f 171/1/50 170/1/48 41/1/48
f 172/1/51 171/1/50 42/1/50
f 173/1/52 172/1/52 43/1/52
f 174/1/53 173/1/54 44/1/54
f 175/1/55 174/1/53 45/1/53
f 176/1/56 175/1/56 46/1/56
f 177/1/31 176/1/57 47/1/57
f 178/1/58 177/1/31 48/1/31
f 179/1/59 178/1/59 49/1/59
f 180/1/60 179/1/60 50/1/60
f 181/1/61 180/1/61 51/1/61
f 182/1/62 181/1/63 52/1/63
f 183/1/64 182/1/62 53/1/62
f 184/1/65 183/1/65 54/1/65
f 185/1/66 184/1/66 55/1/66
f 186/1/67 185/1/67 56/1/67
f 187/1/68 186/1/68 57/1/68
f 188/1/69 187/1/69 58/1/69
f 189/1/70 188/1/70 59/1/70
f 190/1/71 189/1/71 60/1/71
f 191/1/72 190/1/72 61/1/72
f 192/1/73 191/1/73 62/1/74
f 193/1/75 192/1/75 63/1/75
f 194/1/76 193/1/76 64/1/76
f 195/1/77 194/1/77 65/1/78
f 196/1/79 195/1/79 66/1/79
f 197/1/80 196/1/79 67/1/79
f 198/1/81 197/1/81 68/1/81
f 199/1/82 198/1/82 69/1/82
f 200/1/83 199/1/83 70/1/84
f 201/1/85 200/1/85 71/1/85
f 202/1/86 201/1/86 72/1/86
f 203/1/87 202/1/87 73/1/87
f 204/1/88 203/1/89 74/1/89
f 205/1/90 204/1/88 75/1/88
f 206/1/91 205/1/90 76/1/90
f 207/1/92 206/1/91 77/1/91
f 208/1/94 207/1/95 78/1/95
f 209/1/96 208/1/94 79/1/94
f 210/1/96 209/1/96 80/1/96
f 211/1/94 210/1/96 81/1/96
f 212/1/95 211/1/94 82/1/94
f 213/1/97 212/1/97 83/1/97
f 214/1/98 213/1/99 84/1/99
f 215/1/100 214/1/98 85/1/98
f 216/1/101 215/1/100 86/1/100
f 217/1/102 216/1/102 87/1/102
f 218/1/103 217/1/103 88/1/103
f 219/1/104 218/1/104 89/1/104
f 220/1/105 219/1/105 90/1/105
f 221/1/106 220/1/106 91/1/106
f 222/1/107 221/1/107 92/1/107
f 223/1/108 222/1/108 93/1/108
f 224/1/109 223/1/109 94/1/109
f 225/1/110 224/1/110 95/1/110
f 226/1/111 225/1/111 96/1/111
f 227/1/108 226/1/108 97/1/108
f 228/1/105 227/1/105 98/1/105
f 229/1/82 228/1/112 99/1/112
f 230/1/113 229/1/82 100/1/82
f 231/1/114 230/1/114 101/1/114
f 232/1/113 231/1/113 102/1/113
f 233/1/115 232/1/115 103/1/115
f 234/1/116 233/1/116 104/1/116
f 235/1/117 234/1/117 105/1/117
f 236/1/118 235/1/118 106/1/118
f 237/1/119 236/1/119 107/1/119
f 238/1/120 237/1/120 108/1/120
f 239/1/103 238/1/103 109/1/103
f 240/1/121 239/1/121 110/1/121
f 241/1/122 240/1/123 111/1/123
f 242/1/124 241/1/122 112/1/122
f 243/1/125 242/1/124 113/1/124
f 244/1/119 243/1/125 114/1/125
f 245/1/126 244/1/119 115/1/119
f 246/1/127 245/1/126 116/1/126
f 247/1/128 246/1/128 117/1/128
f 248/1/129 247/1/129 118/1/129
f 249/1/130 248/1/130 119/1/130
f 250/1/131 249/1/131 120/1/131
f 251/1/132 250/1/132 121/1/132
f 252/1/115 251/1/115 122/1/115
f 253/1/133 252/1/133 123/1/133
f 254/1/134 253/1/134 124/1/134
f 255/1/135 254/1/136 125/1/136
f 256/1/137 255/1/135 126/1/135
f 257/1/135 256/1/137 127/1/137
f 258/1/138 257/1/135 128/1/135
f 130/1/139 258/1/139 129/1/139
f 263/1/1 264/1/1 265/1/1
f 264/1/140 263/1/140 259/1/140
f 265/1/141 264/1/2155 262/1/141
f 266/1/142 265/1/142 261/1/142
f 263/1/143 266/1/143 260/1/143
f 282/1/1 275/1/1 276/1/1
f 277/1/1 278/1/1 279/1/1
f 277/1/1 279/1/1 280/1/1
f 281/1/1 282/1/1 276/1/1
f 277/1/1 280/1/1 281/1/1
f 276/1/144 275/1/144 267/1/144
f 277/1/145 276/1/145 274/1/145
f 278/1/146 277/1/146 273/1/146
f 279/1/147 278/1/147 272/1/147
f 280/1/148 279/1/148 271/1/148
f 281/1/149 280/1/149 270/1/149
f 282/1/150 281/1/150 269/1/150
f 275/1/151 282/1/151 268/1/151
f 287/1/1 288/1/1 289/1/1
f 288/1/152 287/1/152 283/1/152
f 289/1/153 288/1/153 286/1/153
f 290/1/154 289/1/154 285/1/154
f 287/1/155 290/1/155 284/1/155
f 306/1/1 299/1/1 300/1/1
f 301/1/1 302/1/1 303/1/1
f 305/1/1 306/1/1 300/1/1
f 303/1/1 304/1/1 305/1/1
f 305/1/1 300/1/1 301/1/1
f 300/1/156 299/1/156 291/1/156
f 301/1/157 300/1/157 298/1/157
f 302/1/158 301/1/158 297/1/158
f 303/1/159 302/1/159 296/1/159
f 304/1/160 303/1/160 295/1/160
f 305/1/161 304/1/161 294/1/161
f 306/1/162 305/1/162 293/1/162
f 299/1/163 306/1/163 292/1/163
f 312/1/1 313/1/1 314/1/1
f 312/1/164 311/1/164 307/1/164
f 313/1/165 312/1/165 310/1/165
f 314/1/166 313/1/166 309/1/166
f 311/1/167 314/1/167 308/1/167
f 350/1/1 333/1/1 334/1/1
f 334/1/1 335/1/1 336/1/1
f 337/1/1 338/1/1 339/1/1
f 350/1/1 334/1/1 336/1/1
f 349/1/1 350/1/1 336/1/1
f 346/1/1 347/1/1 348/1/1
f 348/1/1 349/1/1 336/1/1
f 348/1/1 336/1/1 337/1/1
f 345/1/1 346/1/1 348/1/1
f 342/1/1 343/1/1 344/1/1
f 344/1/1 345/1/1 348/1/1
f 348/1/1 337/1/1 339/1/1
f 339/1/1 340/1/1 341/1/1
f 341/1/1 342/1/1 344/1/1
f 344/1/1 348/1/1 339/1/1
f 334/1/168 333/1/168 315/1/168
f 335/1/169 334/1/169 332/1/169
f 336/1/170 335/1/170 331/1/170
f 337/1/171 336/1/171 330/1/171
f 338/1/172 337/1/172 329/1/172
f 339/1/173 338/1/173 328/1/173
f 340/1/174 339/1/174 327/1/174
f 341/1/175 340/1/175 326/1/175
f 342/1/176 341/1/176 325/1/176
f 343/1/177 342/1/177 324/1/177
f 344/1/178 343/1/178 323/1/178
f 345/1/179 344/1/179 322/1/179
f 346/1/180 345/1/180 321/1/180
f 347/1/181 346/1/181 320/1/181
f 348/1/182 347/1/182 319/1/182
f 349/1/183 348/1/183 318/1/183
f 350/1/184 349/1/184 317/1/184
f 333/1/185 350/1/185 316/1/185
f 362/1/1 357/1/1 358/1/1
f 358/1/1 359/1/1 360/1/1
f 360/1/1 361/1/1 362/1/1
f 358/1/186 357/1/186 351/1/186
f 359/1/187 358/1/188 356/1/188
f 360/1/189 359/1/187 355/1/187
f 361/1/190 360/1/190 354/1/190
f 362/1/191 361/1/192 353/1/192
f 357/1/193 362/1/191 352/1/191
f 367/1/1 368/1/1 369/1/1
f 368/1/194 367/1/194 363/1/194
f 369/1/195 368/1/195 366/1/195
f 370/1/196 369/1/196 365/1/196
f 367/1/197 370/1/197 364/1/197
f 390/1/1 381/1/1 382/1/1
f 383/1/1 384/1/1 385/1/1
f 390/1/1 382/1/1 383/1/1
f 387/1/1 388/1/1 389/1/1
f 389/1/1 390/1/1 383/1/1
f 383/1/1 385/1/1 386/1/1
f 386/1/1 387/1/1 389/1/1
f 382/1/198 381/1/198 371/1/198
f 383/1/199 382/1/199 380/1/199
f 384/1/200 383/1/200 379/1/200
f 385/1/201 384/1/201 378/1/201
f 386/1/202 385/1/202 377/1/202
f 387/1/203 386/1/203 376/1/203
f 388/1/204 387/1/204 375/1/204
f 389/1/205 388/1/205 374/1/205
f 390/1/206 389/1/206 373/1/206
f 381/1/207 390/1/207 372/1/207
f 404/1/1 398/1/1 399/1/1
f 400/1/1 401/1/1 402/1/1
f 404/1/1 399/1/1 400/1/1
f 402/1/1 403/1/1 404/1/1
f 399/1/208 398/1/208 391/1/208
f 400/1/209 399/1/209 397/1/209
f 401/1/210 400/1/210 396/1/210
f 402/1/211 401/1/211 395/1/211
f 403/1/212 402/1/212 394/1/212
f 404/1/213 403/1/213 393/1/213
f 398/1/214 404/1/214 392/1/214
f 415/1/1 416/1/1 417/1/1
f 417/1/1 418/1/1 419/1/1
f 419/1/1 420/1/1 421/1/1
f 422/1/1 423/1/1 424/1/1
f 417/1/1 419/1/1 421/1/1
f 422/1/1 424/1/1 415/1/1
f 417/1/1 421/1/1 422/1/1
f 416/1/215 415/1/215 405/1/215
f 417/1/216 416/1/216 414/1/217
f 418/1/218 417/1/218 413/1/218
f 419/1/219 418/1/219 412/1/219
f 420/1/220 419/1/220 411/1/220
f 421/1/221 420/1/221 410/1/221
f 422/1/222 421/1/222 409/1/222
f 423/1/223 422/1/223 408/1/223
f 424/1/224 423/1/224 407/1/224
f 415/1/225 424/1/225 406/1/225
f 444/1/1 435/1/1 436/1/1
f 436/1/1 437/1/1 438/1/1
f 438/1/1 439/1/1 440/1/1
f 441/1/1 442/1/1 443/1/1
f 438/1/1 440/1/1 441/1/1
f 444/1/1 436/1/1 438/1/1
f 441/1/1 443/1/1 444/1/1
f 436/1/226 435/1/226 425/1/226
f 437/1/227 436/1/227 434/1/227
f 438/1/228 437/1/228 433/1/228
f 439/1/229 438/1/229 432/1/229
f 440/1/230 439/1/230 431/1/230
f 441/1/231 440/1/231 430/1/231
f 442/1/232 441/1/232 429/1/232
f 443/1/233 442/1/233 428/1/233
f 444/1/234 443/1/234 427/1/234
f 435/1/235 444/1/235 426/1/235
f 474/1/1 460/1/1 461/1/1
f 461/1/1 462/1/1 463/1/1
f 463/1/1 464/1/1 465/1/1
f 465/1/1 466/1/1 467/1/1
f 465/1/1 467/1/1 468/1/1
f 461/1/1 463/1/1 465/1/1
f 473/1/1 474/1/1 461/1/1
f 471/1/1 472/1/1 473/1/1
f 469/1/1 470/1/1 471/1/1
f 465/1/1 468/1/1 469/1/1
f 473/1/1 461/1/1 465/1/1
f 469/1/1 471/1/1 473/1/1
f 461/1/236 460/1/236 445/1/236
f 462/1/237 461/1/237 459/1/237
f 463/1/238 462/1/238 458/1/238
f 464/1/239 463/1/239 457/1/239
f 465/1/240 464/1/240 456/1/240
f 466/1/241 465/1/241 455/1/241
f 467/1/242 466/1/242 454/1/242
f 468/1/243 467/1/243 453/1/243
f 469/1/244 468/1/245 452/1/245
f 470/1/246 469/1/244 451/1/244
f 471/1/247 470/1/247 450/1/247
f 472/1/248 471/1/248 449/1/248
f 473/1/249 472/1/249 448/1/249
f 474/1/250 473/1/250 447/1/250
f 460/1/251 474/1/251 446/1/251
f 487/1/1 488/1/1 489/1/1
f 489/1/1 490/1/1 491/1/1
f 492/1/1 493/1/1 494/1/1
f 489/1/1 491/1/1 492/1/1
f 497/1/1 498/1/1 487/1/1
f 492/1/1 494/1/1 495/1/1
f 496/1/1 497/1/1 487/1/1
f 492/1/1 495/1/1 496/1/1
f 496/1/1 487/1/1 489/1/1
f 488/1/252 487/1/252 475/1/252
f 489/1/253 488/1/253 486/1/253
f 490/1/254 489/1/254 485/1/254
f 491/1/255 490/1/255 484/1/255
f 492/1/256 491/1/256 483/1/256
f 493/1/257 492/1/257 482/1/257
f 494/1/258 493/1/258 481/1/258
f 495/1/259 494/1/259 480/1/259
f 496/1/260 495/1/260 479/1/261
f 497/1/262 496/1/262 478/1/262
f 498/1/263 497/1/263 477/1/263
f 487/1/264 498/1/264 476/1/264
f 536/1/1 518/1/1 519/1/1
f 519/1/1 520/1/1 521/1/1
f 519/1/1 521/1/1 522/1/1
f 535/1/1 536/1/1 519/1/1
f 533/1/1 534/1/1 535/1/1
f 530/1/1 531/1/1 532/1/1
f 532/1/1 533/1/1 535/1/1
f 535/1/1 519/1/1 522/1/1
f 523/1/1 524/1/1 525/1/1
f 535/1/1 522/1/1 523/1/1
f 530/1/1 532/1/1 535/1/1
f 528/1/1 529/1/1 530/1/1
f 525/1/1 526/1/1 527/1/1
f 527/1/1 528/1/1 530/1/1
f 530/1/1 535/1/1 523/1/1
f 523/1/1 525/1/1 527/1/1
f 519/1/265 518/1/265 499/1/265
f 520/1/266 519/1/266 517/1/266
f 521/1/267 520/1/267 516/1/267
f 522/1/268 521/1/268 515/1/268
f 523/1/269 522/1/269 514/1/269
f 524/1/270 523/1/270 513/1/270
f 525/1/271 524/1/271 512/1/271
f 526/1/271 525/1/271 511/1/271
f 527/1/272 526/1/272 510/1/272
f 528/1/273 527/1/273 509/1/273
f 529/1/274 528/1/274 508/1/274
f 530/1/275 529/1/275 507/1/275
f 531/1/276 530/1/276 506/1/276
f 532/1/277 531/1/277 505/1/277
f 533/1/278 532/1/278 504/1/278
f 534/1/279 533/1/279 503/1/279
f 535/1/280 534/1/280 502/1/280
f 536/1/281 535/1/281 501/1/281
f 518/1/282 536/1/282 500/1/282
f 542/1/1 543/1/1 544/1/1
f 542/1/283 541/1/283 537/1/283
f 543/1/284 542/1/284 540/1/284
f 544/1/285 543/1/285 539/1/285
f 541/1/286 544/1/286 538/1/286
f 549/1/1 550/1/1 551/1/1
f 550/1/287 549/1/287 545/1/287
f 551/1/288 550/1/288 548/1/288
f 552/1/289 551/1/289 547/1/289
f 549/1/290 552/1/290 546/1/290
f 562/1/1 558/1/1 559/1/1
f 559/1/1 560/1/1 561/1/1
f 559/1/270 558/1/270 553/1/270
f 560/1/291 559/1/291 557/1/291
f 561/1/292 560/1/292 556/1/292
f 562/1/293 561/1/293 555/1/293
f 558/1/294 562/1/294 554/1/294
f 567/1/1 568/1/1 569/1/1
f 568/1/295 567/1/295 563/1/295
f 569/1/296 568/1/296 566/1/296
f 570/1/297 569/1/297 565/1/297
f 567/1/298 570/1/298 564/1/298
f 575/1/1 576/1/1 577/1/1
f 576/1/299 575/1/299 571/1/299
f 577/1/300 576/1/300 574/1/300
f 578/1/301 577/1/301 573/1/301
f 575/1/302 578/1/302 572/1/302
f 584/1/1 585/1/1 586/1/1
f 584/1/303 583/1/303 579/1/303
f 585/1/136 584/1/136 582/1/136
f 586/1/304 585/1/304 581/1/304
f 583/1/305 586/1/305 580/1/305
f 591/1/1 592/1/1 593/1/1
f 592/1/306 591/1/306 587/1/306
f 593/1/307 592/1/307 590/1/307
f 594/1/308 593/1/308 589/1/308
f 591/1/309 594/1/309 588/1/309
f 599/1/1 600/1/1 601/1/1
f 600/1/310 599/1/310 595/1/310
f 601/1/311 600/1/311 598/1/311
f 602/1/312 601/1/312 597/1/312
f 599/1/313 602/1/313 596/1/313
f 608/1/1 609/1/1 610/1/1
f 608/1/314 607/1/314 603/1/314
f 609/1/315 608/1/315 606/1/315
f 610/1/316 609/1/316 605/1/316
f 607/1/317 610/1/317 604/1/317
f 615/1/1 616/1/1 617/1/1
f 616/1/318 615/1/318 611/1/318
f 617/1/319 616/1/319 614/1/319
f 618/1/320 617/1/320 613/1/320
f 615/1/321 618/1/321 612/1/321
f 624/1/1 625/1/1 626/1/1
f 624/1/322 623/1/322 619/1/322
f 625/1/323 624/1/323 622/1/323
f 626/1/324 625/1/324 621/1/324
f 623/1/325 626/1/325 620/1/325
f 632/1/1 633/1/1 634/1/1
f 632/1/326 631/1/326 627/1/326
f 633/1/327 632/1/327 630/1/327
f 634/1/328 633/1/328 629/1/328
f 631/1/329 634/1/329 628/1/329
f 639/1/1 640/1/1 641/1/1
f 640/1/330 639/1/330 635/1/330
f 641/1/331 640/1/331 638/1/331
f 642/1/332 641/1/332 637/1/332
f 639/1/333 642/1/333 636/1/333
f 648/1/1 649/1/1 650/1/1
f 648/1/334 647/1/334 643/1/334
f 649/1/335 648/1/335 646/1/335
f 650/1/60 649/1/60 645/1/60
f 647/1/336 650/1/336 644/1/336
f 656/1/1 657/1/1 658/1/1
f 656/1/337 655/1/337 651/1/337
f 657/1/338 656/1/338 654/1/338
f 658/1/339 657/1/339 653/1/339
f 655/1/340 658/1/340 652/1/340
f 664/1/1 665/1/1 666/1/1
f 664/1/282 663/1/282 659/1/282
f 665/1/341 664/1/341 662/1/341
f 666/1/342 665/1/342 661/1/342
f 663/1/343 666/1/343 660/1/343
f 671/1/1 672/1/1 673/1/1
f 672/1/344 671/1/344 667/1/344
f 673/1/345 672/1/345 670/1/345
f 674/1/346 673/1/346 669/1/346
f 671/1/347 674/1/347 668/1/347
f 680/1/1 681/1/1 682/1/1
f 680/1/348 679/1/348 675/1/348
f 681/1/349 680/1/349 678/1/349
f 682/1/350 681/1/350 677/1/350
f 679/1/351 682/1/351 676/1/351
f 688/1/1 689/1/1 690/1/1
f 688/1/352 687/1/352 683/1/352
f 689/1/353 688/1/353 686/1/353
f 690/1/354 689/1/354 685/1/354
f 687/1/355 690/1/355 684/1/355
f 696/1/1 697/1/1 698/1/1
f 696/1/356 695/1/356 691/1/356
f 697/1/357 696/1/357 694/1/357
f 698/1/358 697/1/358 693/1/358
f 695/1/359 698/1/359 692/1/359
f 704/1/1 705/1/1 706/1/1
f 704/1/360 703/1/360 699/1/360
f 705/1/361 704/1/361 702/1/361
f 706/1/362 705/1/362 701/1/362
f 703/1/363 706/1/363 700/1/363
f 711/1/1 712/1/1 713/1/1
f 712/1/364 711/1/364 707/1/364
f 713/1/365 712/1/365 710/1/365
f 714/1/366 713/1/366 709/1/366
f 711/1/367 714/1/367 708/1/367
f 720/1/1 721/1/1 722/1/1
f 720/1/368 719/1/368 715/1/368
f 721/1/369 720/1/369 718/1/369
f 722/1/370 721/1/370 717/1/370
f 719/1/371 722/1/371 716/1/371
f 734/1/1 729/1/1 730/1/1
f 730/1/1 731/1/1 732/1/1
f 732/1/1 733/1/1 734/1/1
f 730/1/372 729/1/372 723/1/372
f 731/1/373 730/1/373 728/1/373
f 732/1/374 731/1/374 727/1/374
f 733/1/375 732/1/375 726/1/375
f 734/1/376 733/1/376 725/1/376
f 729/1/377 734/1/377 724/1/377
f 740/1/1 741/1/1 742/1/1
f 740/1/378 739/1/378 735/1/378
f 741/1/379 740/1/379 738/1/379
f 742/1/380 741/1/380 737/1/380
f 739/1/381 742/1/381 736/1/381
f 747/1/1 748/1/1 749/1/1
f 748/1/382 747/1/382 743/1/382
f 749/1/383 748/1/383 746/1/383
f 750/1/384 749/1/384 745/1/384
f 747/1/385 750/1/385 744/1/385
f 755/1/1 756/1/1 757/1/1
f 756/1/386 755/1/386 751/1/386
f 757/1/387 756/1/387 754/1/387
f 758/1/388 757/1/388 753/1/388
f 755/1/389 758/1/389 752/1/389
f 763/1/1 764/1/1 765/1/1
f 764/1/390 763/1/390 759/1/390
f 765/1/391 764/1/3700 762/1/391
f 766/1/392 765/1/392 761/1/392
f 763/1/393 766/1/393 760/1/393
f 772/1/1 773/1/1 774/1/1
f 772/1/395 771/1/395 767/1/395
f 773/1/396 772/1/396 770/1/396
f 774/1/397 773/1/397 769/1/397
f 771/1/398 774/1/398 768/1/398
f 779/1/1 780/1/1 781/1/1
f 780/1/399 779/1/399 775/1/399
f 781/1/400 780/1/400 778/1/400
f 782/1/401 781/1/401 777/1/401
f 779/1/402 782/1/402 776/1/402
f 788/1/1 789/1/1 790/1/1
f 788/1/403 787/1/403 783/1/403
f 789/1/271 788/1/271 786/1/271
f 790/1/404 789/1/404 785/1/404
f 787/1/393 790/1/393 784/1/393
f 795/1/1 796/1/1 797/1/1
f 796/1/405 795/1/405 791/1/405
f 797/1/406 796/1/406 794/1/406
f 798/1/407 797/1/407 793/1/407
f 795/1/408 798/1/408 792/1/408
f 804/1/1 805/1/1 806/1/1
f 804/1/409 803/1/409 799/1/409
f 805/1/410 804/1/410 802/1/410
f 806/1/411 805/1/411 801/1/411
f 803/1/412 806/1/412 800/1/412
f 818/1/1 813/1/1 814/1/1
f 814/1/1 815/1/1 816/1/1
f 816/1/1 817/1/1 818/1/1
f 814/1/413 813/1/413 807/1/413
f 815/1/414 814/1/414 812/1/414
f 816/1/415 815/1/416 811/1/416
f 817/1/417 816/1/415 810/1/415
f 818/1/418 817/1/418 809/1/418
f 813/1/419 818/1/419 808/1/419
f 824/1/1 825/1/1 826/1/1
f 824/1/420 823/1/420 819/1/420
f 825/1/421 824/1/421 822/1/421
f 826/1/422 825/1/422 821/1/422
f 823/1/423 826/1/423 820/1/423
f 832/1/1 833/1/1 834/1/1
f 832/1/424 831/1/424 827/1/424
f 833/1/425 832/1/425 830/1/425
f 834/1/427 833/1/427 829/1/427
f 831/1/27 834/1/27 828/1/428
f 840/1/1 841/1/1 842/1/1
f 840/1/429 839/1/429 835/1/429
f 841/1/430 840/1/430 838/1/430
f 842/1/431 841/1/431 837/1/431
f 839/1/432 842/1/432 836/1/432
f 848/1/1 849/1/1 850/1/1
f 848/1/433 847/1/433 843/1/433
f 849/1/434 848/1/434 846/1/434
f 850/1/435 849/1/435 845/1/435
f 847/1/436 850/1/436 844/1/436
f 862/1/1 857/1/1 858/1/1
f 859/1/1 860/1/1 861/1/1
f 862/1/1 858/1/1 859/1/1
f 858/1/437 857/1/437 851/1/437
f 859/1/438 858/1/438 856/1/438
f 860/1/439 859/1/439 855/1/439
f 861/1/440 860/1/440 854/1/440
f 862/1/441 861/1/441 853/1/441
f 857/1/442 862/1/442 852/1/442
f 872/1/1 868/1/1 869/1/1
f 869/1/1 870/1/1 871/1/1
f 869/1/443 868/1/443 863/1/443
f 870/1/444 869/1/444 867/1/444
f 871/1/445 870/1/445 866/1/445
f 872/1/446 871/1/446 865/1/446
f 868/1/447 872/1/447 864/1/447
f 877/1/1 878/1/1 879/1/1
f 878/1/448 877/1/448 873/1/448
f 879/1/449 878/1/449 876/1/449
f 880/1/450 879/1/450 875/1/450
f 877/1/451 880/1/451 874/1/451
f 886/1/1 887/1/1 888/1/1
f 886/1/452 885/1/452 881/1/452
f 887/1/453 886/1/453 884/1/453
f 888/1/454 887/1/454 883/1/454
f 885/1/455 888/1/455 882/1/455
f 893/1/1 894/1/1 895/1/1
f 894/1/456 893/1/456 889/1/456
f 895/1/457 894/1/457 892/1/457
f 896/1/458 895/1/458 891/1/458
f 893/1/459 896/1/459 890/1/459
f 902/1/1 903/1/1 904/1/1
f 902/1/460 901/1/460 897/1/460
f 903/1/461 902/1/461 900/1/461
f 904/1/462 903/1/462 899/1/462
f 901/1/463 904/1/463 898/1/463
f 910/1/1 911/1/1 912/1/1
f 910/1/464 909/1/464 905/1/464
f 911/1/465 910/1/465 908/1/465
f 912/1/466 911/1/466 907/1/466
f 909/1/467 912/1/467 906/1/467
f 918/1/1 919/1/1 920/1/1
f 918/1/468 917/1/468 913/1/468
f 919/1/469 918/1/469 916/1/469
f 920/1/470 919/1/470 915/1/470
f 917/1/471 920/1/471 914/1/471
f 925/1/1 926/1/1 927/1/1
f 926/1/472 925/1/472 921/1/472
f 927/1/391 926/1/391 924/1/391
f 928/1/473 927/1/473 923/1/473
f 925/1/474 928/1/474 922/1/474
f 933/1/1 934/1/1 935/1/1
f 934/1/475 933/1/475 929/1/475
f 935/1/476 934/1/476 932/1/476
f 936/1/83 935/1/83 931/1/83
f 933/1/74 936/1/74 930/1/74
f 942/1/1 943/1/1 944/1/1
f 942/1/477 941/1/477 937/1/477
f 943/1/478 942/1/478 940/1/478
f 944/1/479 943/1/479 939/1/479
f 941/1/480 944/1/480 938/1/480
f 950/1/1 951/1/1 952/1/1
f 950/1/119 949/1/119 945/1/119
f 951/1/136 950/1/136 948/1/136
f 952/1/481 951/1/481 947/1/481
f 949/1/112 952/1/112 946/1/112
f 958/1/1 959/1/1 960/1/1
f 958/1/482 957/1/482 953/1/482
f 959/1/483 958/1/483 956/1/483
f 960/1/484 959/1/484 955/1/484
f 957/1/485 960/1/485 954/1/485
f 986/1/1 974/1/1 975/1/1
f 975/1/1 976/1/1 977/1/1
f 977/1/1 978/1/1 979/1/1
f 979/1/1 980/1/1 981/1/1
f 982/1/1 983/1/1 984/1/1
f 979/1/1 981/1/1 982/1/1
f 975/1/1 977/1/1 979/1/1
f 985/1/1 986/1/1 975/1/1
f 979/1/1 982/1/1 984/1/1
f 985/1/1 975/1/1 979/1/1
f 975/1/486 974/1/486 961/1/486
f 976/1/487 975/1/487 973/1/487
f 977/1/488 976/1/488 972/1/488
f 978/1/489 977/1/489 971/1/489
f 979/1/490 978/1/491 970/1/491
f 980/1/492 979/1/490 969/1/490
f 981/1/493 980/1/493 968/1/493
f 982/1/494 981/1/494 967/1/494
f 983/1/495 982/1/495 966/1/495
f 984/1/496 983/1/496 965/1/496
f 985/1/497 984/1/497 964/1/497
f 986/1/498 985/1/498 963/1/498
f 974/1/499 986/1/499 962/1/499
f 991/1/1 992/1/1 993/1/1
f 992/1/500 991/1/500 987/1/500
f 993/1/501 992/1/501 990/1/501
f 994/1/502 993/1/502 989/1/502
f 991/1/503 994/1/503 988/1/503
f 1000/1/1 1001/1/1 1002/1/1
f 1000/1/504 999/1/504 995/1/504
f 1001/1/505 1000/1/505 998/1/505
f 1002/1/506 1001/1/506 997/1/506
f 999/1/507 1002/1/507 996/1/507
f 1008/1/1 1009/1/1 1010/1/1
f 1008/1/508 1007/1/508 1003/1/508
f 1009/1/509 1008/1/509 1006/1/509
f 1010/1/510 1009/1/510 1005/1/510
f 1007/1/511 1010/1/511 1004/1/511
f 1020/1/1 1016/1/1 1017/1/1
f 1017/1/1 1018/1/1 1019/1/1
f 1017/1/267 1016/1/267 1011/1/267
f 1018/1/512 1017/1/512 1015/1/512
f 1019/1/513 1018/1/513 1014/1/513
f 1020/1/514 1019/1/514 1013/1/514
f 1016/1/515 1020/1/515 1012/1/515
f 1030/1/1 1026/1/1 1027/1/1
f 1027/1/1 1028/1/1 1029/1/1
f 1027/1/516 1026/1/516 1021/1/516
f 1028/1/517 1027/1/517 1025/1/517
f 1029/1/518 1028/1/518 1024/1/518
f 1030/1/519 1029/1/519 1023/1/519
f 1026/1/520 1030/1/520 1022/1/520
f 1036/1/1 1037/1/1 1038/1/1
f 1036/1/521 1035/1/521 1031/1/521
f 1037/1/522 1036/1/522 1034/1/522
f 1038/1/523 1037/1/523 1033/1/523
f 1035/1/524 1038/1/524 1032/1/524
f 1043/1/1 1044/1/1 1045/1/1
f 1044/1/525 1043/1/525 1039/1/525
f 1045/1/526 1044/1/526 1042/1/526
f 1046/1/527 1045/1/527 1041/1/527
f 1043/1/528 1046/1/528 1040/1/528
f 1051/1/1 1052/1/1 1053/1/1
f 1052/1/529 1051/1/529 1047/1/529
f 1053/1/530 1052/1/530 1050/1/530
f 1054/1/531 1053/1/531 1049/1/531
f 1051/1/532 1054/1/532 1048/1/532
f 1060/1/1 1061/1/1 1062/1/1
f 1060/1/533 1059/1/533 1055/1/533
f 1061/1/534 1060/1/534 1058/1/534
f 1062/1/85 1061/1/85 1057/1/85
f 1059/1/535 1062/1/535 1056/1/535
f 1067/1/1 1068/1/1 1069/1/1
f 1068/1/536 1067/1/536 1063/1/536
f 1069/1/537 1068/1/537 1066/1/537
f 1070/1/538 1069/1/538 1065/1/538
f 1067/1/539 1070/1/539 1064/1/539
f 1075/1/1 1076/1/1 1077/1/1
f 1076/1/540 1075/1/540 1071/1/540
f 1077/1/541 1076/1/541 1074/1/541
f 1078/1/542 1077/1/542 1073/1/542
f 1075/1/543 1078/1/543 1072/1/543
f 1110/1/1 1095/1/1 1096/1/1
f 1097/1/1 1098/1/1 1099/1/1
f 1110/1/1 1096/1/1 1097/1/1
f 1108/1/1 1109/1/1 1110/1/1
f 1107/1/1 1108/1/1 1110/1/1
f 1110/1/1 1097/1/1 1099/1/1
f 1100/1/1 1101/1/1 1102/1/1
f 1110/1/1 1099/1/1 1100/1/1
f 1106/1/1 1107/1/1 1110/1/1
f 1104/1/1 1105/1/1 1106/1/1
f 1100/1/1 1102/1/1 1103/1/1
f 1103/1/1 1104/1/1 1106/1/1
f 1106/1/1 1110/1/1 1100/1/1
f 1096/1/544 1095/1/544 1079/1/544
f 1097/1/391 1096/1/391 1094/1/391
f 1098/1/545 1097/1/545 1093/1/545
f 1099/1/546 1098/1/546 1092/1/546
f 1100/1/547 1099/1/547 1091/1/547
f 1101/1/548 1100/1/548 1090/1/548
f 1102/1/549 1101/1/549 1089/1/549
f 1103/1/550 1102/1/550 1088/1/550
f 1104/1/551 1103/1/552 1087/1/552
f 1105/1/553 1104/1/551 1086/1/551
f 1106/1/554 1105/1/554 1085/1/554
f 1107/1/555 1106/1/555 1084/1/555
f 1108/1/556 1107/1/556 1083/1/556
f 1109/1/557 1108/1/557 1082/1/557
f 1110/1/558 1109/1/558 1081/1/558
f 1095/1/559 1110/1/559 1080/1/559
f 1115/1/1 1116/1/1 1117/1/1
f 1116/1/560 1115/1/560 1111/1/560
f 1117/1/561 1116/1/561 1114/1/561
f 1118/1/562 1117/1/562 1113/1/562
f 1115/1/563 1118/1/563 1112/1/564
f 1123/1/1 1124/1/1 1125/1/1
f 1124/1/565 1123/1/565 1119/1/565
f 1125/1/566 1124/1/566 1122/1/566
f 1126/1/567 1125/1/567 1121/1/567
f 1123/1/568 1126/1/568 1120/1/568
f 1131/1/1 1132/1/1 1133/1/1
f 1132/1/569 1131/1/569 1127/1/569
f 1133/1/570 1132/1/570 1130/1/570
f 1134/1/571 1133/1/571 1129/1/571
f 1131/1/572 1134/1/572 1128/1/572
f 1144/1/1 1140/1/1 1141/1/1
f 1141/1/1 1142/1/1 1143/1/1
f 1141/1/573 1140/1/573 1135/1/573
f 1142/1/574 1141/1/574 1139/1/574
f 1143/1/575 1142/1/575 1138/1/575
f 1144/1/576 1143/1/576 1137/1/576
f 1140/1/577 1144/1/577 1136/1/577
f 1154/1/1 1150/1/1 1151/1/1
f 1151/1/1 1152/1/1 1153/1/1
f 1151/1/578 1150/1/578 1145/1/578
f 1152/1/579 1151/1/579 1149/1/579
f 1153/1/580 1152/1/580 1148/1/580
f 1154/1/581 1153/1/581 1147/1/581
f 1150/1/582 1154/1/582 1146/1/582
f 1172/1/1 1164/1/1 1165/1/1
f 1165/1/1 1166/1/1 1167/1/1
f 1167/1/1 1168/1/1 1169/1/1
f 1169/1/1 1170/1/1 1171/1/1
f 1171/1/1 1172/1/1 1165/1/1
f 1165/1/1 1167/1/1 1169/1/1
f 1165/1/583 1164/1/583 1155/1/583
f 1166/1/584 1165/1/584 1163/1/584
f 1167/1/585 1166/1/585 1162/1/585
f 1168/1/586 1167/1/586 1161/1/586
f 1169/1/587 1168/1/588 1160/1/588
f 1170/1/589 1169/1/587 1159/1/587
f 1171/1/590 1170/1/590 1158/1/590
f 1172/1/591 1171/1/590 1157/1/590
f 1164/1/592 1172/1/591 1156/1/591
f 1182/1/1 1178/1/1 1179/1/1
f 1180/1/1 1181/1/1 1182/1/1
f 1179/1/593 1178/1/593 1173/1/593
f 1180/1/594 1179/1/594 1177/1/594
f 1181/1/595 1180/1/595 1176/1/595
f 1182/1/596 1181/1/596 1175/1/596
f 1178/1/597 1182/1/597 1174/1/597
f 1192/1/1 1188/1/1 1189/1/1
f 1189/1/1 1190/1/1 1191/1/1
f 1189/1/598 1188/1/598 1183/1/598
f 1190/1/599 1189/1/599 1187/1/599
f 1191/1/600 1190/1/600 1186/1/600
f 1192/1/601 1191/1/601 1185/1/601
f 1188/1/602 1192/1/602 1184/1/602
f 1202/1/1 1198/1/1 1199/1/1
f 1199/1/1 1200/1/1 1201/1/1
f 1199/1/603 1198/1/603 1193/1/603
f 1200/1/604 1199/1/604 1197/1/604
f 1201/1/605 1200/1/605 1196/1/605
f 1202/1/606 1201/1/606 1195/1/606
f 1198/1/607 1202/1/607 1194/1/607
f 1212/1/1 1208/1/1 1209/1/1
f 1209/1/1 1210/1/1 1211/1/1
f 1209/1/608 1208/1/608 1203/1/608
f 1210/1/609 1209/1/609 1207/1/609
f 1211/1/610 1210/1/610 1206/1/610
f 1212/1/611 1211/1/611 1205/1/611
f 1208/1/612 1212/1/612 1204/1/612
f 1222/1/1 1218/1/1 1219/1/1
f 1219/1/1 1220/1/1 1221/1/1
f 1219/1/613 1218/1/613 1213/1/614
f 1220/1/615 1219/1/615 1217/1/615
f 1221/1/616 1220/1/616 1216/1/616
f 1222/1/617 1221/1/617 1215/1/617
f 1218/1/618 1222/1/618 1214/1/618
f 1236/1/1 1230/1/1 1231/1/1
f 1231/1/1 1232/1/1 1233/1/1
f 1233/1/1 1234/1/1 1235/1/1
f 1235/1/1 1236/1/1 1231/1/1
f 1231/1/256 1230/1/256 1223/1/256
f 1232/1/619 1231/1/619 1229/1/619
f 1233/1/620 1232/1/621 1228/1/621
f 1234/1/622 1233/1/620 1227/1/620
f 1235/1/623 1234/1/624 1226/1/624
f 1236/1/625 1235/1/623 1225/1/623
f 1230/1/626 1236/1/626 1224/1/626
f 1246/1/1 1242/1/1 1243/1/1
f 1243/1/1 1244/1/1 1245/1/1
f 1243/1/627 1242/1/627 1237/1/627
f 1244/1/628 1243/1/628 1241/1/628
f 1245/1/629 1244/1/629 1240/1/629
f 1246/1/630 1245/1/630 1239/1/630
f 1242/1/631 1246/1/631 1238/1/631
f 1260/1/1 1254/1/1 1255/1/1
f 1255/1/1 1256/1/1 1257/1/1
f 1258/1/1 1259/1/1 1260/1/1
f 1255/1/1 1257/1/1 1258/1/1
f 1255/1/632 1254/1/632 1247/1/632
f 1256/1/633 1255/1/633 1253/1/633
f 1257/1/634 1256/1/634 1252/1/634
f 1258/1/635 1257/1/635 1251/1/635
f 1259/1/636 1258/1/636 1250/1/636
f 1260/1/637 1259/1/637 1249/1/637
f 1254/1/638 1260/1/638 1248/1/638
f 1282/1/1 1272/1/1 1273/1/1
f 1273/1/1 1274/1/1 1275/1/1
f 1275/1/1 1276/1/1 1277/1/1
f 1277/1/1 1278/1/1 1279/1/1
f 1279/1/1 1280/1/1 1281/1/1
f 1281/1/1 1282/1/1 1273/1/1
f 1273/1/1 1275/1/1 1277/1/1
f 1277/1/1 1279/1/1 1281/1/1
f 1273/1/639 1272/1/639 1261/1/639
f 1274/1/640 1273/1/640 1271/1/640
f 1275/1/641 1274/1/641 1270/1/641
f 1276/1/642 1275/1/642 1269/1/642
f 1277/1/643 1276/1/643 1268/1/643
f 1278/1/644 1277/1/644 1267/1/644
f 1279/1/645 1278/1/645 1266/1/645
f 1280/1/646 1279/1/646 1265/1/646
f 1281/1/647 1280/1/647 1264/1/647
f 1282/1/648 1281/1/648 1263/1/648
f 1272/1/649 1282/1/649 1262/1/649
f 1291/1/1 1292/1/1 1293/1/1
f 1293/1/1 1294/1/1 1295/1/1
f 1295/1/1 1296/1/1 1297/1/1
f 1297/1/1 1298/1/1 1291/1/1
f 1291/1/1 1293/1/1 1295/1/1
f 1292/1/650 1291/1/650 1283/1/650
f 1293/1/651 1292/1/651 1290/1/651
f 1294/1/652 1293/1/652 1289/1/652
f 1295/1/653 1294/1/653 1288/1/653
f 1296/1/654 1295/1/654 1287/1/654
f 1297/1/655 1296/1/655 1286/1/655
f 1298/1/500 1297/1/500 1285/1/500
f 1291/1/656 1298/1/656 1284/1/656
f 1303/1/1 1304/1/1 1305/1/1
f 1304/1/657 1303/1/657 1299/1/657
f 1305/1/658 1304/1/658 1302/1/658
f 1306/1/659 1305/1/659 1301/1/659
f 1303/1/660 1306/1/660 1300/1/660
f 1320/1/1 1314/1/1 1315/1/1
f 1316/1/1 1317/1/1 1318/1/1
f 1320/1/1 1315/1/1 1316/1/1
f 1318/1/1 1319/1/1 1320/1/1
f 1315/1/661 1314/1/661 1307/1/661
f 1316/1/662 1315/1/662 1313/1/662
f 1317/1/663 1316/1/663 1312/1/663
f 1318/1/664 1317/1/664 1311/1/664
f 1319/1/665 1318/1/665 1310/1/665
f 1320/1/666 1319/1/666 1309/1/666
f 1314/1/667 1320/1/667 1308/1/667
f 1325/1/1 1326/1/1 1327/1/1
f 1326/1/668 1325/1/668 1321/1/668
f 1327/1/669 1326/1/669 1324/1/669
f 1328/1/670 1327/1/670 1323/1/670
f 1325/1/671 1328/1/671 1322/1/671
f 1333/1/1 1334/1/1 1335/1/1
f 1334/1/672 1333/1/672 1329/1/672
f 1335/1/673 1334/1/673 1332/1/673
f 1336/1/674 1335/1/674 1331/1/674
f 1333/1/675 1336/1/675 1330/1/675
f 1341/1/1 1342/1/1 1343/1/1
f 1342/1/676 1341/1/676 1337/1/676
f 1343/1/677 1342/1/677 1340/1/677
f 1344/1/678 1343/1/678 1339/1/678
f 1341/1/679 1344/1/679 1338/1/679
f 1350/1/1 1351/1/1 1352/1/1
f 1350/1/680 1349/1/680 1345/1/680
f 1351/1/681 1350/1/681 1348/1/681
f 1352/1/682 1351/1/682 1347/1/682
f 1349/1/683 1352/1/683 1346/1/683
f 1364/1/1 1359/1/1 1360/1/1
f 1360/1/1 1361/1/1 1362/1/1
f 1363/1/1 1364/1/1 1360/1/1
f 1360/1/684 1359/1/684 1353/1/684
f 1361/1/685 1360/1/685 1354/1/685
f 1362/1/686 1361/1/686 1355/1/686
f 1363/1/687 1362/1/687 1356/1/687
f 1364/1/688 1363/1/688 1357/1/688
f 1359/1/687 1364/1/687 1358/1/687
f 1370/1/1 1371/1/1 1372/1/1
f 1370/1/689 1369/1/689 1365/1/689
f 1371/1/690 1370/1/690 1368/1/690
f 1372/1/691 1371/1/691 1367/1/691
f 1369/1/692 1372/1/692 1366/1/692
f 1378/1/1 1379/1/1 1380/1/1
f 1378/1/693 1377/1/693 1373/1/693
f 1379/1/694 1378/1/694 1376/1/694
f 1380/1/695 1379/1/695 1375/1/695
f 1377/1/69 1380/1/69 1374/1/69
f 1400/1/1 1391/1/1 1392/1/1
f 1393/1/1 1394/1/1 1395/1/1
f 1399/1/1 1400/1/1 1392/1/1
f 1393/1/1 1395/1/1 1396/1/1
f 1399/1/1 1392/1/1 1393/1/1
f 1397/1/1 1398/1/1 1399/1/1
f 1393/1/1 1396/1/1 1397/1/1
f 1392/1/696 1391/1/696 1381/1/696
f 1393/1/697 1392/1/697 1390/1/697
f 1394/1/698 1393/1/698 1389/1/698
f 1395/1/699 1394/1/699 1388/1/699
f 1396/1/700 1395/1/700 1387/1/700
f 1397/1/701 1396/1/701 1386/1/701
f 1398/1/702 1397/1/702 1385/1/702
f 1399/1/703 1398/1/703 1384/1/703
f 1400/1/704 1399/1/704 1383/1/704
f 1391/1/705 1400/1/2434 1382/1/705
f 1405/1/1 1406/1/1 1407/1/1
f 1406/1/706 1405/1/706 1401/1/706
f 1407/1/707 1406/1/707 1404/1/707
f 1408/1/708 1407/1/708 1403/1/708
f 1405/1/709 1408/1/709 1402/1/709
f 1414/1/1 1415/1/1 1416/1/1
f 1414/1/710 1413/1/710 1409/1/710
f 1415/1/711 1414/1/711 1412/1/711
f 1416/1/712 1415/1/712 1411/1/712
f 1413/1/713 1416/1/713 1410/1/713
f 1422/1/1 1423/1/1 1424/1/1
f 1422/1/714 1421/1/714 1417/1/714
f 1423/1/715 1422/1/715 1420/1/715
f 1424/1/716 1423/1/716 1419/1/716
f 1421/1/717 1424/1/717 1418/1/717
f 1429/1/1 1430/1/1 1431/1/1
f 1430/1/718 1429/1/718 1425/1/718
f 1431/1/719 1430/1/719 1426/1/719
f 1432/1/720 1431/1/720 1427/1/720
f 1429/1/721 1432/1/721 1428/1/721
f 1437/1/1 1438/1/1 1439/1/1
f 1438/1/722 1437/1/722 1433/1/722
f 1439/1/723 1438/1/723 1436/1/723
f 1440/1/724 1439/1/3701 1435/1/724
f 1437/1/725 1440/1/725 1434/1/725
f 1446/1/1 1447/1/1 1448/1/1
f 1446/1/726 1445/1/726 1441/1/726
f 1447/1/727 1446/1/727 1444/1/727
f 1448/1/728 1447/1/728 1443/1/728
f 1445/1/729 1448/1/729 1442/1/729
f 1462/1/1 1456/1/1 1457/1/1
f 1458/1/1 1459/1/1 1460/1/1
f 1462/1/1 1457/1/1 1458/1/1
f 1458/1/1 1460/1/1 1461/1/1
f 1457/1/730 1456/1/730 1449/1/730
f 1458/1/731 1457/1/731 1455/1/731
f 1459/1/732 1458/1/732 1454/1/732
f 1460/1/733 1459/1/733 1453/1/733
f 1461/1/734 1460/1/734 1452/1/734
f 1462/1/735 1461/1/735 1451/1/735
f 1456/1/736 1462/1/736 1450/1/736
f 1467/1/1 1468/1/1 1469/1/1
f 1468/1/737 1467/1/737 1463/1/737
f 1469/1/738 1468/1/738 1466/1/738
f 1470/1/739 1469/1/739 1465/1/739
f 1467/1/740 1470/1/740 1464/1/740
f 1476/1/1 1477/1/1 1478/1/1
f 1476/1/741 1475/1/741 1471/1/741
f 1477/1/742 1476/1/742 1472/1/742
f 1478/1/743 1477/1/743 1473/1/743
f 1475/1/744 1478/1/744 1474/1/744
f 1484/1/1 1485/1/1 1486/1/1
f 1484/1/745 1483/1/745 1479/1/745
f 1485/1/746 1484/1/746 1482/1/746
f 1486/1/747 1485/1/747 1481/1/747
f 1483/1/748 1486/1/748 1480/1/748
f 1491/1/1 1492/1/1 1493/1/1
f 1492/1/749 1491/1/749 1487/1/749
f 1493/1/750 1492/1/750 1490/1/750
f 1494/1/751 1493/1/751 1489/1/751
f 1491/1/752 1494/1/752 1488/1/752
f 1499/1/1 1500/1/1 1501/1/1
f 1500/1/753 1499/1/753 1495/1/753
f 1501/1/754 1500/1/754 1496/1/754
f 1502/1/755 1501/1/755 1497/1/755
f 1499/1/756 1502/1/756 1498/1/756
f 1526/1/1 1515/1/1 1516/1/1
f 1516/1/1 1517/1/1 1518/1/1
f 1519/1/1 1520/1/1 1521/1/1
f 1516/1/1 1518/1/1 1519/1/1
f 1525/1/1 1526/1/1 1516/1/1
f 1523/1/1 1524/1/1 1525/1/1
f 1519/1/1 1521/1/1 1522/1/1
f 1522/1/1 1523/1/1 1525/1/1
f 1525/1/1 1516/1/1 1519/1/1
f 1516/1/757 1515/1/757 1503/1/757
f 1517/1/758 1516/1/758 1514/1/758
f 1518/1/759 1517/1/759 1513/1/759
f 1519/1/760 1518/1/760 1512/1/760
f 1520/1/761 1519/1/761 1511/1/761
f 1521/1/762 1520/1/762 1510/1/762
f 1522/1/763 1521/1/763 1509/1/763
f 1523/1/764 1522/1/3702 1508/1/764
f 1524/1/765 1523/1/765 1507/1/765
f 1525/1/766 1524/1/766 1506/1/767
f 1526/1/768 1525/1/768 1505/1/768
f 1515/1/769 1526/1/769 1504/1/769
f 1531/1/1 1532/1/1 1533/1/1
f 1532/1/770 1531/1/770 1527/1/770
f 1533/1/771 1532/1/771 1530/1/771
f 1534/1/772 1533/1/772 1529/1/772
f 1531/1/773 1534/1/773 1528/1/773
f 1539/1/1 1540/1/1 1541/1/1
f 1540/1/774 1539/1/774 1535/1/774
f 1541/1/775 1540/1/775 1536/1/775
f 1542/1/776 1541/1/776 1537/1/776
f 1539/1/777 1542/1/777 1538/1/777
f 1548/1/1 1549/1/1 1550/1/1
f 1548/1/778 1547/1/778 1543/1/778
f 1549/1/779 1548/1/779 1546/1/779
f 1550/1/780 1549/1/780 1545/1/780
f 1547/1/781 1550/1/781 1544/1/781
f 1562/1/1 1557/1/1 1558/1/1
f 1558/1/1 1559/1/1 1560/1/1
f 1561/1/1 1562/1/1 1558/1/1
f 1558/1/782 1557/1/782 1551/1/782
f 1559/1/783 1558/1/783 1556/1/783
f 1560/1/784 1559/1/784 1555/1/784
f 1561/1/785 1560/1/785 1554/1/785
f 1562/1/786 1561/1/786 1553/1/786
f 1557/1/787 1562/1/787 1552/1/787
f 1568/1/1 1569/1/1 1570/1/1
f 1568/1/788 1567/1/788 1563/1/788
f 1569/1/789 1568/1/789 1566/1/789
f 1570/1/790 1569/1/790 1565/1/790
f 1567/1/791 1570/1/791 1564/1/791
f 1576/1/1 1577/1/1 1578/1/1
f 1576/1/792 1575/1/792 1571/1/792
f 1577/1/793 1576/1/793 1572/1/793
f 1578/1/794 1577/1/794 1573/1/794
f 1575/1/795 1578/1/795 1574/1/795
f 1584/1/1 1585/1/1 1586/1/1
f 1584/1/796 1583/1/796 1579/1/796
f 1585/1/797 1584/1/797 1580/1/797
f 1586/1/798 1585/1/798 1581/1/798
f 1583/1/799 1586/1/799 1582/1/799
f 1592/1/1 1593/1/1 1594/1/1
f 1592/1/800 1591/1/800 1587/1/800
f 1593/1/801 1592/1/801 1588/1/801
f 1594/1/802 1593/1/802 1589/1/802
f 1591/1/803 1594/1/803 1590/1/803
f 1599/1/1 1600/1/1 1601/1/1
f 1600/1/804 1599/1/804 1595/1/804
f 1601/1/805 1600/1/805 1596/1/805
f 1602/1/806 1601/1/806 1597/1/806
f 1599/1/807 1602/1/807 1598/1/807
f 1607/1/1 1608/1/1 1609/1/1
f 1608/1/809 1607/1/809 1603/1/809
f 1609/1/810 1608/1/810 1604/1/810
f 1610/1/811 1609/1/811 1605/1/811
f 1607/1/812 1610/1/812 1606/1/812
f 1615/1/1 1616/1/1 1617/1/1
f 1616/1/813 1615/1/813 1611/1/814
f 1617/1/815 1616/1/815 1612/1/815
f 1618/1/816 1617/1/816 1613/1/816
f 1615/1/817 1618/1/817 1614/1/817
f 1630/1/1 1625/1/1 1626/1/1
f 1627/1/1 1628/1/1 1629/1/1
f 1630/1/1 1626/1/1 1627/1/1
f 1626/1/818 1625/1/818 1619/1/818
f 1627/1/819 1626/1/819 1620/1/819
f 1628/1/820 1627/1/820 1621/1/820
f 1629/1/821 1628/1/821 1622/1/821
f 1630/1/822 1629/1/822 1623/1/822
f 1625/1/823 1630/1/823 1624/1/823
f 1636/1/1 1637/1/1 1638/1/1
f 1636/1/824 1635/1/824 1631/1/824
f 1637/1/825 1636/1/825 1632/1/825
f 1638/1/826 1637/1/826 1633/1/826
f 1635/1/827 1638/1/827 1634/1/827
f 1664/1/1 1652/1/1 1653/1/1
f 1653/1/1 1654/1/1 1655/1/1
f 1656/1/1 1657/1/1 1658/1/1
f 1653/1/1 1655/1/1 1656/1/1
f 1663/1/1 1664/1/1 1653/1/1
f 1661/1/1 1662/1/1 1663/1/1
f 1658/1/1 1659/1/1 1660/1/1
f 1660/1/1 1661/1/1 1663/1/1
f 1663/1/1 1653/1/1 1656/1/1
f 1656/1/1 1658/1/1 1660/1/1
f 1653/1/828 1652/1/828 1639/1/828
f 1654/1/829 1653/1/829 1640/1/829
f 1655/1/830 1654/1/830 1641/1/830
f 1656/1/831 1655/1/831 1642/1/831
f 1657/1/832 1656/1/832 1643/1/832
f 1658/1/833 1657/1/833 1644/1/833
f 1659/1/834 1658/1/834 1645/1/834
f 1660/1/835 1659/1/835 1646/1/835
f 1661/1/836 1660/1/836 1647/1/836
f 1662/1/837 1661/1/837 1648/1/837
f 1663/1/838 1662/1/838 1649/1/838
f 1664/1/839 1663/1/839 1650/1/839
f 1652/1/840 1664/1/840 1651/1/840
f 1678/1/1 1672/1/1 1673/1/1
f 1674/1/1 1675/1/1 1676/1/1
f 1678/1/1 1673/1/1 1674/1/1
f 1676/1/1 1677/1/1 1678/1/1
f 1673/1/841 1672/1/841 1665/1/841
f 1674/1/842 1673/1/842 1666/1/842
f 1675/1/843 1674/1/843 1667/1/843
f 1676/1/219 1675/1/219 1668/1/219
f 1677/1/844 1676/1/844 1669/1/844
f 1678/1/845 1677/1/845 1670/1/845
f 1672/1/846 1678/1/846 1671/1/846
f 1690/1/1 1685/1/1 1686/1/1
f 1686/1/1 1687/1/1 1688/1/1
f 1688/1/1 1689/1/1 1690/1/1
f 1686/1/847 1685/1/847 1679/1/847
f 1687/1/848 1686/1/848 1680/1/848
f 1688/1/849 1687/1/849 1681/1/849
f 1689/1/850 1688/1/850 1682/1/850
f 1690/1/851 1689/1/851 1683/1/851
f 1685/1/852 1690/1/852 1684/1/852
f 1696/1/1 1697/1/1 1698/1/1
f 1696/1/853 1695/1/853 1691/1/853
f 1697/1/854 1696/1/854 1692/1/854
f 1698/1/855 1697/1/855 1693/1/855
f 1695/1/856 1698/1/856 1694/1/856
f 1703/1/1 1704/1/1 1705/1/1
f 1704/1/857 1703/1/857 1699/1/857
f 1705/1/858 1704/1/858 1700/1/858
f 1706/1/859 1705/1/859 1701/1/859
f 1703/1/860 1706/1/860 1702/1/860
f 1712/1/1 1713/1/1 1714/1/1
f 1712/1/85 1711/1/85 1707/1/85
f 1713/1/89 1712/1/89 1708/1/89
f 1714/1/861 1713/1/861 1709/1/861
f 1711/1/862 1714/1/862 1710/1/862
f 1726/1/1 1721/1/1 1722/1/1
f 1723/1/1 1724/1/1 1725/1/1
f 1726/1/1 1722/1/1 1723/1/1
f 1722/1/863 1721/1/863 1715/1/863
f 1723/1/864 1722/1/864 1716/1/864
f 1724/1/865 1723/1/865 1717/1/865
f 1725/1/866 1724/1/866 1718/1/866
f 1726/1/867 1725/1/867 1719/1/867
f 1721/1/868 1726/1/868 1720/1/868
f 1731/1/1 1732/1/1 1733/1/1
f 1732/1/869 1731/1/869 1727/1/869
f 1733/1/870 1732/1/870 1728/1/870
f 1734/1/871 1733/1/871 1729/1/871
f 1731/1/872 1734/1/872 1730/1/872
f 1739/1/1 1740/1/1 1741/1/1
f 1740/1/873 1739/1/873 1735/1/873
f 1741/1/874 1740/1/874 1736/1/874
f 1742/1/875 1741/1/875 1737/1/875
f 1739/1/876 1742/1/876 1738/1/876
f 1752/1/1 1748/1/1 1749/1/1
f 1749/1/1 1750/1/1 1751/1/1
f 1749/1/877 1748/1/877 1743/1/877
f 1750/1/878 1749/1/878 1744/1/878
f 1751/1/879 1750/1/879 1745/1/879
f 1752/1/880 1751/1/880 1746/1/880
f 1748/1/881 1752/1/881 1747/1/881
f 1762/1/1 1758/1/1 1759/1/1
f 1759/1/1 1760/1/1 1761/1/1
f 1759/1/882 1758/1/882 1753/1/882
f 1760/1/883 1759/1/883 1754/1/883
f 1761/1/884 1760/1/884 1755/1/884
f 1762/1/885 1761/1/885 1756/1/885
f 1758/1/886 1762/1/886 1757/1/886
f 1769/1/1 1770/1/1 1771/1/1
f 1772/1/1 1773/1/1 1774/1/1
f 1769/1/1 1771/1/1 1772/1/1
f 1770/1/887 1769/1/887 1763/1/887
f 1771/1/888 1770/1/888 1764/1/888
f 1772/1/889 1771/1/889 1765/1/889
f 1773/1/890 1772/1/890 1766/1/891
f 1774/1/892 1773/1/892 1767/1/892
f 1769/1/893 1774/1/893 1768/1/893
f 1790/1/1 1783/1/1 1784/1/1
f 1785/1/1 1786/1/1 1787/1/1
f 1790/1/1 1784/1/1 1785/1/1
f 1788/1/1 1789/1/1 1790/1/1
f 1785/1/1 1787/1/1 1788/1/1
f 1784/1/894 1783/1/894 1775/1/894
f 1785/1/895 1784/1/895 1776/1/895
f 1786/1/896 1785/1/896 1777/1/896
f 1787/1/303 1786/1/303 1778/1/303
f 1788/1/897 1787/1/897 1779/1/897
f 1789/1/131 1788/1/131 1780/1/131
f 1790/1/898 1789/1/898 1781/1/898
f 1783/1/899 1790/1/899 1782/1/899
f 1796/1/1 1797/1/1 1798/1/1
f 1796/1/900 1795/1/900 1791/1/900
f 1797/1/901 1796/1/901 1792/1/901
f 1798/1/902 1797/1/902 1793/1/902
f 1795/1/903 1798/1/903 1794/1/903
f 1810/1/1 1805/1/1 1806/1/1
f 1806/1/1 1807/1/1 1808/1/1
f 1808/1/1 1809/1/1 1810/1/1
f 1806/1/904 1805/1/904 1799/1/904
f 1807/1/905 1806/1/905 1800/1/905
f 1808/1/906 1807/1/906 1801/1/906
f 1809/1/907 1808/1/907 1802/1/907
f 1810/1/908 1809/1/908 1803/1/908
f 1805/1/905 1810/1/905 1804/1/905
f 1815/1/1 1816/1/1 1817/1/1
f 1816/1/909 1815/1/909 1811/1/909
f 1817/1/910 1816/1/910 1812/1/910
f 1818/1/911 1817/1/911 1813/1/911
f 1815/1/912 1818/1/912 1814/1/912
f 1829/1/1 1830/1/1 1831/1/1
f 1829/1/1 1831/1/1 1832/1/1
f 1837/1/1 1838/1/1 1829/1/1
f 1834/1/1 1835/1/1 1836/1/1
f 1833/1/1 1834/1/1 1836/1/1
f 1836/1/1 1837/1/1 1829/1/1
f 1832/1/1 1833/1/1 1836/1/1
f 1830/1/913 1829/1/913 1819/1/913
f 1831/1/915 1830/1/915 1828/1/915
f 1832/1/916 1831/1/916 1827/1/916
f 1833/1/917 1832/1/917 1826/1/917
f 1834/1/918 1833/1/918 1825/1/918
f 1835/1/919 1834/1/919 1824/1/919
f 1836/1/920 1835/1/920 1823/1/920
f 1837/1/921 1836/1/921 1822/1/921
f 1838/1/922 1837/1/922 1821/1/922
f 1829/1/923 1838/1/923 1820/1/923
f 1858/1/1 1849/1/1 1850/1/1
f 1850/1/1 1851/1/1 1852/1/1
f 1853/1/1 1854/1/1 1855/1/1
f 1850/1/1 1852/1/1 1853/1/1
f 1857/1/1 1858/1/1 1850/1/1
f 1855/1/1 1856/1/1 1857/1/1
f 1850/1/1 1853/1/1 1855/1/1
f 1850/1/924 1849/1/924 1839/1/924
f 1851/1/925 1850/1/925 1848/1/925
f 1852/1/926 1851/1/926 1847/1/926
f 1853/1/927 1852/1/927 1846/1/927
f 1854/1/928 1853/1/928 1845/1/928
f 1855/1/929 1854/1/929 1844/1/929
f 1856/1/930 1855/1/930 1843/1/930
f 1857/1/931 1856/1/931 1842/1/931
f 1858/1/932 1857/1/932 1841/1/932
f 1849/1/933 1858/1/933 1840/1/933
f 1872/1/1 1873/1/1 1874/1/1
f 1874/1/1 1875/1/1 1876/1/1
f 1876/1/1 1877/1/1 1878/1/1
f 1876/1/1 1878/1/1 1879/1/1
f 1872/1/1 1874/1/1 1876/1/1
f 1881/1/1 1882/1/1 1871/1/1
f 1880/1/1 1881/1/1 1871/1/1
f 1871/1/1 1872/1/1 1876/1/1
f 1879/1/1 1880/1/1 1871/1/1
f 1872/1/934 1871/1/934 1859/1/934
f 1873/1/935 1872/1/935 1870/1/936
f 1874/1/937 1873/1/937 1869/1/937
f 1875/1/938 1874/1/938 1868/1/938
f 1876/1/939 1875/1/939 1867/1/939
f 1877/1/940 1876/1/940 1866/1/940
f 1878/1/941 1877/1/941 1865/1/941
f 1879/1/942 1878/1/942 1864/1/942
f 1880/1/943 1879/1/943 1863/1/943
f 1881/1/944 1880/1/944 1862/1/944
f 1882/1/945 1881/1/945 1861/1/945
f 1871/1/946 1882/1/946 1860/1/946
f 1908/1/1 1896/1/1 1897/1/1
f 1908/1/1 1897/1/1 1898/1/1
f 1906/1/1 1907/1/1 1908/1/1
f 1906/1/1 1908/1/1 1898/1/1
f 1900/1/1 1901/1/1 1902/1/1
f 1900/1/1 1902/1/1 1903/1/1
f 1906/1/1 1898/1/1 1899/1/1
f 1905/1/1 1906/1/1 1899/1/1
f 1899/1/1 1900/1/1 1903/1/1
f 1904/1/1 1905/1/1 1899/1/1
f 1897/1/947 1896/1/947 1883/1/947
f 1898/1/948 1897/1/948 1895/1/948
f 1899/1/949 1898/1/949 1894/1/949
f 1900/1/950 1899/1/950 1893/1/950
f 1901/1/951 1900/1/951 1892/1/951
f 1902/1/952 1901/1/952 1891/1/952
f 1903/1/953 1902/1/953 1890/1/953
f 1904/1/954 1903/1/954 1889/1/954
f 1905/1/955 1904/1/955 1888/1/955
f 1906/1/956 1905/1/956 1887/1/956
f 1907/1/957 1906/1/957 1886/1/957
f 1908/1/958 1907/1/958 1885/1/958
f 1896/1/959 1908/1/959 1884/1/959
f 1946/1/1 1947/1/1 1948/1/1
f 1949/1/1 1950/1/1 1951/1/1
f 1946/1/1 1948/1/1 1949/1/1
f 1979/1/1 1980/1/1 1945/1/1
f 1945/1/1 1946/1/1 1949/1/1
f 1949/1/1 1951/1/1 1952/1/1
f 1952/1/1 1953/1/1 1954/1/1
f 1952/1/1 1954/1/1 1955/1/1
f 1945/1/1 1949/1/1 1952/1/1
f 1978/1/1 1979/1/1 1945/1/1
f 1975/1/1 1976/1/1 1977/1/1
f 1978/1/1 1945/1/1 1952/1/1
f 1952/1/1 1955/1/1 1956/1/1
f 1956/1/1 1957/1/1 1958/1/1
f 1956/1/1 1958/1/1 1959/1/1
f 1978/1/1 1952/1/1 1956/1/1
f 1974/1/1 1975/1/1 1977/1/1
f 1960/1/1 1961/1/1 1962/1/1
f 1962/1/1 1963/1/1 1964/1/1
f 1964/1/1 1965/1/1 1966/1/1
f 1964/1/1 1966/1/1 1967/1/1
f 1960/1/1 1962/1/1 1964/1/1
f 1974/1/1 1977/1/1 1978/1/1
f 1971/1/1 1972/1/1 1973/1/1
f 1973/1/1 1974/1/1 1978/1/1
f 1960/1/1 1964/1/1 1967/1/1
f 1960/1/1 1967/1/1 1968/1/3703
f 1970/1/1 1971/1/1 1973/1/1
f 1969/1/1 1970/1/1 1973/1/1
f 1959/1/1 1960/1/1 1968/1/3703
f 1969/1/1 1973/1/1 1978/1/1
f 1959/1/1 1968/1/3703 1969/1/1
f 1969/1/1 1978/1/1 1956/1/1
f 1946/1/960 1945/1/960 1909/1/960
f 1947/1/961 1946/1/961 1944/1/961
f 1948/1/962 1947/1/962 1943/1/962
f 1949/1/963 1948/1/963 1942/1/963
f 1950/1/964 1949/1/964 1941/1/964
f 1951/1/965 1950/1/965 1940/1/965
f 1952/1/966 1951/1/966 1939/1/966
f 1953/1/967 1952/1/967 1938/1/967
f 1954/1/968 1953/1/968 1937/1/968
f 1955/1/969 1954/1/969 1936/1/969
f 1956/1/970 1955/1/970 1935/1/970
f 1957/1/971 1956/1/971 1934/1/971
f 1958/1/972 1957/1/972 1933/1/972
f 1959/1/973 1958/1/973 1932/1/973
f 1960/1/974 1959/1/974 1931/1/974
f 1961/1/975 1960/1/975 1930/1/975
f 1962/1/976 1961/1/976 1929/1/976
f 1963/1/977 1962/1/977 1928/1/977
f 1964/1/687 1963/1/687 1927/1/687
f 1965/1/978 1964/1/978 1926/1/978
f 1966/1/979 1965/1/979 1925/1/979
f 1967/1/980 1966/1/980 1924/1/980
f 1968/1/981 1967/1/981 1923/1/981
f 1969/1/982 1968/1/982 1922/1/982
f 1970/1/983 1969/1/983 1921/1/983
f 1971/1/984 1970/1/984 1920/1/984
f 1972/1/985 1971/1/985 1919/1/985
f 1973/1/986 1972/1/986 1918/1/986
f 1974/1/987 1973/1/987 1917/1/987
f 1975/1/988 1974/1/988 1916/1/988
f 1976/1/989 1975/1/989 1915/1/989
f 1977/1/990 1976/1/990 1914/1/990
f 1978/1/991 1977/1/991 1913/1/991
f 1979/1/992 1978/1/992 1912/1/992
f 1980/1/993 1979/1/993 1911/1/993
f 1945/1/971 1980/1/971 1910/1/971
f 1985/1/1 1986/1/1 1987/1/1
f 1986/1/994 1985/1/994 1981/1/994
f 1987/1/995 1986/1/995 1984/1/995
f 1988/1/996 1987/1/996 1983/1/996
f 1985/1/997 1988/1/997 1982/1/997
f 1993/1/1 1994/1/1 1995/1/1
f 1994/1/998 1993/1/998 1989/1/998
f 1995/1/271 1994/1/271 1992/1/271
f 1996/1/999 1995/1/999 1991/1/999
f 1993/1/1000 1996/1/1000 1990/1/1000
f 2002/1/1 2003/1/1 2004/1/1
f 2002/1/1001 2001/1/1001 1997/1/1001
f 2003/1/1002 2002/1/1002 2000/1/1002
f 2004/1/1003 2003/1/1003 1999/1/1003
f 2001/1/957 2004/1/957 1998/1/957
f 2009/1/1 2010/1/1 2011/1/1
f 2010/1/1004 2009/1/1004 2005/1/1004
f 2011/1/1005 2010/1/1005 2008/1/1005
f 2012/1/1006 2011/1/1006 2007/1/1006
f 2009/1/1007 2012/1/1007 2006/1/1007
f 2018/1/1 2019/1/1 2020/1/1
f 2018/1/1008 2017/1/1008 2013/1/1008
f 2019/1/1009 2018/1/1009 2016/1/1009
f 2020/1/1010 2019/1/1010 2015/1/1010
f 2017/1/1011 2020/1/1011 2014/1/1011
f 2025/1/1 2026/1/1 2027/1/1
f 2026/1/1012 2025/1/1012 2021/1/1012
f 2027/1/1013 2026/1/1013 2024/1/1013
f 2028/1/1014 2027/1/1014 2023/1/1014
f 2025/1/1015 2028/1/1015 2022/1/1015
f 2034/1/1 2035/1/1 2036/1/1
f 2034/1/737 2033/1/737 2029/1/737
f 2035/1/1016 2034/1/1016 2032/1/1016
f 2036/1/1017 2035/1/1017 2031/1/1017
f 2033/1/1018 2036/1/1018 2030/1/1018
f 2041/1/1 2042/1/1 2043/1/1
f 2042/1/1019 2041/1/1019 2037/1/1019
f 2043/1/1020 2042/1/1020 2040/1/1020
f 2044/1/1021 2043/1/1021 2039/1/1021
f 2041/1/1022 2044/1/1022 2038/1/1022
f 2050/1/1 2051/1/1 2052/1/1
f 2050/1/126 2049/1/126 2045/1/126
f 2051/1/1023 2050/1/1023 2048/1/1023
f 2052/1/1024 2051/1/1024 2047/1/1024
f 2049/1/1025 2052/1/1025 2046/1/1025
f 2058/1/1 2059/1/1 2060/1/1
f 2058/1/1026 2057/1/1026 2053/1/1026
f 2059/1/1027 2058/1/1027 2056/1/1027
f 2060/1/1028 2059/1/1028 2055/1/1028
f 2057/1/1029 2060/1/1029 2054/1/1029
f 2066/1/1 2067/1/1 2068/1/1
f 2066/1/1030 2065/1/1030 2061/1/1030
f 2067/1/1031 2066/1/1031 2064/1/1031
f 2068/1/462 2067/1/462 2063/1/462
f 2065/1/1032 2068/1/1032 2062/1/1032
f 2073/1/1 2074/1/1 2075/1/1
f 2074/1/1033 2073/1/1033 2069/1/1033
f 2075/1/1034 2074/1/1034 2072/1/1034
f 2076/1/1035 2075/1/1035 2071/1/1035
f 2073/1/1036 2076/1/1036 2070/1/1036
f 2082/1/1 2083/1/1 2084/1/1
f 2082/1/1037 2081/1/1037 2077/1/1037
f 2083/1/1038 2082/1/1038 2080/1/1038
f 2084/1/1039 2083/1/1039 2079/1/1039
f 2081/1/1040 2084/1/1040 2078/1/1040
f 2090/1/1 2091/1/1 2092/1/1
f 2090/1/1041 2089/1/1041 2085/1/1042
f 2091/1/1043 2090/1/1043 2088/1/1043
f 2092/1/1044 2091/1/1044 2087/1/1045
f 2089/1/1046 2092/1/1046 2086/1/1046
f 2098/1/1 2099/1/1 2100/1/1
f 2098/1/1047 2097/1/1047 2093/1/1047
f 2099/1/1048 2098/1/1048 2096/1/1048
f 2100/1/1049 2099/1/1049 2095/1/1049
f 2097/1/1050 2100/1/1050 2094/1/1050
f 2105/1/1 2106/1/1 2107/1/1
f 2106/1/1051 2105/1/1051 2101/1/1051
f 2107/1/1052 2106/1/1052 2104/1/1053
f 2108/1/1054 2107/1/1054 2103/1/1054
f 2105/1/1055 2108/1/1055 2102/1/1055
f 2114/1/1 2115/1/1 2116/1/1
f 2114/1/1056 2113/1/1056 2109/1/1056
f 2115/1/1057 2114/1/1057 2112/1/1057
f 2116/1/1058 2115/1/1058 2111/1/1058
f 2113/1/1059 2116/1/1059 2110/1/1059
f 2121/1/1 2122/1/1 2123/1/1
f 2122/1/1060 2121/1/1060 2117/1/1060
f 2123/1/1061 2122/1/1061 2120/1/1061
f 2124/1/1062 2123/1/1062 2119/1/1062
f 2121/1/1063 2124/1/1063 2118/1/1063
f 2129/1/1 2130/1/1 2131/1/1
f 2130/1/464 2129/1/464 2125/1/464
f 2131/1/1064 2130/1/1064 2128/1/1064
f 2132/1/1065 2131/1/1065 2127/1/1065
f 2129/1/1066 2132/1/1066 2126/1/1066
f 2137/1/1 2138/1/1 2139/1/1
f 2138/1/1067 2137/1/1067 2133/1/1067
f 2139/1/1068 2138/1/1068 2136/1/1068
f 2140/1/1069 2139/1/1069 2135/1/1069
f 2137/1/1070 2140/1/1070 2134/1/1070
f 2146/1/1 2147/1/1 2148/1/1
f 2146/1/1071 2145/1/1071 2141/1/1071
f 2147/1/1072 2146/1/1072 2144/1/1072
f 2148/1/1073 2147/1/1073 2143/1/1073
f 2145/1/1074 2148/1/1074 2142/1/1074
f 2154/1/1 2155/1/1 2156/1/1
f 2154/1/1075 2153/1/1075 2149/1/1075
f 2155/1/1076 2154/1/1076 2152/1/1076
f 2156/1/1077 2155/1/1077 2151/1/1077
f 2153/1/1078 2156/1/1078 2150/1/1078
f 2161/1/1 2162/1/1 2163/1/1
f 2162/1/1079 2161/1/1079 2157/1/1079
f 2163/1/1080 2162/1/1080 2160/1/1080
f 2164/1/473 2163/1/473 2159/1/473
f 2161/1/474 2164/1/474 2158/1/474
f 2170/1/1 2171/1/1 2172/1/1
f 2170/1/1081 2169/1/1081 2165/1/1081
f 2171/1/1082 2170/1/1082 2168/1/1082
f 2172/1/1083 2171/1/1083 2167/1/1083
f 2169/1/1084 2172/1/1084 2166/1/1084
f 2178/1/1 2179/1/1 2180/1/1
f 2178/1/1085 2177/1/1085 2173/1/1085
f 2179/1/1086 2178/1/1086 2176/1/1086
f 2180/1/1087 2179/1/1087 2175/1/1087
f 2177/1/1088 2180/1/1088 2174/1/1088
f 2185/1/1 2186/1/1 2187/1/1
f 2186/1/1089 2185/1/1089 2181/1/1089
f 2187/1/1090 2186/1/1090 2184/1/1090
f 2188/1/1091 2187/1/1091 2183/1/1091
f 2185/1/1092 2188/1/3704 2182/1/1092
f 2194/1/1 2195/1/1 2196/1/1
f 2194/1/1093 2193/1/1093 2189/1/1093
f 2195/1/1094 2194/1/1094 2192/1/1094
f 2196/1/1095 2195/1/1095 2191/1/1095
f 2193/1/1096 2196/1/1096 2190/1/1096
f 2202/1/1 2203/1/1 2204/1/1
f 2202/1/1097 2201/1/1097 2197/1/1097
f 2203/1/1098 2202/1/1098 2200/1/1098
f 2204/1/1099 2203/1/1099 2199/1/1099
f 2201/1/1100 2204/1/1100 2198/1/1100
f 2210/1/1 2211/1/1 2212/1/1
f 2210/1/1101 2209/1/1101 2205/1/1101
f 2211/1/1102 2210/1/1102 2208/1/1102
f 2212/1/1103 2211/1/1103 2207/1/1103
f 2209/1/1104 2212/1/1104 2206/1/1104
f 2218/1/1 2219/1/1 2220/1/1
f 2218/1/1105 2217/1/1105 2213/1/1105
f 2219/1/1106 2218/1/1106 2216/1/1106
f 2220/1/1107 2219/1/1107 2215/1/1107
f 2217/1/1108 2220/1/1108 2214/1/1108
f 2225/1/1 2226/1/1 2227/1/1
f 2226/1/1109 2225/1/1109 2221/1/1109
f 2227/1/1110 2226/1/1110 2224/1/1110
f 2228/1/1111 2227/1/1111 2223/1/1111
f 2225/1/1112 2228/1/1112 2222/1/1112
f 2233/1/1 2234/1/1 2235/1/1
f 2234/1/1113 2233/1/1113 2229/1/1113
f 2235/1/1114 2234/1/1114 2232/1/1114
f 2236/1/1115 2235/1/1115 2231/1/1115
f 2233/1/1116 2236/1/1116 2230/1/1116
f 2241/1/1 2242/1/1 2243/1/1
f 2242/1/1117 2241/1/1117 2237/1/1117
f 2243/1/1118 2242/1/1118 2240/1/1118
f 2244/1/1119 2243/1/1119 2239/1/1119
f 2241/1/1120 2244/1/1120 2238/1/1120
f 2250/1/1 2251/1/1 2252/1/1
f 2250/1/1121 2249/1/1121 2245/1/1121
f 2251/1/1122 2250/1/1122 2248/1/1122
f 2252/1/1123 2251/1/1123 2247/1/1123
f 2249/1/1124 2252/1/1124 2246/1/1124
f 2262/1/1 2258/1/1 2259/1/1
f 2259/1/1 2260/1/1 2261/1/1
f 2259/1/282 2258/1/282 2253/1/282
f 2260/1/1125 2259/1/1125 2257/1/1125
f 2261/1/1126 2260/1/1126 2256/1/1126
f 2262/1/1127 2261/1/1127 2255/1/1127
f 2258/1/1128 2262/1/1128 2254/1/1128
f 2267/1/1 2268/1/1 2269/1/1
f 2268/1/1129 2267/1/1129 2263/1/1129
f 2269/1/1130 2268/1/1130 2266/1/1130
f 2270/1/1131 2269/1/1131 2265/1/1131
f 2267/1/1132 2270/1/1132 2264/1/1132
f 2275/1/1 2276/1/1 2277/1/1
f 2276/1/801 2275/1/801 2271/1/801
f 2277/1/1133 2276/1/1133 2274/1/1133
f 2278/1/1134 2277/1/1134 2273/1/1134
f 2275/1/1135 2278/1/1135 2272/1/1135
f 2283/1/1 2284/1/1 2285/1/1
f 2284/1/1136 2283/1/1136 2279/1/1136
f 2285/1/1137 2284/1/1137 2282/1/1137
f 2286/1/1138 2285/1/1138 2281/1/1138
f 2283/1/1139 2286/1/1139 2280/1/1139
f 2291/1/1 2292/1/1 2293/1/1
f 2292/1/1140 2291/1/1140 2287/1/1140
f 2293/1/1141 2292/1/1141 2290/1/1141
f 2294/1/1142 2293/1/1142 2289/1/1142
f 2291/1/1143 2294/1/1143 2288/1/1143
f 2300/1/1 2301/1/1 2302/1/1
f 2300/1/1144 2299/1/1144 2295/1/1144
f 2301/1/1145 2300/1/1145 2298/1/1145
f 2302/1/1146 2301/1/1146 2297/1/1146
f 2299/1/1147 2302/1/1147 2296/1/1147
f 2308/1/1 2309/1/1 2310/1/1
f 2308/1/1148 2307/1/1148 2303/1/1148
f 2309/1/1149 2308/1/1149 2306/1/1149
f 2310/1/1150 2309/1/1150 2305/1/1150
f 2307/1/1151 2310/1/1151 2304/1/1151
f 2320/1/1 2316/1/1 2317/1/1
f 2317/1/1 2318/1/1 2319/1/1
f 2317/1/1152 2316/1/1152 2311/1/1152
f 2318/1/459 2317/1/459 2315/1/459
f 2319/1/1153 2318/1/1153 2314/1/1153
f 2320/1/1154 2319/1/1154 2313/1/1154
f 2316/1/1155 2320/1/1155 2312/1/1155
f 2326/1/1 2327/1/1 2328/1/1
f 2326/1/1156 2325/1/1156 2321/1/1156
f 2327/1/1157 2326/1/1157 2324/1/1157
f 2328/1/1158 2327/1/1158 2323/1/1158
f 2325/1/1159 2328/1/1159 2322/1/1159
f 2333/1/1 2334/1/1 2335/1/1
f 2334/1/1160 2333/1/1160 2329/1/1160
f 2335/1/1161 2334/1/1161 2332/1/1161
f 2336/1/1162 2335/1/1162 2331/1/1162
f 2333/1/1163 2336/1/1163 2330/1/1163
f 2341/1/1 2342/1/1 2343/1/1
f 2342/1/1164 2341/1/1164 2337/1/1164
f 2343/1/1165 2342/1/1165 2340/1/1165
f 2344/1/1166 2343/1/1166 2339/1/1166
f 2341/1/1167 2344/1/1167 2338/1/1167
f 2350/1/1 2351/1/1 2352/1/1
f 2350/1/1168 2349/1/1168 2345/1/1168
f 2351/1/1169 2350/1/1169 2348/1/1169
f 2352/1/492 2351/1/492 2347/1/492
f 2349/1/1170 2352/1/1170 2346/1/1170
f 2357/1/1 2358/1/1 2359/1/1
f 2358/1/176 2357/1/176 2353/1/176
f 2359/1/1171 2358/1/1171 2356/1/1171
f 2360/1/1172 2359/1/1172 2355/1/1172
f 2357/1/1173 2360/1/1173 2354/1/1173
f 2365/1/1 2366/1/1 2367/1/1
f 2366/1/1174 2365/1/1174 2361/1/1174
f 2367/1/1175 2366/1/1175 2364/1/1175
f 2368/1/1176 2367/1/1176 2363/1/1176
f 2365/1/1177 2368/1/1177 2362/1/1177
f 2373/1/1 2374/1/1 2375/1/1
f 2374/1/1178 2373/1/1178 2369/1/1178
f 2375/1/1179 2374/1/1179 2372/1/1179
f 2376/1/1180 2375/1/1180 2371/1/1180
f 2373/1/1181 2376/1/1181 2370/1/1181
f 2386/1/1 2382/1/1 2383/1/1
f 2383/1/1 2384/1/1 2385/1/1
f 2383/1/1048 2382/1/1048 2377/1/1048
f 2384/1/271 2383/1/271 2381/1/271
f 2385/1/1182 2384/1/1182 2380/1/1182
f 2386/1/1183 2385/1/1183 2379/1/1183
f 2382/1/1184 2386/1/1184 2378/1/1184
f 2402/1/1 2395/1/1 2396/1/1
f 2396/1/1 2397/1/1 2398/1/1
f 2398/1/1 2399/1/1 2400/1/1
f 2400/1/1 2401/1/1 2402/1/1
f 2402/1/1 2396/1/1 2398/1/1
f 2396/1/1185 2395/1/1185 2387/1/1185
f 2397/1/1186 2396/1/1186 2394/1/1186
f 2398/1/1187 2397/1/1187 2393/1/1187
f 2399/1/489 2398/1/489 2392/1/489
f 2400/1/1188 2399/1/1188 2391/1/1188
f 2401/1/1189 2400/1/1189 2390/1/1189
f 2402/1/1190 2401/1/1190 2389/1/1190
f 2395/1/1191 2402/1/1191 2388/1/1191
f 2408/1/1 2409/1/1 2410/1/1
f 2408/1/1192 2407/1/1192 2403/1/1192
f 2409/1/1193 2408/1/1193 2406/1/1193
f 2410/1/1194 2409/1/1194 2405/1/1194
f 2407/1/1195 2410/1/1195 2404/1/1195
f 2416/1/1 2417/1/1 2418/1/1
f 2416/1/1196 2415/1/1196 2411/1/1196
f 2417/1/1197 2416/1/1197 2414/1/1197
f 2418/1/1198 2417/1/1198 2413/1/1198
f 2415/1/1199 2418/1/1199 2412/1/1199
f 2423/1/1 2424/1/1 2425/1/1
f 2424/1/1200 2423/1/1200 2419/1/1200
f 2425/1/1201 2424/1/1201 2422/1/1201
f 2426/1/1202 2425/1/1202 2421/1/1202
f 2423/1/1203 2426/1/1203 2420/1/1203
f 2432/1/1 2433/1/1 2434/1/1
f 2432/1/730 2431/1/730 2427/1/730
f 2433/1/378 2432/1/378 2430/1/378
f 2434/1/1204 2433/1/1204 2429/1/1204
f 2431/1/1205 2434/1/1205 2428/1/1205
f 2439/1/1 2440/1/1 2441/1/1
f 2440/1/1206 2439/1/1206 2435/1/1206
f 2441/1/1080 2440/1/1080 2438/1/1080
f 2442/1/1207 2441/1/1207 2437/1/1207
f 2439/1/1208 2442/1/1208 2436/1/1208
f 2447/1/1 2448/1/1 2449/1/1
f 2448/1/1209 2447/1/1209 2443/1/1209
f 2449/1/1211 2448/1/1211 2446/1/1211
f 2450/1/1212 2449/1/1212 2445/1/1212
f 2447/1/1213 2450/1/1213 2444/1/1213
f 2456/1/1 2457/1/1 2458/1/1
f 2456/1/1214 2455/1/1214 2451/1/1214
f 2457/1/1215 2456/1/1215 2454/1/1215
f 2458/1/1216 2457/1/1216 2453/1/1216
f 2455/1/1217 2458/1/1217 2452/1/1217
f 2463/1/1 2464/1/1 2465/1/1
f 2464/1/1218 2463/1/1218 2459/1/1218
f 2465/1/1219 2464/1/1219 2462/1/1219
f 2466/1/1220 2465/1/1220 2461/1/1220
f 2463/1/1221 2466/1/1221 2460/1/1221
f 2472/1/1 2473/1/1 2474/1/1
f 2472/1/1222 2471/1/1222 2467/1/1222
f 2473/1/1223 2472/1/1223 2470/1/1223
f 2474/1/1224 2473/1/1224 2469/1/1224
f 2471/1/1225 2474/1/1225 2468/1/1225
f 2480/1/1 2481/1/1 2482/1/1
f 2480/1/1226 2479/1/1226 2475/1/1226
f 2481/1/1227 2480/1/1227 2478/1/1228
f 2482/1/1229 2481/1/1229 2477/1/1229
f 2479/1/1230 2482/1/3705 2476/1/1230
f 2487/1/1 2488/1/1 2489/1/1
f 2488/1/1231 2487/1/1231 2483/1/1231
f 2489/1/1232 2488/1/1232 2486/1/1232
f 2490/1/1207 2489/1/1207 2485/1/1207
f 2487/1/1233 2490/1/1233 2484/1/1233
f 2496/1/1 2497/1/1 2498/1/1
f 2496/1/1234 2495/1/1234 2491/1/1234
f 2497/1/1235 2496/1/1235 2494/1/1235
f 2498/1/1236 2497/1/1236 2493/1/1236
f 2495/1/1237 2498/1/1237 2492/1/1237
f 2503/1/1 2504/1/1 2505/1/1
f 2504/1/1238 2503/1/1238 2499/1/1238
f 2505/1/1239 2504/1/1239 2502/1/1239
f 2506/1/1035 2505/1/1035 2501/1/1035
f 2503/1/1240 2506/1/1240 2500/1/1240
f 2512/1/1 2513/1/1 2514/1/1
f 2512/1/1241 2511/1/1241 2507/1/1241
f 2513/1/1242 2512/1/1242 2510/1/1242
f 2514/1/58 2513/1/58 2509/1/58
f 2511/1/1243 2514/1/1243 2508/1/1243
f 2520/1/1 2521/1/1 2522/1/1
f 2520/1/1244 2519/1/1244 2515/1/1244
f 2521/1/1245 2520/1/1245 2518/1/1245
f 2522/1/1246 2521/1/1246 2517/1/1246
f 2519/1/1247 2522/1/1247 2516/1/1247
f 2527/1/1 2528/1/1 2529/1/1
f 2528/1/532 2527/1/532 2523/1/532
f 2529/1/1248 2528/1/1248 2526/1/1248
f 2530/1/530 2529/1/530 2525/1/530
f 2527/1/1249 2530/1/1249 2524/1/1249
f 2535/1/1 2536/1/1 2537/1/1
f 2536/1/1250 2535/1/1250 2531/1/1250
f 2537/1/1251 2536/1/1251 2534/1/1251
f 2538/1/1252 2537/1/1252 2533/1/1252
f 2535/1/1253 2538/1/1253 2532/1/1253
f 2544/1/1 2545/1/1 2546/1/1
f 2544/1/1254 2543/1/1254 2539/1/1254
f 2545/1/1255 2544/1/1255 2542/1/1255
f 2546/1/1256 2545/1/1256 2541/1/1256
f 2543/1/1257 2546/1/1257 2540/1/1257
f 2551/1/1 2552/1/1 2553/1/1
f 2552/1/1258 2551/1/1258 2547/1/1258
f 2553/1/1239 2552/1/1239 2550/1/1239
f 2554/1/1259 2553/1/1259 2549/1/1259
f 2551/1/118 2554/1/118 2548/1/118
f 2559/1/1 2560/1/1 2561/1/1
f 2560/1/1260 2559/1/1260 2555/1/1260
f 2561/1/1261 2560/1/1261 2558/1/1261
f 2562/1/1262 2561/1/1262 2557/1/1262
f 2559/1/1263 2562/1/1263 2556/1/1263
f 2567/1/1 2568/1/1 2569/1/1
f 2568/1/1264 2567/1/1264 2563/1/1264
f 2569/1/1265 2568/1/1265 2566/1/1265
f 2570/1/1266 2569/1/1266 2565/1/1266
f 2567/1/1267 2570/1/1267 2564/1/1267
f 2575/1/1 2576/1/1 2577/1/1
f 2576/1/1268 2575/1/1268 2571/1/1268
f 2577/1/1269 2576/1/1269 2574/1/1269
f 2578/1/1270 2577/1/1270 2573/1/1270
f 2575/1/1271 2578/1/1271 2572/1/1271
f 2584/1/1 2585/1/1 2586/1/1
f 2584/1/1272 2583/1/1272 2579/1/1272
f 2585/1/1273 2584/1/1273 2582/1/1273
f 2586/1/1274 2585/1/1274 2581/1/1274
f 2583/1/1275 2586/1/1275 2580/1/1275
f 2592/1/1 2593/1/1 2594/1/1
f 2592/1/1276 2591/1/1276 2587/1/1276
f 2593/1/1277 2592/1/1277 2590/1/1277
f 2594/1/1278 2593/1/1278 2589/1/1279
f 2591/1/1280 2594/1/1280 2588/1/1280
f 2600/1/1 2601/1/1 2602/1/1
f 2600/1/1281 2599/1/1281 2595/1/1281
f 2601/1/1282 2600/1/1282 2598/1/1282
f 2602/1/1283 2601/1/1283 2597/1/1283
f 2599/1/1284 2602/1/3706 2596/1/1284
f 2608/1/1 2609/1/1 2610/1/1
f 2608/1/1285 2607/1/1285 2603/1/1285
f 2609/1/1286 2608/1/1286 2606/1/1286
f 2610/1/1287 2609/1/1287 2605/1/1287
f 2607/1/1288 2610/1/1288 2604/1/1288
f 2616/1/1 2617/1/1 2618/1/1
f 2616/1/364 2615/1/364 2611/1/364
f 2617/1/1289 2616/1/1289 2614/1/1289
f 2618/1/1290 2617/1/1290 2613/1/1290
f 2615/1/1291 2618/1/1291 2612/1/1291
f 2628/1/1 2624/1/1 2625/1/1
f 2625/1/1 2626/1/1 2627/1/1
f 2625/1/1292 2624/1/1292 2619/1/1292
f 2626/1/1293 2625/1/1293 2623/1/1293
f 2627/1/1294 2626/1/1294 2622/1/1294
f 2628/1/1295 2627/1/1295 2621/1/1295
f 2624/1/1296 2628/1/1296 2620/1/1296
f 2638/1/1 2634/1/1 2635/1/1
f 2635/1/1 2636/1/1 2637/1/1
f 2635/1/1297 2634/1/1297 2629/1/1297
f 2636/1/1298 2635/1/1298 2633/1/1298
f 2637/1/1299 2636/1/1299 2632/1/1299
f 2638/1/1300 2637/1/1300 2631/1/1300
f 2634/1/1301 2638/1/1301 2630/1/1301
f 2658/1/1 2649/1/1 2650/1/1
f 2650/1/1 2651/1/1 2652/1/1
f 2653/1/1 2654/1/1 2655/1/1
f 2650/1/1 2652/1/1 2653/1/1
f 2657/1/1 2658/1/1 2650/1/1
f 2655/1/1 2656/1/1 2657/1/1
f 2650/1/1 2653/1/1 2655/1/1
f 2650/1/1302 2649/1/1303 2639/1/1303
f 2651/1/1304 2650/1/1302 2648/1/1302
f 2652/1/1305 2651/1/1305 2647/1/1305
f 2653/1/1306 2652/1/447 2646/1/447
f 2654/1/477 2653/1/1306 2645/1/1306
f 2655/1/894 2654/1/1307 2644/1/1307
f 2656/1/1308 2655/1/894 2643/1/894
f 2657/1/1309 2656/1/1309 2642/1/1309
f 2658/1/327 2657/1/327 2641/1/327
f 2649/1/1310 2658/1/1310 2640/1/1310
f 2668/1/1 2664/1/1 2665/1/1
f 2665/1/1 2666/1/1 2667/1/1
f 2665/1/1136 2664/1/1136 2659/1/1136
f 2666/1/1118 2665/1/1118 2663/1/1118
f 2667/1/58 2666/1/58 2662/1/58
f 2668/1/1311 2667/1/1311 2661/1/1311
f 2664/1/1312 2668/1/1312 2660/1/1312
f 2678/1/1 2674/1/1 2675/1/1
f 2675/1/1 2676/1/1 2677/1/1
f 2675/1/1313 2674/1/1313 2669/1/1313
f 2676/1/1314 2675/1/1314 2673/1/1314
f 2677/1/1315 2676/1/1315 2672/1/1315
f 2678/1/1316 2677/1/1316 2671/1/1316
f 2674/1/1317 2678/1/1317 2670/1/1317
f 2688/1/1 2684/1/1 2685/1/1
f 2685/1/1 2686/1/1 2687/1/1
f 2685/1/1318 2684/1/1318 2679/1/1318
f 2686/1/1319 2685/1/1319 2683/1/1319
f 2687/1/1320 2686/1/1320 2682/1/1320
f 2688/1/1321 2687/1/1321 2681/1/1321
f 2684/1/1322 2688/1/1322 2680/1/1323
f 2698/1/1 2694/1/1 2695/1/1
f 2695/1/1 2696/1/1 2697/1/1
f 2695/1/1324 2694/1/1324 2689/1/1324
f 2696/1/1325 2695/1/1325 2693/1/1325
f 2697/1/1326 2696/1/1326 2692/1/1326
f 2698/1/1327 2697/1/1327 2691/1/1327
f 2694/1/1329 2698/1/1329 2690/1/1329
f 2708/1/1 2704/1/1 2705/1/1
f 2705/1/1 2706/1/1 2707/1/1
f 2705/1/1330 2704/1/1330 2699/1/1330
f 2706/1/1331 2705/1/1331 2703/1/1331
f 2707/1/1332 2706/1/1332 2702/1/1332
f 2708/1/1333 2707/1/1333 2701/1/1333
f 2704/1/1334 2708/1/1334 2700/1/1334
f 2718/1/1 2714/1/1 2715/1/1
f 2715/1/1 2716/1/1 2717/1/1
f 2715/1/1335 2714/1/1335 2709/1/1335
f 2716/1/1103 2715/1/1103 2713/1/1103
f 2717/1/1336 2716/1/1336 2712/1/1336
f 2718/1/1337 2717/1/1337 2711/1/1337
f 2714/1/1338 2718/1/1338 2710/1/1338
f 2725/1/1 2726/1/1 2727/1/1
f 2727/1/1 2728/1/1 2729/1/1
f 2729/1/1 2730/1/1 2725/1/1
f 2726/1/1339 2725/1/1339 2719/1/1339
f 2727/1/1340 2726/1/1340 2724/1/1340
f 2728/1/1341 2727/1/1341 2723/1/1341
f 2729/1/1342 2728/1/1342 2722/1/1342
f 2730/1/1343 2729/1/1343 2721/1/1343
f 2725/1/1344 2730/1/1344 2720/1/1344
f 2742/1/1 2737/1/1 2738/1/1
f 2739/1/1 2740/1/1 2741/1/1
f 2742/1/1 2738/1/1 2739/1/1
f 2738/1/1345 2737/1/1345 2731/1/1345
f 2739/1/1346 2738/1/1346 2736/1/1347
f 2740/1/1348 2739/1/1348 2735/1/1348
f 2741/1/1349 2740/1/1349 2734/1/1349
f 2742/1/1350 2741/1/1350 2733/1/1350
f 2737/1/1351 2742/1/1351 2732/1/1351
f 2754/1/1 2749/1/1 2750/1/1
f 2750/1/1 2751/1/1 2752/1/1
f 2752/1/1 2753/1/1 2754/1/1
f 2750/1/1352 2749/1/1352 2743/1/1352
f 2751/1/1353 2750/1/1353 2748/1/1353
f 2752/1/1354 2751/1/1354 2747/1/1354
f 2753/1/1355 2752/1/1355 2746/1/1355
f 2754/1/1356 2753/1/1356 2745/1/1356
f 2749/1/1017 2754/1/1017 2744/1/1017
f 2766/1/1 2761/1/1 2762/1/1
f 2763/1/1 2764/1/1 2765/1/1
f 2766/1/1 2762/1/1 2763/1/1
f 2762/1/1357 2761/1/1357 2755/1/1357
f 2763/1/1358 2762/1/1358 2760/1/1358
f 2764/1/1359 2763/1/1359 2759/1/1359
f 2765/1/206 2764/1/206 2758/1/206
f 2766/1/1360 2765/1/1360 2757/1/1360
f 2761/1/1361 2766/1/1361 2756/1/1361
f 2778/1/1 2773/1/1 2774/1/1
f 2775/1/1 2776/1/1 2777/1/1
f 2778/1/1 2774/1/1 2775/1/1
f 2774/1/1362 2773/1/1362 2767/1/1362
f 2775/1/158 2774/1/158 2772/1/158
f 2776/1/1363 2775/1/1363 2771/1/1363
f 2777/1/164 2776/1/164 2770/1/164
f 2778/1/1364 2777/1/1364 2769/1/1364
f 2773/1/1365 2778/1/1365 2768/1/1365
f 2788/1/1 2784/1/1 2785/1/1
f 2785/1/1 2786/1/1 2787/1/1
f 2785/1/1366 2784/1/1366 2779/1/1366
f 2786/1/1031 2785/1/1031 2783/1/1031
f 2787/1/1367 2786/1/1367 2782/1/1367
f 2788/1/1368 2787/1/1369 2781/1/1369
f 2784/1/343 2788/1/1368 2780/1/1368
f 2795/1/1 2796/1/1 2797/1/1
f 2798/1/1 2799/1/1 2800/1/1
f 2795/1/1 2797/1/1 2798/1/1
f 2796/1/1370 2795/1/1370 2789/1/1370
f 2797/1/1371 2796/1/1371 2794/1/1371
f 2798/1/392 2797/1/392 2793/1/392
f 2799/1/1372 2798/1/1372 2792/1/1372
f 2800/1/1373 2799/1/1373 2791/1/1373
f 2795/1/1374 2800/1/1374 2790/1/1374
f 2807/1/1 2808/1/1 2809/1/1
f 2809/1/1 2810/1/1 2811/1/1
f 2811/1/1 2812/1/1 2807/1/1
f 2808/1/1375 2807/1/1375 2801/1/1375
f 2809/1/1377 2808/1/1377 2806/1/1377
f 2810/1/1378 2809/1/1378 2805/1/1378
f 2811/1/1379 2810/1/1379 2804/1/1379
f 2812/1/1380 2811/1/1380 2803/1/1380
f 2807/1/1381 2812/1/1381 2802/1/1381
f 2824/1/1 2819/1/1 2820/1/1
f 2821/1/1 2822/1/1 2823/1/1
f 2824/1/1 2820/1/1 2821/1/1
f 2820/1/1276 2819/1/1276 2813/1/1276
f 2821/1/1382 2820/1/1382 2818/1/1382
f 2822/1/1383 2821/1/1383 2817/1/1383
f 2823/1/1384 2822/1/1384 2816/1/1384
f 2824/1/1385 2823/1/1385 2815/1/1385
f 2819/1/1386 2824/1/1386 2814/1/1386
f 2838/1/1 2832/1/1 2833/1/1
f 2833/1/1 2834/1/1 2835/1/1
f 2836/1/1 2837/1/1 2838/1/1
f 2833/1/1 2835/1/1 2836/1/1
f 2833/1/1387 2832/1/1387 2825/1/1387
f 2834/1/1388 2833/1/1388 2831/1/1388
f 2835/1/1389 2834/1/1389 2830/1/1389
f 2836/1/1390 2835/1/1390 2829/1/1390
f 2837/1/1391 2836/1/1391 2828/1/1391
f 2838/1/1392 2837/1/1392 2827/1/1392
f 2832/1/1393 2838/1/1393 2826/1/1393
f 2854/1/1 2847/1/1 2848/1/1
f 2848/1/1 2849/1/1 2850/1/1
f 2850/1/1 2851/1/1 2852/1/1
f 2852/1/1 2853/1/1 2854/1/1
f 2854/1/1 2848/1/1 2850/1/1
f 2848/1/1394 2847/1/1394 2839/1/1394
f 2849/1/1395 2848/1/1395 2846/1/1395
f 2850/1/1396 2849/1/1396 2845/1/1396
f 2851/1/1397 2850/1/1397 2844/1/1397
f 2852/1/1398 2851/1/1398 2843/1/1398
f 2853/1/1399 2852/1/1399 2842/1/1399
f 2854/1/1400 2853/1/1400 2841/1/1400
f 2847/1/1401 2854/1/1401 2840/1/1401
f 2863/1/1 2864/1/1 2865/1/1
f 2865/1/1 2866/1/1 2867/1/1
f 2867/1/1 2868/1/1 2869/1/1
f 2869/1/1 2870/1/1 2863/1/1
f 2863/1/1 2865/1/1 2867/1/1
f 2864/1/1402 2863/1/1402 2855/1/1402
f 2865/1/1403 2864/1/1403 2862/1/1403
f 2866/1/1404 2865/1/1404 2861/1/1404
f 2867/1/1405 2866/1/1405 2860/1/1405
f 2868/1/1406 2867/1/1406 2859/1/1406
f 2869/1/1407 2868/1/1407 2858/1/1407
f 2870/1/1408 2869/1/1408 2857/1/1408
f 2863/1/1409 2870/1/1409 2856/1/1409
f 2886/1/1 2879/1/1 2880/1/1
f 2880/1/1 2881/1/1 2882/1/1
f 2882/1/1 2883/1/1 2884/1/1
f 2884/1/1 2885/1/1 2886/1/1
f 2886/1/1 2880/1/1 2882/1/1
f 2880/1/1410 2879/1/1410 2871/1/1410
f 2881/1/1411 2880/1/1411 2878/1/1411
f 2882/1/1412 2881/1/1412 2877/1/1412
f 2883/1/1413 2882/1/1413 2876/1/1413
f 2884/1/1414 2883/1/1414 2875/1/1414
f 2885/1/1415 2884/1/1415 2874/1/1415
f 2886/1/1416 2885/1/1416 2873/1/1416
f 2879/1/1417 2886/1/1417 2872/1/1417
f 2902/1/1 2895/1/1 2896/1/1
f 2897/1/1 2898/1/1 2899/1/1
f 2897/1/1 2899/1/1 2900/1/1
f 2901/1/1 2902/1/1 2896/1/1
f 2897/1/1 2900/1/1 2901/1/1
f 2896/1/1418 2895/1/1418 2887/1/1418
f 2897/1/1419 2896/1/1419 2894/1/1419
f 2898/1/1420 2897/1/1420 2893/1/1420
f 2899/1/1421 2898/1/1421 2892/1/1421
f 2900/1/1422 2899/1/1422 2891/1/1422
f 2901/1/1423 2900/1/1423 2890/1/1423
f 2902/1/1424 2901/1/1424 2889/1/1424
f 2895/1/1425 2902/1/1425 2888/1/1425
f 2911/1/1 2912/1/1 2913/1/1
f 2913/1/1 2914/1/1 2915/1/1
f 2916/1/1 2917/1/1 2918/1/1
f 2913/1/1 2915/1/1 2916/1/1
f 2916/1/1 2918/1/1 2911/1/1
f 2912/1/1426 2911/1/1426 2903/1/1426
f 2913/1/1427 2912/1/1427 2910/1/1427
f 2914/1/1428 2913/1/1428 2909/1/1428
f 2915/1/1429 2914/1/1429 2908/1/1429
f 2916/1/1430 2915/1/1430 2907/1/1430
f 2917/1/1431 2916/1/1431 2906/1/1431
f 2918/1/1432 2917/1/1432 2905/1/1432
f 2911/1/1433 2918/1/1433 2904/1/1433
f 2927/1/1 2928/1/1 2929/1/1
f 2929/1/1 2930/1/1 2931/1/1
f 2931/1/1 2932/1/1 2933/1/1
f 2933/1/1 2934/1/1 2927/1/1
f 2927/1/1 2929/1/1 2931/1/1
f 2928/1/1434 2927/1/1434 2919/1/1434
f 2929/1/1435 2928/1/1435 2926/1/1435
f 2930/1/1436 2929/1/1436 2925/1/1436
f 2931/1/1437 2930/1/1437 2924/1/1437
f 2932/1/1438 2931/1/1438 2923/1/1438
f 2933/1/1439 2932/1/1439 2922/1/1439
f 2934/1/1440 2933/1/1440 2921/1/1441
f 2927/1/1442 2934/1/1442 2920/1/1442
f 2943/1/1 2944/1/1 2945/1/1
f 2945/1/1 2946/1/1 2947/1/1
f 2948/1/1 2949/1/1 2950/1/1
f 2945/1/1 2947/1/1 2948/1/1
f 2948/1/1 2950/1/1 2943/1/1
f 2944/1/1443 2943/1/1443 2935/1/1443
f 2945/1/1444 2944/1/1444 2942/1/1444
f 2946/1/1445 2945/1/1445 2941/1/1445
f 2947/1/1446 2946/1/1446 2940/1/1446
f 2948/1/1447 2947/1/1447 2939/1/1447
f 2949/1/1448 2948/1/1448 2938/1/1448
f 2950/1/1449 2949/1/1449 2937/1/1449
f 2943/1/1450 2950/1/1450 2936/1/1450
f 2956/1/1 2957/1/1 2958/1/1
f 2956/1/1451 2955/1/1451 2951/1/1451
f 2957/1/1452 2956/1/1452 2954/1/1452
f 2958/1/1453 2957/1/1453 2953/1/1453
f 2955/1/1454 2958/1/1454 2952/1/1454
f 2963/1/1 2964/1/1 2965/1/1
f 2964/1/1455 2963/1/1455 2959/1/1455
f 2965/1/1456 2964/1/1456 2962/1/1456
f 2966/1/1457 2965/1/1457 2961/1/1457
f 2963/1/1458 2966/1/1458 2960/1/1458
f 2971/1/1 2972/1/1 2973/1/1
f 2972/1/1459 2971/1/1459 2967/1/1459
f 2973/1/1460 2972/1/1460 2970/1/1460
f 2974/1/1461 2973/1/1461 2969/1/1461
f 2971/1/1462 2974/1/1462 2968/1/1462
f 2980/1/1 2981/1/1 2982/1/1
f 2980/1/1463 2979/1/1463 2975/1/1463
f 2981/1/1464 2980/1/1464 2978/1/1464
f 2982/1/1465 2981/1/1465 2977/1/1465
f 2979/1/752 2982/1/752 2976/1/752
f 2987/1/1 2988/1/1 2989/1/1
f 2988/1/1466 2987/1/1466 2983/1/1466
f 2989/1/1467 2988/1/1467 2986/1/1467
f 2990/1/1468 2989/1/1468 2985/1/1468
f 2987/1/1469 2990/1/1469 2984/1/1469
f 2996/1/1 2997/1/1 2998/1/1
f 2996/1/518 2995/1/518 2991/1/518
f 2997/1/1470 2996/1/1470 2994/1/1470
f 2998/1/1471 2997/1/1471 2993/1/1471
f 2995/1/1472 2998/1/1472 2992/1/1472
f 3003/1/1 3004/1/1 3005/1/1
f 3004/1/1473 3003/1/1473 2999/1/1473
f 3005/1/1474 3004/1/1474 3002/1/1474
f 3006/1/1475 3005/1/1475 3001/1/1475
f 3003/1/1476 3006/1/1476 3000/1/1476
f 3011/1/1 3012/1/1 3013/1/1
f 3012/1/1477 3011/1/1477 3007/1/1477
f 3013/1/1478 3012/1/1478 3010/1/1478
f 3014/1/1479 3013/1/1479 3009/1/1479
f 3011/1/1480 3014/1/1480 3008/1/1480
f 3019/1/1 3020/1/1 3021/1/1
f 3020/1/1481 3019/1/1481 3015/1/1481
f 3021/1/1482 3020/1/1482 3018/1/1482
f 3022/1/1483 3021/1/1483 3017/1/1483
f 3019/1/1484 3022/1/1484 3016/1/1484
f 3028/1/1 3029/1/1 3030/1/1
f 3028/1/1485 3027/1/1485 3023/1/1485
f 3029/1/1486 3028/1/1486 3026/1/1486
f 3030/1/1487 3029/1/1487 3025/1/1487
f 3027/1/1488 3030/1/1488 3024/1/1488
f 3035/1/1 3036/1/1 3037/1/1
f 3036/1/1489 3035/1/1489 3031/1/1489
f 3037/1/1490 3036/1/1490 3034/1/1490
f 3038/1/1491 3037/1/1491 3033/1/1491
f 3035/1/1492 3038/1/1492 3032/1/1492
f 3043/1/1 3044/1/1 3045/1/1
f 3044/1/1493 3043/1/1493 3039/1/1493
f 3045/1/1494 3044/1/1494 3042/1/1494
f 3046/1/1495 3045/1/1495 3041/1/1495
f 3043/1/1496 3046/1/1496 3040/1/1496
f 3051/1/1 3052/1/1 3053/1/1
f 3052/1/1497 3051/1/1497 3047/1/1497
f 3053/1/1498 3052/1/1498 3050/1/1498
f 3054/1/1499 3053/1/1499 3049/1/1499
f 3051/1/1500 3054/1/1500 3048/1/1500
f 3059/1/1 3060/1/1 3061/1/1
f 3060/1/1501 3059/1/1501 3055/1/1501
f 3061/1/1502 3060/1/1502 3058/1/1502
f 3062/1/1503 3061/1/1503 3057/1/1503
f 3059/1/1504 3062/1/1504 3056/1/1504
f 3067/1/1 3068/1/1 3069/1/1
f 3068/1/1505 3067/1/1505 3063/1/1505
f 3069/1/1506 3068/1/1506 3066/1/1506
f 3070/1/1507 3069/1/1507 3065/1/1507
f 3067/1/1508 3070/1/1508 3064/1/1508
f 3076/1/1 3077/1/1 3078/1/1
f 3076/1/1509 3075/1/1509 3071/1/1509
f 3077/1/1510 3076/1/1510 3074/1/1510
f 3078/1/1511 3077/1/1511 3073/1/1511
f 3075/1/1512 3078/1/1512 3072/1/1512
f 3083/1/1 3084/1/1 3085/1/1
f 3084/1/1513 3083/1/1513 3079/1/1513
f 3085/1/1514 3084/1/1514 3082/1/1514
f 3086/1/1515 3085/1/1515 3081/1/1515
f 3083/1/1516 3086/1/1516 3080/1/1516
f 3092/1/1 3093/1/1 3094/1/1
f 3092/1/1517 3091/1/1517 3087/1/1517
f 3093/1/1518 3092/1/1518 3090/1/1518
f 3094/1/1519 3093/1/1519 3089/1/1519
f 3091/1/1520 3094/1/1520 3088/1/1520
f 3100/1/1 3101/1/1 3102/1/1
f 3100/1/1521 3099/1/3707 3095/1/1521
f 3101/1/1522 3100/1/1522 3098/1/1522
f 3102/1/1523 3101/1/1523 3097/1/1523
f 3099/1/1524 3102/1/1524 3096/1/1524
f 3108/1/1 3109/1/1 3110/1/1
f 3108/1/1525 3107/1/1525 3103/1/1525
f 3109/1/1526 3108/1/1526 3106/1/1526
f 3110/1/1527 3109/1/1527 3105/1/1527
f 3107/1/1528 3110/1/1528 3104/1/1528
f 3115/1/1 3116/1/1 3117/1/1
f 3116/1/1529 3115/1/1529 3111/1/1529
f 3117/1/1530 3116/1/1530 3114/1/1530
f 3118/1/1531 3117/1/1531 3113/1/1531
f 3115/1/1532 3118/1/1532 3112/1/1532
f 3130/1/1 3125/1/1 3126/1/1
f 3126/1/1 3127/1/1 3128/1/1
f 3129/1/1 3130/1/1 3126/1/1
f 3126/1/1533 3125/1/1533 3119/1/1533
f 3127/1/1534 3126/1/1534 3124/1/1534
f 3128/1/1487 3127/1/1487 3123/1/1487
f 3129/1/1535 3128/1/1535 3122/1/1535
f 3130/1/1536 3129/1/1536 3121/1/1536
f 3125/1/1537 3130/1/1537 3120/1/1537
f 3140/1/1 3141/1/1 3142/1/1
f 3140/1/1 3142/1/1 3143/1/1
f 3145/1/1 3146/1/1 3139/1/1
f 3140/1/1 3143/1/1 3144/1/1
f 3144/1/1 3145/1/1 3139/1/1
f 3140/1/1538 3139/1/1538 3131/1/1538
f 3141/1/1539 3140/1/1539 3138/1/1539
f 3142/1/1540 3141/1/1540 3137/1/1540
f 3143/1/1541 3142/1/1541 3136/1/1541
f 3144/1/1542 3143/1/1542 3135/1/1542
f 3145/1/1543 3144/1/1543 3134/1/1543
f 3146/1/1544 3145/1/1544 3133/1/1544
f 3139/1/1545 3146/1/1545 3132/1/1545
f 3168/1/1 3158/1/1 3159/1/1
f 3159/1/1 3160/1/1 3161/1/1
f 3162/1/1 3163/1/1 3164/1/1
f 3159/1/1 3161/1/1 3162/1/1
f 3167/1/1 3168/1/1 3159/1/1
f 3165/1/1 3166/1/1 3167/1/1
f 3162/1/1 3164/1/1 3165/1/1
f 3167/1/1 3159/1/1 3162/1/1
f 3159/1/1546 3158/1/1546 3147/1/1546
f 3160/1/1547 3159/1/1547 3148/1/1547
f 3161/1/1548 3160/1/1548 3149/1/1548
f 3162/1/1549 3161/1/1549 3150/1/1549
f 3163/1/1550 3162/1/1551 3151/1/1551
f 3164/1/1552 3163/1/1550 3152/1/1550
f 3165/1/1553 3164/1/1553 3153/1/1553
f 3166/1/1554 3165/1/1554 3154/1/1554
f 3167/1/1555 3166/1/1555 3155/1/1555
f 3168/1/1556 3167/1/1556 3156/1/1556
f 3158/1/1557 3168/1/1557 3157/1/1557
f 3173/1/1 3174/1/1 3175/1/1
f 3174/1/1558 3173/1/1558 3169/1/1558
f 3175/1/1559 3174/1/1559 3170/1/1559
f 3176/1/1560 3175/1/1560 3171/1/1560
f 3173/1/1561 3176/1/1561 3172/1/1561
f 3188/1/1 3183/1/1 3184/1/1
f 3185/1/1 3186/1/1 3187/1/1
f 3188/1/1 3184/1/1 3185/1/1
f 3184/1/1562 3183/1/1562 3177/1/1562
f 3185/1/1264 3184/1/1264 3178/1/1264
f 3186/1/1267 3185/1/1267 3179/1/1267
f 3187/1/1563 3186/1/1563 3180/1/1563
f 3188/1/1265 3187/1/1265 3181/1/1265
f 3183/1/1564 3188/1/1564 3182/1/1564
f 3193/1/1 3194/1/1 3195/1/1
f 3194/1/1565 3193/1/1565 3189/1/1565
f 3195/1/1566 3194/1/1566 3190/1/1566
f 3196/1/1027 3195/1/1027 3191/1/1027
f 3193/1/1567 3196/1/1567 3192/1/1567
f 3201/1/1 3202/1/1 3203/1/1
f 3202/1/1568 3201/1/1568 3197/1/1568
f 3203/1/1569 3202/1/1569 3198/1/1569
f 3204/1/1570 3203/1/1570 3199/1/1570
f 3201/1/1571 3204/1/1571 3200/1/1571
f 3210/1/1 3211/1/1 3212/1/1
f 3210/1/1572 3209/1/1572 3205/1/1572
f 3211/1/1573 3210/1/1573 3206/1/1573
f 3212/1/1574 3211/1/1574 3207/1/1574
f 3209/1/1575 3212/1/1575 3208/1/1575
f 3218/1/1 3219/1/1 3220/1/1
f 3218/1/1576 3217/1/1576 3213/1/1576
f 3219/1/1577 3218/1/1577 3214/1/1577
f 3220/1/1578 3219/1/1578 3215/1/1578
f 3217/1/1579 3220/1/1579 3216/1/1579
f 3226/1/1 3227/1/1 3228/1/1
f 3226/1/1580 3225/1/1580 3221/1/1580
f 3227/1/1581 3226/1/1581 3222/1/1581
f 3228/1/1582 3227/1/1582 3223/1/1582
f 3225/1/1584 3228/1/1584 3224/1/1584
f 3233/1/1 3234/1/1 3235/1/1
f 3234/1/1585 3233/1/1585 3229/1/1585
f 3235/1/1586 3234/1/1586 3230/1/1586
f 3236/1/1587 3235/1/1587 3231/1/1587
f 3233/1/1588 3236/1/1588 3232/1/1588
f 3241/1/1 3242/1/1 3243/1/1
f 3242/1/1589 3241/1/1589 3237/1/1589
f 3243/1/1590 3242/1/1590 3238/1/1590
f 3244/1/1591 3243/1/1591 3239/1/1591
f 3241/1/1592 3244/1/1592 3240/1/1592
f 3256/1/1 3251/1/1 3252/1/1
f 3252/1/1 3253/1/1 3254/1/1
f 3255/1/1 3256/1/1 3252/1/1
f 3252/1/1593 3251/1/1593 3245/1/1593
f 3253/1/1594 3252/1/1594 3246/1/1594
f 3254/1/1595 3253/1/1595 3247/1/1595
f 3255/1/1596 3254/1/1596 3248/1/1596
f 3256/1/1597 3255/1/1597 3249/1/1597
f 3251/1/1598 3256/1/1598 3250/1/1598
f 3262/1/1 3263/1/1 3264/1/1
f 3262/1/1599 3261/1/1599 3257/1/1599
f 3263/1/1600 3262/1/1600 3258/1/1600
f 3264/1/1601 3263/1/1601 3259/1/1601
f 3261/1/1602 3264/1/1602 3260/1/1602
f 3270/1/1 3271/1/1 3272/1/1
f 3270/1/1418 3269/1/1418 3265/1/1418
f 3271/1/1603 3270/1/1603 3266/1/1603
f 3272/1/1604 3271/1/1604 3267/1/1604
f 3269/1/1605 3272/1/1605 3268/1/1605
f 3284/1/1 3279/1/1 3280/1/1
f 3280/1/1 3281/1/1 3282/1/1
f 3282/1/1 3283/1/1 3284/1/1
f 3280/1/1606 3279/1/1606 3273/1/1606
f 3281/1/1607 3280/1/1607 3274/1/1607
f 3282/1/1608 3281/1/1608 3275/1/1608
f 3283/1/1609 3282/1/1609 3276/1/1609
f 3284/1/1610 3283/1/1610 3277/1/1610
f 3279/1/1611 3284/1/1611 3278/1/1611
f 3298/1/1 3292/1/1 3293/1/1
f 3294/1/1 3295/1/1 3296/1/1
f 3298/1/1 3293/1/1 3294/1/1
f 3296/1/1 3297/1/1 3298/1/1
f 3293/1/1612 3292/1/1612 3285/1/1612
f 3294/1/1613 3293/1/1613 3291/1/1613
f 3295/1/1614 3294/1/1614 3290/1/1614
f 3296/1/1615 3295/1/1615 3289/1/1615
f 3297/1/1616 3296/1/1616 3288/1/1616
f 3298/1/1617 3297/1/1617 3287/1/1617
f 3292/1/1618 3298/1/1618 3286/1/1618
f 3304/1/1 3305/1/1 3306/1/1
f 3304/1/1619 3303/1/1619 3299/1/1619
f 3305/1/1620 3304/1/1620 3300/1/1620
f 3306/1/1621 3305/1/1621 3301/1/1621
f 3303/1/1622 3306/1/1622 3302/1/1622
f 3311/1/1 3312/1/1 3313/1/1
f 3312/1/1623 3311/1/1623 3307/1/1623
f 3313/1/1624 3312/1/1624 3308/1/1624
f 3314/1/1414 3313/1/1414 3309/1/1414
f 3311/1/1625 3314/1/1625 3310/1/1625
f 3319/1/1 3320/1/1 3321/1/1
f 3320/1/1626 3319/1/1626 3315/1/1626
f 3321/1/1627 3320/1/1627 3316/1/1627
f 3322/1/1628 3321/1/1628 3317/1/1628
f 3319/1/1629 3322/1/1629 3318/1/1629
f 3334/1/1 3329/1/1 3330/1/1
f 3330/1/1 3331/1/1 3332/1/1
f 3332/1/1 3333/1/1 3334/1/1
f 3330/1/1630 3329/1/1630 3323/1/1630
f 3331/1/1631 3330/1/1631 3324/1/1631
f 3332/1/1632 3331/1/1632 3325/1/1632
f 3333/1/1633 3332/1/1633 3326/1/1633
f 3334/1/1634 3333/1/1634 3327/1/1634
f 3329/1/1635 3334/1/1635 3328/1/1635
f 3350/1/1 3343/1/1 3344/1/1
f 3344/1/1 3345/1/1 3346/1/1
f 3346/1/1 3347/1/1 3348/1/1
f 3349/1/1 3350/1/1 3344/1/1
f 3346/1/1 3348/1/1 3349/1/1
f 3344/1/1636 3343/1/1636 3335/1/1636
f 3345/1/1637 3344/1/1637 3336/1/1637
f 3346/1/1638 3345/1/1638 3337/1/1638
f 3347/1/1639 3346/1/1639 3338/1/1639
f 3348/1/1640 3347/1/1640 3339/1/1640
f 3349/1/1641 3348/1/1641 3340/1/1641
f 3350/1/1642 3349/1/1642 3341/1/1642
f 3343/1/1643 3350/1/1643 3342/1/1643
f 3364/1/1 3358/1/1 3359/1/1
f 3359/1/1 3360/1/1 3361/1/1
f 3362/1/1 3363/1/1 3364/1/1
f 3359/1/1 3361/1/1 3362/1/1
f 3359/1/1644 3358/1/1644 3351/1/1644
f 3360/1/1645 3359/1/1645 3352/1/1645
f 3361/1/1646 3360/1/1646 3353/1/1646
f 3362/1/1647 3361/1/1647 3354/1/1647
f 3363/1/1648 3362/1/1648 3355/1/1648
f 3364/1/1649 3363/1/1649 3356/1/1649
f 3358/1/337 3364/1/337 3357/1/337
f 3370/1/1 3371/1/1 3372/1/1
f 3370/1/1650 3369/1/1650 3365/1/1650
f 3371/1/1651 3370/1/1651 3366/1/1651
f 3372/1/1652 3371/1/1652 3367/1/1652
f 3369/1/1653 3372/1/1653 3368/1/1653
f 3384/1/1 3379/1/1 3380/1/1
f 3381/1/1 3382/1/1 3383/1/1
f 3384/1/1 3380/1/1 3381/1/1
f 3380/1/1654 3379/1/1654 3373/1/1654
f 3381/1/1655 3380/1/1655 3374/1/1655
f 3382/1/1656 3381/1/1656 3375/1/1656
f 3383/1/1657 3382/1/1657 3376/1/1657
f 3384/1/1658 3383/1/1658 3377/1/1658
f 3379/1/1659 3384/1/1659 3378/1/1659
f 3389/1/1 3390/1/1 3391/1/1
f 3390/1/1660 3389/1/1660 3385/1/1660
f 3391/1/1661 3390/1/1661 3386/1/1661
f 3392/1/1662 3391/1/3708 3387/1/1662
f 3389/1/1663 3392/1/1663 3388/1/1663
f 3398/1/1 3399/1/1 3400/1/1
f 3398/1/1664 3397/1/1664 3393/1/1664
f 3399/1/1665 3398/1/1665 3394/1/1665
f 3400/1/1666 3399/1/1666 3395/1/1666
f 3397/1/1667 3400/1/1667 3396/1/1667
f 3406/1/1 3407/1/1 3408/1/1
f 3406/1/1668 3405/1/1668 3401/1/1668
f 3407/1/1669 3406/1/1669 3402/1/1669
f 3408/1/1670 3407/1/1670 3403/1/1670
f 3405/1/1671 3408/1/1671 3404/1/1671
f 3414/1/1 3415/1/1 3416/1/1
f 3414/1/1672 3413/1/1672 3409/1/1672
f 3415/1/1673 3414/1/1673 3410/1/1673
f 3416/1/1674 3415/1/1674 3411/1/1674
f 3413/1/1675 3416/1/1675 3412/1/1675
f 3421/1/1 3422/1/1 3423/1/1
f 3422/1/1676 3421/1/1676 3417/1/1676
f 3423/1/1677 3422/1/1677 3418/1/1677
f 3424/1/1678 3423/1/1678 3419/1/1678
f 3421/1/1679 3424/1/1679 3420/1/1679
f 3429/1/1 3430/1/1 3431/1/1
f 3430/1/1680 3429/1/1680 3425/1/1680
f 3431/1/1681 3430/1/1681 3426/1/1681
f 3432/1/1682 3431/1/1682 3427/1/1682
f 3429/1/1683 3432/1/1683 3428/1/1683
f 3437/1/1 3438/1/1 3439/1/1
f 3438/1/1610 3437/1/1610 3433/1/1610
f 3439/1/1684 3438/1/1684 3434/1/1684
f 3440/1/1685 3439/1/1685 3435/1/1685
f 3437/1/1686 3440/1/1686 3436/1/1686
f 3452/1/1 3447/1/1 3448/1/1
f 3448/1/1 3449/1/1 3450/1/1
f 3450/1/1 3451/1/1 3452/1/1
f 3448/1/1687 3447/1/1687 3441/1/1687
f 3449/1/1688 3448/1/1688 3442/1/1688
f 3450/1/1689 3449/1/1689 3443/1/1690
f 3451/1/1691 3450/1/1691 3444/1/1691
f 3452/1/1692 3451/1/1692 3445/1/1692
f 3447/1/1693 3452/1/1693 3446/1/1693
f 3458/1/1 3459/1/1 3460/1/1
f 3458/1/1694 3457/1/1694 3453/1/1694
f 3459/1/1695 3458/1/1695 3454/1/1695
f 3460/1/1696 3459/1/1696 3455/1/1696
f 3457/1/1697 3460/1/1697 3456/1/1697
f 3476/1/1 3469/1/1 3470/1/1
f 3470/1/1 3471/1/1 3472/1/1
f 3472/1/1 3473/1/1 3474/1/1
f 3475/1/1 3476/1/1 3470/1/1
f 3472/1/1 3474/1/1 3475/1/1
f 3470/1/1698 3469/1/1698 3461/1/1698
f 3471/1/1699 3470/1/1699 3462/1/1699
f 3472/1/1700 3471/1/1700 3463/1/1700
f 3473/1/1701 3472/1/1701 3464/1/1701
f 3474/1/1432 3473/1/1432 3465/1/1432
f 3475/1/1702 3474/1/1702 3466/1/1702
f 3476/1/1703 3475/1/1703 3467/1/1703
f 3469/1/1704 3476/1/1704 3468/1/1704
f 3488/1/1 3483/1/1 3484/1/1
f 3484/1/1 3485/1/1 3486/1/1
f 3486/1/1 3487/1/1 3488/1/1
f 3484/1/1705 3483/1/1705 3477/1/1705
f 3485/1/1706 3484/1/1706 3478/1/1706
f 3486/1/1707 3485/1/1707 3479/1/1707
f 3487/1/1708 3486/1/1708 3480/1/1708
f 3488/1/1709 3487/1/1709 3481/1/1709
f 3483/1/1710 3488/1/1710 3482/1/1710
f 3494/1/1 3495/1/1 3496/1/1
f 3494/1/1711 3493/1/1711 3489/1/1711
f 3495/1/1712 3494/1/1712 3492/1/1712
f 3496/1/1713 3495/1/1713 3491/1/1713
f 3493/1/1714 3496/1/1714 3490/1/1714
f 3502/1/1 3503/1/1 3504/1/1
f 3502/1/1715 3501/1/1715 3497/1/1715
f 3503/1/1716 3502/1/1716 3498/1/1716
f 3504/1/1717 3503/1/1717 3499/1/1717
f 3501/1/1718 3504/1/1718 3500/1/1718
f 3516/1/1 3511/1/1 3512/1/1
f 3512/1/1 3513/1/1 3514/1/1
f 3514/1/1 3515/1/1 3516/1/1
f 3512/1/1719 3511/1/1719 3505/1/1719
f 3513/1/1720 3512/1/1720 3506/1/1720
f 3514/1/1721 3513/1/1721 3507/1/1721
f 3515/1/1722 3514/1/1722 3508/1/1722
f 3516/1/1723 3515/1/1723 3509/1/1723
f 3511/1/1724 3516/1/1724 3510/1/1724
f 3522/1/1 3523/1/1 3524/1/1
f 3522/1/1200 3521/1/1200 3517/1/1200
f 3523/1/1725 3522/1/1725 3518/1/1725
f 3524/1/1726 3523/1/1726 3519/1/1726
f 3521/1/1727 3524/1/1727 3520/1/1727
f 3536/1/1 3531/1/1 3532/1/1
f 3532/1/1 3533/1/1 3534/1/1
f 3534/1/1 3535/1/1 3536/1/1
f 3532/1/1698 3531/1/1698 3525/1/1698
f 3533/1/1728 3532/1/1728 3526/1/1728
f 3534/1/1729 3533/1/1729 3527/1/1729
f 3535/1/1730 3534/1/1730 3528/1/1730
f 3536/1/1731 3535/1/1731 3529/1/1731
f 3531/1/1732 3536/1/1732 3530/1/1732
f 3542/1/1 3543/1/1 3544/1/1
f 3542/1/1733 3541/1/1733 3537/1/1733
f 3543/1/1734 3542/1/1734 3538/1/1734
f 3544/1/1735 3543/1/1735 3539/1/1735
f 3541/1/1736 3544/1/1736 3540/1/1736
f 3550/1/1 3551/1/1 3552/1/1
f 3550/1/1737 3549/1/1737 3545/1/1737
f 3551/1/1738 3550/1/1738 3546/1/1738
f 3552/1/1739 3551/1/1739 3547/1/1739
f 3549/1/1740 3552/1/1740 3548/1/1740
f 3558/1/1 3559/1/1 3560/1/1
f 3558/1/1741 3557/1/1741 3553/1/1741
f 3559/1/1742 3558/1/1742 3554/1/1742
f 3560/1/1743 3559/1/1743 3555/1/1743
f 3557/1/1744 3560/1/1744 3556/1/1744
f 3584/1/1 3573/1/1 3574/1/1
f 3574/1/1 3575/1/1 3576/1/1
f 3577/1/1 3578/1/1 3579/1/1
f 3577/1/1 3579/1/1 3580/1/1
f 3580/1/1 3581/1/1 3582/1/1
f 3583/1/1 3584/1/1 3574/1/1
f 3577/1/1 3580/1/1 3582/1/1
f 3582/1/1 3583/1/1 3574/1/1
f 3576/1/1 3577/1/1 3582/1/1
f 3574/1/1745 3573/1/1745 3561/1/1745
f 3575/1/1746 3574/1/3709 3562/1/1746
f 3576/1/1747 3575/1/1747 3563/1/1747
f 3577/1/1748 3576/1/1748 3564/1/1748
f 3578/1/1749 3577/1/1749 3565/1/1749
f 3579/1/1750 3578/1/1750 3566/1/1750
f 3580/1/1751 3579/1/1751 3567/1/1751
f 3581/1/1752 3580/1/1752 3568/1/1752
f 3582/1/1753 3581/1/1753 3569/1/1753
f 3583/1/1754 3582/1/1754 3570/1/1754
f 3584/1/1755 3583/1/2538 3571/1/1755
f 3573/1/1756 3584/1/1756 3572/1/1756
f 3590/1/1 3591/1/1 3592/1/1
f 3590/1/1757 3589/1/1757 3585/1/1757
f 3591/1/1758 3590/1/1758 3586/1/1758
f 3592/1/1759 3591/1/1759 3587/1/1759
f 3589/1/1760 3592/1/1760 3588/1/1760
f 3597/1/1 3598/1/1 3599/1/1
f 3598/1/1761 3597/1/1761 3593/1/1761
f 3599/1/1762 3598/1/1762 3594/1/1762
f 3600/1/1763 3599/1/1763 3595/1/1763
f 3597/1/1764 3600/1/1764 3596/1/1764
f 3605/1/1 3606/1/1 3607/1/1
f 3606/1/1765 3605/1/1765 3601/1/1765
f 3607/1/1766 3606/1/1766 3602/1/1766
f 3608/1/1767 3607/1/1767 3603/1/1767
f 3605/1/1768 3608/1/1768 3604/1/1768
f 3613/1/1 3614/1/1 3615/1/1
f 3614/1/1769 3613/1/1769 3609/1/1769
f 3615/1/1770 3614/1/1770 3610/1/1770
f 3616/1/1771 3615/1/1771 3611/1/1771
f 3613/1/1772 3616/1/1772 3612/1/1772
f 3621/1/1 3622/1/1 3623/1/1
f 3622/1/1773 3621/1/1773 3617/1/1773
f 3623/1/1774 3622/1/1774 3618/1/1774
f 3624/1/1775 3623/1/1775 3619/1/1775
f 3621/1/1776 3624/1/1776 3620/1/1776
f 3629/1/1 3630/1/1 3631/1/1
f 3630/1/1777 3629/1/1777 3625/1/1777
f 3631/1/1778 3630/1/1778 3626/1/1778
f 3632/1/1779 3631/1/1779 3627/1/1779
f 3629/1/1780 3632/1/1780 3628/1/1780
f 3637/1/1 3638/1/1 3639/1/1
f 3638/1/1781 3637/1/1781 3633/1/1781
f 3639/1/1782 3638/1/1782 3634/1/1782
f 3640/1/1783 3639/1/1783 3635/1/1783
f 3637/1/1784 3640/1/1784 3636/1/1784
f 3645/1/1 3646/1/1 3647/1/1
f 3646/1/1785 3645/1/1785 3641/1/1785
f 3647/1/1786 3646/1/1786 3642/1/1786
f 3648/1/1787 3647/1/1787 3643/1/1787
f 3645/1/1788 3648/1/1788 3644/1/1788
f 3653/1/1 3654/1/1 3655/1/1
f 3654/1/1789 3653/1/1789 3649/1/1789
f 3655/1/1790 3654/1/1790 3650/1/1790
f 3656/1/1791 3655/1/1791 3651/1/1791
f 3653/1/1792 3656/1/1792 3652/1/1792
f 3661/1/1 3662/1/1 3663/1/1
f 3662/1/1793 3661/1/1793 3657/1/1793
f 3663/1/1794 3662/1/1794 3658/1/1794
f 3664/1/1795 3663/1/1795 3659/1/1795
f 3661/1/1796 3664/1/1796 3660/1/1796
f 3669/1/1 3670/1/1 3671/1/1
f 3670/1/1797 3669/1/1797 3665/1/1797
f 3671/1/1798 3670/1/1798 3666/1/1798
f 3672/1/1799 3671/1/1799 3667/1/1799
f 3669/1/1800 3672/1/1800 3668/1/1800
f 3677/1/1 3678/1/1 3679/1/1
f 3678/1/1801 3677/1/1801 3673/1/1801
f 3679/1/1802 3678/1/1802 3674/1/1802
f 3680/1/1803 3679/1/1803 3675/1/1803
f 3677/1/1804 3680/1/1804 3676/1/1804
f 3685/1/1 3686/1/1 3687/1/1
f 3686/1/1805 3685/1/1805 3681/1/1805
f 3687/1/1806 3686/1/1806 3682/1/1806
f 3688/1/1807 3687/1/1807 3683/1/1807
f 3685/1/1808 3688/1/1808 3684/1/1808
f 3693/1/1 3694/1/1 3695/1/1
f 3694/1/1809 3693/1/1809 3689/1/1809
f 3695/1/1810 3694/1/1810 3690/1/1810
f 3696/1/1811 3695/1/1811 3691/1/1811
f 3693/1/1812 3696/1/1812 3692/1/1812
f 3708/1/1 3703/1/1 3704/1/1
f 3704/1/1 3705/1/1 3706/1/1
f 3706/1/1 3707/1/1 3708/1/1
f 3704/1/1813 3703/1/1813 3697/1/1813
f 3705/1/1814 3704/1/1814 3698/1/1814
f 3706/1/1815 3705/1/1815 3699/1/1815
f 3707/1/1816 3706/1/1816 3700/1/1816
f 3708/1/1817 3707/1/1817 3701/1/1817
f 3703/1/1818 3708/1/1818 3702/1/1818
f 3713/1/1 3714/1/1 3715/1/1
f 3714/1/1819 3713/1/1819 3709/1/1819
f 3715/1/1820 3714/1/1820 3710/1/1820
f 3716/1/1821 3715/1/1821 3711/1/1821
f 3713/1/1822 3716/1/1822 3712/1/1822
f 3721/1/1 3722/1/1 3723/1/1
f 3722/1/1823 3721/1/1823 3717/1/1823
f 3723/1/1824 3722/1/1824 3720/1/1824
f 3724/1/1825 3723/1/1825 3719/1/1825
f 3721/1/1826 3724/1/1826 3718/1/1826
f 3736/1/1 3731/1/1 3732/1/1
f 3732/1/1 3733/1/1 3734/1/1
f 3734/1/1 3735/1/1 3736/1/1
f 3732/1/1827 3731/1/1827 3725/1/1827
f 3733/1/1828 3732/1/1828 3730/1/1828
f 3734/1/1829 3733/1/1829 3729/1/1829
f 3735/1/1830 3734/1/1830 3728/1/1830
f 3736/1/1831 3735/1/1831 3727/1/1831
f 3731/1/1832 3736/1/1832 3726/1/1832
f 3741/1/1 3742/1/1 3743/1/1
f 3742/1/1833 3741/1/1833 3737/1/1833
f 3743/1/1834 3742/1/1834 3738/1/1834
f 3744/1/1835 3743/1/1835 3739/1/1835
f 3741/1/1836 3744/1/1836 3740/1/1836
f 3749/1/1 3750/1/1 3751/1/1
f 3750/1/1837 3749/1/1837 3745/1/1837
f 3751/1/1838 3750/1/1838 3746/1/1838
f 3752/1/1839 3751/1/1839 3747/1/1839
f 3749/1/1840 3752/1/1840 3748/1/1840
f 3758/1/1 3759/1/1 3760/1/1
f 3758/1/1841 3757/1/1841 3753/1/1841
f 3759/1/1842 3758/1/1842 3754/1/1842
f 3760/1/1843 3759/1/1843 3755/1/1843
f 3757/1/1845 3760/1/1845 3756/1/1845
f 3770/1/1 3766/1/1 3767/1/1
f 3767/1/1 3768/1/1 3769/1/1
f 3767/1/1846 3766/1/1846 3761/1/1846
f 3768/1/1847 3767/1/1847 3762/1/1847
f 3769/1/1848 3768/1/1848 3763/1/1848
f 3770/1/1849 3769/1/1849 3764/1/1849
f 3766/1/1850 3770/1/1850 3765/1/1850
f 3782/1/1 3777/1/1 3778/1/1
f 3778/1/1 3779/1/1 3780/1/1
f 3780/1/1 3781/1/1 3782/1/1
f 3778/1/1851 3777/1/1851 3771/1/1851
f 3779/1/1852 3778/1/1852 3772/1/1852
f 3780/1/1853 3779/1/1853 3773/1/1853
f 3781/1/1854 3780/1/1854 3774/1/1854
f 3782/1/1855 3781/1/1855 3775/1/1855
f 3777/1/1856 3782/1/1856 3776/1/1856
f 3792/1/1 3788/1/1 3789/1/1
f 3789/1/1 3790/1/1 3791/1/1
f 3789/1/1857 3788/1/1857 3783/1/1857
f 3790/1/1858 3789/1/1858 3787/1/1858
f 3791/1/1859 3790/1/1859 3786/1/1859
f 3792/1/1860 3791/1/1860 3785/1/1860
f 3788/1/1861 3792/1/1861 3784/1/1861
f 3798/1/1 3799/1/1 3800/1/1
f 3798/1/1862 3797/1/1862 3793/1/1862
f 3799/1/1863 3798/1/1863 3794/1/1863
f 3800/1/1864 3799/1/1864 3795/1/1864
f 3797/1/1865 3800/1/1865 3796/1/1865
f 3814/1/1 3808/1/1 3809/1/1
f 3809/1/1 3810/1/1 3811/1/1
f 3811/1/1 3812/1/1 3813/1/1
f 3813/1/1 3814/1/1 3809/1/1
f 3809/1/1866 3808/1/1866 3801/1/1866
f 3810/1/1867 3809/1/1867 3802/1/1867
f 3811/1/1868 3810/1/1868 3803/1/1868
f 3812/1/1869 3811/1/1869 3804/1/1870
f 3813/1/1871 3812/1/1871 3805/1/1872
f 3814/1/1873 3813/1/1873 3806/1/1873
f 3808/1/1874 3814/1/1874 3807/1/1874
f 3828/1/1 3822/1/1 3823/1/1
f 3823/1/1 3824/1/1 3825/1/1
f 3825/1/1 3826/1/1 3827/1/1
f 3827/1/1 3828/1/1 3823/1/1
f 3823/1/1875 3822/1/1875 3815/1/1875
f 3824/1/1876 3823/1/1876 3816/1/1876
f 3825/1/1877 3824/1/1877 3817/1/1877
f 3826/1/1878 3825/1/1878 3818/1/1878
f 3827/1/1879 3826/1/1880 3819/1/1880
f 3828/1/1881 3827/1/1879 3820/1/1879
f 3822/1/1882 3828/1/1882 3821/1/1882
f 3842/1/1 3836/1/1 3837/1/1
f 3837/1/1 3838/1/1 3839/1/1
f 3839/1/1 3840/1/1 3841/1/1
f 3841/1/1 3842/1/1 3837/1/1
f 3837/1/1883 3836/1/1884 3829/1/1884
f 3838/1/1885 3837/1/1883 3830/1/1883
f 3839/1/1886 3838/1/1886 3831/1/1886
f 3840/1/1887 3839/1/1887 3832/1/1887
f 3841/1/1888 3840/1/1888 3833/1/1888
f 3842/1/1889 3841/1/1889 3834/1/1889
f 3836/1/1890 3842/1/1890 3835/1/1890
f 3862/1/1 3853/1/1 3854/1/1
f 3854/1/1 3855/1/1 3856/1/1
f 3856/1/1 3857/1/1 3858/1/1
f 3858/1/1 3859/1/1 3860/1/1
f 3861/1/1 3862/1/1 3854/1/1
f 3858/1/1 3860/1/1 3861/1/1
f 3854/1/1 3856/1/1 3858/1/1
f 3854/1/1891 3853/1/1892 3843/1/1892
f 3855/1/1893 3854/1/1894 3852/1/1894
f 3856/1/1895 3855/1/1893 3851/1/1893
f 3857/1/1896 3856/1/1895 3850/1/1895
f 3858/1/1897 3857/1/1896 3849/1/1896
f 3859/1/1898 3858/1/1897 3848/1/1897
f 3860/1/1899 3859/1/1899 3847/1/1899
f 3861/1/1900 3860/1/1900 3846/1/1900
f 3862/1/1901 3861/1/1901 3845/1/1901
f 3853/1/1892 3862/1/1902 3844/1/1902
f 3868/1/1 3869/1/1 3870/1/1
f 3868/1/1903 3867/1/1903 3863/1/1903
f 3869/1/1904 3868/1/1904 3864/1/1904
f 3870/1/1905 3869/1/1905 3865/1/1905
f 3867/1/1906 3870/1/1906 3866/1/1906
f 3880/1/1 3876/1/1 3877/1/1
f 3877/1/1 3878/1/1 3879/1/1
f 3877/1/1907 3876/1/1907 3871/1/1907
f 3878/1/1908 3877/1/1908 3875/1/1908
f 3879/1/1909 3878/1/1909 3874/1/1909
f 3880/1/422 3879/1/422 3873/1/422
f 3876/1/1910 3880/1/1910 3872/1/1910
f 3974/1/1 3928/1/1 3929/1/1
f 3929/1/1 3930/1/1 3931/1/1
f 3931/1/1 3932/1/1 3933/1/1
f 3933/1/1 3934/1/1 3935/1/1
f 3933/1/1 3935/1/1 3936/1/1
f 3929/1/1 3931/1/1 3933/1/1
f 3972/1/1 3973/1/1 3974/1/1
f 3974/1/1 3929/1/1 3933/1/1
f 3933/1/1 3936/1/1 3937/1/1
f 3938/1/1 3939/1/1 3940/1/1
f 3974/1/1 3933/1/1 3937/1/1
f 3971/1/1 3972/1/1 3974/1/1
f 3968/1/1 3969/1/1 3970/1/1
f 3970/1/1 3971/1/1 3974/1/1
f 3940/1/1 3941/1/1 3942/1/1
f 3942/1/1 3943/1/1 3944/1/1
f 3944/1/1 3945/1/1 3946/1/1
f 3946/1/1 3947/1/1 3948/1/1
f 3948/1/1 3949/1/1 3950/1/1
f 3948/1/1 3950/1/1 3951/1/1
f 3942/1/1 3944/1/1 3946/1/1
f 3946/1/1 3948/1/1 3951/1/1
f 3952/1/1 3953/1/1 3954/1/1
f 3946/1/1 3951/1/1 3952/1/1
f 3940/1/1 3942/1/1 3946/1/1
f 3938/1/1 3940/1/1 3946/1/1
f 3952/1/1 3954/1/1 3955/1/1
f 3938/1/1 3946/1/1 3952/1/1
f 3968/1/1 3970/1/1 3974/1/1
f 3967/1/1 3968/1/1 3974/1/1
f 3952/1/1 3955/1/1 3956/1/1
f 3952/1/1 3956/1/1 3957/1/1
f 3966/1/1 3967/1/1 3974/1/1
f 3963/1/1 3964/1/1 3965/1/1
f 3965/1/1 3966/1/1 3974/1/1
f 3952/1/1 3957/1/1 3958/1/1
f 3958/1/1 3959/1/1 3960/1/1
f 3952/1/1 3958/1/1 3960/1/1
f 3963/1/1 3965/1/1 3974/1/1
f 3962/1/1 3963/1/1 3974/1/1
f 3938/1/1 3952/1/1 3960/1/1
f 3961/1/1 3962/1/1 3974/1/1
f 3938/1/1 3960/1/1 3961/1/1
f 3961/1/1 3974/1/1 3937/1/1
f 3929/1/1911 3928/1/1911 3881/1/1911
f 3930/1/1912 3929/1/1913 3882/1/1913
f 3931/1/36 3930/1/1912 3883/1/1912
f 3932/1/1914 3931/1/1914 3884/1/1914
f 3933/1/1915 3932/1/1916 3885/1/1916
f 3934/1/1917 3933/1/1915 3886/1/1915
f 3935/1/1918 3934/1/1919 3887/1/1919
f 3936/1/1920 3935/1/1918 3888/1/1918
f 3937/1/1921 3936/1/1921 3889/1/1921
f 3938/1/1922 3937/1/1922 3890/1/1922
f 3939/1/1923 3938/1/1923 3891/1/1923
f 3940/1/1924 3939/1/1924 3892/1/1924
f 3941/1/1925 3940/1/1925 3893/1/1925
f 3942/1/1926 3941/1/1926 3894/1/1926
f 3943/1/1927 3942/1/1928 3895/1/1928
f 3944/1/1929 3943/1/1927 3896/1/1927
f 3945/1/1930 3944/1/1929 3897/1/1929
f 3946/1/1931 3945/1/1931 3898/1/1931
f 3947/1/1932 3946/1/1932 3899/1/1932
f 3948/1/1933 3947/1/1933 3900/1/1933
f 3949/1/1934 3948/1/1934 3901/1/1934
f 3950/1/1935 3949/1/1935 3902/1/1935
f 3951/1/1936 3950/1/1936 3903/1/1936
f 3952/1/1556 3951/1/1556 3904/1/1556
f 3953/1/1937 3952/1/1937 3905/1/1937
f 3954/1/1938 3953/1/1938 3906/1/1938
f 3955/1/1939 3954/1/1939 3907/1/1939
f 3956/1/1940 3955/1/1940 3908/1/1940
f 3957/1/1941 3956/1/1941 3909/1/1941
f 3958/1/1942 3957/1/1942 3910/1/1942
f 3959/1/1943 3958/1/1943 3911/1/1943
f 3960/1/1944 3959/1/1944 3912/1/1944
f 3961/1/1945 3960/1/1945 3913/1/1945
f 3962/1/1946 3961/1/1946 3914/1/1946
f 3963/1/1947 3962/1/1948 3915/1/1948
f 3964/1/1949 3963/1/1947 3916/1/1947
f 3965/1/1950 3964/1/1950 3917/1/1950
f 3966/1/1951 3965/1/1951 3918/1/1951
f 3967/1/1952 3966/1/1952 3919/1/1952
f 3968/1/1953 3967/1/1953 3920/1/1953
f 3969/1/1954 3968/1/1954 3921/1/1954
f 3970/1/1955 3969/1/1955 3922/1/1955
f 3971/1/848 3970/1/848 3923/1/848
f 3972/1/1957 3971/1/1958 3924/1/1958
f 3973/1/1959 3972/1/1957 3925/1/1957
f 3974/1/1960 3973/1/1959 3926/1/1959
f 3928/1/1961 3974/1/1961 3927/1/1961
f 3986/1/1 3981/1/1 3982/1/1
f 3982/1/1 3983/1/1 3984/1/1
f 3984/1/1 3985/1/1 3986/1/1
f 3982/1/341 3981/1/341 3975/1/341
f 3983/1/1962 3982/1/1183 3980/1/1183
f 3984/1/1963 3983/1/1962 3979/1/1962
f 3985/1/1368 3984/1/1368 3978/1/1368
f 3986/1/460 3985/1/1964 3977/1/1964
f 3981/1/1965 3986/1/460 3976/1/460
f 3992/1/1 3993/1/1 3994/1/1
f 3992/1/1966 3991/1/1966 3987/1/1966
f 3993/1/1967 3992/1/1967 3990/1/1967
f 3994/1/1968 3993/1/1968 3989/1/1968
f 3991/1/1969 3994/1/1969 3988/1/1969
f 4000/1/1 4001/1/1 4002/1/1
f 4000/1/1970 3999/1/1970 3995/1/1970
f 4001/1/1971 4000/1/1971 3998/1/1971
f 4002/1/1972 4001/1/1972 3997/1/1972
f 3999/1/1973 4002/1/1973 3996/1/1973
f 4008/1/1 4009/1/1 4010/1/1
f 4008/1/1974 4007/1/1974 4003/1/1974
f 4009/1/1975 4008/1/1975 4006/1/1975
f 4010/1/1976 4009/1/1976 4005/1/1976
f 4007/1/1977 4010/1/1977 4004/1/1977
f 4028/1/1 4020/1/1 4021/1/1
f 4021/1/1 4022/1/1 4023/1/1
f 4023/1/1 4024/1/1 4025/1/1
f 4025/1/1 4026/1/1 4027/1/1
f 4027/1/1 4028/1/1 4021/1/1
f 4021/1/1 4023/1/1 4025/1/1
f 4021/1/1978 4020/1/1978 4011/1/1978
f 4022/1/1979 4021/1/1979 4019/1/1979
f 4023/1/1980 4022/1/1980 4018/1/1980
f 4024/1/1981 4023/1/1981 4017/1/1981
f 4025/1/1982 4024/1/1982 4016/1/1982
f 4026/1/1983 4025/1/1983 4015/1/1983
f 4027/1/1984 4026/1/1984 4014/1/1984
f 4028/1/1985 4027/1/1985 4013/1/1985
f 4020/1/1986 4028/1/1986 4012/1/1986
f 4050/1/1 4040/1/1 4041/1/1
f 4050/1/1 4041/1/1 4042/1/1
f 4048/1/1 4049/1/1 4050/1/1
f 4046/1/1 4047/1/1 4048/1/1
f 4044/1/1 4045/1/1 4046/1/1
f 4050/1/1 4042/1/1 4043/1/1
f 4043/1/1 4044/1/1 4046/1/1
f 4046/1/1 4048/1/1 4050/1/1
f 4041/1/1987 4040/1/1987 4029/1/1987
f 4042/1/1988 4041/1/1988 4039/1/1988
f 4043/1/1989 4042/1/1989 4038/1/1989
f 4044/1/1990 4043/1/1990 4037/1/1990
f 4045/1/1991 4044/1/1991 4036/1/1991
f 4046/1/1992 4045/1/1992 4035/1/1992
f 4047/1/1993 4046/1/1993 4034/1/1993
f 4048/1/1994 4047/1/1994 4033/1/1994
f 4049/1/1995 4048/1/1995 4032/1/1995
f 4050/1/1996 4049/1/1996 4031/1/1996
f 4040/1/1997 4050/1/1997 4030/1/1997
f 4056/1/1 4057/1/1 4058/1/1
f 4056/1/1998 4055/1/1998 4051/1/1998
f 4057/1/1999 4056/1/1999 4054/1/1999
f 4058/1/295 4057/1/295 4053/1/295
f 4055/1/2000 4058/1/2000 4052/1/2000
f 4063/1/1 4064/1/1 4065/1/1
f 4064/1/2001 4063/1/2001 4059/1/2001
f 4065/1/2002 4064/1/2002 4062/1/2002
f 4066/1/2003 4065/1/2003 4061/1/2003
f 4063/1/2004 4066/1/2004 4060/1/2004
f 4071/1/1 4072/1/1 4073/1/1
f 4072/1/2005 4071/1/2005 4067/1/2005
f 4073/1/2006 4072/1/2006 4070/1/2006
f 4074/1/2007 4073/1/2007 4069/1/2007
f 4071/1/2008 4074/1/2008 4068/1/2008
f 4079/1/1 4080/1/1 4081/1/1
f 4080/1/2009 4079/1/2009 4075/1/2009
f 4081/1/2010 4080/1/2010 4078/1/2010
f 4082/1/2011 4081/1/2011 4077/1/2011
f 4079/1/2012 4082/1/2012 4076/1/2012
f 4106/1/1 4095/1/1 4096/1/1
f 4097/1/1 4098/1/1 4099/1/1
f 4106/1/1 4096/1/1 4097/1/1
f 4104/1/1 4105/1/1 4106/1/1
f 4103/1/1 4104/1/1 4106/1/1
f 4099/1/1 4100/1/1 4101/1/1
f 4102/1/1 4103/1/1 4106/1/1
f 4097/1/1 4099/1/1 4101/1/1
f 4102/1/1 4106/1/1 4097/1/1
f 4096/1/2013 4095/1/2013 4083/1/2013
f 4097/1/2014 4096/1/2014 4094/1/2014
f 4098/1/2015 4097/1/2015 4093/1/2015
f 4099/1/2016 4098/1/2016 4092/1/2016
f 4100/1/2017 4099/1/2017 4091/1/2017
f 4101/1/2018 4100/1/2018 4090/1/2018
f 4102/1/2019 4101/1/2019 4089/1/2019
f 4103/1/2020 4102/1/2020 4088/1/2020
f 4104/1/2021 4103/1/2021 4087/1/2021
f 4105/1/2022 4104/1/2022 4086/1/2022
f 4106/1/2023 4105/1/2023 4085/1/2023
f 4095/1/2024 4106/1/2024 4084/1/2024
f 4115/1/1 4116/1/1 4117/1/1
f 4115/1/1 4117/1/1 4118/1/1
f 4120/1/1 4121/1/1 4122/1/1
f 4115/1/1 4118/1/1 4119/1/1
f 4119/1/1 4120/1/1 4122/1/1
f 4116/1/2025 4115/1/2025 4107/1/2025
f 4117/1/2026 4116/1/2026 4114/1/2026
f 4118/1/2027 4117/1/2027 4113/1/2027
f 4119/1/2028 4118/1/2028 4112/1/2028
f 4120/1/2029 4119/1/2029 4111/1/2029
f 4121/1/2030 4120/1/2030 4110/1/2030
f 4122/1/2031 4121/1/2031 4109/1/2031
f 4115/1/920 4122/1/920 4108/1/920
f 4134/1/1 4129/1/1 4130/1/1
f 4131/1/1 4132/1/1 4133/1/1
f 4134/1/1 4130/1/1 4131/1/1
f 4130/1/2032 4129/1/2032 4123/1/2032
f 4131/1/2033 4130/1/2033 4128/1/2033
f 4132/1/2034 4131/1/2034 4127/1/2034
f 4133/1/2035 4132/1/2035 4126/1/2035
f 4134/1/2036 4133/1/2036 4125/1/2036
f 4129/1/2037 4134/1/3710 4124/1/2037
f 4139/1/1 4140/1/1 4141/1/1
f 4140/1/2038 4139/1/2038 4135/1/2038
f 4141/1/2039 4140/1/2039 4138/1/2039
f 4142/1/2040 4141/1/2040 4137/1/2040
f 4139/1/1059 4142/1/1059 4136/1/1059
f 4147/1/1 4148/1/1 4149/1/1
f 4148/1/2041 4147/1/2041 4143/1/2041
f 4149/1/2042 4148/1/2042 4146/1/2042
f 4150/1/2043 4149/1/2043 4145/1/2043
f 4147/1/1059 4150/1/1059 4144/1/1059
f 4155/1/1 4156/1/1 4157/1/1
f 4156/1/2041 4155/1/2041 4151/1/2041
f 4157/1/2042 4156/1/2042 4154/1/2042
f 4158/1/2043 4157/1/2043 4153/1/2043
f 4155/1/1059 4158/1/1059 4152/1/1059
f 4163/1/1 4164/1/1 4165/1/1
f 4164/1/2041 4163/1/2041 4159/1/2041
f 4165/1/2042 4164/1/2042 4162/1/2042
f 4166/1/2043 4165/1/2043 4161/1/2043
f 4163/1/1059 4166/1/1059 4160/1/1059
f 4171/1/1 4172/1/1 4173/1/1
f 4172/1/2044 4171/1/2044 4167/1/2044
f 4173/1/2045 4172/1/2045 4170/1/2045
f 4174/1/2043 4173/1/2043 4169/1/2043
f 4171/1/1059 4174/1/1059 4168/1/1059
f 4179/1/1 4180/1/1 4181/1/1
f 4180/1/2046 4179/1/2046 4175/1/2046
f 4181/1/2047 4180/1/2047 4178/1/2047
f 4182/1/2048 4181/1/2048 4177/1/2048
f 4179/1/2049 4182/1/2049 4176/1/2049
f 4187/1/1 4188/1/1 4189/1/1
f 4188/1/2046 4187/1/2046 4183/1/2046
f 4189/1/2047 4188/1/2047 4186/1/2047
f 4190/1/2050 4189/1/2050 4185/1/2050
f 4187/1/702 4190/1/702 4184/1/702
f 4195/1/1 4196/1/1 4197/1/1
f 4196/1/2046 4195/1/2046 4191/1/2046
f 4197/1/2047 4196/1/2047 4194/1/2047
f 4198/1/2048 4197/1/2048 4193/1/2048
f 4195/1/2051 4198/1/2051 4192/1/2051
f 4204/1/1 4205/1/1 4206/1/1
f 4204/1/2052 4203/1/2052 4199/1/2052
f 4205/1/2053 4204/1/2053 4200/1/2053
f 4206/1/2054 4205/1/2054 4201/1/2054
f 4203/1/2055 4206/1/2055 4202/1/2055
f 4218/1/1 4213/1/1 4214/1/1
f 4214/1/1 4215/1/1 4216/1/1
f 4216/1/1 4217/1/1 4218/1/1
f 4214/1/2056 4213/1/2056 4207/1/2056
f 4215/1/2057 4214/1/2057 4208/1/2057
f 4216/1/2058 4215/1/2058 4209/1/2058
f 4217/1/2059 4216/1/2059 4210/1/2059
f 4218/1/2060 4217/1/2060 4211/1/2060
f 4213/1/2061 4218/1/2061 4212/1/2061
f 4224/1/1 4225/1/1 4226/1/1
f 4224/1/2062 4223/1/2062 4219/1/2062
f 4225/1/2063 4224/1/2063 4220/1/2063
f 4226/1/2064 4225/1/2064 4221/1/2064
f 4223/1/2065 4226/1/2065 4222/1/2065
f 4231/1/1 4232/1/1 4233/1/1
f 4232/1/2066 4231/1/2066 4227/1/2066
f 4233/1/2067 4232/1/2067 4228/1/2067
f 4234/1/2068 4233/1/2068 4229/1/2068
f 4231/1/2069 4234/1/2069 4230/1/2069
f 4244/1/1 4240/1/1 4241/1/1
f 4241/1/1 4242/1/1 4243/1/1
f 4241/1/2070 4240/1/2070 4235/1/2070
f 4242/1/2071 4241/1/2071 4236/1/2071
f 4243/1/2072 4242/1/2072 4237/1/2072
f 4244/1/2073 4243/1/2073 4238/1/2073
f 4240/1/2074 4244/1/2074 4239/1/2074
f 4256/1/1 4251/1/1 4252/1/1
f 4253/1/1 4254/1/1 4255/1/1
f 4256/1/1 4252/1/1 4253/1/1
f 4252/1/2075 4251/1/2075 4245/1/2075
f 4253/1/2076 4252/1/2076 4246/1/2076
f 4254/1/2077 4253/1/2077 4247/1/2077
f 4255/1/2078 4254/1/3711 4248/1/2078
f 4256/1/2079 4255/1/2079 4249/1/2079
f 4251/1/2080 4256/1/2080 4250/1/2080
f 4262/1/1 4263/1/1 4264/1/1
f 4262/1/2081 4261/1/2081 4257/1/2081
f 4263/1/291 4262/1/291 4258/1/291
f 4264/1/1137 4263/1/1137 4259/1/1137
f 4261/1/235 4264/1/235 4260/1/235
f 4269/1/1 4270/1/1 4271/1/1
f 4270/1/1233 4269/1/1233 4265/1/1233
f 4271/1/2082 4270/1/2082 4266/1/2082
f 4272/1/1232 4271/1/1232 4267/1/1232
f 4269/1/2083 4272/1/2083 4268/1/2083
f 4278/1/1 4279/1/1 4280/1/1
f 4278/1/2084 4277/1/2084 4273/1/2084
f 4279/1/2085 4278/1/3712 4274/1/2085
f 4280/1/2086 4279/1/2086 4275/1/2086
f 4277/1/2087 4280/1/2087 4276/1/2087
f 4285/1/1 4286/1/1 4287/1/1
f 4286/1/2088 4285/1/2088 4281/1/2088
f 4287/1/2089 4286/1/2089 4282/1/2089
f 4288/1/2090 4287/1/2090 4283/1/2090
f 4285/1/2091 4288/1/2091 4284/1/2091
f 4293/1/1 4294/1/1 4295/1/1
f 4294/1/2092 4293/1/2092 4289/1/2092
f 4295/1/2093 4294/1/2093 4290/1/2093
f 4296/1/2094 4295/1/2094 4291/1/2094
f 4293/1/2095 4296/1/2095 4292/1/2095
f 4302/1/1 4303/1/1 4304/1/1
f 4302/1/2096 4301/1/2096 4297/1/2096
f 4303/1/2097 4302/1/2097 4298/1/2097
f 4304/1/2099 4303/1/2099 4299/1/2099
f 4301/1/2100 4304/1/2100 4300/1/2100
f 4310/1/1 4311/1/1 4312/1/1
f 4310/1/2101 4309/1/2101 4305/1/2101
f 4311/1/2102 4310/1/2102 4306/1/2102
f 4312/1/1963 4311/1/1963 4307/1/1963
f 4309/1/2103 4312/1/2103 4308/1/2103
f 4318/1/1 4319/1/1 4320/1/1
f 4318/1/2104 4317/1/2104 4313/1/2104
f 4319/1/2105 4318/1/2105 4314/1/2105
f 4320/1/2106 4319/1/2106 4315/1/2106
f 4317/1/2107 4320/1/2107 4316/1/2107
f 4332/1/1 4327/1/1 4328/1/1
f 4328/1/1 4329/1/1 4330/1/1
f 4330/1/1 4331/1/1 4332/1/1
f 4328/1/2108 4327/1/2108 4321/1/2108
f 4329/1/529 4328/1/529 4322/1/529
f 4330/1/530 4329/1/530 4323/1/530
f 4331/1/2109 4330/1/2109 4324/1/2109
f 4332/1/2110 4331/1/2110 4325/1/2110
f 4327/1/2111 4332/1/2111 4326/1/2111
f 4345/1/1 4346/1/1 4347/1/1
f 4345/1/1 4347/1/1 4348/1/1
f 4355/1/1 4356/1/1 4345/1/1
f 4352/1/1 4353/1/1 4354/1/1
f 4354/1/1 4355/1/1 4345/1/1
f 4345/1/1 4348/1/1 4349/1/1
f 4349/1/1 4350/1/1 4351/1/1
f 4351/1/1 4352/1/1 4354/1/1
f 4354/1/1 4345/1/1 4349/1/1
f 4346/1/130 4345/1/130 4333/1/130
f 4347/1/64 4346/1/64 4334/1/64
f 4348/1/112 4347/1/112 4335/1/112
f 4349/1/2112 4348/1/2112 4336/1/2112
f 4350/1/2113 4349/1/2113 4337/1/2113
f 4351/1/2114 4350/1/2114 4338/1/2114
f 4352/1/1249 4351/1/1249 4339/1/1249
f 4353/1/303 4352/1/303 4340/1/303
f 4354/1/87 4353/1/87 4341/1/87
f 4355/1/2115 4354/1/2115 4342/1/2116
f 4356/1/2117 4355/1/2117 4343/1/2117
f 4345/1/2118 4356/1/2118 4344/1/2118
f 4361/1/1 4362/1/1 4363/1/1
f 4362/1/2119 4361/1/2119 4357/1/2119
f 4363/1/129 4362/1/129 4358/1/129
f 4364/1/2120 4363/1/2120 4359/1/2120
f 4361/1/62 4364/1/62 4360/1/62
f 4369/1/1 4370/1/1 4371/1/1
f 4370/1/529 4369/1/529 4365/1/529
f 4371/1/2121 4370/1/2121 4366/1/2121
f 4372/1/531 4371/1/531 4367/1/531
f 4369/1/2122 4372/1/2122 4368/1/2122
f 4378/1/1 4379/1/1 4380/1/1
f 4378/1/2123 4377/1/2123 4373/1/2123
f 4379/1/2124 4378/1/2124 4374/1/2124
f 4380/1/2125 4379/1/2125 4375/1/2125
f 4377/1/2126 4380/1/2126 4376/1/2126
f 4390/1/1 4386/1/1 4387/1/1
f 4387/1/1 4388/1/1 4389/1/1
f 4387/1/2127 4386/1/2127 4381/1/2127
f 4388/1/2128 4387/1/2128 4382/1/2128
f 4389/1/2129 4388/1/2129 4383/1/2129
f 4390/1/2130 4389/1/2130 4384/1/2130
f 4386/1/2131 4390/1/2131 4385/1/2131
f 4400/1/1 4396/1/1 4397/1/1
f 4397/1/1 4398/1/1 4399/1/1
f 4397/1/2132 4396/1/2132 4391/1/2132
f 4398/1/2133 4397/1/2133 4392/1/2133
f 4399/1/2134 4398/1/2134 4393/1/2134
f 4400/1/2135 4399/1/2135 4394/1/2135
f 4396/1/2136 4400/1/2136 4395/1/2136
f 4407/1/1 4408/1/1 4409/1/1
f 4409/1/1 4410/1/1 4411/1/1
f 4411/1/1 4412/1/1 4407/1/1
f 4408/1/2137 4407/1/2137 4401/1/2137
f 4409/1/2138 4408/1/2138 4402/1/2138
f 4410/1/2139 4409/1/2139 4403/1/2139
f 4411/1/2140 4410/1/2140 4404/1/2140
f 4412/1/2141 4411/1/2141 4405/1/2141
f 4407/1/364 4412/1/364 4406/1/364
f 4419/1/1 4420/1/1 4421/1/1
f 4421/1/1 4422/1/1 4423/1/1
f 4423/1/1 4424/1/1 4419/1/1
f 4420/1/2142 4419/1/2142 4413/1/2142
f 4421/1/694 4420/1/694 4414/1/694
f 4422/1/2143 4421/1/2143 4415/1/2143
f 4423/1/2144 4422/1/2144 4416/1/2144
f 4424/1/2081 4423/1/2081 4417/1/2081
f 4419/1/2145 4424/1/2145 4418/1/2145
f 4440/1/1 4433/1/1 4434/1/1
f 4434/1/1 4435/1/1 4436/1/1
f 4436/1/1 4437/1/1 4438/1/1
f 4438/1/1 4439/1/1 4440/1/1
f 4440/1/1 4434/1/1 4436/1/1
f 4434/1/2146 4433/1/2146 4425/1/2146
f 4435/1/2147 4434/1/2147 4426/1/2147
f 4436/1/2148 4435/1/2148 4427/1/2148
f 4437/1/2077 4436/1/2077 4428/1/2077
f 4438/1/1169 4437/1/1169 4429/1/1169
f 4439/1/2149 4438/1/2149 4430/1/2149
f 4440/1/2150 4439/1/2150 4431/1/2150
f 4433/1/2151 4440/1/2151 4432/1/2151
f 4447/1/1 4448/1/1 4449/1/1
f 4449/1/1 4450/1/1 4451/1/1
f 4451/1/1 4452/1/1 4447/1/1
f 4448/1/2152 4447/1/2152 4441/1/2152
f 4449/1/2153 4448/1/2153 4442/1/2153
f 4450/1/2154 4449/1/2154 4443/1/2154
f 4451/1/2155 4450/1/2155 4444/1/2155
f 4452/1/1365 4451/1/1365 4445/1/1365
f 4447/1/2156 4452/1/2156 4446/1/2156
f 4464/1/1 4459/1/1 4460/1/1
f 4460/1/1 4461/1/1 4462/1/1
f 4462/1/1 4463/1/1 4464/1/1
f 4460/1/2157 4459/1/2157 4453/1/2157
f 4461/1/2158 4460/1/2158 4454/1/2158
f 4462/1/2159 4461/1/2159 4455/1/2159
f 4463/1/2160 4462/1/2160 4456/1/2160
f 4464/1/2161 4463/1/2161 4457/1/2161
f 4459/1/2162 4464/1/2162 4458/1/2162
f 4480/1/1 4473/1/1 4474/1/1
f 4474/1/1 4475/1/1 4476/1/1
f 4477/1/1 4478/1/1 4479/1/1
f 4474/1/1 4476/1/1 4477/1/1
f 4477/1/1 4479/1/1 4480/1/1
f 4474/1/2163 4473/1/2163 4465/1/2163
f 4475/1/2164 4474/1/2164 4466/1/2164
f 4476/1/2165 4475/1/2165 4467/1/2165
f 4477/1/2166 4476/1/2166 4468/1/2166
f 4478/1/2167 4477/1/2167 4469/1/2167
f 4479/1/2168 4478/1/2168 4470/1/2168
f 4480/1/2169 4479/1/2169 4471/1/2169
f 4473/1/2170 4480/1/3713 4472/1/2170
f 4485/1/1 4486/1/1 4487/1/1
f 4486/1/2171 4485/1/2171 4481/1/2171
f 4487/1/2172 4486/1/2172 4482/1/2172
f 4488/1/2173 4487/1/2173 4483/1/2173
f 4485/1/2174 4488/1/2174 4484/1/2174
f 4500/1/1 4495/1/1 4496/1/1
f 4496/1/1 4497/1/1 4498/1/1
f 4498/1/1 4499/1/1 4500/1/1
f 4496/1/996 4495/1/996 4489/1/996
f 4497/1/2175 4496/1/2175 4490/1/2175
f 4498/1/2176 4497/1/2176 4491/1/2176
f 4499/1/2177 4498/1/2177 4492/1/2177
f 4500/1/2179 4499/1/2179 4493/1/2179
f 4495/1/2180 4500/1/2180 4494/1/2180
f 4512/1/1 4507/1/1 4508/1/1
f 4508/1/1 4509/1/1 4510/1/1
f 4510/1/1 4511/1/1 4512/1/1
f 4508/1/2181 4507/1/2181 4501/1/2181
f 4509/1/2182 4508/1/2182 4502/1/2182
f 4510/1/2183 4509/1/2183 4503/1/2183
f 4511/1/2184 4510/1/2184 4504/1/2184
f 4512/1/2186 4511/1/2186 4505/1/2186
f 4507/1/2187 4512/1/2187 4506/1/2187
f 4522/1/1 4523/1/1 4524/1/1
f 4524/1/1 4525/1/1 4526/1/1
f 4526/1/1 4527/1/1 4528/1/1
f 4529/1/1 4530/1/1 4522/1/1
f 4526/1/1 4528/1/1 4529/1/1
f 4529/1/1 4522/1/1 4524/1/1
f 4523/1/2188 4522/1/2188 4513/1/2188
f 4524/1/2189 4523/1/2189 4514/1/2189
f 4525/1/2190 4524/1/2190 4515/1/2190
f 4526/1/2191 4525/1/2191 4516/1/2191
f 4527/1/2192 4526/1/2192 4517/1/2192
f 4528/1/2193 4527/1/2193 4518/1/2193
f 4529/1/2194 4528/1/2194 4519/1/2195
f 4530/1/2196 4529/1/2196 4520/1/2196
f 4522/1/2197 4530/1/2197 4521/1/2198
f 4535/1/1 4536/1/1 4537/1/1
f 4536/1/2199 4535/1/2199 4531/1/2199
f 4537/1/2200 4536/1/2200 4532/1/2200
f 4538/1/2201 4537/1/2201 4533/1/2201
f 4535/1/2202 4538/1/2202 4534/1/2202
f 4543/1/1 4544/1/1 4545/1/1
f 4544/1/2203 4543/1/2203 4539/1/2203
f 4545/1/2204 4544/1/2204 4540/1/2204
f 4546/1/2205 4545/1/2205 4541/1/2205
f 4543/1/2206 4546/1/2206 4542/1/2206
f 4552/1/1 4553/1/1 4554/1/1
f 4552/1/2207 4551/1/2207 4547/1/2207
f 4553/1/2208 4552/1/2208 4548/1/2208
f 4554/1/2209 4553/1/2209 4549/1/2209
f 4551/1/2210 4554/1/3714 4550/1/2210
f 4559/1/1 4560/1/1 4561/1/1
f 4560/1/2211 4559/1/2211 4555/1/2211
f 4561/1/2212 4560/1/2212 4556/1/2212
f 4562/1/2213 4561/1/2213 4557/1/2213
f 4559/1/2214 4562/1/3715 4558/1/2214
f 4567/1/1 4568/1/1 4569/1/1
f 4568/1/2215 4567/1/2215 4563/1/2215
f 4569/1/2216 4568/1/2216 4564/1/2216
f 4570/1/2217 4569/1/2217 4565/1/2217
f 4567/1/2218 4570/1/2218 4566/1/2218
f 4582/1/1 4577/1/1 4578/1/1
f 4578/1/1 4579/1/1 4580/1/1
f 4580/1/1 4581/1/1 4582/1/1
f 4578/1/2219 4577/1/2219 4571/1/2219
f 4579/1/2220 4578/1/2220 4572/1/2220
f 4580/1/2221 4579/1/2221 4573/1/2221
f 4581/1/2222 4580/1/2222 4574/1/2222
f 4582/1/2223 4581/1/2223 4575/1/2223
f 4577/1/2224 4582/1/2224 4576/1/2224
f 4587/1/1 4588/1/1 4589/1/1
f 4588/1/2225 4587/1/2225 4583/1/2225
f 4589/1/2204 4588/1/2204 4584/1/2204
f 4590/1/2226 4589/1/2226 4585/1/2226
f 4587/1/2227 4590/1/2227 4586/1/2227
f 4597/1/1 4598/1/1 4599/1/1
f 4599/1/1 4600/1/1 4601/1/1
f 4601/1/1 4602/1/1 4597/1/1
f 4598/1/2228 4597/1/2228 4591/1/2228
f 4599/1/2194 4598/1/2194 4592/1/2194
f 4600/1/2229 4599/1/2229 4593/1/2229
f 4601/1/2230 4600/1/2230 4594/1/2230
f 4602/1/2231 4601/1/2231 4595/1/2231
f 4597/1/2232 4602/1/2232 4596/1/2232
f 4618/1/1 4611/1/1 4612/1/1
f 4612/1/1 4613/1/1 4614/1/1
f 4615/1/1 4616/1/1 4617/1/1
f 4612/1/1 4614/1/1 4615/1/1
f 4615/1/1 4617/1/1 4618/1/1
f 4612/1/2233 4611/1/2233 4603/1/2233
f 4613/1/2234 4612/1/2234 4604/1/2234
f 4614/1/2235 4613/1/2235 4605/1/2235
f 4615/1/2236 4614/1/2236 4606/1/2236
f 4616/1/2237 4615/1/2237 4607/1/2237
f 4617/1/711 4616/1/711 4608/1/711
f 4618/1/2238 4617/1/2238 4609/1/2238
f 4611/1/2239 4618/1/2239 4610/1/2239
f 4623/1/1 4624/1/1 4625/1/1
f 4624/1/2240 4623/1/2240 4619/1/2240
f 4625/1/2241 4624/1/2241 4620/1/2241
f 4626/1/2242 4625/1/2242 4621/1/2242
f 4623/1/2243 4626/1/2243 4622/1/2243
f 4631/1/1 4632/1/1 4633/1/1
f 4632/1/2244 4631/1/2244 4627/1/2244
f 4633/1/2245 4632/1/2245 4628/1/2245
f 4634/1/2246 4633/1/2246 4629/1/2246
f 4631/1/1364 4634/1/1364 4630/1/1364
f 4646/1/1 4641/1/1 4642/1/1
f 4642/1/1 4643/1/1 4644/1/1
f 4645/1/1 4646/1/1 4642/1/1
f 4642/1/2247 4641/1/2247 4635/1/2247
f 4643/1/2248 4642/1/2248 4636/1/2248
f 4644/1/2249 4643/1/2249 4637/1/2249
f 4645/1/2250 4644/1/2250 4638/1/2251
f 4646/1/2252 4645/1/2252 4639/1/2252
f 4641/1/2253 4646/1/2253 4640/1/2253
f 4651/1/1 4652/1/1 4653/1/1
f 4652/1/2254 4651/1/2254 4647/1/2254
f 4653/1/2255 4652/1/2255 4648/1/2255
f 4654/1/2256 4653/1/2256 4649/1/2256
f 4651/1/2257 4654/1/2257 4650/1/2257
f 4660/1/1 4661/1/1 4662/1/1
f 4660/1/2258 4659/1/2258 4655/1/2258
f 4661/1/2259 4660/1/2259 4656/1/2259
f 4662/1/2260 4661/1/2260 4657/1/2260
f 4659/1/2261 4662/1/2261 4658/1/2261
f 4667/1/1 4668/1/1 4669/1/1
f 4668/1/2262 4667/1/2262 4663/1/2262
f 4669/1/2263 4668/1/2263 4664/1/2263
f 4670/1/2264 4669/1/2264 4665/1/2264
f 4667/1/2265 4670/1/2265 4666/1/2265
f 4675/1/1 4676/1/1 4677/1/1
f 4676/1/2266 4675/1/2266 4671/1/2266
f 4677/1/2267 4676/1/2267 4672/1/2267
f 4678/1/2268 4677/1/2268 4673/1/2268
f 4675/1/2269 4678/1/2269 4674/1/2269
f 4683/1/1 4684/1/1 4685/1/1
f 4684/1/2270 4683/1/2270 4679/1/2270
f 4685/1/2271 4684/1/2271 4680/1/2271
f 4686/1/2272 4685/1/2272 4681/1/2272
f 4683/1/2273 4686/1/2273 4682/1/2273
f 4691/1/1 4692/1/1 4693/1/1
f 4692/1/2274 4691/1/2274 4687/1/2274
f 4693/1/2275 4692/1/2275 4688/1/2275
f 4694/1/2276 4693/1/2276 4689/1/2276
f 4691/1/2277 4694/1/2277 4690/1/2277
f 4699/1/1 4700/1/1 4701/1/1
f 4700/1/2278 4699/1/2278 4695/1/2278
f 4701/1/1532 4700/1/1532 4696/1/1532
f 4702/1/2279 4701/1/2279 4697/1/2279
f 4699/1/2280 4702/1/2280 4698/1/2280
f 4707/1/1 4708/1/1 4709/1/1
f 4708/1/2281 4707/1/2281 4703/1/2281
f 4709/1/2158 4708/1/2158 4704/1/2158
f 4710/1/2282 4709/1/2282 4705/1/2282
f 4707/1/2283 4710/1/2283 4706/1/2283
f 4722/1/1 4717/1/1 4718/1/1
f 4718/1/1 4719/1/1 4720/1/1
f 4720/1/1 4721/1/1 4722/1/1
f 4718/1/2284 4717/1/2284 4711/1/2284
f 4719/1/2285 4718/1/2285 4712/1/2285
f 4720/1/2286 4719/1/2286 4713/1/2286
f 4721/1/2287 4720/1/2287 4714/1/2287
f 4722/1/2288 4721/1/2288 4715/1/2288
f 4717/1/2289 4722/1/2289 4716/1/2289
f 4727/1/1 4728/1/1 4729/1/1
f 4728/1/2290 4727/1/2290 4723/1/2290
f 4729/1/2291 4728/1/2291 4724/1/2291
f 4730/1/2292 4729/1/2292 4725/1/2292
f 4727/1/2293 4730/1/2293 4726/1/2293
f 4735/1/1 4736/1/1 4737/1/1
f 4736/1/2294 4735/1/2294 4731/1/2294
f 4737/1/2295 4736/1/2295 4732/1/2295
f 4738/1/2296 4737/1/2296 4733/1/2296
f 4735/1/2297 4738/1/2297 4734/1/2297
f 4743/1/1 4744/1/1 4745/1/1
f 4744/1/2298 4743/1/2298 4739/1/2298
f 4745/1/2299 4744/1/2299 4740/1/2299
f 4746/1/2296 4745/1/2296 4741/1/2296
f 4743/1/2300 4746/1/2300 4742/1/2300
f 4751/1/1 4752/1/1 4753/1/1
f 4752/1/2301 4751/1/2301 4747/1/2301
f 4753/1/2299 4752/1/2299 4748/1/2299
f 4754/1/2296 4753/1/2296 4749/1/2296
f 4751/1/2297 4754/1/2297 4750/1/2297
f 4759/1/1 4760/1/1 4761/1/1
f 4760/1/2301 4759/1/2301 4755/1/2301
f 4761/1/2299 4760/1/2299 4756/1/2299
f 4762/1/2302 4761/1/2302 4757/1/2302
f 4759/1/2300 4762/1/2300 4758/1/2300
f 4767/1/1 4768/1/1 4769/1/1
f 4768/1/2303 4767/1/2303 4763/1/2303
f 4769/1/2299 4768/1/2299 4764/1/2299
f 4770/1/2304 4769/1/2304 4765/1/2304
f 4767/1/2297 4770/1/2297 4766/1/2297
f 4775/1/1 4776/1/1 4777/1/1
f 4776/1/2305 4775/1/2305 4771/1/2305
f 4777/1/2306 4776/1/2306 4772/1/2306
f 4778/1/2307 4777/1/2307 4773/1/2307
f 4775/1/2308 4778/1/2308 4774/1/2308
f 4783/1/1 4784/1/1 4785/1/1
f 4784/1/2309 4783/1/2309 4779/1/2309
f 4785/1/2310 4784/1/2310 4780/1/2310
f 4786/1/2311 4785/1/2311 4781/1/2311
f 4783/1/2312 4786/1/2312 4782/1/2312
f 4791/1/1 4792/1/1 4793/1/1
f 4792/1/2313 4791/1/2313 4787/1/2313
f 4793/1/2314 4792/1/2314 4788/1/2314
f 4794/1/2315 4793/1/2315 4789/1/2315
f 4791/1/2316 4794/1/2316 4790/1/2316
f 4799/1/1 4800/1/1 4801/1/1
f 4800/1/2317 4799/1/2317 4795/1/2317
f 4801/1/2318 4800/1/2318 4796/1/2318
f 4802/1/2319 4801/1/2319 4797/1/2319
f 4799/1/2320 4802/1/2320 4798/1/2320
f 4807/1/1 4808/1/1 4809/1/1
f 4808/1/2321 4807/1/2321 4803/1/2321
f 4809/1/2322 4808/1/2322 4804/1/2322
f 4810/1/2323 4809/1/2323 4805/1/2323
f 4807/1/2324 4810/1/2324 4806/1/2324
f 4822/1/1 4817/1/1 4818/1/1
f 4818/1/1 4819/1/1 4820/1/1
f 4820/1/1 4821/1/1 4822/1/1
f 4818/1/2325 4817/1/2325 4811/1/2325
f 4819/1/2326 4818/1/2326 4812/1/2326
f 4820/1/2327 4819/1/2327 4813/1/2327
f 4821/1/2328 4820/1/2328 4814/1/2328
f 4822/1/1105 4821/1/1105 4815/1/1105
f 4817/1/2329 4822/1/2329 4816/1/2329
f 4827/1/1 4828/1/1 4829/1/1
f 4828/1/2330 4827/1/2330 4823/1/2330
f 4829/1/2331 4828/1/2331 4824/1/2331
f 4830/1/2332 4829/1/2332 4825/1/2332
f 4827/1/2333 4830/1/2333 4826/1/2333
f 4835/1/1 4836/1/1 4837/1/1
f 4836/1/2334 4835/1/2334 4831/1/2334
f 4837/1/2335 4836/1/2335 4832/1/2335
f 4838/1/2336 4837/1/2336 4833/1/2336
f 4835/1/2297 4838/1/2297 4834/1/2297
f 4843/1/1 4844/1/1 4845/1/1
f 4844/1/2337 4843/1/2337 4839/1/2337
f 4845/1/2338 4844/1/2338 4840/1/2338
f 4846/1/2339 4845/1/2339 4841/1/2339
f 4843/1/2340 4846/1/2340 4842/1/2340
f 4851/1/1 4852/1/1 4853/1/1
f 4852/1/2341 4851/1/2341 4847/1/2341
f 4853/1/2342 4852/1/2342 4848/1/2342
f 4854/1/2343 4853/1/2343 4849/1/2343
f 4851/1/2344 4854/1/2344 4850/1/2344
f 4866/1/1 4861/1/1 4862/1/1
f 4862/1/1 4863/1/1 4864/1/1
f 4865/1/1 4866/1/1 4862/1/1
f 4862/1/2345 4861/1/2345 4855/1/2345
f 4863/1/2346 4862/1/2346 4856/1/2346
f 4864/1/2347 4863/1/2347 4857/1/2347
f 4865/1/2348 4864/1/2348 4858/1/2348
f 4866/1/2349 4865/1/2349 4859/1/2349
f 4861/1/2350 4866/1/2350 4860/1/2350
f 4872/1/1 4873/1/1 4874/1/1
f 4872/1/2351 4871/1/2351 4867/1/2351
f 4873/1/2352 4872/1/2352 4868/1/2352
f 4874/1/2353 4873/1/2353 4869/1/2353
f 4871/1/2354 4874/1/2354 4870/1/2354
f 4879/1/1 4880/1/1 4881/1/1
f 4880/1/2355 4879/1/2355 4875/1/2355
f 4881/1/2356 4880/1/2356 4876/1/2356
f 4882/1/2357 4881/1/2357 4877/1/2357
f 4879/1/2358 4882/1/2358 4878/1/2358
f 4887/1/1 4888/1/1 4889/1/1
f 4888/1/989 4887/1/989 4883/1/989
f 4889/1/2359 4888/1/2359 4884/1/2359
f 4890/1/2360 4889/1/2360 4885/1/2360
f 4887/1/2361 4890/1/2361 4886/1/2361
f 4902/1/1 4903/1/1 4904/1/1
f 4904/1/1 4905/1/1 4906/1/1
f 4907/1/1 4908/1/1 4909/1/1
f 4904/1/1 4906/1/1 4907/1/1
f 4911/1/1 4912/1/1 4902/1/1
f 4902/1/1 4904/1/1 4907/1/1
f 4907/1/1 4909/1/1 4910/1/1
f 4910/1/1 4911/1/1 4902/1/1
f 4903/1/2362 4902/1/2362 4891/1/2362
f 4904/1/2363 4903/1/2364 4892/1/2364
f 4905/1/2365 4904/1/2363 4893/1/2363
f 4906/1/2366 4905/1/2366 4894/1/2366
f 4907/1/2367 4906/1/2367 4895/1/2367
f 4908/1/2368 4907/1/2368 4896/1/2368
f 4909/1/2369 4908/1/2369 4897/1/2369
f 4910/1/2262 4909/1/2262 4898/1/2262
f 4911/1/2370 4910/1/2370 4899/1/2370
f 4912/1/1483 4911/1/1483 4900/1/1483
f 4902/1/2371 4912/1/2371 4901/1/2371
f 4919/1/1 4920/1/1 4921/1/1
f 4921/1/1 4922/1/1 4923/1/1
f 4923/1/1 4924/1/1 4919/1/1
f 4920/1/2372 4919/1/2372 4913/1/2372
f 4921/1/2373 4920/1/2373 4914/1/2373
f 4922/1/2374 4921/1/2374 4915/1/2374
f 4923/1/2375 4922/1/2375 4916/1/2375
f 4924/1/1536 4923/1/1536 4917/1/1536
f 4919/1/2376 4924/1/2376 4918/1/2377
f 4931/1/1 4932/1/1 4933/1/1
f 4933/1/1 4934/1/1 4935/1/1
f 4935/1/1 4936/1/1 4931/1/1
f 4932/1/2378 4931/1/2378 4925/1/2378
f 4933/1/2379 4932/1/2379 4926/1/2379
f 4934/1/2380 4933/1/2380 4927/1/2380
f 4935/1/2381 4934/1/2381 4928/1/2381
f 4936/1/2382 4935/1/2382 4929/1/2382
f 4931/1/2383 4936/1/2383 4930/1/2383
f 4946/1/1 4947/1/1 4948/1/1
f 4948/1/1 4949/1/1 4950/1/1
f 4950/1/1 4951/1/1 4952/1/1
f 4952/1/1 4953/1/1 4954/1/1
f 4946/1/1 4948/1/1 4950/1/1
f 4952/1/1 4954/1/1 4946/1/1
f 4947/1/2384 4946/1/2384 4937/1/2384
f 4948/1/2385 4947/1/2385 4938/1/2385
f 4949/1/2386 4948/1/2386 4939/1/2386
f 4950/1/2387 4949/1/2387 4940/1/2387
f 4951/1/2388 4950/1/2388 4941/1/2388
f 4952/1/2389 4951/1/2389 4942/1/2389
f 4953/1/2390 4952/1/2390 4943/1/2390
f 4954/1/2391 4953/1/2391 4944/1/2391
f 4946/1/1496 4954/1/1496 4945/1/2392
f 4961/1/1 4962/1/1 4963/1/1
f 4963/1/1 4964/1/1 4965/1/1
f 4965/1/1 4966/1/1 4961/1/1
f 4962/1/2393 4961/1/2393 4955/1/2393
f 4963/1/1532 4962/1/1532 4956/1/1532
f 4964/1/2394 4963/1/2394 4957/1/2394
f 4965/1/2395 4964/1/2395 4958/1/2395
f 4966/1/2278 4965/1/2278 4959/1/2278
f 4961/1/2396 4966/1/2396 4960/1/2396
f 4976/1/1 4972/1/1 4973/1/1
f 4973/1/1 4974/1/1 4975/1/1
f 4973/1/2397 4972/1/2397 4967/1/2397
f 4974/1/2398 4973/1/2398 4968/1/2398
f 4975/1/2399 4974/1/2399 4969/1/2399
f 4976/1/2400 4975/1/2400 4970/1/2400
f 4972/1/2401 4976/1/2401 4971/1/2401
f 4990/1/1 4984/1/1 4985/1/1
f 4986/1/1 4987/1/1 4988/1/1
f 4990/1/1 4985/1/1 4986/1/1
f 4988/1/1 4989/1/1 4990/1/1
f 4985/1/2402 4984/1/2402 4977/1/2402
f 4986/1/2403 4985/1/2403 4978/1/2403
f 4987/1/2404 4986/1/2404 4979/1/2405
f 4988/1/2406 4987/1/2406 4980/1/2406
f 4989/1/2407 4988/1/2407 4981/1/2407
f 4990/1/2408 4989/1/3716 4982/1/2408
f 4984/1/2409 4990/1/2409 4983/1/2409
f 5018/1/1 5005/1/1 5006/1/1
f 5006/1/1 5007/1/1 5008/1/1
f 5008/1/1 5009/1/1 5010/1/1
f 5011/1/1 5012/1/1 5013/1/1
f 5008/1/1 5010/1/1 5011/1/1
f 5018/1/1 5006/1/1 5008/1/1
f 5015/1/1 5016/1/1 5017/1/1
f 5017/1/1 5018/1/1 5008/1/1
f 5008/1/1 5011/1/1 5013/1/1
f 5014/1/1 5015/1/1 5017/1/1
f 5008/1/1 5013/1/1 5014/1/1
f 5006/1/2410 5005/1/2410 4991/1/2410
f 5007/1/42 5006/1/42 4992/1/42
f 5008/1/2411 5007/1/2411 4993/1/2411
f 5009/1/2412 5008/1/2412 4994/1/2412
f 5010/1/2413 5009/1/2413 4995/1/2413
f 5011/1/2414 5010/1/3717 4996/1/2414
f 5012/1/2415 5011/1/2415 4997/1/2415
f 5013/1/2416 5012/1/2416 4998/1/2416
f 5014/1/2417 5013/1/2417 4999/1/2417
f 5015/1/2418 5014/1/2418 5000/1/2418
f 5016/1/2419 5015/1/2419 5001/1/2419
f 5017/1/2420 5016/1/2420 5002/1/2420
f 5018/1/643 5017/1/643 5003/1/643
f 5005/1/2421 5018/1/2421 5004/1/2421
f 5023/1/1 5024/1/1 5025/1/1
f 5024/1/2422 5023/1/2422 5019/1/2422
f 5025/1/2423 5024/1/2423 5020/1/2423
f 5026/1/2424 5025/1/2424 5021/1/2424
f 5023/1/2425 5026/1/2425 5022/1/2425
f 5038/1/1 5033/1/1 5034/1/1
f 5034/1/1 5035/1/1 5036/1/1
f 5036/1/1 5037/1/1 5038/1/1
f 5034/1/2426 5033/1/2426 5027/1/2426
f 5035/1/2427 5034/1/2427 5028/1/2427
f 5036/1/2428 5035/1/2428 5029/1/2428
f 5037/1/2429 5036/1/2429 5030/1/2429
f 5038/1/2430 5037/1/2430 5031/1/2430
f 5033/1/2431 5038/1/2431 5032/1/2431
f 5050/1/1 5045/1/1 5046/1/1
f 5046/1/1 5047/1/1 5048/1/1
f 5048/1/1 5049/1/1 5050/1/1
f 5046/1/2433 5045/1/2433 5039/1/2433
f 5047/1/2434 5046/1/2434 5040/1/2434
f 5048/1/2435 5047/1/2435 5041/1/2435
f 5049/1/2436 5048/1/2436 5042/1/2436
f 5050/1/2437 5049/1/2437 5043/1/2437
f 5045/1/2438 5050/1/2438 5044/1/2438
f 5056/1/1 5057/1/1 5058/1/1
f 5056/1/2439 5055/1/2439 5051/1/2439
f 5057/1/2440 5056/1/2440 5052/1/2440
f 5058/1/2441 5057/1/2441 5053/1/2441
f 5055/1/2442 5058/1/2442 5054/1/2442
f 5063/1/1 5064/1/1 5065/1/1
f 5064/1/2444 5063/1/2444 5059/1/2444
f 5065/1/2445 5064/1/2445 5060/1/2445
f 5066/1/2446 5065/1/2446 5061/1/2446
f 5063/1/2447 5066/1/2447 5062/1/2447
f 5073/1/1 5074/1/1 5075/1/1
f 5075/1/1 5076/1/1 5077/1/1
f 5077/1/1 5078/1/1 5073/1/1
f 5074/1/2448 5073/1/2448 5067/1/2448
f 5075/1/2449 5074/1/2449 5068/1/2449
f 5076/1/2450 5075/1/2450 5069/1/2450
f 5077/1/1868 5076/1/1868 5070/1/1868
f 5078/1/2451 5077/1/2451 5071/1/2451
f 5073/1/2452 5078/1/2452 5072/1/2452
f 5101/1/1 5102/1/1 5103/1/1
f 5103/1/1 5104/1/1 5105/1/1
f 5106/1/1 5107/1/1 5108/1/1
f 5101/1/1 5103/1/1 5105/1/1
f 5106/1/1 5108/1/1 5109/1/1
f 5101/1/1 5105/1/1 5106/1/1
f 5121/1/1 5122/1/1 5101/1/1
f 5118/1/1 5119/1/1 5120/1/1
f 5121/1/1 5101/1/1 5106/1/1
f 5117/1/1 5118/1/1 5120/1/1
f 5120/1/1 5121/1/1 5106/1/1
f 5106/1/1 5109/1/1 5110/1/1
f 5110/1/1 5111/1/1 5112/1/1
f 5112/1/1 5113/1/1 5114/1/1
f 5112/1/1 5114/1/1 5115/1/1
f 5106/1/1 5110/1/1 5112/1/1
f 5117/1/1 5120/1/1 5106/1/1
f 5112/1/1 5115/1/1 5116/1/1
f 5116/1/1 5117/1/1 5106/1/1
f 5102/1/2453 5101/1/2453 5079/1/2453
f 5103/1/2454 5102/1/2454 5080/1/2454
f 5104/1/2455 5103/1/2455 5081/1/2455
f 5105/1/2456 5104/1/2456 5082/1/2456
f 5106/1/2458 5105/1/2458 5083/1/2458
f 5107/1/2459 5106/1/2459 5084/1/2459
f 5108/1/2460 5107/1/2460 5085/1/2460
f 5109/1/2461 5108/1/2461 5086/1/2461
f 5110/1/2462 5109/1/2462 5087/1/2462
f 5111/1/2463 5110/1/2463 5088/1/2463
f 5112/1/2464 5111/1/2464 5089/1/2464
f 5113/1/2465 5112/1/2465 5090/1/2465
f 5114/1/2466 5113/1/2466 5091/1/2466
f 5115/1/2467 5114/1/2467 5092/1/2467
f 5116/1/2468 5115/1/2468 5093/1/2468
f 5117/1/2469 5116/1/2469 5094/1/2469
f 5118/1/2470 5117/1/2470 5095/1/2470
f 5119/1/2471 5118/1/2471 5096/1/2471
f 5120/1/2472 5119/1/2472 5097/1/2472
f 5121/1/2473 5120/1/2473 5098/1/2474
f 5122/1/2475 5121/1/2475 5099/1/2475
f 5101/1/2476 5122/1/2476 5100/1/2476
f 5128/1/1 5129/1/1 5130/1/1
f 5128/1/2477 5127/1/2477 5123/1/2477
f 5129/1/2478 5128/1/2478 5124/1/2478
f 5130/1/2479 5129/1/2479 5125/1/2479
f 5127/1/2480 5130/1/2480 5126/1/2480
f 5142/1/1 5137/1/1 5138/1/1
f 5139/1/1 5140/1/1 5141/1/1
f 5142/1/1 5138/1/1 5139/1/1
f 5138/1/2481 5137/1/2481 5131/1/2481
f 5139/1/2482 5138/1/2482 5132/1/2482
f 5140/1/1989 5139/1/1989 5133/1/1989
f 5141/1/2483 5140/1/2483 5134/1/2483
f 5142/1/2484 5141/1/2484 5135/1/2484
f 5137/1/2485 5142/1/2486 5136/1/2486
f 5149/1/1 5150/1/1 5151/1/1
f 5151/1/1 5152/1/1 5153/1/1
f 5153/1/1 5154/1/1 5149/1/1
f 5150/1/2487 5149/1/2487 5143/1/2487
f 5151/1/2488 5150/1/2488 5144/1/2488
f 5152/1/2260 5151/1/2260 5145/1/2260
f 5153/1/2489 5152/1/2489 5146/1/2489
f 5154/1/2490 5153/1/2490 5147/1/2490
f 5149/1/2491 5154/1/2491 5148/1/2491
f 5159/1/1 5160/1/1 5161/1/1
f 5160/1/2492 5159/1/2492 5155/1/2492
f 5161/1/2493 5160/1/2493 5156/1/2493
f 5162/1/2494 5161/1/2494 5157/1/2494
f 5159/1/2495 5162/1/2495 5158/1/2495
f 5178/1/1 5171/1/1 5172/1/1
f 5172/1/1 5173/1/1 5174/1/1
f 5174/1/1 5175/1/1 5176/1/1
f 5177/1/1 5178/1/1 5172/1/1
f 5174/1/1 5176/1/1 5177/1/1
f 5172/1/394 5171/1/394 5163/1/394
f 5173/1/2496 5172/1/2496 5164/1/2496
f 5174/1/2497 5173/1/2497 5165/1/2497
f 5175/1/2498 5174/1/2498 5166/1/2498
f 5176/1/2109 5175/1/2109 5167/1/2109
f 5177/1/2499 5176/1/2499 5168/1/2499
f 5178/1/2500 5177/1/2500 5169/1/2500
f 5171/1/84 5178/1/84 5170/1/84
f 5206/1/1 5193/1/1 5194/1/1
f 5194/1/1 5195/1/1 5196/1/1
f 5196/1/1 5197/1/1 5198/1/1
f 5198/1/1 5199/1/1 5200/1/1
f 5200/1/1 5201/1/1 5202/1/1
f 5202/1/1 5203/1/1 5204/1/1
f 5205/1/1 5206/1/1 5194/1/1
f 5202/1/1 5204/1/1 5205/1/1
f 5196/1/1 5198/1/1 5200/1/1
f 5200/1/1 5202/1/1 5205/1/1
f 5194/1/1 5196/1/1 5200/1/1
f 5194/1/2501 5193/1/2501 5179/1/2501
f 5195/1/2502 5194/1/2502 5180/1/2502
f 5196/1/2503 5195/1/2503 5181/1/2503
f 5197/1/2504 5196/1/2504 5182/1/2504
f 5198/1/2505 5197/1/2505 5183/1/2505
f 5199/1/2506 5198/1/2506 5184/1/2506
f 5200/1/2507 5199/1/2507 5185/1/2507
f 5201/1/2508 5200/1/2508 5186/1/2508
f 5202/1/2509 5201/1/2509 5187/1/2509
f 5203/1/2510 5202/1/2510 5188/1/2510
f 5204/1/1722 5203/1/1722 5189/1/1722
f 5205/1/2511 5204/1/2511 5190/1/2511
f 5206/1/2512 5205/1/2512 5191/1/2512
f 5193/1/2513 5206/1/2513 5192/1/2513
f 5212/1/1 5213/1/1 5214/1/1
f 5212/1/2514 5211/1/2514 5207/1/2514
f 5213/1/2515 5212/1/2515 5208/1/2515
f 5214/1/2516 5213/1/2516 5209/1/2516
f 5211/1/2517 5214/1/2517 5210/1/2517
f 5223/1/1 5224/1/1 5225/1/1
f 5225/1/1 5226/1/1 5227/1/1
f 5227/1/1 5228/1/1 5229/1/1
f 5229/1/1 5230/1/1 5223/1/1
f 5225/1/1 5227/1/1 5229/1/1
f 5224/1/2518 5223/1/2518 5215/1/2518
f 5225/1/2519 5224/1/2519 5216/1/2519
f 5226/1/2520 5225/1/2520 5217/1/2520
f 5227/1/2521 5226/1/2521 5218/1/2521
f 5228/1/2522 5227/1/2522 5219/1/2522
f 5229/1/2523 5228/1/2523 5220/1/2524
f 5230/1/2525 5229/1/2525 5221/1/2525
f 5223/1/2526 5230/1/2526 5222/1/2526
f 5242/1/1 5237/1/1 5238/1/1
f 5238/1/1 5239/1/1 5240/1/1
f 5241/1/1 5242/1/1 5238/1/1
f 5238/1/2527 5237/1/2527 5231/1/2527
f 5239/1/2528 5238/1/2528 5232/1/2528
f 5240/1/2529 5239/1/2529 5233/1/2529
f 5241/1/811 5240/1/811 5234/1/811
f 5242/1/2530 5241/1/2530 5235/1/2530
f 5237/1/2531 5242/1/2531 5236/1/2531
f 5260/1/1 5252/1/1 5253/1/1
f 5253/1/1 5254/1/1 5255/1/1
f 5255/1/1 5256/1/1 5257/1/1
f 5257/1/1 5258/1/1 5259/1/1
f 5260/1/1 5253/1/1 5255/1/1
f 5257/1/1 5259/1/1 5260/1/1
f 5253/1/2532 5252/1/2532 5243/1/2532
f 5254/1/2533 5253/1/2533 5244/1/2533
f 5255/1/2534 5254/1/2534 5245/1/2534
f 5256/1/2535 5255/1/2535 5246/1/2535
f 5257/1/2536 5256/1/2536 5247/1/2536
f 5258/1/2537 5257/1/2537 5248/1/2537
f 5259/1/2538 5258/1/2538 5249/1/2538
f 5260/1/2539 5259/1/2539 5250/1/2539
f 5252/1/1755 5260/1/1755 5251/1/1755
f 5266/1/1 5267/1/1 5268/1/1
f 5266/1/2540 5265/1/2540 5261/1/2540
f 5267/1/2541 5266/1/2541 5262/1/2541
f 5268/1/2542 5267/1/2542 5263/1/2542
f 5265/1/2543 5268/1/2543 5264/1/2543
f 5273/1/1 5274/1/1 5275/1/1
f 5274/1/2544 5273/1/2544 5269/1/2544
f 5275/1/2545 5274/1/2545 5270/1/2545
f 5276/1/2546 5275/1/2546 5271/1/2546
f 5273/1/2547 5276/1/2547 5272/1/2547
f 5281/1/1 5282/1/1 5283/1/1
f 5282/1/2548 5281/1/2548 5277/1/2548
f 5283/1/2549 5282/1/2549 5278/1/2549
f 5284/1/2550 5283/1/2550 5279/1/2550
f 5281/1/2551 5284/1/2551 5280/1/2551
f 5296/1/1 5291/1/1 5292/1/1
f 5292/1/1 5293/1/1 5294/1/1
f 5295/1/1 5296/1/1 5292/1/1
f 5292/1/2552 5291/1/2552 5285/1/2552
f 5293/1/2553 5292/1/2553 5286/1/2553
f 5294/1/2554 5293/1/2554 5287/1/2554
f 5295/1/2555 5294/1/2555 5288/1/2555
f 5296/1/2556 5295/1/2556 5289/1/2556
f 5291/1/2557 5296/1/2557 5290/1/2557
f 5312/1/1 5305/1/1 5306/1/1
f 5306/1/1 5307/1/1 5308/1/1
f 5308/1/1 5309/1/1 5310/1/1
f 5310/1/1 5311/1/1 5312/1/1
f 5312/1/1 5306/1/1 5308/1/1
f 5306/1/2558 5305/1/2558 5297/1/2558
f 5307/1/2559 5306/1/2559 5298/1/2559
f 5308/1/2560 5307/1/2560 5299/1/2560
f 5309/1/2561 5308/1/2561 5300/1/2561
f 5310/1/2562 5309/1/2562 5301/1/2562
f 5311/1/2563 5310/1/2563 5302/1/2563
f 5312/1/827 5311/1/827 5303/1/827
f 5305/1/2564 5312/1/2564 5304/1/2564
f 5322/1/1 5318/1/1 5319/1/1
f 5319/1/1 5320/1/1 5321/1/1
f 5319/1/2565 5318/1/2565 5313/1/2565
f 5320/1/2566 5319/1/2566 5314/1/2566
f 5321/1/2567 5320/1/2567 5315/1/2567
f 5322/1/2568 5321/1/2568 5316/1/2568
f 5318/1/2569 5322/1/2569 5317/1/2569
f 5334/1/1 5329/1/1 5330/1/1
f 5330/1/1 5331/1/1 5332/1/1
f 5332/1/1 5333/1/1 5334/1/1
f 5330/1/2552 5329/1/2552 5323/1/2552
f 5331/1/2559 5330/1/2559 5324/1/2559
f 5332/1/2570 5331/1/2570 5325/1/2570
f 5333/1/2571 5332/1/2571 5326/1/2571
f 5334/1/138 5333/1/138 5327/1/138
f 5329/1/2572 5334/1/2572 5328/1/2572
f 5339/1/1 5340/1/1 5341/1/1
f 5340/1/2573 5339/1/2573 5335/1/2573
f 5341/1/2574 5340/1/2574 5336/1/2574
f 5342/1/2560 5341/1/2560 5337/1/2560
f 5339/1/2575 5342/1/2575 5338/1/2575
f 5347/1/1 5348/1/1 5349/1/1
f 5348/1/827 5347/1/827 5343/1/827
f 5349/1/2576 5348/1/2576 5344/1/2576
f 5350/1/2577 5349/1/2577 5345/1/2577
f 5347/1/2578 5350/1/2578 5346/1/2578
f 5355/1/1 5356/1/1 5357/1/1
f 5356/1/2579 5355/1/2579 5351/1/2579
f 5357/1/2580 5356/1/2580 5352/1/2580
f 5358/1/2581 5357/1/2581 5353/1/2581
f 5355/1/723 5358/1/723 5354/1/723
f 5368/1/1 5364/1/1 5365/1/1
f 5365/1/1 5366/1/1 5367/1/1
f 5365/1/2582 5364/1/2582 5359/1/2582
f 5366/1/2583 5365/1/2583 5360/1/2583
f 5367/1/2581 5366/1/2581 5361/1/2581
f 5368/1/2584 5367/1/2584 5362/1/2584
f 5364/1/2585 5368/1/2585 5363/1/2585
f 5373/1/1 5374/1/1 5375/1/1
f 5374/1/2586 5373/1/2586 5369/1/2586
f 5375/1/2587 5374/1/2587 5370/1/2587
f 5376/1/2588 5375/1/2588 5371/1/2588
f 5373/1/2589 5376/1/2589 5372/1/2589
f 5386/1/1 5382/1/1 5383/1/1
f 5383/1/1 5384/1/1 5385/1/1
f 5383/1/2590 5382/1/2590 5377/1/2590
f 5384/1/2591 5383/1/2591 5378/1/2591
f 5385/1/2592 5384/1/2592 5379/1/2592
f 5386/1/2593 5385/1/2593 5380/1/2593
f 5382/1/2594 5386/1/2594 5381/1/2594
f 5391/1/1 5392/1/1 5393/1/1
f 5392/1/2595 5391/1/2595 5387/1/2595
f 5393/1/2596 5392/1/2596 5388/1/2596
f 5394/1/2597 5393/1/2597 5389/1/2597
f 5391/1/2598 5394/1/2598 5390/1/2598
f 5399/1/1 5400/1/1 5401/1/1
f 5400/1/2599 5399/1/2599 5395/1/2599
f 5401/1/2600 5400/1/2600 5396/1/2600
f 5402/1/2601 5401/1/2601 5397/1/2601
f 5399/1/2602 5402/1/2602 5398/1/2602
f 5412/1/1 5408/1/1 5409/1/1
f 5409/1/1 5410/1/1 5411/1/1
f 5409/1/1022 5408/1/1022 5403/1/1022
f 5410/1/2603 5409/1/2603 5404/1/2603
f 5411/1/2604 5410/1/2604 5405/1/2604
f 5412/1/2605 5411/1/2605 5406/1/2605
f 5408/1/2606 5412/1/2606 5407/1/2606
f 5424/1/1 5419/1/1 5420/1/1
f 5420/1/1 5421/1/1 5422/1/1
f 5422/1/1 5423/1/1 5424/1/1
f 5420/1/2607 5419/1/2608 5413/1/2608
f 5421/1/2609 5420/1/2610 5414/1/2610
f 5422/1/2611 5421/1/2609 5415/1/2609
f 5423/1/2612 5422/1/2612 5416/1/2612
f 5424/1/2613 5423/1/2613 5417/1/2613
f 5419/1/2608 5424/1/2614 5418/1/2614
f 5429/1/1 5430/1/1 5431/1/1
f 5430/1/2615 5429/1/2615 5425/1/2615
f 5431/1/2616 5430/1/2616 5426/1/2616
f 5432/1/2617 5431/1/2617 5427/1/2617
f 5429/1/2618 5432/1/2618 5428/1/2618
f 5443/1/1 5444/1/1 5445/1/1
f 5446/1/1 5447/1/1 5448/1/1
f 5443/1/1 5445/1/1 5446/1/1
f 5451/1/1 5452/1/1 5443/1/1
f 5448/1/1 5449/1/1 5450/1/1
f 5450/1/1 5451/1/1 5443/1/1
f 5443/1/1 5446/1/1 5448/1/1
f 5444/1/2619 5443/1/2619 5433/1/2619
f 5445/1/2621 5444/1/2621 5434/1/2621
f 5446/1/2622 5445/1/2622 5435/1/2622
f 5447/1/2623 5446/1/2623 5436/1/2623
f 5448/1/2624 5447/1/2624 5437/1/2624
f 5449/1/2625 5448/1/2625 5438/1/2625
f 5450/1/2626 5449/1/2626 5439/1/2626
f 5451/1/2627 5450/1/2627 5440/1/2628
f 5452/1/2629 5451/1/2629 5441/1/2629
f 5443/1/2630 5452/1/2630 5442/1/2630
f 5457/1/1 5458/1/1 5459/1/1
f 5458/1/2631 5457/1/2631 5453/1/2631
f 5459/1/2632 5458/1/2632 5454/1/2632
f 5460/1/2567 5459/1/2567 5455/1/2567
f 5457/1/2633 5460/1/2633 5456/1/2633
f 5470/1/1 5466/1/1 5467/1/1
f 5467/1/1 5468/1/1 5469/1/1
f 5467/1/2634 5466/1/2634 5461/1/2634
f 5468/1/2635 5467/1/2635 5462/1/2635
f 5469/1/2636 5468/1/2636 5463/1/2636
f 5470/1/2637 5469/1/2637 5464/1/2637
f 5466/1/2638 5470/1/2638 5465/1/2638
f 5475/1/1 5476/1/1 5477/1/1
f 5476/1/2639 5475/1/2639 5471/1/2639
f 5477/1/2640 5476/1/2640 5472/1/2640
f 5478/1/2641 5477/1/2641 5473/1/2641
f 5475/1/2642 5478/1/2642 5474/1/2642
f 5490/1/1 5485/1/3718 5486/1/1
f 5486/1/1 5487/1/3719 5488/1/1
f 5488/1/1 5489/1/1 5490/1/1
f 5486/1/2643 5485/1/2644 5479/1/2644
f 5487/1/2645 5486/1/2646 5480/1/2646
f 5488/1/2647 5487/1/2645 5481/1/2645
f 5489/1/2648 5488/1/2648 5482/1/2648
f 5490/1/2649 5489/1/2649 5483/1/2649
f 5485/1/2644 5490/1/2650 5484/1/2650
f 5502/1/1 5497/1/1 5498/1/1
f 5498/1/1 5499/1/1 5500/1/1
f 5501/1/1 5502/1/1 5498/1/1
f 5498/1/2651 5497/1/2651 5491/1/2651
f 5499/1/2652 5498/1/2652 5492/1/2652
f 5500/1/2653 5499/1/2653 5493/1/2653
f 5501/1/2654 5500/1/2654 5494/1/2654
f 5502/1/2655 5501/1/2655 5495/1/2655
f 5497/1/2656 5502/1/2656 5496/1/2656
f 5507/1/1 5508/1/1 5509/1/1
f 5508/1/2657 5507/1/2657 5503/1/2657
f 5509/1/2658 5508/1/2658 5504/1/2658
f 5510/1/2659 5509/1/2659 5505/1/2659
f 5507/1/1158 5510/1/1158 5506/1/1158
f 5515/1/1 5516/1/1 5517/1/1
f 5516/1/2660 5515/1/2660 5511/1/2660
f 5517/1/2661 5516/1/2661 5512/1/2661
f 5518/1/2662 5517/1/2662 5513/1/2662
f 5515/1/2637 5518/1/2637 5514/1/2637
f 5523/1/1 5524/1/1 5525/1/1
f 5524/1/2663 5523/1/2663 5519/1/2663
f 5525/1/2664 5524/1/2664 5520/1/2664
f 5526/1/2665 5525/1/2665 5521/1/2665
f 5523/1/2666 5526/1/2666 5522/1/2666
f 5538/1/1 5533/1/1 5534/1/1
f 5534/1/1 5535/1/1 5536/1/1
f 5536/1/1 5537/1/1 5538/1/1
f 5534/1/2667 5533/1/2667 5527/1/2667
f 5535/1/2668 5534/1/2668 5528/1/2668
f 5536/1/2669 5535/1/2669 5529/1/2669
f 5537/1/2670 5536/1/2670 5530/1/2670
f 5538/1/2671 5537/1/2671 5531/1/2671
f 5533/1/2672 5538/1/2672 5532/1/2672
f 5543/1/1 5544/1/1 5545/1/1
f 5544/1/2673 5543/1/2673 5539/1/2673
f 5545/1/2674 5544/1/2674 5540/1/2674
f 5546/1/2675 5545/1/2675 5541/1/2675
f 5543/1/2676 5546/1/2676 5542/1/2676
f 5551/1/1 5552/1/1 5553/1/1
f 5552/1/2677 5551/1/2677 5547/1/2677
f 5553/1/2678 5552/1/2678 5548/1/2679
f 5554/1/2680 5553/1/2680 5549/1/2680
f 5551/1/2681 5554/1/2681 5550/1/2681
f 5559/1/1 5560/1/1 5561/1/1
f 5560/1/2682 5559/1/2682 5555/1/2682
f 5561/1/2683 5560/1/2683 5556/1/2683
f 5562/1/2684 5561/1/2684 5557/1/2684
f 5559/1/2685 5562/1/2685 5558/1/2685
f 5567/1/1 5568/1/1 5569/1/1
f 5568/1/2686 5567/1/2686 5563/1/2686
f 5569/1/2687 5568/1/2687 5564/1/2687
f 5570/1/2688 5569/1/2688 5565/1/2688
f 5567/1/2689 5570/1/2689 5566/1/2689
f 5575/1/1 5576/1/1 5577/1/1
f 5576/1/2690 5575/1/2690 5571/1/2690
f 5577/1/2691 5576/1/2691 5572/1/2691
f 5578/1/2692 5577/1/2692 5573/1/2692
f 5575/1/2693 5578/1/2693 5574/1/2693
f 5583/1/1 5584/1/1 5585/1/1
f 5584/1/2626 5583/1/2626 5579/1/2626
f 5585/1/2694 5584/1/2694 5580/1/2694
f 5586/1/2695 5585/1/2695 5581/1/2695
f 5583/1/2696 5586/1/2696 5582/1/2696
f 5598/1/1 5593/1/1 5594/1/1
f 5594/1/1 5595/1/1 5596/1/1
f 5596/1/1 5597/1/1 5598/1/1
f 5594/1/2697 5593/1/2697 5587/1/2697
f 5595/1/2698 5594/1/2698 5588/1/2698
f 5596/1/2699 5595/1/2699 5589/1/2699
f 5597/1/2700 5596/1/2700 5590/1/2700
f 5598/1/2701 5597/1/2701 5591/1/2701
f 5593/1/2702 5598/1/2702 5592/1/2702
f 5626/1/1 5613/1/1 5614/1/1
f 5614/1/1 5615/1/1 5616/1/1
f 5616/1/1 5617/1/1 5618/1/1
f 5618/1/1 5619/1/1 5620/1/1
f 5620/1/1 5621/1/1 5622/1/1
f 5622/1/1 5623/1/1 5624/1/1
f 5624/1/1 5625/1/1 5626/1/1
f 5626/1/1 5614/1/1 5616/1/1
f 5616/1/1 5618/1/1 5620/1/1
f 5620/1/1 5622/1/1 5624/1/1
f 5624/1/1 5626/1/1 5616/1/1
f 5614/1/2703 5613/1/2703 5599/1/2703
f 5615/1/2687 5614/1/2687 5600/1/2687
f 5616/1/2704 5615/1/2704 5601/1/2704
f 5617/1/2705 5616/1/2705 5602/1/2705
f 5618/1/2706 5617/1/2706 5603/1/2706
f 5619/1/2707 5618/1/2707 5604/1/2708
f 5620/1/2709 5619/1/2709 5605/1/2709
f 5621/1/2710 5620/1/2710 5606/1/2710
f 5622/1/2711 5621/1/2711 5607/1/2711
f 5623/1/2712 5622/1/2712 5608/1/2712
f 5624/1/2713 5623/1/2713 5609/1/2713
f 5625/1/2714 5624/1/2714 5610/1/2714
f 5626/1/2715 5625/1/2715 5611/1/2715
f 5613/1/2569 5626/1/2569 5612/1/2569
f 5631/1/1 5632/1/1 5633/1/1
f 5632/1/2716 5631/1/2716 5627/1/2716
f 5633/1/2717 5632/1/2717 5628/1/2717
f 5634/1/2718 5633/1/2718 5629/1/2718
f 5631/1/2719 5634/1/2719 5630/1/2719
f 5646/1/1 5641/1/1 5642/1/1
f 5642/1/1 5643/1/1 5644/1/1
f 5644/1/1 5645/1/1 5646/1/1
f 5642/1/2720 5641/1/2720 5635/1/2720
f 5643/1/2721 5642/1/2721 5636/1/2721
f 5644/1/2722 5643/1/2722 5637/1/2722
f 5645/1/2723 5644/1/2723 5638/1/2723
f 5646/1/2724 5645/1/2724 5639/1/2724
f 5641/1/2725 5646/1/2725 5640/1/2725
f 5670/1/1 5659/1/1 5660/1/1
f 5660/1/1 5661/1/1 5662/1/1
f 5663/1/1 5664/1/1 5665/1/1
f 5660/1/1 5662/1/1 5663/1/1
f 5668/1/1 5669/1/1 5670/1/1
f 5663/1/1 5665/1/1 5666/1/1
f 5667/1/1 5668/1/1 5670/1/1
f 5660/1/1 5663/1/1 5666/1/1
f 5667/1/1 5670/1/1 5660/1/1
f 5660/1/905 5659/1/905 5647/1/905
f 5661/1/2726 5660/1/2726 5648/1/2726
f 5662/1/2727 5661/1/2727 5649/1/2727
f 5663/1/2728 5662/1/2728 5650/1/2728
f 5664/1/2729 5663/1/2729 5651/1/2729
f 5665/1/2730 5664/1/2730 5652/1/2730
f 5666/1/2731 5665/1/2731 5653/1/2731
f 5667/1/2732 5666/1/2732 5654/1/2732
f 5668/1/2733 5667/1/2733 5655/1/2733
f 5669/1/2734 5668/1/2734 5656/1/2734
f 5670/1/2735 5669/1/2735 5657/1/2735
f 5659/1/2736 5670/1/2736 5658/1/2736
f 5675/1/1 5676/1/1 5677/1/1
f 5676/1/2737 5675/1/2737 5671/1/2737
f 5677/1/2738 5676/1/2738 5672/1/2738
f 5678/1/2739 5677/1/2739 5673/1/2739
f 5675/1/2740 5678/1/2740 5674/1/2740
f 5690/1/1 5685/1/1 5686/1/1
f 5686/1/1 5687/1/1 5688/1/1
f 5688/1/1 5689/1/1 5690/1/1
f 5686/1/2741 5685/1/2741 5679/1/2741
f 5687/1/2742 5686/1/2742 5680/1/2742
f 5688/1/2743 5687/1/2744 5681/1/2744
f 5689/1/2745 5688/1/2743 5682/1/2743
f 5690/1/2746 5689/1/2747 5683/1/2747
f 5685/1/2748 5690/1/2746 5684/1/2746
f 5701/1/1 5702/1/1 5703/1/1
f 5701/1/1 5703/1/1 5704/1/1
f 5709/1/1 5710/1/1 5701/1/1
f 5706/1/1 5707/1/1 5708/1/1
f 5708/1/1 5709/1/1 5701/1/1
f 5701/1/1 5704/1/1 5705/1/1
f 5705/1/1 5706/1/1 5708/1/1
f 5702/1/2749 5701/1/2750 5691/1/2750
f 5703/1/2751 5702/1/2751 5692/1/2751
f 5704/1/2752 5703/1/2752 5693/1/2752
f 5705/1/2753 5704/1/2754 5694/1/2754
f 5706/1/2755 5705/1/2753 5695/1/2753
f 5707/1/2756 5706/1/2756 5696/1/2756
f 5708/1/2757 5707/1/2757 5697/1/2757
f 5709/1/2758 5708/1/2758 5698/1/2758
f 5710/1/2759 5709/1/2759 5699/1/2759
f 5701/1/2750 5710/1/2760 5700/1/2760
f 5742/1/1 5727/1/1 5728/1/1
f 5728/1/1 5729/1/1 5730/1/1
f 5730/1/1 5731/1/1 5732/1/1
f 5733/1/1 5734/1/1 5735/1/1
f 5730/1/1 5732/1/1 5733/1/1
f 5741/1/1 5742/1/1 5728/1/1
f 5739/1/1 5740/1/1 5741/1/1
f 5737/1/1 5738/1/1 5739/1/1
f 5735/1/1 5736/1/1 5737/1/1
f 5730/1/1 5733/1/1 5735/1/1
f 5741/1/1 5728/1/1 5730/1/1
f 5735/1/1 5737/1/1 5739/1/1
f 5739/1/1 5741/1/1 5730/1/1
f 5728/1/2761 5727/1/2761 5711/1/2761
f 5729/1/2762 5728/1/2762 5712/1/2762
f 5730/1/2763 5729/1/2763 5713/1/2763
f 5731/1/2764 5730/1/2764 5714/1/2764
f 5732/1/2765 5731/1/2765 5715/1/2765
f 5733/1/2766 5732/1/2766 5716/1/2766
f 5734/1/2767 5733/1/2767 5717/1/2767
f 5735/1/2768 5734/1/2768 5718/1/2768
f 5736/1/2769 5735/1/2769 5719/1/2769
f 5737/1/2770 5736/1/2770 5720/1/2770
f 5738/1/2771 5737/1/2771 5721/1/2771
f 5739/1/2772 5738/1/2772 5722/1/2772
f 5740/1/2773 5739/1/2773 5723/1/2773
f 5741/1/2774 5740/1/2774 5724/1/2774
f 5742/1/2775 5741/1/2775 5725/1/2775
f 5727/1/2776 5742/1/2776 5726/1/2776
f 5756/1/1 5750/1/1 5751/1/1
f 5752/1/1 5753/1/1 5754/1/1
f 5756/1/1 5751/1/1 5752/1/1
f 5754/1/1 5755/1/1 5756/1/1
f 5751/1/2777 5750/1/2777 5743/1/2777
f 5752/1/2778 5751/1/2778 5744/1/2778
f 5753/1/2779 5752/1/2779 5745/1/2779
f 5754/1/2780 5753/1/2780 5746/1/2780
f 5755/1/2781 5754/1/2781 5747/1/2781
f 5756/1/2782 5755/1/2782 5748/1/2782
f 5750/1/2783 5756/1/2783 5749/1/2783
f 5776/1/1 5767/1/1 5768/1/1
f 5769/1/1 5770/1/1 5771/1/1
f 5776/1/1 5768/1/1 5769/1/1
f 5773/1/1 5774/1/1 5775/1/1
f 5775/1/1 5776/1/1 5769/1/1
f 5769/1/1 5771/1/1 5772/1/1
f 5773/1/1 5775/1/1 5769/1/1
f 5768/1/2784 5767/1/2784 5757/1/2784
f 5769/1/2785 5768/1/2785 5758/1/2785
f 5770/1/2786 5769/1/2786 5759/1/2786
f 5771/1/2787 5770/1/2787 5760/1/2787
f 5772/1/1078 5771/1/1078 5761/1/1078
f 5773/1/2788 5772/1/2788 5762/1/2788
f 5774/1/2789 5773/1/2789 5763/1/2789
f 5775/1/2790 5774/1/2790 5764/1/2790
f 5776/1/2791 5775/1/2791 5765/1/2791
f 5767/1/2792 5776/1/2792 5766/1/2792
f 5796/1/1 5787/1/1 5788/1/1
f 5788/1/1 5789/1/1 5790/1/1
f 5791/1/1 5792/1/1 5793/1/1
f 5788/1/1 5790/1/1 5791/1/1
f 5795/1/1 5796/1/1 5788/1/1
f 5793/1/1 5794/1/1 5795/1/1
f 5788/1/1 5791/1/1 5793/1/1
f 5788/1/2793 5787/1/2793 5777/1/2793
f 5789/1/2794 5788/1/2794 5778/1/2794
f 5790/1/2795 5789/1/2795 5779/1/2795
f 5791/1/2796 5790/1/2796 5780/1/2796
f 5792/1/2797 5791/1/2797 5781/1/2797
f 5793/1/2798 5792/1/2798 5782/1/2798
f 5794/1/2799 5793/1/2799 5783/1/2799
f 5795/1/2800 5794/1/2800 5784/1/2800
f 5796/1/2027 5795/1/2027 5785/1/2027
f 5787/1/2801 5796/1/2801 5786/1/2801
f 5824/1/1 5811/1/1 5812/1/1
f 5824/1/1 5812/1/1 5813/1/1
f 5821/1/1 5822/1/1 5823/1/1
f 5823/1/1 5824/1/1 5813/1/1
f 5814/1/1 5815/1/1 5816/1/1
f 5823/1/1 5813/1/1 5814/1/1
f 5820/1/1 5821/1/1 5823/1/1
f 5818/1/1 5819/1/1 5820/1/1
f 5814/1/1 5816/1/1 5817/1/1
f 5817/1/1 5818/1/1 5820/1/1
f 5820/1/1 5823/1/1 5814/1/1
f 5812/1/2802 5811/1/2802 5797/1/2802
f 5813/1/2803 5812/1/2803 5798/1/2803
f 5814/1/2804 5813/1/2804 5799/1/2804
f 5815/1/2805 5814/1/2805 5800/1/2805
f 5816/1/2806 5815/1/2806 5801/1/2806
f 5817/1/2807 5816/1/2807 5802/1/2807
f 5818/1/2808 5817/1/2808 5803/1/2808
f 5819/1/2809 5818/1/2809 5804/1/2809
f 5820/1/2810 5819/1/2810 5805/1/2810
f 5821/1/2811 5820/1/2811 5806/1/2811
f 5822/1/2812 5821/1/2812 5807/1/2812
f 5823/1/572 5822/1/572 5808/1/572
f 5824/1/670 5823/1/670 5809/1/670
f 5811/1/2813 5824/1/2813 5810/1/2813
f 5829/1/1 5830/1/1 5831/1/1
f 5830/1/2814 5829/1/2814 5825/1/2814
f 5831/1/2815 5830/1/2815 5826/1/2815
f 5832/1/2816 5831/1/2816 5827/1/2816
f 5829/1/2817 5832/1/2817 5828/1/2817
f 5837/1/1 5838/1/1 5839/1/1
f 5838/1/2818 5837/1/2818 5833/1/2818
f 5839/1/2819 5838/1/2819 5834/1/2819
f 5840/1/2820 5839/1/2820 5835/1/2820
f 5837/1/2821 5840/1/2821 5836/1/2821
f 5845/1/1 5846/1/1 5847/1/1
f 5846/1/2822 5845/1/2822 5841/1/2822
f 5847/1/2823 5846/1/2823 5842/1/2823
f 5848/1/2824 5847/1/2824 5843/1/2824
f 5845/1/2825 5848/1/2825 5844/1/2825
f 5864/1/1 5857/1/1 5858/1/1
f 5859/1/1 5860/1/1 5861/1/1
f 5864/1/1 5858/1/1 5859/1/1
f 5861/1/1 5862/1/1 5863/1/1
f 5863/1/1 5864/1/1 5859/1/1
f 5858/1/2826 5857/1/2826 5849/1/2826
f 5859/1/2827 5858/1/2827 5850/1/2827
f 5860/1/2828 5859/1/2828 5851/1/2828
f 5861/1/2829 5860/1/2829 5852/1/2829
f 5862/1/2830 5861/1/2830 5853/1/2830
f 5863/1/2831 5862/1/2831 5854/1/2831
f 5864/1/2832 5863/1/2832 5855/1/2832
f 5857/1/2833 5864/1/2833 5856/1/2833
f 5869/1/1 5870/1/1 5871/1/1
f 5870/1/2834 5869/1/2834 5865/1/2834
f 5871/1/2835 5870/1/2835 5866/1/2835
f 5872/1/2836 5871/1/2836 5867/1/2836
f 5869/1/2837 5872/1/2837 5868/1/2837
f 5883/1/1 5884/1/1 5885/1/1
f 5886/1/1 5887/1/1 5888/1/1
f 5883/1/1 5885/1/1 5886/1/1
f 5891/1/1 5892/1/1 5883/1/1
f 5889/1/1 5890/1/1 5891/1/1
f 5886/1/1 5888/1/1 5889/1/1
f 5891/1/1 5883/1/1 5886/1/1
f 5884/1/2838 5883/1/2838 5873/1/2838
f 5885/1/2839 5884/1/2839 5874/1/2839
f 5886/1/2840 5885/1/2840 5875/1/2840
f 5887/1/2841 5886/1/2841 5876/1/2841
f 5888/1/2842 5887/1/2842 5877/1/2842
f 5889/1/2843 5888/1/2843 5878/1/2843
f 5890/1/2844 5889/1/2844 5879/1/2844
f 5891/1/2845 5890/1/2845 5880/1/2845
f 5892/1/2846 5891/1/2846 5881/1/2846
f 5883/1/2847 5892/1/2847 5882/1/2847
f 5897/1/1 5898/1/1 5899/1/1
f 5898/1/2848 5897/1/2848 5893/1/2848
f 5899/1/1576 5898/1/1576 5894/1/1576
f 5900/1/2849 5899/1/2849 5895/1/2849
f 5897/1/2850 5900/1/2850 5896/1/2850
f 5905/1/1 5906/1/1 5907/1/1
f 5906/1/2851 5905/1/2851 5901/1/2851
f 5907/1/2852 5906/1/2852 5902/1/2852
f 5908/1/2853 5907/1/2853 5903/1/2853
f 5905/1/2854 5908/1/2854 5904/1/2854
f 5913/1/1 5914/1/1 5915/1/1
f 5914/1/2855 5913/1/2855 5909/1/2855
f 5915/1/2856 5914/1/2856 5910/1/2856
f 5916/1/2857 5915/1/2857 5911/1/2857
f 5913/1/2858 5916/1/2858 5912/1/2858
f 5926/1/1 5922/1/1 5923/1/1
f 5923/1/1 5924/1/1 5925/1/1
f 5923/1/2859 5922/1/2859 5917/1/2859
f 5924/1/2860 5923/1/2860 5918/1/2860
f 5925/1/2861 5924/1/2861 5919/1/2861
f 5926/1/2862 5925/1/2862 5920/1/2862
f 5922/1/2863 5926/1/2863 5921/1/2863
f 5938/1/1 5933/1/1 5934/1/1
f 5934/1/1 5935/1/1 5936/1/1
f 5936/1/1 5937/1/1 5938/1/1
f 5934/1/2864 5933/1/2864 5927/1/2864
f 5935/1/2865 5934/1/2865 5928/1/2865
f 5936/1/2866 5935/1/2866 5929/1/2866
f 5937/1/2867 5936/1/2867 5930/1/2867
f 5938/1/2868 5937/1/2868 5931/1/2868
f 5933/1/2869 5938/1/2869 5932/1/2869
f 5978/1/1 5959/1/1 5960/1/1
f 5960/1/1 5961/1/1 5962/1/1
f 5960/1/1 5962/1/1 5963/1/1
f 5977/1/1 5978/1/1 5960/1/1
f 5976/1/1 5977/1/1 5960/1/1
f 5976/1/1 5960/1/1 5963/1/1
f 5973/1/1 5974/1/1 5975/1/1
f 5975/1/1 5976/1/1 5963/1/1
f 5964/1/1 5965/1/1 5966/1/1
f 5975/1/1 5963/1/1 5964/1/1
f 5971/1/1 5972/1/1 5973/1/1
f 5973/1/1 5975/1/1 5964/1/1
f 5964/1/1 5966/1/1 5967/1/1
f 5967/1/1 5968/1/1 5969/1/1
f 5969/1/1 5970/1/1 5971/1/1
f 5971/1/1 5973/1/1 5964/1/1
f 5964/1/1 5967/1/1 5969/1/1
f 5960/1/2870 5959/1/2870 5939/1/2870
f 5961/1/2871 5960/1/2871 5940/1/2871
f 5962/1/2872 5961/1/2872 5941/1/2872
f 5963/1/2873 5962/1/2873 5942/1/2874
f 5964/1/2875 5963/1/2875 5943/1/2875
f 5965/1/2876 5964/1/2876 5944/1/2876
f 5966/1/2877 5965/1/2877 5945/1/2877
f 5967/1/2878 5966/1/2878 5946/1/2878
f 5968/1/2879 5967/1/2879 5947/1/2879
f 5969/1/2880 5968/1/2880 5948/1/2880
f 5970/1/2881 5969/1/2881 5949/1/2881
f 5971/1/2882 5970/1/2882 5950/1/2883
f 5972/1/2884 5971/1/2884 5951/1/2884
f 5973/1/2885 5972/1/2885 5952/1/2885
f 5974/1/2886 5973/1/2886 5953/1/2886
f 5975/1/2887 5974/1/2887 5954/1/2887
f 5976/1/2888 5975/1/2888 5955/1/2888
f 5977/1/2889 5976/1/2889 5956/1/2889
f 5978/1/2881 5977/1/2881 5957/1/2881
f 5959/1/2890 5978/1/2890 5958/1/2890
f 5989/1/1 5990/1/1 5991/1/1
f 5991/1/1 5992/1/1 5993/1/1
f 5993/1/1 5994/1/1 5995/1/1
f 5995/1/1 5996/1/1 5997/1/1
f 5997/1/1 5998/1/1 5989/1/1
f 5989/1/1 5991/1/1 5993/1/1
f 5993/1/1 5995/1/1 5997/1/1
f 5990/1/2891 5989/1/2891 5979/1/2891
f 5991/1/2892 5990/1/2892 5980/1/2892
f 5992/1/2893 5991/1/2893 5981/1/2893
f 5993/1/2894 5992/1/2894 5982/1/2894
f 5994/1/2895 5993/1/2895 5983/1/2895
f 5995/1/2896 5994/1/2896 5984/1/2896
f 5996/1/2897 5995/1/2897 5985/1/2897
f 5997/1/2898 5996/1/2898 5986/1/2034
f 5998/1/2899 5997/1/2899 5987/1/2899
f 5989/1/2900 5998/1/2900 5988/1/2900
f 6003/1/1 6004/1/1 6005/1/1
f 6004/1/2901 6003/1/2901 5999/1/2901
f 6005/1/2902 6004/1/2902 6000/1/2902
f 6006/1/2903 6005/1/2903 6001/1/2903
f 6003/1/2904 6006/1/2904 6002/1/2904
f 6011/1/1 6012/1/1 6013/1/1
f 6012/1/1115 6011/1/1115 6007/1/1115
f 6013/1/2905 6012/1/3720 6008/1/2905
f 6014/1/2906 6013/1/2906 6009/1/2906
f 6011/1/2907 6014/1/2907 6010/1/2907
f 6026/1/1 6027/1/1 6028/1/1
f 6028/1/1 6029/1/1 6030/1/1
f 6031/1/1 6032/1/1 6033/1/1
f 6028/1/1 6030/1/1 6031/1/1
f 6026/1/1 6028/1/1 6031/1/1
f 6031/1/1 6033/1/1 6034/1/1
f 6025/1/1 6026/1/1 6031/1/1
f 6026/1/2908 6025/1/2908 6015/1/2908
f 6027/1/2909 6026/1/2909 6016/1/2909
f 6028/1/2910 6027/1/2910 6017/1/2910
f 6029/1/2911 6028/1/2911 6018/1/2911
f 6030/1/2912 6029/1/2912 6019/1/2912
f 6031/1/1566 6030/1/1566 6020/1/1566
f 6032/1/2913 6031/1/2913 6021/1/2913
f 6033/1/2914 6032/1/2914 6022/1/2914
f 6034/1/2915 6033/1/2915 6023/1/2915
f 6025/1/2916 6034/1/2916 6024/1/2916
f 6045/1/1 6046/1/1 6047/1/1
f 6048/1/1 6049/1/1 6050/1/1
f 6045/1/1 6047/1/1 6048/1/1
f 6053/1/1 6054/1/1 6045/1/1
f 6050/1/1 6051/1/1 6052/1/1
f 6052/1/1 6053/1/1 6045/1/1
f 6045/1/1 6048/1/1 6050/1/1
f 6046/1/2917 6045/1/2917 6035/1/2917
f 6047/1/2918 6046/1/2918 6036/1/2918
f 6048/1/2919 6047/1/2919 6037/1/2919
f 6049/1/2920 6048/1/2920 6038/1/2920
f 6050/1/2921 6049/1/2921 6039/1/2921
f 6051/1/2922 6050/1/2922 6040/1/2922
f 6052/1/2923 6051/1/2923 6041/1/2923
f 6053/1/2924 6052/1/2924 6042/1/2924
f 6054/1/2925 6053/1/2925 6043/1/2925
f 6045/1/2926 6054/1/2926 6044/1/2926
f 6065/1/1 6066/1/1 6067/1/1
f 6067/1/1 6068/1/1 6069/1/1
f 6070/1/1 6071/1/1 6072/1/1
f 6065/1/1 6067/1/1 6069/1/1
f 6070/1/1 6072/1/1 6073/1/1
f 6065/1/1 6069/1/1 6070/1/1
f 6073/1/1 6074/1/1 6065/1/1
f 6066/1/2927 6065/1/2927 6055/1/2927
f 6067/1/2928 6066/1/2928 6056/1/2928
f 6068/1/1711 6067/1/1711 6057/1/1711
f 6069/1/2929 6068/1/2929 6058/1/2929
f 6070/1/2930 6069/1/2930 6059/1/2930
f 6071/1/2931 6070/1/2931 6060/1/2931
f 6072/1/2932 6071/1/2932 6061/1/2932
f 6073/1/2933 6072/1/2933 6062/1/2933
f 6074/1/1659 6073/1/1659 6063/1/1659
f 6065/1/2934 6074/1/2934 6064/1/2934
f 6079/1/1 6080/1/1 6081/1/1
f 6080/1/2935 6079/1/2935 6075/1/2935
f 6081/1/2936 6080/1/2936 6076/1/2936
f 6082/1/2937 6081/1/2937 6077/1/2937
f 6079/1/2938 6082/1/2938 6078/1/2938
f 6087/1/1 6088/1/1 6089/1/1
f 6088/1/1697 6087/1/1697 6083/1/1697
f 6089/1/2939 6088/1/2939 6084/1/2939
f 6090/1/2940 6089/1/2940 6085/1/2940
f 6087/1/2941 6090/1/2941 6086/1/2941
f 6097/1/1 6098/1/1 6099/1/1
f 6099/1/1 6100/1/1 6101/1/1
f 6101/1/1 6102/1/1 6097/1/1
f 6098/1/2942 6097/1/2942 6091/1/2942
f 6099/1/2943 6098/1/2943 6092/1/2943
f 6100/1/2944 6099/1/2944 6093/1/2944
f 6101/1/2945 6100/1/2945 6094/1/2945
f 6102/1/2946 6101/1/2946 6095/1/2946
f 6097/1/2947 6102/1/2947 6096/1/2947
f 6107/1/1 6108/1/1 6109/1/1
f 6108/1/2948 6107/1/2948 6103/1/2948
f 6109/1/2949 6108/1/2949 6104/1/2949
f 6110/1/2950 6109/1/2950 6105/1/2950
f 6107/1/2951 6110/1/2951 6106/1/2951
f 6115/1/1 6116/1/1 6117/1/1
f 6116/1/2952 6115/1/2952 6111/1/2952
f 6117/1/2953 6116/1/2953 6112/1/2953
f 6118/1/2954 6117/1/2954 6113/1/2954
f 6115/1/2955 6118/1/2955 6114/1/2955
f 6138/1/1 6129/1/1 6130/1/1
f 6130/1/1 6131/1/1 6132/1/1
f 6132/1/1 6133/1/1 6134/1/1
f 6134/1/1 6135/1/1 6136/1/1
f 6136/1/1 6137/1/1 6138/1/1
f 6138/1/1 6130/1/1 6132/1/1
f 6132/1/1 6134/1/1 6136/1/1
f 6130/1/2956 6129/1/2956 6119/1/2956
f 6131/1/2957 6130/1/2957 6120/1/2957
f 6132/1/2958 6131/1/2958 6121/1/2958
f 6133/1/2959 6132/1/2959 6122/1/2959
f 6134/1/2960 6133/1/2960 6123/1/2960
f 6135/1/2961 6134/1/2961 6124/1/2961
f 6136/1/2962 6135/1/2962 6125/1/2962
f 6137/1/2963 6136/1/2963 6126/1/2964
f 6138/1/2962 6137/1/2962 6127/1/2962
f 6129/1/2965 6138/1/2965 6128/1/2965
f 6158/1/1 6149/1/1 6150/1/1
f 6150/1/1 6151/1/1 6152/1/1
f 6152/1/1 6153/1/1 6154/1/1
f 6152/1/1 6154/1/1 6155/1/1
f 6157/1/1 6158/1/1 6150/1/1
f 6152/1/1 6155/1/1 6156/1/1
f 6156/1/1 6157/1/1 6150/1/1
f 6150/1/2966 6149/1/2966 6139/1/2966
f 6151/1/2967 6150/1/2967 6140/1/2967
f 6152/1/2968 6151/1/2968 6141/1/2968
f 6153/1/2969 6152/1/2969 6142/1/2969
f 6154/1/2970 6153/1/2970 6143/1/2970
f 6155/1/2971 6154/1/2971 6144/1/2971
f 6156/1/2970 6155/1/2970 6145/1/2970
f 6157/1/2972 6156/1/2972 6146/1/2972
f 6158/1/2973 6157/1/2973 6147/1/2973
f 6149/1/2974 6158/1/2974 6148/1/2974
f 6163/1/1 6164/1/1 6165/1/1
f 6164/1/2975 6163/1/2975 6159/1/2975
f 6165/1/2976 6164/1/2976 6160/1/2976
f 6166/1/2977 6165/1/2977 6161/1/2977
f 6163/1/2978 6166/1/2978 6162/1/2978
f 6171/1/1 6172/1/1 6173/1/1
f 6172/1/2979 6171/1/2979 6167/1/2979
f 6173/1/2980 6172/1/3721 6168/1/2980
f 6174/1/2981 6173/1/2981 6169/1/2981
f 6171/1/2982 6174/1/2982 6170/1/2982
f 6179/1/1 6180/1/1 6181/1/1
f 6180/1/2983 6179/1/2983 6175/1/2983
f 6181/1/2984 6180/1/2984 6176/1/2984
f 6182/1/2985 6181/1/2985 6177/1/2985
f 6179/1/2964 6182/1/2964 6178/1/2964
f 6194/1/1 6189/1/1 6190/1/1
f 6191/1/1 6192/1/1 6193/1/1
f 6194/1/1 6190/1/1 6191/1/1
f 6190/1/2986 6189/1/2986 6183/1/2986
f 6191/1/2987 6190/1/2987 6184/1/2987
f 6192/1/2988 6191/1/2988 6185/1/2988
f 6193/1/2989 6192/1/2989 6186/1/2989
f 6194/1/2990 6193/1/2990 6187/1/2990
f 6189/1/2991 6194/1/2991 6188/1/2991
f 6203/1/1 6204/1/1 6205/1/1
f 6205/1/1 6206/1/1 6207/1/1
f 6208/1/1 6209/1/1 6210/1/1
f 6205/1/1 6207/1/1 6208/1/1
f 6208/1/1 6210/1/1 6203/1/1
f 6204/1/2992 6203/1/2992 6195/1/2992
f 6205/1/2993 6204/1/2993 6196/1/2993
f 6206/1/2994 6205/1/2994 6197/1/2994
f 6207/1/2995 6206/1/2995 6198/1/2995
f 6208/1/2996 6207/1/2996 6199/1/2996
f 6209/1/2997 6208/1/2997 6200/1/2997
f 6210/1/170 6209/1/170 6201/1/170
f 6203/1/2998 6210/1/2998 6202/1/2998
f 6222/1/1 6217/1/1 6218/1/1
f 6218/1/1 6219/1/1 6220/1/1
f 6220/1/1 6221/1/1 6222/1/1
f 6218/1/2999 6217/1/2999 6211/1/2999
f 6219/1/3000 6218/1/3000 6212/1/3000
f 6220/1/3001 6219/1/3001 6213/1/3001
f 6221/1/3002 6220/1/3002 6214/1/3002
f 6222/1/3003 6221/1/3003 6215/1/3003
f 6217/1/3004 6222/1/3004 6216/1/3004
f 6239/1/1 6240/1/1 6241/1/1
f 6241/1/1 6242/1/1 6243/1/1
f 6244/1/1 6245/1/1 6246/1/1
f 6241/1/1 6243/1/1 6244/1/1
f 6253/1/1 6254/1/1 6239/1/1
f 6244/1/1 6246/1/1 6247/1/1
f 6247/1/1 6248/1/1 6249/1/1
f 6247/1/1 6249/1/1 6250/1/1
f 6253/1/1 6239/1/1 6241/1/1
f 6252/1/1 6253/1/1 6241/1/1
f 6244/1/1 6247/1/1 6250/1/1
f 6251/1/1 6252/1/1 6241/1/1
f 6244/1/1 6250/1/1 6251/1/1
f 6240/1/3005 6239/1/3005 6223/1/3005
f 6241/1/3006 6240/1/3007 6224/1/3006
f 6242/1/3008 6241/1/3008 6225/1/3008
f 6243/1/3009 6242/1/3009 6226/1/3009
f 6244/1/3010 6243/1/3010 6227/1/3010
f 6245/1/3011 6244/1/3011 6228/1/3011
f 6246/1/3012 6245/1/3012 6229/1/3012
f 6247/1/3013 6246/1/3013 6230/1/3013
f 6248/1/3014 6247/1/3014 6231/1/3014
f 6249/1/3015 6248/1/3015 6232/1/3015
f 6250/1/3016 6249/1/3016 6233/1/3016
f 6251/1/3017 6250/1/3017 6234/1/3017
f 6252/1/3012 6251/1/3012 6235/1/3012
f 6253/1/3018 6252/1/3018 6236/1/3018
f 6254/1/3019 6253/1/3019 6237/1/3019
f 6239/1/3020 6254/1/3020 6238/1/3020
f 6259/1/1 6260/1/1 6261/1/1
f 6260/1/3021 6259/1/3722 6255/1/3021
f 6261/1/3022 6260/1/3022 6256/1/3022
f 6262/1/3023 6261/1/3023 6257/1/3023
f 6259/1/3024 6262/1/3024 6258/1/3024
f 6290/1/1 6277/1/1 6278/1/1
f 6278/1/1 6279/1/1 6280/1/1
f 6280/1/1 6281/1/1 6282/1/1
f 6282/1/1 6283/1/1 6284/1/1
f 6284/1/1 6285/1/1 6286/1/1
f 6284/1/1 6286/1/1 6287/1/1
f 6280/1/1 6282/1/1 6284/1/1
f 6288/1/1 6289/1/1 6290/1/1
f 6280/1/1 6284/1/1 6287/1/1
f 6288/1/1 6290/1/1 6278/1/1
f 6278/1/1 6280/1/1 6287/1/1
f 6278/1/3025 6277/1/3025 6263/1/3025
f 6279/1/3026 6278/1/3026 6264/1/3026
f 6280/1/3027 6279/1/3027 6265/1/3027
f 6281/1/3028 6280/1/3028 6266/1/3028
f 6282/1/2077 6281/1/2077 6267/1/2077
f 6283/1/3029 6282/1/3029 6268/1/3029
f 6284/1/3030 6283/1/3030 6269/1/3030
f 6285/1/3031 6284/1/3031 6270/1/3032
f 6286/1/3033 6285/1/3033 6271/1/3033
f 6287/1/2168 6286/1/2168 6272/1/2168
f 6288/1/3034 6287/1/3034 6273/1/3034
f 6289/1/3035 6288/1/3035 6274/1/3035
f 6290/1/3036 6289/1/3036 6275/1/3036
f 6277/1/3037 6290/1/3037 6276/1/3037
f 6308/1/1 6300/1/1 6301/1/1
f 6301/1/1 6302/1/1 6303/1/1
f 6304/1/1 6305/1/1 6306/1/1
f 6301/1/1 6303/1/1 6304/1/1
f 6307/1/1 6308/1/1 6301/1/1
f 6301/1/1 6304/1/1 6306/1/1
f 6301/1/3038 6300/1/3038 6291/1/3038
f 6302/1/3039 6301/1/3039 6292/1/3039
f 6303/1/3040 6302/1/3040 6293/1/3040
f 6304/1/3041 6303/1/3041 6294/1/3042
f 6305/1/3043 6304/1/3043 6295/1/3043
f 6306/1/3044 6305/1/3044 6296/1/3044
f 6307/1/3045 6306/1/3045 6297/1/3045
f 6308/1/3046 6307/1/3046 6298/1/3046
f 6300/1/465 6308/1/465 6299/1/3047
f 6320/1/1 6315/1/1 6316/1/1
f 6316/1/1 6317/1/1 6318/1/1
f 6318/1/1 6319/1/1 6320/1/1
f 6316/1/3048 6315/1/3048 6309/1/3048
f 6317/1/3049 6316/1/3049 6310/1/3049
f 6318/1/3050 6317/1/3050 6311/1/3050
f 6319/1/3051 6318/1/3051 6312/1/3051
f 6320/1/3052 6319/1/3052 6313/1/3052
f 6315/1/3053 6320/1/3053 6314/1/3053
f 6333/1/1 6334/1/1 6335/1/1
f 6335/1/1 6336/1/1 6337/1/1
f 6337/1/1 6338/1/1 6339/1/1
f 6339/1/1 6340/1/1 6341/1/1
f 6341/1/1 6342/1/1 6343/1/1
f 6343/1/1 6344/1/1 6333/1/1
f 6333/1/1 6335/1/1 6337/1/1
f 6337/1/1 6339/1/1 6341/1/1
f 6341/1/1 6343/1/1 6333/1/1
f 6334/1/3054 6333/1/3054 6321/1/3054
f 6335/1/3055 6334/1/3055 6322/1/3055
f 6336/1/3056 6335/1/3056 6323/1/3056
f 6337/1/3057 6336/1/3057 6324/1/3057
f 6338/1/3058 6337/1/3058 6325/1/3058
f 6339/1/3059 6338/1/3059 6326/1/3059
f 6340/1/1004 6339/1/1004 6327/1/1004
f 6341/1/298 6340/1/298 6328/1/298
f 6342/1/3060 6341/1/3060 6329/1/3060
f 6343/1/3061 6342/1/3061 6330/1/3061
f 6344/1/3062 6343/1/3062 6331/1/3062
f 6333/1/1181 6344/1/1181 6332/1/1181
f 6349/1/1 6350/1/1 6351/1/1
f 6350/1/3063 6349/1/3063 6345/1/3063
f 6351/1/3064 6350/1/3064 6346/1/3064
f 6352/1/3065 6351/1/3065 6347/1/3065
f 6349/1/3066 6352/1/3066 6348/1/3066
f 6357/1/1 6358/1/1 6359/1/1
f 6358/1/3067 6357/1/3067 6353/1/3067
f 6359/1/3068 6358/1/3068 6354/1/3068
f 6360/1/3069 6359/1/3069 6355/1/3069
f 6357/1/3070 6360/1/3070 6356/1/3070
f 6372/1/1 6367/1/1 6368/1/1
f 6368/1/1 6369/1/1 6370/1/1
f 6371/1/1 6372/1/1 6368/1/1
f 6368/1/3071 6367/1/3071 6361/1/3071
f 6369/1/3072 6368/1/3072 6362/1/3072
f 6370/1/3073 6369/1/3073 6363/1/3073
f 6371/1/3074 6370/1/3074 6364/1/3074
f 6372/1/3075 6371/1/3723 6365/1/3075
f 6367/1/3076 6372/1/3076 6366/1/3076
f 6377/1/1 6378/1/1 6379/1/1
f 6378/1/3077 6377/1/3077 6373/1/3077
f 6379/1/3078 6378/1/3078 6374/1/3078
f 6380/1/3079 6379/1/3079 6375/1/3079
f 6377/1/3080 6380/1/3080 6376/1/3080
f 6386/1/1 6387/1/1 6388/1/1
f 6386/1/3081 6385/1/3081 6381/1/3081
f 6387/1/3082 6386/1/3082 6382/1/3082
f 6388/1/3083 6387/1/3083 6383/1/3083
f 6385/1/3084 6388/1/3084 6384/1/3084
f 6399/1/1 6400/1/1 6401/1/1
f 6401/1/1 6402/1/1 6403/1/1
f 6403/1/1 6404/1/1 6405/1/1
f 6405/1/1 6406/1/1 6407/1/1
f 6407/1/1 6408/1/1 6399/1/1
f 6399/1/1 6401/1/1 6403/1/1
f 6403/1/1 6405/1/1 6407/1/1
f 6400/1/3085 6399/1/3085 6389/1/3085
f 6401/1/3086 6400/1/3086 6390/1/3086
f 6402/1/2494 6401/1/2494 6391/1/2494
f 6403/1/3087 6402/1/3087 6392/1/3087
f 6404/1/3088 6403/1/3088 6393/1/3088
f 6405/1/3089 6404/1/3089 6394/1/3089
f 6406/1/3090 6405/1/3090 6395/1/3090
f 6407/1/3087 6406/1/3087 6396/1/3087
f 6408/1/3085 6407/1/3085 6397/1/3085
f 6399/1/3091 6408/1/3091 6398/1/3091
f 6413/1/1 6414/1/1 6415/1/1
f 6414/1/3092 6413/1/3092 6409/1/3092
f 6415/1/3093 6414/1/3093 6410/1/3093
f 6416/1/3094 6415/1/3094 6411/1/3094
f 6413/1/3095 6416/1/3095 6412/1/3095
f 6432/1/1 6425/1/1 6426/1/1
f 6426/1/1 6427/1/1 6428/1/1
f 6428/1/1 6429/1/1 6430/1/1
f 6430/1/1 6431/1/1 6432/1/1
f 6432/1/1 6426/1/1 6428/1/1
f 6426/1/3096 6425/1/3096 6417/1/3096
f 6427/1/3097 6426/1/3097 6418/1/3097
f 6428/1/3098 6427/1/3098 6419/1/3098
f 6429/1/1316 6428/1/1316 6420/1/1316
f 6430/1/3099 6429/1/3099 6421/1/3099
f 6431/1/3100 6430/1/3100 6422/1/3100
f 6432/1/3101 6431/1/3101 6423/1/3101
f 6425/1/173 6432/1/173 6424/1/173
f 6444/1/1 6439/1/1 6440/1/1
f 6440/1/1 6441/1/1 6442/1/1
f 6442/1/1 6443/1/1 6444/1/1
f 6440/1/3102 6439/1/3102 6433/1/3102
f 6441/1/3103 6440/1/3103 6434/1/3103
f 6442/1/3104 6441/1/3104 6435/1/3105
f 6443/1/3106 6442/1/3106 6436/1/3106
f 6444/1/3108 6443/1/3108 6437/1/3108
f 6439/1/3109 6444/1/3109 6438/1/3109
f 6472/1/1 6459/1/1 6460/1/1
f 6460/1/1 6461/1/1 6462/1/1
f 6462/1/1 6463/1/1 6464/1/1
f 6464/1/1 6465/1/1 6466/1/1
f 6467/1/1 6468/1/1 6469/1/1
f 6464/1/1 6466/1/1 6467/1/1
f 6460/1/1 6462/1/1 6464/1/1
f 6470/1/1 6471/1/1 6472/1/1
f 6472/1/1 6460/1/1 6464/1/1
f 6464/1/1 6467/1/1 6469/1/1
f 6470/1/1 6472/1/1 6464/1/1
f 6460/1/3110 6459/1/3110 6445/1/3110
f 6461/1/3111 6460/1/3111 6446/1/3111
f 6462/1/3112 6461/1/3112 6447/1/3112
f 6463/1/3113 6462/1/3113 6448/1/3114
f 6464/1/3115 6463/1/3115 6449/1/3115
f 6465/1/3116 6464/1/3116 6450/1/3117
f 6466/1/3118 6465/1/3118 6451/1/3118
f 6467/1/3119 6466/1/3119 6452/1/3120
f 6468/1/3121 6467/1/3121 6453/1/3121
f 6469/1/3122 6468/1/3122 6454/1/3122
f 6470/1/3123 6469/1/3123 6455/1/3123
f 6471/1/201 6470/1/201 6456/1/201
f 6472/1/3123 6471/1/3123 6457/1/3123
f 6459/1/3124 6472/1/3124 6458/1/3124
f 6477/1/1 6478/1/1 6479/1/1
f 6478/1/3125 6477/1/3125 6473/1/3125
f 6479/1/3126 6478/1/3126 6474/1/3126
f 6480/1/3127 6479/1/3127 6475/1/3127
f 6477/1/3128 6480/1/3128 6476/1/3128
f 6496/1/1 6489/1/1 6490/1/1
f 6490/1/1 6491/1/1 6492/1/1
f 6493/1/1 6494/1/1 6495/1/1
f 6490/1/1 6492/1/1 6493/1/1
f 6493/1/1 6495/1/1 6496/1/1
f 6490/1/1010 6489/1/1010 6481/1/1010
f 6491/1/3129 6490/1/3129 6482/1/3129
f 6492/1/3130 6491/1/3130 6483/1/3130
f 6493/1/3131 6492/1/3131 6484/1/3131
f 6494/1/2201 6493/1/2201 6485/1/2201
f 6495/1/3132 6494/1/3132 6486/1/3132
f 6496/1/3133 6495/1/3133 6487/1/3133
f 6489/1/3134 6496/1/3134 6488/1/3134
f 6516/1/1 6507/1/1 6508/1/1
f 6508/1/1 6509/1/1 6510/1/1
f 6510/1/1 6511/1/1 6512/1/1
f 6512/1/1 6513/1/1 6514/1/1
f 6515/1/1 6516/1/1 6508/1/1
f 6512/1/1 6514/1/1 6515/1/1
f 6508/1/1 6510/1/1 6512/1/1
f 6508/1/3135 6507/1/3135 6497/1/3135
f 6509/1/3136 6508/1/3136 6498/1/3136
f 6510/1/3137 6509/1/3137 6499/1/3138
f 6511/1/3139 6510/1/3139 6500/1/3139
f 6512/1/3140 6511/1/3140 6501/1/3140
f 6513/1/3141 6512/1/3141 6502/1/3141
f 6514/1/3142 6513/1/3142 6503/1/3142
f 6515/1/3143 6514/1/3143 6504/1/3143
f 6516/1/3144 6515/1/3144 6505/1/3144
f 6507/1/3145 6516/1/3145 6506/1/3145
f 6526/1/1 6522/1/1 6523/1/1
f 6523/1/1 6524/1/1 6525/1/1
f 6523/1/3146 6522/1/3146 6517/1/3146
f 6524/1/3147 6523/1/3147 6518/1/3147
f 6525/1/3148 6524/1/3148 6519/1/3148
f 6526/1/3149 6525/1/3149 6520/1/3149
f 6522/1/3150 6526/1/3150 6521/1/3150
f 6537/1/1 6538/1/1 6539/1/1
f 6540/1/1 6541/1/1 6542/1/1
f 6537/1/1 6539/1/1 6540/1/1
f 6545/1/1 6546/1/1 6537/1/1
f 6543/1/1 6544/1/1 6545/1/1
f 6537/1/1 6540/1/1 6542/1/1
f 6542/1/1 6543/1/1 6545/1/1
f 6538/1/3151 6537/1/3151 6527/1/3151
f 6539/1/3152 6538/1/3152 6528/1/3152
f 6540/1/3153 6539/1/3153 6529/1/3154
f 6541/1/3155 6540/1/3724 6530/1/3155
f 6542/1/3156 6541/1/3156 6531/1/3156
f 6543/1/3157 6542/1/3157 6532/1/3157
f 6544/1/3158 6543/1/3158 6533/1/3158
f 6545/1/3159 6544/1/3159 6534/1/3159
f 6546/1/3160 6545/1/3160 6535/1/3160
f 6537/1/3161 6546/1/3161 6536/1/3161
f 6551/1/1 6552/1/1 6553/1/1
f 6552/1/3162 6551/1/3162 6547/1/3162
f 6553/1/3163 6552/1/3163 6548/1/3163
f 6554/1/3164 6553/1/3164 6549/1/3164
f 6551/1/3165 6554/1/3165 6550/1/3165
f 6559/1/1 6560/1/1 6561/1/1
f 6560/1/3166 6559/1/3166 6555/1/3166
f 6561/1/1626 6560/1/1626 6556/1/1626
f 6562/1/1657 6561/1/1657 6557/1/1657
f 6559/1/3167 6562/1/3167 6558/1/3167
f 6567/1/1 6568/1/1 6569/1/1
f 6568/1/3168 6567/1/3168 6563/1/3168
f 6569/1/3169 6568/1/3169 6564/1/3169
f 6570/1/3170 6569/1/3170 6565/1/3170
f 6567/1/3171 6570/1/3171 6566/1/3171
f 6582/1/1 6577/1/1 6578/1/1
f 6578/1/1 6579/1/1 6580/1/1
f 6581/1/1 6582/1/1 6578/1/1
f 6578/1/3172 6577/1/3172 6571/1/3172
f 6579/1/3173 6578/1/3173 6572/1/3173
f 6580/1/3174 6579/1/3174 6573/1/3174
f 6581/1/954 6580/1/954 6574/1/954
f 6582/1/3175 6581/1/3175 6575/1/3176
f 6577/1/3177 6582/1/3177 6576/1/3177
f 6593/1/1 6594/1/1 6595/1/1
f 6595/1/1 6596/1/1 6597/1/1
f 6597/1/1 6598/1/1 6599/1/1
f 6599/1/1 6600/1/1 6601/1/1
f 6601/1/1 6602/1/1 6593/1/1
f 6593/1/1 6595/1/1 6597/1/1
f 6599/1/1 6601/1/1 6593/1/1
f 6594/1/3178 6593/1/3178 6583/1/3178
f 6595/1/3179 6594/1/3179 6584/1/3179
f 6596/1/3180 6595/1/3180 6585/1/3180
f 6597/1/3181 6596/1/3181 6586/1/3181
f 6598/1/3183 6597/1/3183 6587/1/3183
f 6599/1/3184 6598/1/3184 6588/1/3184
f 6600/1/3185 6599/1/3185 6589/1/3185
f 6601/1/3186 6600/1/3186 6590/1/3186
f 6602/1/3187 6601/1/3187 6591/1/3187
f 6593/1/3188 6602/1/3188 6592/1/3188
f 6607/1/1 6608/1/1 6609/1/1
f 6608/1/3189 6607/1/3189 6603/1/3189
f 6609/1/3190 6608/1/3190 6604/1/3190
f 6610/1/3191 6609/1/3191 6605/1/3191
f 6607/1/3192 6610/1/3192 6606/1/3192
f 6626/1/1 6619/1/1 6620/1/1
f 6620/1/1 6621/1/1 6622/1/1
f 6623/1/1 6624/1/1 6625/1/1
f 6620/1/1 6622/1/1 6623/1/1
f 6625/1/1 6626/1/1 6620/1/1
f 6620/1/3193 6619/1/3193 6611/1/3193
f 6621/1/3194 6620/1/3194 6612/1/3194
f 6622/1/3195 6621/1/3195 6613/1/3195
f 6623/1/3196 6622/1/3196 6614/1/3196
f 6624/1/3197 6623/1/3197 6615/1/3197
f 6625/1/3198 6624/1/3198 6616/1/3198
f 6626/1/3199 6625/1/3199 6617/1/3199
f 6619/1/3200 6626/1/3200 6618/1/3200
f 6638/1/1 6633/1/1 6634/1/1
f 6635/1/1 6636/1/1 6637/1/1
f 6638/1/1 6634/1/1 6635/1/1
f 6634/1/1708 6633/1/1708 6627/1/1708
f 6635/1/3201 6634/1/3201 6628/1/3201
f 6636/1/3202 6635/1/3202 6629/1/3203
f 6637/1/3204 6636/1/3204 6630/1/3204
f 6638/1/3205 6637/1/3205 6631/1/3205
f 6633/1/3206 6638/1/3206 6632/1/3206
f 6647/1/1 6648/1/1 6649/1/1
f 6649/1/1 6650/1/1 6651/1/1
f 6652/1/1 6653/1/1 6654/1/1
f 6649/1/1 6651/1/1 6652/1/1
f 6652/1/1 6654/1/1 6647/1/1
f 6648/1/3207 6647/1/3207 6639/1/3207
f 6649/1/3208 6648/1/3208 6640/1/3208
f 6650/1/3209 6649/1/3209 6641/1/3209
f 6651/1/3210 6650/1/3210 6642/1/3210
f 6652/1/3211 6651/1/3211 6643/1/3211
f 6653/1/3212 6652/1/3212 6644/1/3212
f 6654/1/3213 6653/1/3213 6645/1/3213
f 6647/1/2865 6654/1/2865 6646/1/2865
f 6659/1/1 6660/1/1 6661/1/1
f 6660/1/3214 6659/1/3214 6655/1/3214
f 6661/1/3215 6660/1/3215 6656/1/3215
f 6662/1/3216 6661/1/3216 6657/1/3216
f 6659/1/3217 6662/1/3217 6658/1/3217
f 6699/1/1 6700/1/1 6701/1/1
f 6699/1/1 6701/1/1 6702/1/1
f 6733/1/1 6734/1/1 6699/1/1
f 6732/1/1 6733/1/1 6699/1/1
f 6732/1/1 6699/1/1 6702/1/1
f 6729/1/1 6730/1/1 6731/1/1
f 6731/1/1 6732/1/1 6702/1/1
f 6703/1/1 6704/1/1 6705/1/1
f 6731/1/1 6702/1/1 6703/1/1
f 6728/1/1 6729/1/1 6731/1/1
f 6725/1/1 6726/1/1 6727/1/1
f 6728/1/1 6731/1/1 6703/1/1
f 6727/1/1 6728/1/1 6703/1/1
f 6703/1/1 6705/1/1 6706/1/1
f 6703/1/1 6706/1/1 6707/1/1
f 6727/1/1 6703/1/1 6707/1/1
f 6708/1/1 6709/1/1 6710/1/1
f 6727/1/1 6707/1/1 6708/1/1
f 6723/1/1 6724/1/1 6725/1/1
f 6723/1/1 6725/1/1 6727/1/1
f 6720/1/1 6721/1/1 6722/1/1
f 6722/1/1 6723/1/1 6727/1/1
f 6708/1/1 6710/1/1 6711/1/1
f 6711/1/1 6712/1/1 6713/1/1
f 6714/1/1 6715/1/1 6716/1/1
f 6708/1/1 6711/1/1 6713/1/1
f 6714/1/1 6716/1/1 6717/1/1
f 6727/1/1 6708/1/1 6713/1/1
f 6713/1/1 6714/1/1 6717/1/1
f 6717/1/1 6718/1/1 6719/1/1
f 6719/1/1 6720/1/1 6722/1/1
f 6722/1/1 6727/1/1 6713/1/1
f 6713/1/1 6717/1/1 6719/1/1
f 6700/1/3218 6699/1/3218 6663/1/3218
f 6701/1/3219 6700/1/3219 6664/1/3219
f 6702/1/3220 6701/1/3220 6665/1/3220
f 6703/1/3221 6702/1/3221 6666/1/3221
f 6704/1/3222 6703/1/3222 6667/1/3222
f 6705/1/1152 6704/1/1152 6668/1/1152
f 6706/1/3223 6705/1/3223 6669/1/3223
f 6707/1/3224 6706/1/3224 6670/1/3224
f 6708/1/3225 6707/1/3225 6671/1/3225
f 6709/1/3226 6708/1/3226 6672/1/3226
f 6710/1/1178 6709/1/1178 6673/1/1178
f 6711/1/3227 6710/1/3227 6674/1/3228
f 6712/1/3229 6711/1/3229 6675/1/3229
f 6713/1/3230 6712/1/3230 6676/1/3230
f 6714/1/3231 6713/1/3231 6677/1/3231
f 6715/1/225 6714/1/225 6678/1/225
f 6716/1/3232 6715/1/3232 6679/1/3232
f 6717/1/3233 6716/1/3233 6680/1/3233
f 6718/1/3234 6717/1/3234 6681/1/3234
f 6719/1/3235 6718/1/3235 6682/1/3235
f 6720/1/2450 6719/1/2450 6683/1/2450
f 6721/1/3236 6720/1/3236 6684/1/3236
f 6722/1/3237 6721/1/3237 6685/1/3237
f 6723/1/3238 6722/1/3238 6686/1/3238
f 6724/1/3239 6723/1/3239 6687/1/3239
f 6725/1/225 6724/1/225 6688/1/225
f 6726/1/3240 6725/1/3240 6689/1/3240
f 6727/1/3241 6726/1/3241 6690/1/3241
f 6728/1/3242 6727/1/3242 6691/1/3242
f 6729/1/3243 6728/1/3243 6692/1/3243
f 6730/1/3244 6729/1/3244 6693/1/3244
f 6731/1/3245 6730/1/3725 6694/1/3245
f 6732/1/3246 6731/1/3246 6695/1/3246
f 6733/1/3247 6732/1/3247 6696/1/3247
f 6734/1/3248 6733/1/3248 6697/1/3248
f 6699/1/3249 6734/1/3249 6698/1/3249
f 6746/1/1 6741/1/1 6742/1/1
f 6742/1/1 6743/1/1 6744/1/1
f 6744/1/1 6745/1/1 6746/1/1
f 6742/1/3250 6741/1/3250 6735/1/3250
f 6743/1/2920 6742/1/2920 6736/1/2920
f 6744/1/3251 6743/1/3251 6737/1/3251
f 6745/1/3252 6744/1/3252 6738/1/3252
f 6746/1/3254 6745/1/3254 6739/1/3254
f 6741/1/3255 6746/1/3255 6740/1/3255
f 6758/1/1 6753/1/1 6754/1/1
f 6754/1/1 6755/1/1 6756/1/1
f 6756/1/1 6757/1/1 6758/1/1
f 6754/1/3256 6753/1/3256 6747/1/3256
f 6755/1/3258 6754/1/3258 6748/1/3258
f 6756/1/3259 6755/1/3259 6749/1/3259
f 6757/1/3260 6756/1/3260 6750/1/3260
f 6758/1/3261 6757/1/3261 6751/1/3261
f 6753/1/3262 6758/1/3262 6752/1/3262
f 6763/1/1 6764/1/1 6765/1/1
f 6764/1/3263 6763/1/3726 6759/1/3263
f 6765/1/3264 6764/1/3264 6760/1/3264
f 6766/1/3265 6765/1/3265 6761/1/3265
f 6763/1/3266 6766/1/3266 6762/1/3266
f 6771/1/1 6772/1/1 6773/1/1
f 6772/1/3267 6771/1/3267 6767/1/3267
f 6773/1/3268 6772/1/3268 6768/1/3268
f 6774/1/3269 6773/1/3269 6769/1/3269
f 6771/1/3270 6774/1/3270 6770/1/3270
f 6779/1/1 6780/1/1 6781/1/1
f 6780/1/3271 6779/1/3271 6775/1/3271
f 6781/1/3272 6780/1/3272 6776/1/3272
f 6782/1/3273 6781/1/3273 6777/1/3273
f 6779/1/3274 6782/1/3274 6778/1/3274
f 6787/1/1 6788/1/1 6789/1/1
f 6788/1/3275 6787/1/3275 6783/1/3275
f 6789/1/3276 6788/1/3276 6784/1/3276
f 6790/1/2906 6789/1/2906 6785/1/2906
f 6787/1/1385 6790/1/1385 6786/1/1385
f 6816/1/1 6804/1/1 6805/1/1
f 6805/1/1 6806/1/1 6807/1/1
f 6807/1/1 6808/1/1 6809/1/1
f 6809/1/1 6810/1/1 6811/1/1
f 6811/1/1 6812/1/1 6813/1/1
f 6813/1/1 6814/1/1 6815/1/1
f 6815/1/1 6816/1/1 6805/1/1
f 6805/1/1 6807/1/1 6809/1/1
f 6811/1/1 6813/1/1 6815/1/1
f 6805/1/1 6809/1/1 6811/1/1
f 6805/1/3277 6804/1/3277 6791/1/3277
f 6806/1/3278 6805/1/3278 6792/1/1462
f 6807/1/3279 6806/1/3279 6793/1/3279
f 6808/1/3280 6807/1/3280 6794/1/3280
f 6809/1/3281 6808/1/3281 6795/1/3281
f 6810/1/3282 6809/1/3282 6796/1/3282
f 6811/1/3283 6810/1/3283 6797/1/3283
f 6812/1/3282 6811/1/3282 6798/1/3282
f 6813/1/3284 6812/1/3284 6799/1/3285
f 6814/1/3286 6813/1/3286 6800/1/3286
f 6815/1/3287 6814/1/3287 6801/1/3287
f 6816/1/3288 6815/1/3288 6802/1/3288
f 6804/1/3289 6816/1/3289 6803/1/3289
f 6828/1/1 6823/1/1 6824/1/1
f 6824/1/1 6825/1/1 6826/1/1
f 6826/1/1 6827/1/1 6828/1/1
f 6824/1/3290 6823/1/3290 6817/1/3290
f 6825/1/3291 6824/1/3291 6818/1/3291
f 6826/1/3292 6825/1/3292 6819/1/3292
f 6827/1/3293 6826/1/3293 6820/1/3293
f 6828/1/1142 6827/1/1142 6821/1/1142
f 6823/1/3294 6828/1/3294 6822/1/3294
f 6838/1/1 6834/1/1 6835/1/1
f 6835/1/1 6836/1/1 6837/1/1
f 6835/1/3295 6834/1/3295 6829/1/3295
f 6836/1/3296 6835/1/3296 6830/1/3296
f 6837/1/3297 6836/1/3297 6831/1/3297
f 6838/1/3298 6837/1/3298 6832/1/3298
f 6834/1/3299 6838/1/3299 6833/1/3299
f 6843/1/1 6844/1/1 6845/1/1
f 6844/1/3300 6843/1/3300 6839/1/3300
f 6845/1/3301 6844/1/3301 6840/1/3301
f 6846/1/3302 6845/1/3302 6841/1/3302
f 6843/1/3303 6846/1/3303 6842/1/3303
f 6851/1/1 6852/1/1 6853/1/1
f 6852/1/3304 6851/1/3304 6847/1/3304
f 6853/1/3305 6852/1/3305 6848/1/3305
f 6854/1/3306 6853/1/3306 6849/1/3306
f 6851/1/3307 6854/1/3307 6850/1/3307
f 6886/1/1 6871/1/1 6872/1/1
f 6873/1/1 6874/1/1 6875/1/1
f 6886/1/1 6872/1/1 6873/1/1
f 6884/1/1 6885/1/1 6886/1/1
f 6882/1/1 6883/1/1 6884/1/1
f 6880/1/1 6881/1/1 6882/1/1
f 6878/1/1 6879/1/1 6880/1/1
f 6875/1/1 6876/1/1 6877/1/1
f 6877/1/1 6878/1/1 6880/1/1
f 6880/1/1 6882/1/1 6884/1/1
f 6884/1/1 6886/1/1 6873/1/1
f 6875/1/1 6877/1/1 6880/1/1
f 6884/1/1 6873/1/1 6875/1/1
f 6872/1/3308 6871/1/3308 6855/1/3308
f 6873/1/3309 6872/1/3309 6856/1/3309
f 6874/1/3310 6873/1/3310 6857/1/3310
f 6875/1/3311 6874/1/3311 6858/1/3311
f 6876/1/3312 6875/1/3312 6859/1/3312
f 6877/1/3313 6876/1/3313 6860/1/3313
f 6878/1/3314 6877/1/3314 6861/1/3314
f 6879/1/3315 6878/1/3315 6862/1/3315
f 6880/1/3316 6879/1/3316 6863/1/3316
f 6881/1/3317 6880/1/3317 6864/1/3317
f 6882/1/3318 6881/1/3318 6865/1/3318
f 6883/1/3319 6882/1/3319 6866/1/3319
f 6884/1/3320 6883/1/3320 6867/1/3320
f 6885/1/3321 6884/1/3321 6868/1/3321
f 6886/1/3322 6885/1/3322 6869/1/3323
f 6871/1/3324 6886/1/3324 6870/1/3324
f 6891/1/1 6892/1/1 6893/1/1
f 6892/1/3325 6891/1/3325 6887/1/3325
f 6893/1/3326 6892/1/3326 6888/1/3326
f 6894/1/3327 6893/1/3327 6889/1/3327
f 6891/1/3328 6894/1/3328 6890/1/3328
f 6899/1/1 6900/1/1 6901/1/1
f 6900/1/3329 6899/1/3329 6895/1/3329
f 6901/1/3330 6900/1/3330 6896/1/3330
f 6902/1/3331 6901/1/3331 6897/1/3331
f 6899/1/3332 6902/1/3332 6898/1/3332
f 6907/1/1 6908/1/1 6909/1/1
f 6908/1/3333 6907/1/3333 6903/1/3333
f 6909/1/3334 6908/1/3334 6904/1/3334
f 6910/1/3335 6909/1/3335 6905/1/3335
f 6907/1/3336 6910/1/3336 6906/1/3336
f 6915/1/1 6916/1/1 6917/1/1
f 6916/1/3337 6915/1/3337 6911/1/3337
f 6917/1/3339 6916/1/3339 6912/1/3339
f 6918/1/3340 6917/1/3340 6913/1/3340
f 6915/1/3341 6918/1/3341 6914/1/3341
f 6934/1/1 6927/1/1 6928/1/1
f 6928/1/1 6929/1/1 6930/1/1
f 6930/1/1 6931/1/1 6932/1/1
f 6932/1/1 6933/1/1 6934/1/1
f 6934/1/1 6928/1/1 6930/1/1
f 6928/1/3342 6927/1/3342 6919/1/3342
f 6929/1/3343 6928/1/3343 6920/1/3343
f 6930/1/3344 6929/1/3344 6921/1/3344
f 6931/1/3345 6930/1/3345 6922/1/3346
f 6932/1/3347 6931/1/3347 6923/1/3347
f 6933/1/3348 6932/1/3348 6924/1/3348
f 6934/1/3349 6933/1/3349 6925/1/3349
f 6927/1/3350 6934/1/3350 6926/1/3350
f 6939/1/1 6940/1/1 6941/1/1
f 6940/1/3351 6939/1/3351 6935/1/3351
f 6941/1/3352 6940/1/3352 6936/1/3352
f 6942/1/3353 6941/1/3353 6937/1/3353
f 6939/1/3354 6942/1/3354 6938/1/3354
f 6954/1/1 6949/1/1 6950/1/1
f 6950/1/1 6951/1/1 6952/1/1
f 6952/1/1 6953/1/1 6954/1/1
f 6950/1/3355 6949/1/3355 6943/1/3355
f 6951/1/3356 6950/1/3356 6944/1/3356
f 6952/1/3098 6951/1/3098 6945/1/3098
f 6953/1/3357 6952/1/3357 6946/1/3357
f 6954/1/3358 6953/1/3358 6947/1/3358
f 6949/1/3359 6954/1/3359 6948/1/3359
f 6966/1/1 6961/1/1 6962/1/1
f 6962/1/1 6963/1/1 6964/1/1
f 6965/1/1 6966/1/1 6962/1/1
f 6962/1/3360 6961/1/3360 6955/1/3360
f 6963/1/163 6962/1/163 6956/1/163
f 6964/1/3361 6963/1/3361 6957/1/3361
f 6965/1/1359 6964/1/1359 6958/1/1359
f 6966/1/3363 6965/1/3363 6959/1/3363
f 6961/1/3364 6966/1/3364 6960/1/3364
f 6978/1/1 6973/1/1 6974/1/1
f 6974/1/1 6975/1/1 6976/1/1
f 6976/1/1 6977/1/1 6978/1/1
f 6974/1/3365 6973/1/3365 6967/1/3365
f 6975/1/3366 6974/1/3366 6968/1/3366
f 6976/1/3367 6975/1/3367 6969/1/3367
f 6977/1/3368 6976/1/3368 6970/1/3368
f 6978/1/3367 6977/1/3367 6971/1/3367
f 6973/1/3369 6978/1/3369 6972/1/3369
f 6990/1/1 6985/1/1 6986/1/1
f 6986/1/1 6987/1/1 6988/1/1
f 6988/1/1 6989/1/1 6990/1/1
f 6986/1/3370 6985/1/3370 6979/1/3370
f 6987/1/3371 6986/1/3371 6980/1/3371
f 6988/1/3372 6987/1/3372 6981/1/3372
f 6989/1/3373 6988/1/3373 6982/1/3374
f 6990/1/3375 6989/1/3375 6983/1/3375
f 6985/1/3376 6990/1/3376 6984/1/3376
f 6995/1/1 6996/1/1 6997/1/1
f 6996/1/2179 6995/1/2179 6991/1/2179
f 6997/1/2998 6996/1/2998 6992/1/2998
f 6998/1/3377 6997/1/3377 6993/1/3377
f 6995/1/3378 6998/1/3378 6994/1/3378
f 7006/1/1 7007/1/1 7008/1/1
f 7008/1/1 7009/1/1 7010/1/1
f 7010/1/1 7011/1/1 7012/1/1
f 7006/1/1 7008/1/1 7010/1/1
f 7007/1/3379 7006/1/3379 6999/1/3379
f 7008/1/3380 7007/1/3380 7000/1/3380
f 7009/1/3381 7008/1/3381 7001/1/3381
f 7010/1/3382 7009/1/3382 7002/1/3382
f 7011/1/3383 7010/1/3383 7003/1/3383
f 7012/1/3384 7011/1/3384 7004/1/3384
f 7006/1/3385 7012/1/3385 7005/1/3385
f 7028/1/1 7021/1/1 7022/1/1
f 7022/1/1 7023/1/1 7024/1/1
f 7025/1/1 7026/1/1 7027/1/1
f 7022/1/1 7024/1/1 7025/1/1
f 7025/1/1 7027/1/1 7028/1/1
f 7022/1/3386 7021/1/3386 7013/1/3386
f 7023/1/3387 7022/1/3387 7014/1/3387
f 7024/1/3030 7023/1/3030 7015/1/3030
f 7025/1/3388 7024/1/3388 7016/1/3388
f 7026/1/3389 7025/1/3389 7017/1/3389
f 7027/1/3390 7026/1/3390 7018/1/3390
f 7028/1/3391 7027/1/3391 7019/1/3391
f 7021/1/3392 7028/1/3392 7020/1/3393
f 7042/1/1 7036/1/1 7037/1/1
f 7037/1/1 7038/1/1 7039/1/1
f 7039/1/1 7040/1/1 7041/1/1
f 7041/1/1 7042/1/1 7037/1/1
f 7037/1/3394 7036/1/3394 7029/1/3394
f 7038/1/3395 7037/1/3395 7030/1/3395
f 7039/1/3397 7038/1/3397 7031/1/3397
f 7040/1/3398 7039/1/3398 7032/1/3398
f 7041/1/3399 7040/1/3399 7033/1/3399
f 7042/1/3400 7041/1/3400 7034/1/3400
f 7036/1/3401 7042/1/3401 7035/1/3401
f 7047/1/1 7048/1/1 7049/1/1
f 7048/1/1220 7047/1/1220 7043/1/1220
f 7049/1/3402 7048/1/3402 7044/1/3402
f 7050/1/1218 7049/1/1218 7045/1/1218
f 7047/1/3403 7050/1/3403 7046/1/3403
f 7064/1/1 7065/1/1 7066/1/1
f 7067/1/1 7068/1/3727 7069/1/1
f 7064/1/1 7066/1/1 7067/1/1
f 7075/1/1 7076/1/1 7064/1/1
f 7073/1/1 7074/1/1 7075/1/1
f 7070/1/1 7071/1/1 7072/1/1
f 7072/1/1 7073/1/1 7075/1/1
f 7075/1/1 7064/1/1 7067/1/1
f 7067/1/1 7069/1/1 7070/1/1
f 7070/1/1 7072/1/1 7075/1/1
f 7065/1/3404 7064/1/3404 7051/1/3404
f 7066/1/3405 7065/1/3405 7052/1/3405
f 7067/1/3406 7066/1/3406 7053/1/3406
f 7068/1/3407 7067/1/3728 7054/1/3408
f 7069/1/3410 7068/1/3407 7055/1/3409
f 7070/1/3412 7069/1/3412 7056/1/3412
f 7071/1/3413 7070/1/3413 7057/1/3413
f 7072/1/3414 7071/1/3414 7058/1/3414
f 7073/1/3415 7072/1/3415 7059/1/3415
f 7074/1/3417 7073/1/3417 7060/1/3417
f 7075/1/3418 7074/1/3418 7061/1/3419
f 7076/1/3420 7075/1/3420 7062/1/3420
f 7064/1/3421 7076/1/3421 7063/1/3421
f 7092/1/1 7085/1/1 7086/1/1
f 7086/1/1 7087/1/1 7088/1/1
f 7088/1/1 7089/1/1 7090/1/1
f 7090/1/1 7091/1/1 7092/1/1
f 7092/1/1 7086/1/1 7088/1/1
f 7086/1/3422 7085/1/3422 7077/1/3422
f 7087/1/3423 7086/1/3423 7078/1/3423
f 7088/1/3424 7087/1/3424 7079/1/3424
f 7089/1/931 7088/1/931 7080/1/931
f 7090/1/3425 7089/1/3425 7081/1/3425
f 7091/1/3426 7090/1/3426 7082/1/3426
f 7092/1/3427 7091/1/3427 7083/1/3427
f 7085/1/1359 7092/1/1359 7084/1/1359
f 7101/1/1 7102/1/1 7103/1/1
f 7103/1/1 7104/1/1 7105/1/1
f 7106/1/1 7107/1/1 7108/1/1
f 7103/1/1 7105/1/1 7106/1/1
f 7106/1/1 7108/1/1 7101/1/1
f 7102/1/3428 7101/1/3428 7093/1/3428
f 7103/1/3429 7102/1/3429 7094/1/3429
f 7104/1/3430 7103/1/3430 7095/1/3430
f 7105/1/3042 7104/1/3042 7096/1/3042
f 7106/1/3431 7105/1/3431 7097/1/3431
f 7107/1/3432 7106/1/3432 7098/1/3432
f 7108/1/3433 7107/1/3433 7099/1/3433
f 7101/1/3434 7108/1/3434 7100/1/3434
f 7129/1/1 7130/1/1 7131/1/1
f 7132/1/1 7133/1/1 7134/1/1
f 7132/1/1 7134/1/1 7135/1/1
f 7136/1/1 7137/1/1 7138/1/1
f 7132/1/1 7135/1/1 7136/1/1
f 7131/1/1 7132/1/1 7136/1/1
f 7138/1/1 7139/1/1 7140/1/1
f 7131/1/1 7136/1/1 7138/1/1
f 7147/1/1 7148/1/1 7129/1/1
f 7138/1/1 7140/1/1 7141/1/1
f 7138/1/1 7141/1/1 7142/1/1
f 7146/1/1 7147/1/1 7129/1/1
f 7143/1/1 7144/1/1 7145/1/1
f 7145/1/1 7146/1/1 7129/1/1
f 7131/1/1 7138/1/1 7142/1/1
f 7143/1/1 7145/1/1 7129/1/1
f 7131/1/1 7142/1/1 7143/1/1
f 7130/1/3435 7129/1/3435 7109/1/3435
f 7131/1/3436 7130/1/3436 7110/1/3436
f 7132/1/3437 7131/1/3437 7111/1/3437
f 7133/1/3438 7132/1/3438 7112/1/3438
f 7134/1/3439 7133/1/3439 7113/1/3439
f 7135/1/3440 7134/1/3440 7114/1/3440
f 7136/1/3441 7135/1/3441 7115/1/3441
f 7137/1/3442 7136/1/3442 7116/1/3442
f 7138/1/3443 7137/1/3443 7117/1/3443
f 7139/1/3444 7138/1/3444 7118/1/3444
f 7140/1/3445 7139/1/3445 7119/1/3445
f 7141/1/3446 7140/1/3446 7120/1/3446
f 7142/1/3447 7141/1/3447 7121/1/3447
f 7143/1/3448 7142/1/3448 7122/1/3448
f 7144/1/3449 7143/1/3449 7123/1/3449
f 7145/1/3450 7144/1/3450 7124/1/3450
f 7146/1/3451 7145/1/3451 7125/1/3451
f 7147/1/3452 7146/1/3452 7126/1/3452
f 7148/1/3453 7147/1/3453 7127/1/3453
f 7129/1/3454 7148/1/3454 7128/1/3454
f 7161/1/1 7162/1/1 7163/1/1
f 7163/1/1 7164/1/1 7165/1/1
f 7165/1/1 7166/1/1 7167/1/1
f 7168/1/1 7169/1/1 7170/1/1
f 7165/1/1 7167/1/1 7168/1/1
f 7161/1/1 7163/1/1 7165/1/1
f 7171/1/1 7172/1/1 7161/1/1
f 7165/1/1 7168/1/1 7170/1/1
f 7170/1/1 7171/1/1 7161/1/1
f 7162/1/3455 7161/1/3456 7149/1/3456
f 7163/1/3457 7162/1/3729 7150/1/3458
f 7164/1/3459 7163/1/3457 7151/1/3457
f 7165/1/3460 7164/1/3460 7152/1/3461
f 7166/1/3462 7165/1/3462 7153/1/3462
f 7167/1/3463 7166/1/3463 7154/1/3463
f 7168/1/3464 7167/1/3464 7155/1/3464
f 7169/1/1228 7168/1/1228 7156/1/1227
f 7170/1/3465 7169/1/3465 7157/1/3465
f 7171/1/3369 7170/1/3369 7158/1/3369
f 7172/1/3365 7171/1/3365 7159/1/3365
f 7161/1/3456 7172/1/3466 7160/1/3466
f 7177/1/1 7178/1/1 7179/1/1
f 7178/1/3467 7177/1/3467 7173/1/3467
f 7179/1/3468 7178/1/3468 7174/1/3468
f 7180/1/3469 7179/1/3469 7175/1/3469
f 7177/1/3470 7180/1/3470 7176/1/3470
f 7192/1/1 7187/1/1 7188/1/1
f 7188/1/1 7189/1/1 7190/1/1
f 7191/1/1 7192/1/1 7188/1/1
f 7188/1/3471 7187/1/3471 7181/1/3471
f 7189/1/3472 7188/1/3472 7182/1/3472
f 7190/1/3001 7189/1/3001 7183/1/3001
f 7191/1/3474 7190/1/3474 7184/1/3474
f 7192/1/3475 7191/1/3475 7185/1/3475
f 7187/1/3476 7192/1/3476 7186/1/3476
f 7197/1/1 7198/1/1 7199/1/1
f 7198/1/3477 7197/1/3730 7193/1/3477
f 7199/1/3478 7198/1/3478 7194/1/3478
f 7200/1/3099 7199/1/3099 7195/1/3099
f 7197/1/3479 7200/1/3479 7196/1/3479
f 7205/1/1 7206/1/1 7207/1/1
f 7206/1/2330 7205/1/2330 7201/1/2330
f 7207/1/3480 7206/1/3480 7202/1/3480
f 7208/1/3481 7207/1/3481 7203/1/3481
f 7205/1/3482 7208/1/3482 7204/1/3482
f 7213/1/1 7214/1/1 7215/1/1
f 7214/1/1468 7213/1/1468 7209/1/1468
f 7215/1/3483 7214/1/3483 7210/1/3483
f 7216/1/1466 7215/1/1466 7211/1/1466
f 7213/1/3484 7216/1/3484 7212/1/3484
f 7232/1/1 7225/1/1 7226/1/1
f 7226/1/1 7227/1/1 7228/1/1
f 7228/1/1 7229/1/1 7230/1/1
f 7230/1/1 7231/1/1 7232/1/1
f 7232/1/1 7226/1/1 7228/1/1
f 7226/1/3485 7225/1/3485 7217/1/3485
f 7227/1/3486 7226/1/3486 7218/1/3486
f 7228/1/3487 7227/1/3487 7219/1/3487
f 7229/1/3488 7228/1/3488 7220/1/3488
f 7230/1/3489 7229/1/3489 7221/1/3489
f 7231/1/3490 7230/1/3490 7222/1/3490
f 7232/1/3491 7231/1/3491 7223/1/3491
f 7225/1/3492 7232/1/3492 7224/1/3492
f 7238/1/1 7239/1/1 7240/1/1
f 7238/1/3493 7237/1/3493 7233/1/3493
f 7239/1/3494 7238/1/3494 7234/1/3494
f 7240/1/3495 7239/1/3495 7235/1/3495
f 7237/1/3496 7240/1/3496 7236/1/3496
f 7260/1/1 7251/1/1 7252/1/1
f 7252/1/1 7253/1/1 7254/1/1
f 7255/1/1 7256/1/1 7257/1/1
f 7252/1/1 7254/1/1 7255/1/1
f 7258/1/1 7259/1/1 7260/1/1
f 7260/1/1 7252/1/1 7255/1/1
f 7255/1/1 7257/1/1 7258/1/1
f 7252/1/3497 7251/1/3497 7241/1/3497
f 7253/1/3498 7252/1/3498 7242/1/3498
f 7254/1/3499 7253/1/3499 7243/1/3499
f 7255/1/3500 7254/1/3500 7244/1/3500
f 7256/1/3501 7255/1/3501 7245/1/3501
f 7257/1/3502 7256/1/3502 7246/1/3502
f 7258/1/3503 7257/1/3503 7247/1/3503
f 7259/1/3504 7258/1/3504 7248/1/3505
f 7260/1/3506 7259/1/3506 7249/1/3506
f 7251/1/3507 7260/1/3507 7250/1/3507
f 7272/1/1 7267/1/1 7268/1/1
f 7268/1/1 7269/1/1 7270/1/1
f 7271/1/1 7272/1/1 7268/1/1
f 7268/1/3508 7267/1/3508 7261/1/3508
f 7269/1/3509 7268/1/3509 7262/1/3509
f 7270/1/3510 7269/1/3510 7263/1/3510
f 7271/1/3511 7270/1/3511 7264/1/3511
f 7272/1/3512 7271/1/3512 7265/1/3512
f 7267/1/3513 7272/1/3513 7266/1/3513
f 7288/1/1 7281/1/1 7282/1/1
f 7282/1/1 7283/1/1 7284/1/1
f 7284/1/1 7285/1/1 7286/1/1
f 7286/1/1 7287/1/1 7288/1/1
f 7288/1/1 7282/1/1 7284/1/1
f 7282/1/3514 7281/1/3514 7273/1/3514
f 7283/1/3515 7282/1/3515 7274/1/3515
f 7284/1/3516 7283/1/3516 7275/1/3516
f 7285/1/3517 7284/1/3731 7276/1/3517
f 7286/1/3518 7285/1/3518 7277/1/3518
f 7287/1/1286 7286/1/1286 7278/1/1286
f 7288/1/3447 7287/1/3447 7279/1/3447
f 7281/1/2961 7288/1/2961 7280/1/3519
f 7314/1/1 7302/1/1 7303/1/1
f 7303/1/1 7304/1/1 7305/1/1
f 7305/1/1 7306/1/1 7307/1/1
f 7308/1/1 7309/1/1 7310/1/1
f 7305/1/1 7307/1/1 7308/1/1
f 7314/1/1 7303/1/1 7305/1/1
f 7312/1/1 7313/1/1 7314/1/1
f 7310/1/1 7311/1/1 7312/1/1
f 7305/1/1 7308/1/1 7310/1/1
f 7312/1/1 7314/1/1 7305/1/1
f 7303/1/3520 7302/1/3520 7289/1/3520
f 7304/1/3521 7303/1/3521 7290/1/3521
f 7305/1/3522 7304/1/3522 7291/1/3522
f 7306/1/3523 7305/1/3523 7292/1/3523
f 7307/1/3524 7306/1/3524 7293/1/3524
f 7308/1/3525 7307/1/3525 7294/1/3525
f 7309/1/3526 7308/1/3526 7295/1/3526
f 7310/1/2277 7309/1/2277 7296/1/2277
f 7311/1/3527 7310/1/3527 7297/1/3527
f 7312/1/3528 7311/1/3528 7298/1/3529
f 7313/1/3530 7312/1/3530 7299/1/3531
f 7314/1/2983 7313/1/2983 7300/1/2983
f 7302/1/2961 7314/1/2961 7301/1/3519
f 7334/1/1 7325/1/1 7326/1/1
f 7326/1/1 7327/1/1 7328/1/1
f 7329/1/1 7330/1/1 7331/1/1
f 7334/1/1 7326/1/1 7328/1/1
f 7329/1/1 7331/1/1 7332/1/1
f 7334/1/1 7328/1/1 7329/1/1
f 7332/1/1 7333/1/1 7334/1/1
f 7326/1/3532 7325/1/3532 7315/1/3532
f 7327/1/3533 7326/1/3533 7316/1/3533
f 7328/1/3534 7327/1/3534 7317/1/3534
f 7329/1/3535 7328/1/3535 7318/1/3535
f 7330/1/3536 7329/1/3536 7319/1/3536
f 7331/1/3537 7330/1/3537 7320/1/3537
f 7332/1/3538 7331/1/3538 7321/1/3538
f 7333/1/3539 7332/1/3539 7322/1/3539
f 7334/1/3540 7333/1/3540 7323/1/3540
f 7325/1/3541 7334/1/3541 7324/1/3541
f 7339/1/1 7340/1/1 7341/1/1
f 7340/1/3542 7339/1/3542 7335/1/3542
f 7341/1/3543 7340/1/3543 7336/1/3543
f 7342/1/3544 7341/1/3544 7337/1/3544
f 7339/1/3545 7342/1/3545 7338/1/3545
f 7351/1/1 7352/1/1 7353/1/1
f 7354/1/1 7355/1/1 7356/1/1
f 7351/1/1 7353/1/1 7354/1/1
f 7357/1/1 7358/1/1 7351/1/1
f 7354/1/1 7356/1/1 7357/1/1
f 7352/1/3546 7351/1/3546 7343/1/3546
f 7353/1/3547 7352/1/3547 7344/1/3547
f 7354/1/3548 7353/1/3548 7345/1/3548
f 7355/1/3549 7354/1/3549 7346/1/3549
f 7356/1/3550 7355/1/3550 7347/1/3550
f 7357/1/3551 7356/1/3551 7348/1/3551
f 7358/1/2935 7357/1/2935 7349/1/2935
f 7351/1/1565 7358/1/1565 7350/1/1565
f 7363/1/1 7364/1/1 7365/1/1
f 7364/1/3552 7363/1/3552 7359/1/3552
f 7365/1/3553 7364/1/3553 7360/1/3553
f 7366/1/3554 7365/1/3554 7361/1/3554
f 7363/1/3555 7366/1/3555 7362/1/3555
f 7376/1/1 7372/1/1 7373/1/1
f 7373/1/1 7374/1/1 7375/1/1
f 7373/1/3556 7372/1/3556 7367/1/3556
f 7374/1/3557 7373/1/3557 7368/1/3557
f 7375/1/3558 7374/1/3558 7369/1/3558
f 7376/1/3559 7375/1/3559 7370/1/3559
f 7372/1/3560 7376/1/3560 7371/1/3560
f 7381/1/1 7382/1/1 7383/1/1
f 7382/1/3561 7381/1/3561 7377/1/3561
f 7383/1/3562 7382/1/3562 7378/1/3562
f 7384/1/2027 7383/1/2027 7379/1/2027
f 7381/1/3563 7384/1/3563 7380/1/3563
f 7389/1/1 7390/1/1 7391/1/1
f 7390/1/3564 7389/1/3564 7385/1/3564
f 7391/1/3565 7390/1/3565 7386/1/3565
f 7392/1/3566 7391/1/3566 7387/1/3566
f 7389/1/3567 7392/1/3567 7388/1/3567
f 7408/1/1 7401/1/1 7402/1/1
f 7402/1/1 7403/1/1 7404/1/1
f 7404/1/1 7405/1/1 7406/1/1
f 7407/1/1 7408/1/1 7402/1/1
f 7402/1/1 7404/1/1 7406/1/1
f 7402/1/3568 7401/1/3568 7393/1/3568
f 7403/1/3569 7402/1/3569 7394/1/3569
f 7404/1/3570 7403/1/3570 7395/1/3570
f 7405/1/2775 7404/1/2775 7396/1/2775
f 7406/1/3571 7405/1/3571 7397/1/3571
f 7407/1/3572 7406/1/3572 7398/1/3572
f 7408/1/3573 7407/1/3573 7399/1/3573
f 7401/1/3574 7408/1/3574 7400/1/3574
f 7413/1/1 7414/1/1 7415/1/1
f 7414/1/3575 7413/1/3575 7409/1/3575
f 7415/1/3576 7414/1/3576 7410/1/3576
f 7416/1/3577 7415/1/3577 7411/1/3577
f 7413/1/3578 7416/1/3578 7412/1/3578
f 7421/1/1 7422/1/1 7423/1/1
f 7422/1/3579 7421/1/3579 7417/1/3579
f 7423/1/3580 7422/1/3580 7418/1/3580
f 7424/1/3581 7423/1/3581 7419/1/3581
f 7421/1/3582 7424/1/3582 7420/1/3582
f 7429/1/1 7430/1/1 7431/1/1
f 7430/1/3583 7429/1/3583 7425/1/3583
f 7431/1/3584 7430/1/3584 7426/1/3584
f 7432/1/3585 7431/1/3585 7427/1/3585
f 7429/1/3586 7432/1/3586 7428/1/3586
f 7448/1/1 7441/1/1 7442/1/1
f 7442/1/1 7443/1/1 7444/1/1
f 7444/1/1 7445/1/1 7446/1/1
f 7446/1/1 7447/1/1 7448/1/1
f 7448/1/1 7442/1/1 7444/1/1
f 7442/1/3587 7441/1/3587 7433/1/3587
f 7443/1/3589 7442/1/3589 7434/1/3589
f 7444/1/3590 7443/1/3590 7435/1/3590
f 7445/1/3591 7444/1/3591 7436/1/3591
f 7446/1/3593 7445/1/3593 7437/1/3593
f 7447/1/3594 7446/1/3594 7438/1/3594
f 7448/1/3595 7447/1/3595 7439/1/3595
f 7441/1/3596 7448/1/3596 7440/1/3596
f 7464/1/1 7457/1/1 7458/1/1
f 7458/1/1 7459/1/1 7460/1/1
f 7460/1/1 7461/1/1 7462/1/1
f 7463/1/1 7464/1/1 7458/1/1
f 7460/1/1 7462/1/1 7463/1/1
f 7458/1/3379 7457/1/3379 7449/1/3379
f 7459/1/3597 7458/1/3597 7450/1/3598
f 7460/1/3599 7459/1/3599 7451/1/3599
f 7461/1/3600 7460/1/3600 7452/1/3601
f 7462/1/3602 7461/1/3602 7453/1/3602
f 7463/1/3603 7462/1/3603 7454/1/3604
f 7464/1/3605 7463/1/3605 7455/1/3605
f 7457/1/3607 7464/1/3732 7456/1/3607
f 7474/1/1 7475/1/1 7476/1/1
f 7476/1/1 7477/1/1 7478/1/1
f 7478/1/1 7479/1/1 7480/1/1
f 7481/1/1 7482/1/1 7474/1/1
f 7476/1/1 7478/1/1 7480/1/1
f 7480/1/1 7481/1/1 7474/1/1
f 7475/1/3608 7474/1/3608 7465/1/3608
f 7476/1/3609 7475/1/3609 7466/1/3609
f 7477/1/3610 7476/1/3610 7467/1/3610
f 7478/1/3611 7477/1/3611 7468/1/3611
f 7479/1/3612 7478/1/3612 7469/1/3613
f 7480/1/3614 7479/1/3614 7470/1/3614
f 7481/1/3615 7480/1/3615 7471/1/3615
f 7482/1/3616 7481/1/3616 7472/1/3616
f 7474/1/3617 7482/1/3617 7473/1/3617
f 7487/1/1 7488/1/1 7489/1/1
f 7488/1/3618 7487/1/3618 7483/1/3618
f 7489/1/942 7488/1/942 7484/1/942
f 7490/1/2914 7489/1/2914 7485/1/2914
f 7487/1/3619 7490/1/3619 7486/1/3619
f 7495/1/1 7496/1/1 7497/1/1
f 7496/1/1571 7495/1/1571 7491/1/1571
f 7497/1/3620 7496/1/3620 7492/1/3620
f 7498/1/3621 7497/1/3621 7493/1/3621
f 7495/1/3622 7498/1/3622 7494/1/3622
f 7503/1/1 7504/1/1 7505/1/1
f 7504/1/3623 7503/1/3623 7499/1/3623
f 7505/1/3624 7504/1/3624 7500/1/3624
f 7506/1/3625 7505/1/3625 7501/1/3625
f 7503/1/3626 7506/1/3626 7502/1/3626
f 7511/1/1 7512/1/1 7513/1/1
f 7512/1/3627 7511/1/3627 7507/1/3627
f 7513/1/3628 7512/1/3628 7508/1/3628
f 7514/1/3629 7513/1/3629 7509/1/3629
f 7511/1/3630 7514/1/3630 7510/1/3630
f 7526/1/1 7521/1/1 7522/1/1
f 7522/1/1 7523/1/1 7524/1/1
f 7524/1/1 7525/1/1 7526/1/1
f 7522/1/3631 7521/1/3631 7515/1/3631
f 7523/1/2630 7522/1/2630 7516/1/2630
f 7524/1/3632 7523/1/3632 7517/1/3632
f 7525/1/3633 7524/1/3633 7518/1/3633
f 7526/1/3634 7525/1/3634 7519/1/3634
f 7521/1/3635 7526/1/3635 7520/1/3635
f 7538/1/1 7533/1/1 7534/1/1
f 7534/1/1 7535/1/1 7536/1/1
f 7537/1/1 7538/1/1 7534/1/1
f 7534/1/3636 7533/1/3636 7527/1/3636
f 7535/1/3637 7534/1/3637 7528/1/3637
f 7536/1/3137 7535/1/3137 7529/1/3137
f 7537/1/3638 7536/1/3638 7530/1/3638
f 7538/1/3639 7537/1/3639 7531/1/3639
f 7533/1/3640 7538/1/3640 7532/1/3640
f 7550/1/1 7545/1/1 7546/1/1
f 7546/1/1 7547/1/1 7548/1/1
f 7549/1/1 7550/1/1 7546/1/1
f 7546/1/3641 7545/1/3641 7539/1/3641
f 7547/1/3642 7546/1/3642 7540/1/3642
f 7548/1/3643 7547/1/3643 7541/1/3643
f 7549/1/3644 7548/1/3644 7542/1/3644
f 7550/1/3645 7549/1/3645 7543/1/3645
f 7545/1/3646 7550/1/3646 7544/1/3646
f 7559/1/1 7560/1/1 7561/1/1
f 7561/1/1 7562/1/1 7563/1/1
f 7563/1/1 7564/1/1 7565/1/1
f 7565/1/1 7566/1/1 7559/1/1
f 7559/1/1 7561/1/1 7563/1/1
f 7560/1/3647 7559/1/3647 7551/1/3647
f 7561/1/3648 7560/1/3648 7552/1/3648
f 7562/1/3649 7561/1/3649 7553/1/3649
f 7563/1/3650 7562/1/3651 7554/1/3651
f 7564/1/3652 7563/1/3650 7555/1/3650
f 7565/1/3653 7564/1/3653 7556/1/3653
f 7566/1/2082 7565/1/2082 7557/1/2082
f 7559/1/3654 7566/1/3654 7558/1/3655
f 7572/1/1 7573/1/1 7574/1/1
f 7572/1/535 7571/1/535 7567/1/535
f 7573/1/3656 7572/1/3656 7568/1/3656
f 7574/1/3657 7573/1/3657 7569/1/3657
f 7571/1/3658 7574/1/3658 7570/1/3658
f 7580/1/1 7581/1/1 7582/1/1
f 7580/1/3659 7579/1/3659 7575/1/3659
f 7581/1/3660 7580/1/3660 7576/1/3660
f 7582/1/3661 7581/1/3661 7577/1/3661
f 7579/1/11 7582/1/11 7578/1/11
f 7588/1/1 7589/1/1 7590/1/1
f 7588/1/3662 7587/1/3662 7583/1/3662
f 7589/1/3663 7588/1/3663 7584/1/3663
f 7590/1/3664 7589/1/3664 7585/1/3664
f 7587/1/3665 7590/1/3665 7586/1/3665
f 7605/1/1 7606/1/1 7607/1/1
f 7607/1/1 7608/1/1 7609/1/1
f 7609/1/1 7610/1/1 7611/1/1
f 7611/1/1 7612/1/1 7613/1/1
f 7613/1/1 7614/1/1 7615/1/1
f 7613/1/1 7615/1/1 7616/1/1
f 7605/1/1 7607/1/1 7609/1/1
f 7613/1/1 7616/1/1 7604/1/1
f 7605/1/1 7609/1/1 7611/1/1
f 7611/1/1 7613/1/1 7604/1/1
f 7605/1/225 7604/1/225 7591/1/225
f 7606/1/3666 7605/1/3666 7592/1/3666
f 7607/1/3667 7606/1/3667 7593/1/3667
f 7608/1/3668 7607/1/3668 7594/1/3668
f 7609/1/3669 7608/1/3669 7595/1/3669
f 7610/1/3670 7609/1/3670 7596/1/3670
f 7611/1/3671 7610/1/3671 7597/1/3671
f 7612/1/3672 7611/1/3672 7598/1/3672
f 7613/1/3673 7612/1/3673 7599/1/3673
f 7614/1/3674 7613/1/3674 7600/1/3674
f 7615/1/3675 7614/1/3675 7601/1/3675
f 7616/1/3668 7615/1/3668 7602/1/3668
f 7604/1/3668 7616/1/3668 7603/1/3668
f 7640/1/1 7629/1/1 7630/1/1
f 7640/1/1 7630/1/1 7631/1/1
f 7637/1/1 7638/1/1 7639/1/1
f 7639/1/1 7640/1/1 7631/1/1
f 7632/1/1 7633/1/1 7634/1/1
f 7639/1/1 7631/1/1 7632/1/1
f 7636/1/1 7637/1/1 7639/1/1
f 7634/1/1 7635/1/1 7636/1/1
f 7639/1/1 7632/1/1 7634/1/1
f 7630/1/3676 7629/1/3676 7617/1/3676
f 7631/1/3677 7630/1/3677 7618/1/3678
f 7632/1/3679 7631/1/3679 7619/1/3679
f 7633/1/3680 7632/1/3680 7620/1/3680
f 7634/1/3681 7633/1/3681 7621/1/3681
f 7635/1/3682 7634/1/3682 7622/1/3682
f 7636/1/3683 7635/1/3683 7623/1/3683
f 7637/1/3684 7636/1/3684 7624/1/3684
f 7638/1/3685 7637/1/3685 7625/1/3685
f 7639/1/3686 7638/1/3686 7626/1/3686
f 7640/1/3687 7639/1/3687 7627/1/3687
f 7629/1/3688 7640/1/3688 7628/1/3688
f 7647/1/1 7648/1/1 7649/1/1
f 7650/1/1 7651/1/1 7652/1/1
f 7647/1/1 7649/1/1 7650/1/1
f 7648/1/3689 7647/1/3689 7641/1/3689
f 7649/1/3690 7648/1/3690 7642/1/3690
f 7650/1/3691 7649/1/3691 7643/1/3691
f 7651/1/3692 7650/1/3692 7644/1/3692
f 7652/1/3693 7651/1/3693 7645/1/3693
f 7647/1/3694 7652/1/3694 7646/1/3694
f 7658/1/1 7659/1/1 7660/1/1
f 7658/1/3695 7657/1/3695 7653/1/3695
f 7659/1/3696 7658/1/3696 7654/1/3696
f 7660/1/3697 7659/1/3697 7655/1/3697
f 7657/1/3698 7660/1/3698 7656/1/3698
s 0
f 7662/2/1 7664/4/1 7663/3/1
