# Blender 4.4.1
# www.blender.org
mtllib Column.mtl
o 円.001
v 0.000000 5.288696 -1.000000
v -0.195090 5.288696 -0.980785
v -0.382683 5.288696 -0.923880
v -0.555570 5.288696 -0.831470
v -0.707107 5.288696 -0.707107
v -0.831470 5.288696 -0.555570
v -0.923880 5.288696 -0.382683
v -0.980785 5.288696 -0.195090
v -1.000000 5.288696 -0.000000
v -0.980785 5.288696 0.195090
v -0.923880 5.288696 0.382683
v -0.831470 5.288696 0.555570
v -0.707107 5.288696 0.707107
v -0.555570 5.288696 0.831470
v -0.382683 5.288696 0.923880
v -0.195090 5.288696 0.980785
v 0.000000 5.288696 1.000000
v 0.195090 5.288696 0.980785
v 0.382683 5.288696 0.923880
v 0.555570 5.288696 0.831470
v 0.707107 5.288696 0.707107
v 0.831470 5.288696 0.555570
v 0.923880 5.288696 0.382683
v 0.980785 5.288696 0.195090
v 1.000000 5.288696 -0.000000
v 0.980785 5.288696 -0.195090
v 0.923880 5.288696 -0.382683
v 0.831470 5.288696 -0.555570
v 0.707107 5.288696 -0.707107
v 0.555570 5.288696 -0.831470
v 0.382683 5.288696 -0.923880
v 0.195090 5.288696 -0.980785
v 0.000000 4.759221 -0.631719
v -0.123242 4.759221 -0.619580
v -0.241748 4.759221 -0.583632
v -0.350964 4.759221 -0.525255
v -0.446692 4.759221 -0.446692
v -0.525255 4.759221 -0.350964
v -0.583632 4.759221 -0.241748
v -0.619580 4.759221 -0.123242
v -0.631719 4.759221 -0.000000
v -0.619580 4.759221 0.123242
v -0.583632 4.759221 0.241748
v -0.525255 4.759221 0.350964
v -0.446692 4.759221 0.446692
v -0.350964 4.759221 0.525255
v -0.241748 4.759221 0.583632
v -0.123242 4.759221 0.619580
v 0.000000 4.759221 0.631719
v 0.123242 4.759221 0.619580
v 0.241748 4.759221 0.583632
v 0.350964 4.759221 0.525255
v 0.446692 4.759221 0.446692
v 0.525255 4.759221 0.350964
v 0.583632 4.759221 0.241748
v 0.619580 4.759221 0.123242
v 0.631719 4.759221 -0.000000
v 0.619580 4.759221 -0.123242
v 0.583632 4.759221 -0.241748
v 0.525255 4.759221 -0.350964
v 0.446692 4.759221 -0.446692
v 0.350964 4.759221 -0.525255
v 0.241748 4.759221 -0.583632
v 0.123242 4.759221 -0.619580
v -0.123242 2.644349 -0.619580
v -0.241748 2.644349 -0.583632
v -0.350964 2.644349 -0.525255
v -0.446692 2.644349 -0.446692
v -0.525255 2.644349 -0.350964
v -0.583632 2.644349 -0.241748
v -0.619580 2.644349 -0.123242
v -0.619580 2.644349 0.123242
v -0.583632 2.644349 0.241748
v -0.525255 2.644349 0.350964
v -0.446692 2.644349 0.446692
v -0.350964 2.644349 0.525255
v -0.241748 2.644349 0.583632
v -0.123242 2.644349 0.619580
v 0.123242 2.644349 0.619580
v 0.241748 2.644349 0.583632
v 0.350964 2.644349 0.525255
v 0.446692 2.644349 0.446692
v 0.525255 2.644349 0.350964
v 0.583632 2.644349 0.241748
v 0.619580 2.644349 0.123242
v 0.619580 2.644349 -0.123242
v 0.583632 2.644349 -0.241748
v 0.525255 2.644349 -0.350964
v 0.446692 2.644349 -0.446692
v 0.350964 2.644349 -0.525255
v 0.241748 2.644349 -0.583632
v 0.123242 2.644349 -0.619580
v 0.000000 5.288696 -0.713017
v -0.139103 5.288696 -0.699316
v -0.272860 5.288696 -0.658741
v -0.396131 5.288696 -0.592852
v -0.504179 5.288696 -0.504179
v -0.592852 5.288696 -0.396131
v -0.658741 5.288696 -0.272860
v -0.699316 5.288696 -0.139103
v -0.713017 5.288696 -0.000000
v -0.699316 5.288696 0.139103
v -0.658741 5.288696 0.272860
v -0.592852 5.288696 0.396131
v -0.504179 5.288696 0.504179
v -0.396131 5.288696 0.592852
v -0.272860 5.288696 0.658741
v -0.139103 5.288696 0.699316
v 0.000000 5.288696 0.713017
v 0.139103 5.288696 0.699316
v 0.272860 5.288696 0.658741
v 0.396131 5.288696 0.592852
v 0.504179 5.288696 0.504179
v 0.592852 5.288696 0.396131
v 0.658741 5.288696 0.272860
v 0.699316 5.288696 0.139103
v 0.713017 5.288696 -0.000000
v 0.699316 5.288696 -0.139103
v 0.658741 5.288696 -0.272860
v 0.592852 5.288696 -0.396131
v 0.504179 5.288696 -0.504179
v 0.396131 5.288696 -0.592852
v 0.272860 5.288696 -0.658741
v 0.139103 5.288696 -0.699316
v 0.000000 5.120936 -1.000000
v 0.000000 4.759221 -0.636535
v 0.000000 5.075722 -1.000000
v 0.000000 5.063062 -0.970923
v 0.000000 5.030507 -0.954567
v 0.000000 5.030507 -0.927307
v 0.000000 4.964314 -0.902955
v 0.000000 4.932121 -0.848071
v 0.000000 4.903907 -0.781921
v 0.000000 4.857969 -0.741576
v 0.000000 4.786349 -0.727401
v 0.000000 4.786349 -0.700141
v 0.000000 4.759221 -0.700141
v -0.124182 4.759221 -0.624304
v -0.195090 5.120936 -0.980785
v -0.136591 4.759221 -0.686688
v -0.136591 4.786349 -0.686688
v -0.141909 4.786349 -0.713424
v -0.144674 4.857969 -0.727327
v -0.152545 4.903907 -0.766896
v -0.165451 4.932121 -0.831776
v -0.176158 4.964314 -0.885605
v -0.180909 5.030507 -0.909489
v -0.186227 5.030507 -0.936225
v -0.189418 5.063062 -0.952267
v -0.195090 5.075722 -0.980785
v -0.243591 4.759221 -0.588081
v -0.382683 5.120936 -0.923880
v -0.267932 4.759221 -0.646846
v -0.267932 4.786349 -0.646846
v -0.278364 4.786349 -0.672031
v -0.283789 4.857969 -0.685127
v -0.299228 4.903907 -0.722401
v -0.324543 4.932121 -0.783516
v -0.345546 4.964314 -0.834221
v -0.354865 5.030507 -0.856720
v -0.365297 5.030507 -0.881905
v -0.371556 5.063062 -0.897016
v -0.382683 5.075722 -0.923880
v -0.353640 4.759221 -0.529259
v -0.555570 5.120936 -0.831470
v -0.388978 4.759221 -0.582146
v -0.388978 4.786349 -0.582146
v -0.404122 4.786349 -0.604812
v -0.411998 4.857969 -0.616598
v -0.434412 4.903907 -0.650143
v -0.471163 4.932121 -0.705146
v -0.501655 4.964314 -0.750779
v -0.515184 5.030507 -0.771028
v -0.530329 5.030507 -0.793693
v -0.539416 5.063062 -0.807293
v -0.555570 5.075722 -0.831470
v -0.450098 4.759221 -0.450098
v -0.707107 5.120936 -0.707107
v -0.495074 4.759221 -0.495074
v -0.495074 4.786349 -0.495074
v -0.514350 4.786349 -0.514350
v -0.524373 4.857969 -0.524373
v -0.552901 4.903907 -0.552901
v -0.599677 4.932121 -0.599677
v -0.638485 4.964314 -0.638485
v -0.655705 5.030507 -0.655705
v -0.674981 5.030507 -0.674981
v -0.686546 5.063062 -0.686546
v -0.707107 5.075722 -0.707107
v -0.529259 4.759221 -0.353640
v -0.831470 5.120936 -0.555570
v -0.582146 4.759221 -0.388978
v -0.582146 4.786349 -0.388978
v -0.604812 4.786349 -0.404122
v -0.616598 4.857969 -0.411998
v -0.650143 4.903907 -0.434412
v -0.705146 4.932121 -0.471163
v -0.750779 4.964314 -0.501655
v -0.771028 5.030507 -0.515184
v -0.793693 5.030507 -0.530329
v -0.807293 5.063062 -0.539416
v -0.831470 5.075722 -0.555570
v -0.588081 4.759221 -0.243591
v -0.923880 5.120936 -0.382683
v -0.646846 4.759221 -0.267932
v -0.646846 4.786349 -0.267932
v -0.672031 4.786349 -0.278364
v -0.685127 4.857969 -0.283789
v -0.722401 4.903907 -0.299228
v -0.783516 4.932121 -0.324543
v -0.834221 4.964314 -0.345546
v -0.856720 5.030507 -0.354865
v -0.881905 5.030507 -0.365297
v -0.897016 5.063062 -0.371556
v -0.923880 5.075722 -0.382683
v -0.624304 4.759221 -0.124182
v -0.980785 5.120936 -0.195090
v -0.686688 4.759221 -0.136591
v -0.686688 4.786349 -0.136591
v -0.713424 4.786349 -0.141909
v -0.727327 4.857969 -0.144674
v -0.766896 4.903907 -0.152545
v -0.831776 4.932121 -0.165451
v -0.885605 4.964314 -0.176158
v -0.909489 5.030507 -0.180909
v -0.936225 5.030507 -0.186227
v -0.952267 5.063062 -0.189418
v -0.980785 5.075722 -0.195090
v -0.636535 4.759221 -0.000000
v -1.000000 5.120936 -0.000000
v -0.700141 4.759221 -0.000000
v -0.700141 4.786349 -0.000000
v -0.727401 4.786349 -0.000000
v -0.741576 4.857969 -0.000000
v -0.781921 4.903907 -0.000000
v -0.848071 4.932121 -0.000000
v -0.902955 4.964314 -0.000000
v -0.927307 5.030507 -0.000000
v -0.954567 5.030507 -0.000000
v -0.970923 5.063062 -0.000000
v -1.000000 5.075722 -0.000000
v -0.624304 4.759221 0.124182
v -0.980785 5.120936 0.195090
v -0.686688 4.759221 0.136591
v -0.686688 4.786349 0.136591
v -0.713424 4.786349 0.141909
v -0.727327 4.857969 0.144674
v -0.766896 4.903907 0.152545
v -0.831776 4.932121 0.165451
v -0.885605 4.964314 0.176158
v -0.909489 5.030507 0.180909
v -0.936225 5.030507 0.186227
v -0.952267 5.063062 0.189418
v -0.980785 5.075722 0.195090
v -0.588081 4.759221 0.243591
v -0.923880 5.120936 0.382683
v -0.646846 4.759221 0.267932
v -0.646846 4.786349 0.267932
v -0.672031 4.786349 0.278364
v -0.685127 4.857969 0.283789
v -0.722401 4.903907 0.299228
v -0.783516 4.932121 0.324543
v -0.834221 4.964314 0.345546
v -0.856720 5.030507 0.354865
v -0.881905 5.030507 0.365297
v -0.897016 5.063062 0.371556
v -0.923880 5.075722 0.382683
v -0.529259 4.759221 0.353640
v -0.831470 5.120936 0.555570
v -0.582146 4.759221 0.388978
v -0.582146 4.786349 0.388978
v -0.604812 4.786349 0.404122
v -0.616598 4.857969 0.411998
v -0.650143 4.903907 0.434412
v -0.705146 4.932121 0.471163
v -0.750779 4.964314 0.501655
v -0.771028 5.030507 0.515184
v -0.793693 5.030507 0.530329
v -0.807293 5.063062 0.539416
v -0.831470 5.075722 0.555570
v -0.450098 4.759221 0.450098
v -0.707107 5.120936 0.707107
v -0.495074 4.759221 0.495074
v -0.495074 4.786349 0.495074
v -0.514350 4.786349 0.514350
v -0.524373 4.857969 0.524373
v -0.552901 4.903907 0.552901
v -0.599677 4.932121 0.599677
v -0.638485 4.964314 0.638485
v -0.655705 5.030507 0.655705
v -0.674981 5.030507 0.674981
v -0.686546 5.063062 0.686546
v -0.707107 5.075722 0.707107
v -0.353640 4.759221 0.529259
v -0.555570 5.120936 0.831470
v -0.388978 4.759221 0.582146
v -0.388978 4.786349 0.582146
v -0.404122 4.786349 0.604812
v -0.411998 4.857969 0.616598
v -0.434412 4.903907 0.650143
v -0.471163 4.932121 0.705146
v -0.501655 4.964314 0.750779
v -0.515184 5.030507 0.771028
v -0.530329 5.030507 0.793693
v -0.539416 5.063062 0.807293
v -0.555570 5.075722 0.831470
v -0.243591 4.759221 0.588081
v -0.382683 5.120936 0.923880
v -0.267932 4.759221 0.646846
v -0.267932 4.786349 0.646846
v -0.278364 4.786349 0.672031
v -0.283789 4.857969 0.685127
v -0.299228 4.903907 0.722401
v -0.324543 4.932121 0.783516
v -0.345546 4.964314 0.834221
v -0.354865 5.030507 0.856720
v -0.365297 5.030507 0.881905
v -0.371556 5.063062 0.897016
v -0.382683 5.075722 0.923880
v -0.124182 4.759221 0.624304
v -0.195090 5.120936 0.980785
v -0.136591 4.759221 0.686688
v -0.136591 4.786349 0.686688
v -0.141909 4.786349 0.713424
v -0.144674 4.857969 0.727327
v -0.152545 4.903907 0.766896
v -0.165451 4.932121 0.831776
v -0.176158 4.964314 0.885605
v -0.180909 5.030507 0.909489
v -0.186227 5.030507 0.936225
v -0.189418 5.063062 0.952267
v -0.195090 5.075722 0.980785
v 0.000000 4.759221 0.636535
v 0.000000 5.120936 1.000000
v 0.000000 4.759221 0.700141
v 0.000000 4.786349 0.700141
v 0.000000 4.786349 0.727401
v 0.000000 4.857969 0.741576
v 0.000000 4.903907 0.781921
v 0.000000 4.932121 0.848071
v 0.000000 4.964314 0.902955
v 0.000000 5.030507 0.927307
v 0.000000 5.030507 0.954567
v 0.000000 5.063062 0.970923
v 0.000000 5.075722 1.000000
v 0.124182 4.759221 0.624304
v 0.195090 5.120936 0.980785
v 0.136591 4.759221 0.686688
v 0.136591 4.786349 0.686688
v 0.141909 4.786349 0.713424
v 0.144674 4.857969 0.727327
v 0.152545 4.903907 0.766896
v 0.165451 4.932121 0.831776
v 0.176158 4.964314 0.885605
v 0.180909 5.030507 0.909489
v 0.186227 5.030507 0.936225
v 0.189418 5.063062 0.952267
v 0.195090 5.075722 0.980785
v 0.243591 4.759221 0.588081
v 0.382683 5.120936 0.923880
v 0.267932 4.759221 0.646846
v 0.267932 4.786349 0.646846
v 0.278364 4.786349 0.672031
v 0.283789 4.857969 0.685127
v 0.299228 4.903907 0.722401
v 0.324543 4.932121 0.783516
v 0.345546 4.964314 0.834221
v 0.354865 5.030507 0.856720
v 0.365297 5.030507 0.881905
v 0.371556 5.063062 0.897016
v 0.382683 5.075722 0.923880
v 0.353640 4.759221 0.529259
v 0.555570 5.120936 0.831470
v 0.388978 4.759221 0.582146
v 0.388978 4.786349 0.582146
v 0.404122 4.786349 0.604812
v 0.411998 4.857969 0.616598
v 0.434412 4.903907 0.650143
v 0.471163 4.932121 0.705146
v 0.501655 4.964314 0.750779
v 0.515184 5.030507 0.771028
v 0.530329 5.030507 0.793693
v 0.539416 5.063062 0.807293
v 0.555570 5.075722 0.831470
v 0.450098 4.759221 0.450098
v 0.707107 5.120936 0.707107
v 0.495074 4.759221 0.495074
v 0.495074 4.786349 0.495074
v 0.514350 4.786349 0.514350
v 0.524373 4.857969 0.524373
v 0.552901 4.903907 0.552901
v 0.599677 4.932121 0.599677
v 0.638485 4.964314 0.638485
v 0.655705 5.030507 0.655705
v 0.674981 5.030507 0.674981
v 0.686546 5.063062 0.686546
v 0.707107 5.075722 0.707107
v 0.529259 4.759221 0.353640
v 0.831470 5.120936 0.555570
v 0.582146 4.759221 0.388978
v 0.582146 4.786349 0.388978
v 0.604812 4.786349 0.404122
v 0.616598 4.857969 0.411998
v 0.650143 4.903907 0.434412
v 0.705146 4.932121 0.471163
v 0.750779 4.964314 0.501655
v 0.771028 5.030507 0.515184
v 0.793693 5.030507 0.530329
v 0.807293 5.063062 0.539416
v 0.831470 5.075722 0.555570
v 0.588081 4.759221 0.243591
v 0.923880 5.120936 0.382683
v 0.646846 4.759221 0.267932
v 0.646846 4.786349 0.267932
v 0.672031 4.786349 0.278364
v 0.685127 4.857969 0.283789
v 0.722401 4.903907 0.299228
v 0.783516 4.932121 0.324543
v 0.834221 4.964314 0.345546
v 0.856720 5.030507 0.354865
v 0.881905 5.030507 0.365297
v 0.897016 5.063062 0.371556
v 0.923880 5.075722 0.382683
v 0.624304 4.759221 0.124182
v 0.980785 5.120936 0.195090
v 0.686688 4.759221 0.136591
v 0.686688 4.786349 0.136591
v 0.713424 4.786349 0.141909
v 0.727327 4.857969 0.144674
v 0.766896 4.903907 0.152545
v 0.831776 4.932121 0.165451
v 0.885605 4.964314 0.176158
v 0.909489 5.030507 0.180909
v 0.936225 5.030507 0.186227
v 0.952267 5.063062 0.189418
v 0.980785 5.075722 0.195090
v 0.636535 4.759221 -0.000000
v 1.000000 5.120936 -0.000000
v 0.700141 4.759221 -0.000000
v 0.700141 4.786349 -0.000000
v 0.727401 4.786349 -0.000000
v 0.741576 4.857969 -0.000000
v 0.781921 4.903907 -0.000000
v 0.848071 4.932121 -0.000000
v 0.902955 4.964314 -0.000000
v 0.927307 5.030507 -0.000000
v 0.954567 5.030507 -0.000000
v 0.970923 5.063062 -0.000000
v 1.000000 5.075722 -0.000000
v 0.624304 4.759221 -0.124182
v 0.980785 5.120936 -0.195090
v 0.686688 4.759221 -0.136591
v 0.686688 4.786349 -0.136591
v 0.713424 4.786349 -0.141909
v 0.727327 4.857969 -0.144674
v 0.766896 4.903907 -0.152545
v 0.831776 4.932121 -0.165451
v 0.885605 4.964314 -0.176158
v 0.909489 5.030507 -0.180909
v 0.936225 5.030507 -0.186227
v 0.952267 5.063062 -0.189418
v 0.980785 5.075722 -0.195090
v 0.588081 4.759221 -0.243591
v 0.923880 5.120936 -0.382683
v 0.646846 4.759221 -0.267932
v 0.646846 4.786349 -0.267932
v 0.672031 4.786349 -0.278364
v 0.685127 4.857969 -0.283789
v 0.722401 4.903907 -0.299228
v 0.783516 4.932121 -0.324543
v 0.834221 4.964314 -0.345546
v 0.856720 5.030507 -0.354865
v 0.881905 5.030507 -0.365297
v 0.897016 5.063062 -0.371556
v 0.923880 5.075722 -0.382683
v 0.529259 4.759221 -0.353640
v 0.831470 5.120936 -0.555570
v 0.582146 4.759221 -0.388978
v 0.582146 4.786349 -0.388978
v 0.604812 4.786349 -0.404122
v 0.616598 4.857969 -0.411998
v 0.650143 4.903907 -0.434412
v 0.705146 4.932121 -0.471163
v 0.750779 4.964314 -0.501655
v 0.771028 5.030507 -0.515184
v 0.793693 5.030507 -0.530329
v 0.807293 5.063062 -0.539416
v 0.831470 5.075722 -0.555570
v 0.450098 4.759221 -0.450098
v 0.707107 5.120936 -0.707107
v 0.495074 4.759221 -0.495074
v 0.495074 4.786349 -0.495074
v 0.514350 4.786349 -0.514350
v 0.524373 4.857969 -0.524373
v 0.552901 4.903907 -0.552901
v 0.599677 4.932121 -0.599677
v 0.638485 4.964314 -0.638485
v 0.655705 5.030507 -0.655705
v 0.674981 5.030507 -0.674981
v 0.686546 5.063062 -0.686546
v 0.707107 5.075722 -0.707107
v 0.353640 4.759221 -0.529259
v 0.555570 5.120936 -0.831470
v 0.388978 4.759221 -0.582146
v 0.388978 4.786349 -0.582146
v 0.404122 4.786349 -0.604812
v 0.411998 4.857969 -0.616598
v 0.434412 4.903907 -0.650143
v 0.471163 4.932121 -0.705146
v 0.501655 4.964314 -0.750779
v 0.515184 5.030507 -0.771028
v 0.530329 5.030507 -0.793693
v 0.539416 5.063062 -0.807293
v 0.555570 5.075722 -0.831470
v 0.243591 4.759221 -0.588081
v 0.382683 5.120936 -0.923880
v 0.267932 4.759221 -0.646846
v 0.267932 4.786349 -0.646846
v 0.278364 4.786349 -0.672031
v 0.283789 4.857969 -0.685127
v 0.299228 4.903907 -0.722401
v 0.324543 4.932121 -0.783516
v 0.345546 4.964314 -0.834221
v 0.354865 5.030507 -0.856720
v 0.365297 5.030507 -0.881905
v 0.371556 5.063062 -0.897016
v 0.382683 5.075722 -0.923880
v 0.124182 4.759221 -0.624304
v 0.195090 5.120936 -0.980785
v 0.136591 4.759221 -0.686688
v 0.136591 4.786349 -0.686688
v 0.141909 4.786349 -0.713424
v 0.144674 4.857969 -0.727327
v 0.152545 4.903907 -0.766896
v 0.165451 4.932121 -0.831776
v 0.176158 4.964314 -0.885605
v 0.180909 5.030507 -0.909489
v 0.186227 5.030507 -0.936225
v 0.189418 5.063062 -0.952267
v 0.195090 5.075722 -0.980785
v 0.000000 -0.000000 -1.000000
v -0.195090 -0.000000 -0.980785
v -0.382683 -0.000000 -0.923880
v -0.555570 -0.000000 -0.831470
v -0.707107 -0.000000 -0.707107
v -0.831470 -0.000000 -0.555570
v -0.923880 -0.000000 -0.382683
v -0.980785 -0.000000 -0.195090
v -1.000000 0.000000 0.000000
v -0.980785 0.000000 0.195090
v -0.923880 0.000000 0.382683
v -0.831470 0.000000 0.555570
v -0.707107 0.000000 0.707107
v -0.555570 0.000000 0.831470
v -0.382683 0.000000 0.923880
v -0.195090 0.000000 0.980785
v 0.000000 0.000000 1.000000
v 0.195090 0.000000 0.980785
v 0.382683 0.000000 0.923880
v 0.555570 0.000000 0.831470
v 0.707107 0.000000 0.707107
v 0.831470 0.000000 0.555570
v 0.923880 0.000000 0.382683
v 0.980785 0.000000 0.195090
v 1.000000 0.000000 0.000000
v 0.980785 -0.000000 -0.195090
v 0.923880 -0.000000 -0.382683
v 0.831470 -0.000000 -0.555570
v 0.707107 -0.000000 -0.707107
v 0.555570 -0.000000 -0.831470
v 0.382683 -0.000000 -0.923880
v 0.195090 -0.000000 -0.980785
v 0.000000 0.529475 -0.631719
v -0.123242 0.529475 -0.619580
v -0.241748 0.529475 -0.583632
v -0.350964 0.529475 -0.525255
v -0.446692 0.529475 -0.446692
v -0.525255 0.529475 -0.350964
v -0.583632 0.529475 -0.241748
v -0.619580 0.529475 -0.123242
v -0.631719 0.529475 -0.000000
v -0.619580 0.529475 0.123242
v -0.583632 0.529475 0.241748
v -0.525255 0.529475 0.350964
v -0.446692 0.529475 0.446692
v -0.350964 0.529475 0.525255
v -0.241748 0.529475 0.583632
v -0.123242 0.529475 0.619580
v 0.000000 0.529475 0.631719
v 0.123242 0.529475 0.619580
v 0.241748 0.529475 0.583632
v 0.350964 0.529475 0.525255
v 0.446692 0.529475 0.446692
v 0.525255 0.529475 0.350964
v 0.583632 0.529475 0.241748
v 0.619580 0.529475 0.123242
v 0.631719 0.529475 -0.000000
v 0.619580 0.529475 -0.123242
v 0.583632 0.529475 -0.241748
v 0.525255 0.529475 -0.350964
v 0.446692 0.529475 -0.446692
v 0.350964 0.529475 -0.525255
v 0.241748 0.529475 -0.583632
v 0.123242 0.529475 -0.619580
v 0.000000 2.644347 -0.631719
v -0.631719 2.644347 -0.000000
v 0.000000 2.644347 0.631719
v 0.631719 2.644347 -0.000000
v 0.000000 -0.000000 -0.713017
v -0.139103 -0.000000 -0.699316
v -0.272860 -0.000000 -0.658741
v -0.396131 -0.000000 -0.592852
v -0.504179 -0.000000 -0.504179
v -0.592852 -0.000000 -0.396131
v -0.658741 -0.000000 -0.272860
v -0.699316 -0.000000 -0.139103
v -0.713017 0.000000 0.000000
v -0.699316 0.000000 0.139103
v -0.658741 0.000000 0.272860
v -0.592852 0.000000 0.396131
v -0.504179 0.000000 0.504179
v -0.396131 0.000000 0.592852
v -0.272860 0.000000 0.658741
v -0.139103 0.000000 0.699316
v 0.000000 0.000000 0.713017
v 0.139103 0.000000 0.699316
v 0.272860 0.000000 0.658741
v 0.396131 0.000000 0.592852
v 0.504179 0.000000 0.504179
v 0.592852 0.000000 0.396131
v 0.658741 0.000000 0.272860
v 0.699316 0.000000 0.139103
v 0.713017 0.000000 0.000000
v 0.699316 -0.000000 -0.139103
v 0.658741 -0.000000 -0.272860
v 0.592852 -0.000000 -0.396131
v 0.504179 -0.000000 -0.504179
v 0.396131 -0.000000 -0.592852
v 0.272860 -0.000000 -0.658741
v 0.139103 -0.000000 -0.699316
v 0.000000 0.167760 -1.000000
v 0.000000 0.529475 -0.636535
v 0.000000 0.212974 -1.000000
v 0.000000 0.225634 -0.970923
v 0.000000 0.258188 -0.954567
v 0.000000 0.258188 -0.927307
v 0.000000 0.324382 -0.902955
v 0.000000 0.356575 -0.848071
v 0.000000 0.384789 -0.781921
v 0.000000 0.430727 -0.741576
v 0.000000 0.502346 -0.727401
v 0.000000 0.502346 -0.700141
v 0.000000 0.529475 -0.700141
v -0.124182 0.529475 -0.624304
v -0.195090 0.167760 -0.980785
v -0.136591 0.529475 -0.686688
v -0.136591 0.502346 -0.686688
v -0.141909 0.502346 -0.713424
v -0.144674 0.430727 -0.727327
v -0.152545 0.384789 -0.766896
v -0.165451 0.356575 -0.831776
v -0.176158 0.324382 -0.885605
v -0.180909 0.258188 -0.909489
v -0.186227 0.258188 -0.936225
v -0.189418 0.225634 -0.952267
v -0.195090 0.212974 -0.980785
v -0.243591 0.529475 -0.588081
v -0.382683 0.167760 -0.923880
v -0.267932 0.529475 -0.646846
v -0.267932 0.502346 -0.646846
v -0.278364 0.502346 -0.672031
v -0.283789 0.430727 -0.685127
v -0.299228 0.384789 -0.722401
v -0.324543 0.356575 -0.783516
v -0.345546 0.324382 -0.834221
v -0.354865 0.258188 -0.856720
v -0.365297 0.258188 -0.881905
v -0.371556 0.225634 -0.897016
v -0.382683 0.212974 -0.923880
v -0.353640 0.529475 -0.529259
v -0.555570 0.167760 -0.831470
v -0.388978 0.529475 -0.582146
v -0.388978 0.502346 -0.582146
v -0.404122 0.502346 -0.604812
v -0.411998 0.430727 -0.616598
v -0.434412 0.384789 -0.650143
v -0.471163 0.356575 -0.705146
v -0.501655 0.324382 -0.750779
v -0.515184 0.258188 -0.771028
v -0.530329 0.258188 -0.793693
v -0.539416 0.225634 -0.807293
v -0.555570 0.212974 -0.831470
v -0.450098 0.529475 -0.450098
v -0.707107 0.167760 -0.707107
v -0.495074 0.529475 -0.495074
v -0.495074 0.502346 -0.495074
v -0.514350 0.502346 -0.514350
v -0.524373 0.430727 -0.524373
v -0.552901 0.384789 -0.552901
v -0.599677 0.356575 -0.599677
v -0.638485 0.324382 -0.638485
v -0.655705 0.258188 -0.655705
v -0.674981 0.258188 -0.674981
v -0.686546 0.225634 -0.686546
v -0.707107 0.212974 -0.707107
v -0.529259 0.529475 -0.353640
v -0.831470 0.167760 -0.555570
v -0.582146 0.529475 -0.388978
v -0.582146 0.502346 -0.388978
v -0.604812 0.502346 -0.404122
v -0.616598 0.430727 -0.411998
v -0.650143 0.384789 -0.434412
v -0.705146 0.356575 -0.471163
v -0.750779 0.324382 -0.501655
v -0.771028 0.258188 -0.515184
v -0.793693 0.258188 -0.530329
v -0.807293 0.225634 -0.539416
v -0.831470 0.212974 -0.555570
v -0.588081 0.529475 -0.243591
v -0.923880 0.167760 -0.382683
v -0.646846 0.529475 -0.267932
v -0.646846 0.502346 -0.267932
v -0.672031 0.502346 -0.278364
v -0.685127 0.430727 -0.283789
v -0.722401 0.384789 -0.299228
v -0.783516 0.356575 -0.324543
v -0.834221 0.324382 -0.345546
v -0.856720 0.258188 -0.354865
v -0.881905 0.258188 -0.365297
v -0.897016 0.225634 -0.371556
v -0.923880 0.212974 -0.382683
v -0.624304 0.529475 -0.124182
v -0.980785 0.167760 -0.195090
v -0.686688 0.529475 -0.136591
v -0.686688 0.502346 -0.136591
v -0.713424 0.502346 -0.141909
v -0.727327 0.430727 -0.144674
v -0.766896 0.384789 -0.152545
v -0.831776 0.356575 -0.165451
v -0.885605 0.324382 -0.176158
v -0.909489 0.258188 -0.180909
v -0.936225 0.258188 -0.186227
v -0.952267 0.225634 -0.189418
v -0.980785 0.212974 -0.195090
v -0.636535 0.529475 -0.000000
v -1.000000 0.167760 -0.000000
v -0.700141 0.529475 -0.000000
v -0.700141 0.502346 -0.000000
v -0.727401 0.502346 -0.000000
v -0.741576 0.430727 -0.000000
v -0.781921 0.384789 -0.000000
v -0.848071 0.356575 -0.000000
v -0.902955 0.324382 -0.000000
v -0.927307 0.258188 -0.000000
v -0.954567 0.258188 -0.000000
v -0.970923 0.225634 -0.000000
v -1.000000 0.212974 -0.000000
v -0.624304 0.529475 0.124182
v -0.980785 0.167760 0.195090
v -0.686688 0.529475 0.136591
v -0.686688 0.502346 0.136591
v -0.713424 0.502346 0.141909
v -0.727327 0.430727 0.144674
v -0.766896 0.384789 0.152545
v -0.831776 0.356575 0.165451
v -0.885605 0.324382 0.176158
v -0.909489 0.258188 0.180909
v -0.936225 0.258188 0.186227
v -0.952267 0.225634 0.189418
v -0.980785 0.212974 0.195090
v -0.588081 0.529475 0.243591
v -0.923880 0.167760 0.382683
v -0.646846 0.529475 0.267932
v -0.646846 0.502346 0.267932
v -0.672031 0.502346 0.278364
v -0.685127 0.430727 0.283789
v -0.722401 0.384789 0.299228
v -0.783516 0.356575 0.324543
v -0.834221 0.324382 0.345546
v -0.856720 0.258188 0.354865
v -0.881905 0.258188 0.365297
v -0.897016 0.225634 0.371556
v -0.923880 0.212974 0.382683
v -0.529259 0.529475 0.353640
v -0.831470 0.167760 0.555570
v -0.582146 0.529475 0.388978
v -0.582146 0.502346 0.388978
v -0.604812 0.502346 0.404122
v -0.616598 0.430727 0.411998
v -0.650143 0.384789 0.434412
v -0.705146 0.356575 0.471163
v -0.750779 0.324382 0.501655
v -0.771028 0.258188 0.515184
v -0.793693 0.258188 0.530329
v -0.807293 0.225634 0.539416
v -0.831470 0.212974 0.555570
v -0.450098 0.529475 0.450098
v -0.707107 0.167760 0.707107
v -0.495074 0.529475 0.495074
v -0.495074 0.502346 0.495074
v -0.514350 0.502346 0.514350
v -0.524373 0.430727 0.524373
v -0.552901 0.384789 0.552901
v -0.599677 0.356575 0.599677
v -0.638485 0.324382 0.638485
v -0.655705 0.258188 0.655705
v -0.674981 0.258188 0.674981
v -0.686546 0.225634 0.686546
v -0.707107 0.212974 0.707107
v -0.353640 0.529475 0.529259
v -0.555570 0.167760 0.831470
v -0.388978 0.529475 0.582146
v -0.388978 0.502346 0.582146
v -0.404122 0.502346 0.604812
v -0.411998 0.430727 0.616598
v -0.434412 0.384789 0.650143
v -0.471163 0.356575 0.705146
v -0.501655 0.324382 0.750779
v -0.515184 0.258188 0.771028
v -0.530329 0.258188 0.793693
v -0.539416 0.225634 0.807293
v -0.555570 0.212974 0.831470
v -0.243591 0.529475 0.588081
v -0.382683 0.167760 0.923880
v -0.267932 0.529475 0.646846
v -0.267932 0.502346 0.646846
v -0.278364 0.502346 0.672031
v -0.283789 0.430727 0.685127
v -0.299228 0.384789 0.722401
v -0.324543 0.356575 0.783516
v -0.345546 0.324382 0.834221
v -0.354865 0.258188 0.856720
v -0.365297 0.258188 0.881905
v -0.371556 0.225634 0.897016
v -0.382683 0.212974 0.923880
v -0.124182 0.529475 0.624304
v -0.195090 0.167760 0.980785
v -0.136591 0.529475 0.686688
v -0.136591 0.502346 0.686688
v -0.141909 0.502346 0.713424
v -0.144674 0.430727 0.727327
v -0.152545 0.384789 0.766896
v -0.165451 0.356575 0.831776
v -0.176158 0.324382 0.885605
v -0.180909 0.258188 0.909489
v -0.186227 0.258188 0.936225
v -0.189418 0.225634 0.952267
v -0.195090 0.212974 0.980785
v 0.000000 0.529475 0.636535
v 0.000000 0.167760 1.000000
v 0.000000 0.529475 0.700141
v 0.000000 0.502346 0.700141
v 0.000000 0.502346 0.727401
v 0.000000 0.430727 0.741576
v 0.000000 0.384789 0.781921
v 0.000000 0.356575 0.848071
v 0.000000 0.324382 0.902955
v 0.000000 0.258188 0.927307
v 0.000000 0.258188 0.954567
v 0.000000 0.225634 0.970923
v 0.000000 0.212974 1.000000
v 0.124182 0.529475 0.624304
v 0.195090 0.167760 0.980785
v 0.136591 0.529475 0.686688
v 0.136591 0.502346 0.686688
v 0.141909 0.502346 0.713424
v 0.144674 0.430727 0.727327
v 0.152545 0.384789 0.766896
v 0.165451 0.356575 0.831776
v 0.176158 0.324382 0.885605
v 0.180909 0.258188 0.909489
v 0.186227 0.258188 0.936225
v 0.189418 0.225634 0.952267
v 0.195090 0.212974 0.980785
v 0.243591 0.529475 0.588081
v 0.382683 0.167760 0.923880
v 0.267932 0.529475 0.646846
v 0.267932 0.502346 0.646846
v 0.278364 0.502346 0.672031
v 0.283789 0.430727 0.685127
v 0.299228 0.384789 0.722401
v 0.324543 0.356575 0.783516
v 0.345546 0.324382 0.834221
v 0.354865 0.258188 0.856720
v 0.365297 0.258188 0.881905
v 0.371556 0.225634 0.897016
v 0.382683 0.212974 0.923880
v 0.353640 0.529475 0.529259
v 0.555570 0.167760 0.831470
v 0.388978 0.529475 0.582146
v 0.388978 0.502346 0.582146
v 0.404122 0.502346 0.604812
v 0.411998 0.430727 0.616598
v 0.434412 0.384789 0.650143
v 0.471163 0.356575 0.705146
v 0.501655 0.324382 0.750779
v 0.515184 0.258188 0.771028
v 0.530329 0.258188 0.793693
v 0.539416 0.225634 0.807293
v 0.555570 0.212974 0.831470
v 0.450098 0.529475 0.450098
v 0.707107 0.167760 0.707107
v 0.495074 0.529475 0.495074
v 0.495074 0.502346 0.495074
v 0.514350 0.502346 0.514350
v 0.524373 0.430727 0.524373
v 0.552901 0.384789 0.552901
v 0.599677 0.356575 0.599677
v 0.638485 0.324382 0.638485
v 0.655705 0.258188 0.655705
v 0.674981 0.258188 0.674981
v 0.686546 0.225634 0.686546
v 0.707107 0.212974 0.707107
v 0.529259 0.529475 0.353640
v 0.831470 0.167760 0.555570
v 0.582146 0.529475 0.388978
v 0.582146 0.502346 0.388978
v 0.604812 0.502346 0.404122
v 0.616598 0.430727 0.411998
v 0.650143 0.384789 0.434412
v 0.705146 0.356575 0.471163
v 0.750779 0.324382 0.501655
v 0.771028 0.258188 0.515184
v 0.793693 0.258188 0.530329
v 0.807293 0.225634 0.539416
v 0.831470 0.212974 0.555570
v 0.588081 0.529475 0.243591
v 0.923880 0.167760 0.382683
v 0.646846 0.529475 0.267932
v 0.646846 0.502346 0.267932
v 0.672031 0.502346 0.278364
v 0.685127 0.430727 0.283789
v 0.722401 0.384789 0.299228
v 0.783516 0.356575 0.324543
v 0.834221 0.324382 0.345546
v 0.856720 0.258188 0.354865
v 0.881905 0.258188 0.365297
v 0.897016 0.225634 0.371556
v 0.923880 0.212974 0.382683
v 0.624304 0.529475 0.124182
v 0.980785 0.167760 0.195090
v 0.686688 0.529475 0.136591
v 0.686688 0.502346 0.136591
v 0.713424 0.502346 0.141909
v 0.727327 0.430727 0.144674
v 0.766896 0.384789 0.152545
v 0.831776 0.356575 0.165451
v 0.885605 0.324382 0.176158
v 0.909489 0.258188 0.180909
v 0.936225 0.258188 0.186227
v 0.952267 0.225634 0.189418
v 0.980785 0.212974 0.195090
v 0.636535 0.529475 -0.000000
v 1.000000 0.167760 -0.000000
v 0.700141 0.529475 -0.000000
v 0.700141 0.502346 -0.000000
v 0.727401 0.502346 -0.000000
v 0.741576 0.430727 -0.000000
v 0.781921 0.384789 -0.000000
v 0.848071 0.356575 -0.000000
v 0.902955 0.324382 -0.000000
v 0.927307 0.258188 -0.000000
v 0.954567 0.258188 -0.000000
v 0.970923 0.225634 -0.000000
v 1.000000 0.212974 -0.000000
v 0.624304 0.529475 -0.124182
v 0.980785 0.167760 -0.195090
v 0.686688 0.529475 -0.136591
v 0.686688 0.502346 -0.136591
v 0.713424 0.502346 -0.141909
v 0.727327 0.430727 -0.144674
v 0.766896 0.384789 -0.152545
v 0.831776 0.356575 -0.165451
v 0.885605 0.324382 -0.176158
v 0.909489 0.258188 -0.180909
v 0.936225 0.258188 -0.186227
v 0.952267 0.225634 -0.189418
v 0.980785 0.212974 -0.195090
v 0.588081 0.529475 -0.243591
v 0.923880 0.167760 -0.382683
v 0.646846 0.529475 -0.267932
v 0.646846 0.502346 -0.267932
v 0.672031 0.502346 -0.278364
v 0.685127 0.430727 -0.283789
v 0.722401 0.384789 -0.299228
v 0.783516 0.356575 -0.324543
v 0.834221 0.324382 -0.345546
v 0.856720 0.258188 -0.354865
v 0.881905 0.258188 -0.365297
v 0.897016 0.225634 -0.371556
v 0.923880 0.212974 -0.382683
v 0.529259 0.529475 -0.353640
v 0.831470 0.167760 -0.555570
v 0.582146 0.529475 -0.388978
v 0.582146 0.502346 -0.388978
v 0.604812 0.502346 -0.404122
v 0.616598 0.430727 -0.411998
v 0.650143 0.384789 -0.434412
v 0.705146 0.356575 -0.471163
v 0.750779 0.324382 -0.501655
v 0.771028 0.258188 -0.515184
v 0.793693 0.258188 -0.530329
v 0.807293 0.225634 -0.539416
v 0.831470 0.212974 -0.555570
v 0.450098 0.529475 -0.450098
v 0.707107 0.167760 -0.707107
v 0.495074 0.529475 -0.495074
v 0.495074 0.502346 -0.495074
v 0.514350 0.502346 -0.514350
v 0.524373 0.430727 -0.524373
v 0.552901 0.384789 -0.552901
v 0.599677 0.356575 -0.599677
v 0.638485 0.324382 -0.638485
v 0.655705 0.258188 -0.655705
v 0.674981 0.258188 -0.674981
v 0.686546 0.225634 -0.686546
v 0.707107 0.212974 -0.707107
v 0.353640 0.529475 -0.529259
v 0.555570 0.167760 -0.831470
v 0.388978 0.529475 -0.582146
v 0.388978 0.502346 -0.582146
v 0.404122 0.502346 -0.604812
v 0.411998 0.430727 -0.616598
v 0.434412 0.384789 -0.650143
v 0.471163 0.356575 -0.705146
v 0.501655 0.324382 -0.750779
v 0.515184 0.258188 -0.771028
v 0.530329 0.258188 -0.793693
v 0.539416 0.225634 -0.807293
v 0.555570 0.212974 -0.831470
v 0.243591 0.529475 -0.588081
v 0.382683 0.167760 -0.923880
v 0.267932 0.529475 -0.646846
v 0.267932 0.502346 -0.646846
v 0.278364 0.502346 -0.672031
v 0.283789 0.430727 -0.685127
v 0.299228 0.384789 -0.722401
v 0.324543 0.356575 -0.783516
v 0.345546 0.324382 -0.834221
v 0.354865 0.258188 -0.856720
v 0.365297 0.258188 -0.881905
v 0.371556 0.225634 -0.897016
v 0.382683 0.212974 -0.923880
v 0.124182 0.529475 -0.624304
v 0.195090 0.167760 -0.980785
v 0.136591 0.529475 -0.686688
v 0.136591 0.502346 -0.686688
v 0.141909 0.502346 -0.713424
v 0.144674 0.430727 -0.727327
v 0.152545 0.384789 -0.766896
v 0.165451 0.356575 -0.831776
v 0.176158 0.324382 -0.885605
v 0.180909 0.258188 -0.909489
v 0.186227 0.258188 -0.936225
v 0.189418 0.225634 -0.952267
v 0.195090 0.212974 -0.980785
vn -0.0000 -1.0000 -0.0000
vn -0.0000 -1.0000 -0.0001
vn -0.0000 -1.0000 0.0001
vn -0.8819 -0.0000 -0.4714
vn 0.6344 -0.0000 0.7730
vn -0.9569 -0.0000 -0.2903
vn 0.7730 -0.0000 0.6344
vn -0.9952 -0.0000 -0.0980
vn 0.8819 -0.0000 0.4714
vn -0.9952 -0.0000 0.0980
vn 0.9569 -0.0000 0.2903
vn -0.9569 -0.0000 0.2903
vn 0.9952 -0.0000 0.0980
vn -0.8819 -0.0000 0.4714
vn 0.9952 -0.0000 -0.0980
vn -0.7730 -0.0000 0.6344
vn 0.9569 -0.0000 -0.2903
vn -0.6344 -0.0000 0.7730
vn 0.8819 -0.0000 -0.4714
vn -0.4714 -0.0000 0.8819
vn -0.0980 -0.0000 -0.9952
vn 0.7730 -0.0000 -0.6344
vn -0.2903 -0.0000 0.9569
vn -0.2903 -0.0000 -0.9569
vn 0.6344 -0.0000 -0.7730
vn -0.0980 -0.0000 0.9952
vn -0.4714 -0.0000 -0.8819
vn 0.4714 -0.0000 -0.8819
vn 0.0980 -0.0000 0.9952
vn -0.6344 -0.0000 -0.7730
vn 0.2903 -0.0000 -0.9569
vn 0.2903 -0.0000 0.9569
vn -0.7730 -0.0000 -0.6344
vn 0.0980 -0.0000 -0.9952
vn 0.4714 -0.0000 0.8819
vn -0.0000 1.0000 -0.0000
vn -0.0393 -0.9162 -0.3989
vn -0.0877 -0.4472 -0.8901
vn -0.0920 -0.3438 -0.9345
vn -0.0498 -0.8615 -0.5053
vn -0.0386 -0.9191 -0.3920
vn -0.0738 -0.6581 -0.7493
vn -0.0962 -0.1933 -0.9764
vn -0.1164 -0.9162 -0.3836
vn -0.2596 -0.4472 -0.8559
vn -0.2726 -0.3438 -0.8986
vn -0.1474 -0.8615 -0.4859
vn -0.1143 -0.9191 -0.3770
vn -0.2186 -0.6581 -0.7205
vn -0.2848 -0.1933 -0.9389
vn -0.1889 -0.9162 -0.3535
vn -0.4216 -0.4472 -0.7888
vn -0.4427 -0.3438 -0.8282
vn -0.2394 -0.8615 -0.4478
vn -0.1857 -0.9191 -0.3474
vn -0.3549 -0.6581 -0.6640
vn -0.4625 -0.1933 -0.8653
vn -0.2543 -0.9162 -0.3098
vn -0.5674 -0.4472 -0.6914
vn -0.5957 -0.3438 -0.7259
vn -0.3221 -0.8615 -0.3925
vn -0.2499 -0.9191 -0.3045
vn -0.4777 -0.6581 -0.5820
vn -0.6224 -0.1933 -0.7584
vn -0.3098 -0.9162 -0.2543
vn -0.6914 -0.4472 -0.5674
vn -0.7259 -0.3438 -0.5957
vn -0.3925 -0.8615 -0.3221
vn -0.3045 -0.9191 -0.2499
vn -0.5820 -0.6581 -0.4777
vn -0.7584 -0.1933 -0.6224
vn -0.3535 -0.9162 -0.1890
vn -0.3535 -0.9162 -0.1889
vn -0.7888 -0.4472 -0.4216
vn -0.8282 -0.3438 -0.4427
vn -0.4478 -0.8615 -0.2394
vn -0.3474 -0.9191 -0.1857
vn -0.6640 -0.6581 -0.3549
vn -0.8653 -0.1933 -0.4625
vn -0.3836 -0.9162 -0.1163
vn -0.3836 -0.9162 -0.1164
vn -0.8559 -0.4472 -0.2596
vn -0.8986 -0.3438 -0.2726
vn -0.4859 -0.8615 -0.1474
vn -0.3770 -0.9191 -0.1143
vn -0.7205 -0.6581 -0.2186
vn -0.9389 -0.1933 -0.2848
vn -0.3989 -0.9162 -0.0393
vn -0.8901 -0.4472 -0.0877
vn -0.9345 -0.3438 -0.0920
vn -0.5053 -0.8615 -0.0498
vn -0.3920 -0.9191 -0.0386
vn -0.7493 -0.6581 -0.0738
vn -0.9764 -0.1933 -0.0962
vn -0.3989 -0.9162 0.0393
vn -0.8901 -0.4472 0.0877
vn -0.9345 -0.3438 0.0920
vn -0.5053 -0.8615 0.0498
vn -0.3920 -0.9191 0.0386
vn -0.7493 -0.6581 0.0738
vn -0.9764 -0.1933 0.0962
vn -0.3836 -0.9162 0.1164
vn -0.8559 -0.4472 0.2596
vn -0.8986 -0.3438 0.2726
vn -0.4859 -0.8615 0.1474
vn -0.3770 -0.9191 0.1143
vn -0.3770 -0.9191 0.1144
vn -0.7205 -0.6581 0.2186
vn -0.9389 -0.1933 0.2848
vn -0.3535 -0.9162 0.1889
vn -0.3535 -0.9162 0.1890
vn -0.7888 -0.4472 0.4216
vn -0.8282 -0.3438 0.4427
vn -0.4478 -0.8615 0.2394
vn -0.3474 -0.9191 0.1857
vn -0.6640 -0.6581 0.3549
vn -0.8653 -0.1933 0.4625
vn -0.3098 -0.9162 0.2543
vn -0.6914 -0.4472 0.5674
vn -0.7259 -0.3438 0.5957
vn -0.3925 -0.8615 0.3221
vn -0.3045 -0.9191 0.2499
vn -0.5820 -0.6581 0.4777
vn -0.7584 -0.1933 0.6224
vn -0.2543 -0.9162 0.3098
vn -0.2543 -0.9162 0.3099
vn -0.5674 -0.4472 0.6914
vn -0.5957 -0.3438 0.7259
vn -0.3221 -0.8615 0.3925
vn -0.2499 -0.9191 0.3045
vn -0.4777 -0.6581 0.5820
vn -0.6224 -0.1933 0.7584
vn -0.1889 -0.9162 0.3535
vn -0.4216 -0.4472 0.7888
vn -0.4427 -0.3438 0.8282
vn -0.2394 -0.8615 0.4478
vn -0.1857 -0.9191 0.3474
vn -0.3549 -0.6581 0.6640
vn -0.4625 -0.1933 0.8653
vn -0.1164 -0.9161 0.3836
vn -0.1164 -0.9162 0.3836
vn -0.2596 -0.4472 0.8559
vn -0.2726 -0.3438 0.8986
vn -0.1474 -0.8615 0.4859
vn -0.1143 -0.9191 0.3770
vn -0.2186 -0.6581 0.7205
vn -0.2848 -0.1933 0.9389
vn -0.0393 -0.9162 0.3989
vn -0.0877 -0.4472 0.8901
vn -0.0920 -0.3438 0.9345
vn -0.0498 -0.8615 0.5053
vn -0.0386 -0.9191 0.3920
vn -0.0738 -0.6581 0.7493
vn -0.0962 -0.1933 0.9764
vn 0.0393 -0.9162 0.3989
vn 0.0877 -0.4472 0.8901
vn 0.0920 -0.3438 0.9345
vn 0.0498 -0.8615 0.5053
vn 0.0386 -0.9191 0.3920
vn 0.0738 -0.6581 0.7493
vn 0.0962 -0.1933 0.9764
vn 0.1164 -0.9162 0.3836
vn 0.2596 -0.4472 0.8559
vn 0.2726 -0.3438 0.8986
vn 0.1474 -0.8615 0.4859
vn 0.1143 -0.9191 0.3770
vn 0.2186 -0.6581 0.7205
vn 0.2848 -0.1933 0.9389
vn 0.1889 -0.9162 0.3535
vn 0.4216 -0.4472 0.7888
vn 0.4427 -0.3438 0.8282
vn 0.2394 -0.8615 0.4478
vn 0.1857 -0.9191 0.3474
vn 0.3549 -0.6581 0.6640
vn 0.4625 -0.1933 0.8653
vn 0.2543 -0.9162 0.3098
vn 0.5674 -0.4472 0.6914
vn 0.5957 -0.3438 0.7259
vn 0.3221 -0.8615 0.3925
vn 0.2499 -0.9191 0.3045
vn 0.4777 -0.6581 0.5820
vn 0.6224 -0.1933 0.7584
vn 0.3098 -0.9162 0.2543
vn 0.6914 -0.4472 0.5674
vn 0.7259 -0.3438 0.5957
vn 0.3925 -0.8615 0.3221
vn 0.3045 -0.9191 0.2499
vn 0.5820 -0.6581 0.4777
vn 0.7584 -0.1933 0.6224
vn 0.3535 -0.9162 0.1890
vn 0.3535 -0.9162 0.1889
vn 0.7888 -0.4472 0.4216
vn 0.8282 -0.3438 0.4427
vn 0.4478 -0.8615 0.2394
vn 0.3474 -0.9191 0.1857
vn 0.6640 -0.6581 0.3549
vn 0.8653 -0.1933 0.4625
vn 0.3836 -0.9162 0.1164
vn 0.3836 -0.9162 0.1163
vn 0.8559 -0.4472 0.2596
vn 0.8986 -0.3438 0.2726
vn 0.4859 -0.8615 0.1474
vn 0.3770 -0.9191 0.1143
vn 0.7205 -0.6581 0.2186
vn 0.9389 -0.1933 0.2848
vn 0.3989 -0.9162 0.0393
vn 0.8901 -0.4472 0.0877
vn 0.9345 -0.3438 0.0920
vn 0.5053 -0.8615 0.0498
vn 0.3920 -0.9191 0.0386
vn 0.7493 -0.6581 0.0738
vn 0.9764 -0.1933 0.0962
vn 0.3989 -0.9162 -0.0393
vn 0.8901 -0.4472 -0.0877
vn 0.9345 -0.3438 -0.0920
vn 0.5053 -0.8615 -0.0498
vn 0.3920 -0.9191 -0.0386
vn 0.7493 -0.6581 -0.0738
vn 0.9764 -0.1933 -0.0962
vn 0.3836 -0.9162 -0.1164
vn 0.8559 -0.4472 -0.2596
vn 0.8986 -0.3438 -0.2726
vn 0.4859 -0.8615 -0.1474
vn 0.3770 -0.9191 -0.1143
vn 0.3770 -0.9191 -0.1144
vn 0.7205 -0.6581 -0.2186
vn 0.9389 -0.1933 -0.2848
vn 0.3535 -0.9162 -0.1889
vn 0.3535 -0.9162 -0.1890
vn 0.7888 -0.4472 -0.4216
vn 0.8282 -0.3438 -0.4427
vn 0.4478 -0.8615 -0.2394
vn 0.3474 -0.9191 -0.1857
vn 0.6640 -0.6581 -0.3549
vn 0.8653 -0.1933 -0.4625
vn 0.3098 -0.9162 -0.2543
vn 0.6914 -0.4472 -0.5674
vn 0.7259 -0.3438 -0.5957
vn 0.3925 -0.8615 -0.3221
vn 0.3045 -0.9191 -0.2499
vn 0.5820 -0.6581 -0.4777
vn 0.7584 -0.1933 -0.6224
vn 0.2543 -0.9162 -0.3098
vn 0.2543 -0.9162 -0.3099
vn 0.5674 -0.4472 -0.6914
vn 0.5957 -0.3438 -0.7259
vn 0.3221 -0.8615 -0.3925
vn 0.2499 -0.9191 -0.3045
vn 0.4777 -0.6581 -0.5820
vn 0.6224 -0.1933 -0.7584
vn 0.1889 -0.9162 -0.3535
vn 0.4216 -0.4472 -0.7888
vn 0.4427 -0.3438 -0.8282
vn 0.2394 -0.8615 -0.4478
vn 0.1857 -0.9191 -0.3474
vn 0.3549 -0.6581 -0.6640
vn 0.4625 -0.1933 -0.8653
vn 0.1164 -0.9161 -0.3836
vn 0.1164 -0.9162 -0.3836
vn 0.2596 -0.4472 -0.8559
vn 0.2726 -0.3438 -0.8986
vn 0.1474 -0.8615 -0.4859
vn 0.1143 -0.9191 -0.3770
vn 0.2186 -0.6581 -0.7205
vn 0.2848 -0.1933 -0.9389
vn 0.0393 -0.9162 -0.3989
vn 0.0877 -0.4472 -0.8901
vn 0.0920 -0.3438 -0.9345
vn 0.0498 -0.8615 -0.5053
vn 0.0386 -0.9191 -0.3920
vn 0.0738 -0.6581 -0.7493
vn 0.0962 -0.1933 -0.9764
vn -0.0393 0.9162 -0.3989
vn -0.0877 0.4472 -0.8901
vn -0.0920 0.3438 -0.9345
vn -0.0498 0.8615 -0.5053
vn -0.0386 0.9191 -0.3920
vn -0.0738 0.6581 -0.7493
vn -0.0962 0.1933 -0.9764
vn -0.1164 0.9162 -0.3836
vn -0.1163 0.9162 -0.3836
vn -0.2596 0.4472 -0.8559
vn -0.2726 0.3438 -0.8986
vn -0.1474 0.8615 -0.4859
vn -0.1143 0.9191 -0.3770
vn -0.2186 0.6581 -0.7205
vn -0.2848 0.1933 -0.9389
vn -0.1889 0.9162 -0.3535
vn -0.4216 0.4472 -0.7888
vn -0.4427 0.3438 -0.8282
vn -0.2394 0.8615 -0.4478
vn -0.1857 0.9191 -0.3474
vn -0.3549 0.6581 -0.6640
vn -0.4625 0.1933 -0.8653
vn -0.2543 0.9162 -0.3098
vn -0.5674 0.4472 -0.6914
vn -0.5957 0.3438 -0.7259
vn -0.3221 0.8615 -0.3925
vn -0.2499 0.9191 -0.3045
vn -0.4777 0.6581 -0.5820
vn -0.6224 0.1933 -0.7584
vn -0.3098 0.9162 -0.2543
vn -0.6914 0.4472 -0.5674
vn -0.7259 0.3438 -0.5957
vn -0.3925 0.8615 -0.3221
vn -0.3045 0.9191 -0.2499
vn -0.5820 0.6581 -0.4777
vn -0.7584 0.1933 -0.6224
vn -0.3535 0.9162 -0.1889
vn -0.7888 0.4472 -0.4216
vn -0.8282 0.3438 -0.4427
vn -0.4478 0.8615 -0.2394
vn -0.3474 0.9191 -0.1857
vn -0.6640 0.6581 -0.3549
vn -0.8653 0.1933 -0.4625
vn -0.3836 0.9162 -0.1164
vn -0.8559 0.4472 -0.2596
vn -0.8986 0.3438 -0.2726
vn -0.4859 0.8615 -0.1474
vn -0.3770 0.9191 -0.1143
vn -0.7205 0.6581 -0.2186
vn -0.9389 0.1933 -0.2848
vn -0.3989 0.9162 -0.0393
vn -0.8901 0.4472 -0.0877
vn -0.9345 0.3438 -0.0920
vn -0.5053 0.8615 -0.0498
vn -0.3920 0.9191 -0.0386
vn -0.7493 0.6581 -0.0738
vn -0.9764 0.1933 -0.0962
vn -0.3989 0.9162 0.0393
vn -0.8901 0.4472 0.0877
vn -0.9345 0.3438 0.0920
vn -0.5053 0.8615 0.0498
vn -0.3920 0.9191 0.0386
vn -0.7493 0.6581 0.0738
vn -0.9764 0.1933 0.0962
vn -0.3836 0.9162 0.1164
vn -0.3836 0.9162 0.1163
vn -0.8559 0.4472 0.2596
vn -0.8986 0.3438 0.2726
vn -0.4859 0.8615 0.1474
vn -0.3770 0.9191 0.1143
vn -0.7205 0.6581 0.2186
vn -0.9389 0.1933 0.2848
vn -0.3535 0.9162 0.1889
vn -0.7888 0.4472 0.4216
vn -0.8282 0.3438 0.4427
vn -0.4478 0.8615 0.2394
vn -0.3474 0.9191 0.1857
vn -0.6640 0.6581 0.3549
vn -0.8653 0.1933 0.4625
vn -0.3098 0.9162 0.2543
vn -0.6914 0.4472 0.5674
vn -0.7259 0.3438 0.5957
vn -0.3925 0.8615 0.3221
vn -0.3045 0.9191 0.2499
vn -0.5820 0.6581 0.4777
vn -0.7584 0.1933 0.6224
vn -0.2543 0.9162 0.3098
vn -0.5674 0.4472 0.6914
vn -0.5957 0.3438 0.7259
vn -0.3221 0.8615 0.3925
vn -0.2499 0.9191 0.3045
vn -0.4777 0.6581 0.5820
vn -0.6224 0.1933 0.7584
vn -0.1889 0.9162 0.3535
vn -0.4216 0.4472 0.7888
vn -0.4427 0.3438 0.8282
vn -0.2394 0.8615 0.4478
vn -0.1857 0.9191 0.3474
vn -0.3549 0.6581 0.6640
vn -0.4625 0.1933 0.8653
vn -0.1164 0.9162 0.3836
vn -0.2596 0.4472 0.8559
vn -0.2726 0.3438 0.8986
vn -0.1474 0.8615 0.4859
vn -0.1143 0.9191 0.3770
vn -0.2186 0.6581 0.7205
vn -0.2848 0.1933 0.9389
vn -0.0393 0.9162 0.3989
vn -0.0877 0.4472 0.8901
vn -0.0920 0.3438 0.9345
vn -0.0498 0.8615 0.5053
vn -0.0386 0.9191 0.3920
vn -0.0738 0.6581 0.7493
vn -0.0962 0.1933 0.9764
vn 0.0393 0.9162 0.3989
vn 0.0877 0.4472 0.8901
vn 0.0920 0.3438 0.9345
vn 0.0498 0.8615 0.5053
vn 0.0386 0.9191 0.3920
vn 0.0738 0.6581 0.7493
vn 0.0962 0.1933 0.9764
vn 0.1164 0.9162 0.3836
vn 0.1163 0.9162 0.3836
vn 0.2596 0.4472 0.8559
vn 0.2726 0.3438 0.8986
vn 0.1474 0.8615 0.4859
vn 0.1143 0.9191 0.3770
vn 0.2186 0.6581 0.7205
vn 0.2848 0.1933 0.9389
vn 0.1889 0.9162 0.3535
vn 0.4216 0.4472 0.7888
vn 0.4427 0.3438 0.8282
vn 0.2394 0.8615 0.4478
vn 0.1857 0.9191 0.3474
vn 0.3549 0.6581 0.6640
vn 0.4625 0.1933 0.8653
vn 0.2543 0.9162 0.3098
vn 0.5674 0.4472 0.6914
vn 0.5957 0.3438 0.7259
vn 0.3221 0.8615 0.3925
vn 0.2499 0.9191 0.3045
vn 0.4777 0.6581 0.5820
vn 0.6224 0.1933 0.7584
vn 0.3098 0.9162 0.2543
vn 0.6914 0.4472 0.5674
vn 0.7259 0.3438 0.5957
vn 0.3925 0.8615 0.3221
vn 0.3045 0.9191 0.2499
vn 0.5820 0.6581 0.4777
vn 0.7584 0.1933 0.6224
vn 0.3535 0.9162 0.1889
vn 0.7888 0.4472 0.4216
vn 0.8282 0.3438 0.4427
vn 0.4478 0.8615 0.2394
vn 0.3474 0.9191 0.1857
vn 0.6640 0.6581 0.3549
vn 0.8653 0.1933 0.4625
vn 0.3836 0.9162 0.1164
vn 0.8559 0.4472 0.2596
vn 0.8986 0.3438 0.2726
vn 0.4859 0.8615 0.1474
vn 0.3770 0.9191 0.1143
vn 0.7205 0.6581 0.2186
vn 0.9389 0.1933 0.2848
vn 0.3989 0.9162 0.0393
vn 0.8901 0.4472 0.0877
vn 0.9345 0.3438 0.0920
vn 0.5053 0.8615 0.0498
vn 0.3920 0.9191 0.0386
vn 0.7493 0.6581 0.0738
vn 0.9764 0.1933 0.0962
vn 0.3989 0.9162 -0.0393
vn 0.8901 0.4472 -0.0877
vn 0.9345 0.3438 -0.0920
vn 0.5053 0.8615 -0.0498
vn 0.3920 0.9191 -0.0386
vn 0.7493 0.6581 -0.0738
vn 0.9764 0.1933 -0.0962
vn 0.3836 0.9162 -0.1164
vn 0.8559 0.4472 -0.2596
vn 0.8986 0.3438 -0.2726
vn 0.4859 0.8615 -0.1474
vn 0.3770 0.9191 -0.1143
vn 0.7205 0.6581 -0.2186
vn 0.9389 0.1933 -0.2848
vn 0.3535 0.9162 -0.1889
vn 0.7888 0.4472 -0.4216
vn 0.8282 0.3438 -0.4427
vn 0.4478 0.8615 -0.2394
vn 0.3474 0.9191 -0.1857
vn 0.6640 0.6581 -0.3549
vn 0.8653 0.1933 -0.4625
vn 0.3098 0.9162 -0.2543
vn 0.6914 0.4472 -0.5674
vn 0.7259 0.3438 -0.5957
vn 0.3925 0.8615 -0.3221
vn 0.3045 0.9191 -0.2499
vn 0.5820 0.6581 -0.4777
vn 0.7584 0.1933 -0.6224
vn 0.2543 0.9162 -0.3098
vn 0.5674 0.4472 -0.6914
vn 0.5957 0.3438 -0.7259
vn 0.3221 0.8615 -0.3925
vn 0.2499 0.9191 -0.3045
vn 0.4777 0.6581 -0.5820
vn 0.6224 0.1933 -0.7584
vn 0.1889 0.9162 -0.3535
vn 0.4216 0.4472 -0.7888
vn 0.4427 0.3438 -0.8282
vn 0.2394 0.8615 -0.4478
vn 0.1857 0.9191 -0.3474
vn 0.3549 0.6581 -0.6640
vn 0.4625 0.1933 -0.8653
vn 0.1164 0.9162 -0.3836
vn 0.2596 0.4472 -0.8559
vn 0.2726 0.3438 -0.8986
vn 0.1474 0.8615 -0.4859
vn 0.1143 0.9191 -0.3770
vn 0.2186 0.6581 -0.7205
vn 0.2848 0.1933 -0.9389
vn 0.0393 0.9162 -0.3989
vn 0.0877 0.4472 -0.8901
vn 0.0920 0.3438 -0.9345
vn 0.0498 0.8615 -0.5053
vn 0.0386 0.9191 -0.3920
vn 0.0738 0.6581 -0.7493
vn 0.0962 0.1933 -0.9764
vn -0.1164 -0.9161 -0.3836
vn -0.1143 -0.9191 -0.3769
vn -0.7584 -0.1932 -0.6224
vn -0.7584 -0.1932 0.6224
vn -0.6224 -0.1932 0.7584
vn 0.1164 -0.9161 0.3836
vn 0.7584 -0.1932 0.6224
vn 0.7584 -0.1932 -0.6224
vn 0.6224 -0.1932 -0.7584
vn -0.1163 0.9162 0.3836
vn 0.3836 0.9162 0.1163
vn 0.1163 0.9162 -0.3836
vt 0.319023 0.846184
vt 0.319078 0.845628
vt 0.333280 0.848453
vt 0.277280 0.983795
vt 0.277017 0.984288
vt 0.264976 0.976243
vt 0.304652 0.846184
vt 0.304597 0.845628
vt 0.290395 0.989829
vt 0.290557 0.848988
vt 0.290394 0.848453
vt 0.304598 0.992654
vt 0.290558 0.989294
vt 0.277016 0.853995
vt 0.358346 0.975810
vt 0.358700 0.976242
vt 0.346660 0.984287
vt 0.319079 0.992654
vt 0.304653 0.992098
vt 0.265330 0.862472
vt 0.264976 0.862040
vt 0.381991 0.940421
vt 0.382526 0.940583
vt 0.376984 0.953962
vt 0.333119 0.989294
vt 0.333281 0.989829
vt 0.254736 0.872280
vt 0.385351 0.926381
vt 0.346396 0.983794
vt 0.246691 0.884320
vt 0.255168 0.872634
vt 0.384795 0.911955
vt 0.385351 0.911900
vt 0.241685 0.897861
vt 0.241150 0.897699
vt 0.382526 0.897698
vt 0.376492 0.953699
vt 0.368940 0.966002
vt 0.238325 0.911901
vt 0.376491 0.884583
vt 0.376984 0.884319
vt 0.238881 0.926327
vt 0.238325 0.926382
vt 0.368939 0.872279
vt 0.241150 0.940585
vt 0.358699 0.862039
vt 0.368507 0.872633
vt 0.246692 0.953963
vt 0.241685 0.940422
vt 0.346395 0.854487
vt 0.346659 0.853994
vt 0.255169 0.965649
vt 0.254737 0.966003
vt 0.333118 0.848988
vt 0.349654 0.525248
vt 0.369122 0.525248
vt 0.369122 0.546266
vt 0.205901 0.829141
vt 0.186433 0.829141
vt 0.186433 0.806829
vt 0.349654 0.506333
vt 0.369122 0.506333
vt 0.205901 0.850159
vt 0.186433 0.850159
vt 0.349654 0.490247
vt 0.369122 0.490247
vt 0.205901 0.869074
vt 0.186433 0.869074
vt 0.614121 0.821262
vt 0.633505 0.821262
vt 0.632331 0.840177
vt 0.339160 0.506333
vt 0.319692 0.506333
vt 0.319692 0.490247
vt 0.614929 0.800244
vt 0.634313 0.800244
vt 0.339160 0.525248
vt 0.319692 0.525248
vt 0.615341 0.777932
vt 0.634725 0.777932
vt 0.339160 0.546266
vt 0.319692 0.546266
vt 0.615341 0.755182
vt 0.634725 0.755182
vt 0.339160 0.568579
vt 0.319692 0.568579
vt 0.614929 0.732870
vt 0.634313 0.732870
vt 0.339160 0.591328
vt 0.319692 0.591328
vt 0.614121 0.711852
vt 0.633505 0.711852
vt 0.349654 0.634658
vt 0.369122 0.634658
vt 0.369122 0.653574
vt 0.339160 0.613640
vt 0.319692 0.613640
vt 0.612947 0.692937
vt 0.632331 0.692937
vt 0.349654 0.613640
vt 0.369122 0.613640
vt 0.339160 0.634658
vt 0.319692 0.634658
vt 0.205901 0.740749
vt 0.186433 0.740749
vt 0.186433 0.721834
vt 0.349654 0.591328
vt 0.369122 0.591328
vt 0.339160 0.653574
vt 0.319692 0.653574
vt 0.205901 0.761767
vt 0.186433 0.761767
vt 0.349654 0.568579
vt 0.369122 0.568579
vt 0.339160 0.669660
vt 0.319692 0.669660
vt 0.205901 0.784079
vt 0.186433 0.784079
vt 0.349654 0.546266
vt 0.349654 0.653574
vt 0.369122 0.669660
vt 0.205901 0.806829
vt 0.400757 0.245138
vt 0.400757 0.000771
vt 0.412706 0.001512
vt 0.216515 0.245427
vt 0.216515 0.000000
vt 0.226677 0.000000
vt 0.387480 0.244627
vt 0.387480 0.000260
vt 0.204566 0.000000
vt 0.373385 0.244367
vt 0.373385 -0.000000
vt 0.191289 0.245427
vt 0.191289 0.000000
vt 0.359013 0.244367
vt 0.359013 -0.000000
vt 0.177194 0.245427
vt 0.177194 0.000000
vt 0.344918 0.244627
vt 0.344918 0.000260
vt 0.162822 0.245427
vt 0.162822 0.000000
vt 0.331641 0.245138
vt 0.331641 0.000771
vt 0.091227 0.245427
vt 0.091227 -0.000000
vt 0.103177 0.000000
vt 0.148727 0.245427
vt 0.148727 0.000000
vt 0.319692 0.245879
vt 0.319692 0.001512
vt 0.077950 0.245427
vt 0.077950 -0.000000
vt 0.135450 0.245427
vt 0.135450 0.000000
vt 0.238626 0.490855
vt 0.226677 0.490855
vt 0.226677 0.245428
vt 0.063855 0.245427
vt 0.063855 0.000000
vt 0.123501 0.245427
vt 0.123501 0.000000
vt 0.251904 0.245427
vt 0.251904 0.490855
vt 0.049484 0.245427
vt 0.049484 0.000000
vt 0.113339 0.245427
vt 0.113339 0.000000
vt 0.265999 0.245428
vt 0.265999 0.490855
vt 0.035389 0.245427
vt 0.035389 0.000000
vt 0.113339 0.000000
vt 0.113339 0.245427
vt 0.280370 0.245428
vt 0.280370 0.490855
vt 0.022111 0.245427
vt 0.022111 0.000000
vt 0.294465 0.245428
vt 0.294465 0.490855
vt 0.010162 0.245427
vt 0.010162 0.000000
vt 0.307742 0.245428
vt 0.307742 0.490855
vt 0.000000 0.000000
vt 0.319692 0.245428
vt 0.319692 0.490855
vt 0.552215 0.498266
vt 0.561882 0.466396
vt 0.582900 0.475102
vt 0.536306 0.659793
vt 0.539571 0.692937
vt 0.516821 0.692937
vt 0.567201 0.504473
vt 0.601816 0.487741
vt 0.520085 0.659793
vt 0.494509 0.688499
vt 0.580688 0.513485
vt 0.617902 0.503827
vt 0.504176 0.656629
vt 0.473491 0.679793
vt 0.592158 0.524955
vt 0.630541 0.522742
vt 0.445850 0.585558
vt 0.412706 0.588822
vt 0.412706 0.566073
vt 0.489190 0.650421
vt 0.454576 0.667154
vt 0.601170 0.538442
vt 0.639247 0.543760
vt 0.417144 0.543761
vt 0.449014 0.553428
vt 0.475703 0.641410
vt 0.438489 0.651068
vt 0.607377 0.553428
vt 0.643685 0.566072
vt 0.425850 0.522743
vt 0.464233 0.629940
vt 0.425850 0.632152
vt 0.610542 0.569337
vt 0.643685 0.588822
vt 0.455222 0.538442
vt 0.438489 0.503827
vt 0.455222 0.616453
vt 0.417144 0.611134
vt 0.639247 0.611134
vt 0.607377 0.601467
vt 0.454575 0.487741
vt 0.475703 0.513485
vt 0.449014 0.601467
vt 0.630541 0.632152
vt 0.473491 0.475102
vt 0.489190 0.504473
vt 0.601170 0.616453
vt 0.617902 0.651067
vt 0.494508 0.466396
vt 0.601816 0.667154
vt 0.580688 0.641410
vt 0.504176 0.498266
vt 0.516821 0.461958
vt 0.582901 0.679793
vt 0.520085 0.495101
vt 0.539570 0.461958
vt 0.567201 0.650421
vt 0.561883 0.688498
vt 0.536306 0.495101
vt 0.552215 0.656629
vt 0.344407 0.634658
vt 0.560903 0.223312
vt 0.561883 0.226541
vt 0.539571 0.230979
vt 0.259472 0.614554
vt 0.263250 0.615449
vt 0.263250 0.633814
vt 0.647922 0.298571
vt 0.656232 0.278508
vt 0.659022 0.279999
vt 0.304752 0.608519
vt 0.312434 0.609851
vt 0.312434 0.627392
vt 0.661171 0.498858
vt 0.655554 0.495856
vt 0.666966 0.478776
vt 0.671890 0.482816
vt 0.677824 0.487686
vt 0.672070 0.504684
vt 0.667941 0.502477
vt 0.864170 0.218533
vt 0.872481 0.219309
vt 0.872481 0.233336
vt 0.263442 0.817082
vt 0.261435 0.819528
vt 0.249734 0.807827
vt 0.640537 0.794045
vt 0.643685 0.794045
vt 0.643685 0.807289
vt 0.374646 0.970685
vt 0.363383 0.981948
vt 0.344407 0.613640
vt 0.581310 0.214859
vt 0.582901 0.217835
vt 0.259472 0.594491
vt 0.263250 0.595042
vt 0.646833 0.320179
vt 0.643685 0.319869
vt 0.304752 0.589541
vt 0.312434 0.590362
vt 0.653788 0.516682
vt 0.647693 0.514834
vt 0.661134 0.518911
vt 0.872481 0.203722
vt 0.877813 0.205082
vt 0.877813 0.221516
vt 0.864170 0.203245
vt 0.276685 0.825931
vt 0.275194 0.828721
vt 0.640537 0.779330
vt 0.643685 0.779330
vt 0.383494 0.957442
vt 0.344407 0.591328
vt 0.601816 0.205196
vt 0.259472 0.573192
vt 0.263250 0.573378
vt 0.646833 0.341275
vt 0.643685 0.341585
vt 0.312434 0.569671
vt 0.643685 0.534981
vt 0.657663 0.536357
vt 0.650024 0.535605
vt 0.877812 0.187635
vt 0.872481 0.187176
vt 0.291401 0.832027
vt 0.290482 0.835054
vt 0.643685 0.763708
vt 0.389590 0.942726
vt 0.344407 0.568579
vt 0.615294 0.186969
vt 0.617902 0.189110
vt 0.259472 0.551476
vt 0.263250 0.551290
vt 0.650949 0.361965
vt 0.647922 0.362884
vt 0.312434 0.548576
vt 0.304752 0.569394
vt 0.643685 0.555522
vt 0.650024 0.554898
vt 0.872481 0.170306
vt 0.877812 0.169847
vt 0.864170 0.187015
vt 0.306712 0.838282
vt 0.643685 0.747780
vt 0.640537 0.763708
vt 0.392697 0.927104
vt 0.344407 0.546266
vt 0.627565 0.168603
vt 0.630541 0.170194
vt 0.259472 0.530178
vt 0.263250 0.529627
vt 0.659022 0.381455
vt 0.656232 0.382946
vt 0.304752 0.528706
vt 0.312434 0.527885
vt 0.653788 0.573821
vt 0.647693 0.575669
vt 0.661134 0.571592
vt 0.872481 0.153759
vt 0.877813 0.152400
vt 0.864170 0.154237
vt 0.322950 0.835134
vt 0.323260 0.838282
vt 0.640537 0.732158
vt 0.643685 0.732158
vt 0.392697 0.911177
vt 0.344407 0.525248
vt 0.636018 0.148197
vt 0.639247 0.149176
vt 0.259472 0.510115
vt 0.263250 0.509220
vt 0.670742 0.398996
vt 0.668297 0.401003
vt 0.304752 0.509727
vt 0.312434 0.508395
vt 0.661171 0.591645
vt 0.655554 0.594647
vt 0.872481 0.138173
vt 0.877813 0.135966
vt 0.864170 0.138949
vt 0.338572 0.832026
vt 0.339490 0.835054
vt 0.640537 0.717443
vt 0.643685 0.717443
vt 0.389589 0.895555
vt 0.344407 0.506333
vt 0.640327 0.126533
vt 0.643685 0.126864
vt 0.259472 0.492059
vt 0.263250 0.490855
vt 0.683652 0.416358
vt 0.304752 0.492648
vt 0.312434 0.490855
vt 0.671889 0.607687
vt 0.666966 0.611727
vt 0.677824 0.602817
vt 0.681443 0.599847
vt 0.667941 0.588026
vt 0.864170 0.125190
vt 0.872481 0.124146
vt 0.354778 0.828721
vt 0.640537 0.704199
vt 0.643685 0.704199
vt 0.383494 0.880839
vt 0.344407 0.490247
vt 0.640327 0.104445
vt 0.643685 0.104115
vt 0.402805 0.632032
vt 0.406713 0.633200
vt 0.405406 0.648831
vt 0.703199 0.425633
vt 0.701708 0.428423
vt 0.264466 0.625665
vt 0.272333 0.627386
vt 0.271085 0.642315
vt 0.681491 0.626252
vt 0.685532 0.621329
vt 0.693372 0.611776
vt 0.690402 0.615395
vt 0.873552 0.112207
vt 0.872554 0.124146
vt 0.864170 0.122951
vt 0.366531 0.817082
vt 0.368538 0.819528
vt 0.640537 0.692937
vt 0.643685 0.692937
vt 0.374645 0.867596
vt 0.608896 0.821262
vt 0.612947 0.840177
vt 0.636018 0.082782
vt 0.639247 0.081802
vt 0.403760 0.613966
vt 0.407685 0.614825
vt 0.721771 0.436733
vt 0.265369 0.608576
vt 0.273261 0.609837
vt 0.701573 0.632048
vt 0.698571 0.637665
vt 0.705192 0.625278
vt 0.874294 0.098173
vt 0.880005 0.100327
vt 0.879223 0.115126
vt 0.865877 0.097474
vt 0.377793 0.805819
vt 0.380239 0.807826
vt 0.872951 0.335111
vt 0.876085 0.335111
vt 0.875264 0.348354
vt 0.363382 0.856333
vt 0.609705 0.800244
vt 0.627565 0.062375
vt 0.630541 0.060785
vt 0.404348 0.593897
vt 0.408283 0.594412
vt 0.743380 0.437822
vt 0.743069 0.440970
vt 0.265926 0.589593
vt 0.273832 0.590341
vt 0.719398 0.639431
vt 0.717549 0.645526
vt 0.721626 0.632085
vt 0.874751 0.082581
vt 0.880487 0.083888
vt 0.386642 0.792576
vt 0.389432 0.794067
vt 0.873517 0.320395
vt 0.876651 0.320395
vt 0.350138 0.847485
vt 0.610117 0.777932
vt 0.617902 0.041869
vt 0.404546 0.572596
vt 0.408485 0.572746
vt 0.764475 0.437822
vt 0.764785 0.440970
vt 0.266114 0.569443
vt 0.274025 0.569648
vt 0.737696 0.649533
vt 0.738320 0.643195
vt 0.874905 0.066033
vt 0.880650 0.066439
vt 0.866325 0.082181
vt 0.392738 0.777861
vt 0.395765 0.778779
vt 0.873805 0.304774
vt 0.876940 0.304774
vt 0.335423 0.841389
vt 0.610117 0.755182
vt 0.599675 0.028391
vt 0.601816 0.025783
vt 0.404348 0.550881
vt 0.408283 0.550659
vt 0.785166 0.433706
vt 0.786084 0.436733
vt 0.265926 0.548902
vt 0.273832 0.548553
vt 0.758238 0.649533
vt 0.757614 0.643195
vt 0.739073 0.635555
vt 0.874751 0.049163
vt 0.880487 0.048652
vt 0.866477 0.065949
vt 0.398993 0.762549
vt 0.873805 0.288846
vt 0.876940 0.288846
vt 0.319801 0.838282
vt 0.581310 0.016120
vt 0.582900 0.013144
vt 0.403760 0.529586
vt 0.407685 0.529000
vt 0.804656 0.425633
vt 0.806147 0.428423
vt 0.265369 0.528759
vt 0.273261 0.527867
vt 0.776536 0.639431
vt 0.778385 0.645526
vt 0.774307 0.632085
vt 0.874294 0.032620
vt 0.880005 0.031209
vt 0.865877 0.033175
vt 0.395845 0.746311
vt 0.398993 0.746001
vt 0.873517 0.273224
vt 0.876651 0.273224
vt 0.303873 0.838282
vt 0.608896 0.711852
vt 0.560903 0.007667
vt 0.561882 0.004438
vt 0.406713 0.508601
vt 0.822196 0.413913
vt 0.824203 0.416358
vt 0.264466 0.509789
vt 0.272333 0.508385
vt 0.794361 0.632048
vt 0.797363 0.637665
vt 0.879223 0.014781
vt 0.873552 0.017040
vt 0.395765 0.729771
vt 0.872951 0.258509
vt 0.876085 0.258509
vt 0.288252 0.841390
vt 0.607723 0.692937
vt 0.539570 -0.000000
vt 0.401519 0.491486
vt 0.405406 0.490247
vt 0.837113 0.398996
vt 0.839558 0.401003
vt 0.263250 0.492719
vt 0.271085 0.490855
vt 0.810402 0.621329
vt 0.814443 0.626253
vt 0.805532 0.615395
vt 0.878170 0.000000
vt 0.864170 0.004142
vt 0.872554 0.003022
vt 0.389432 0.714483
vt 0.392738 0.730689
vt 0.872129 0.245265
vt 0.875264 0.245265
vt 0.273536 0.847485
vt 0.211148 0.740749
vt 0.205901 0.721834
vt 0.517152 0.003358
vt 0.516821 -0.000000
vt 0.412706 0.683703
vt 0.408928 0.682809
vt 0.408928 0.664443
vt 0.851623 0.382947
vt 0.289389 0.509727
vt 0.281707 0.508395
vt 0.281707 0.490855
vt 0.824044 0.607687
vt 0.828968 0.611727
vt 0.818110 0.602817
vt 0.814491 0.599847
vt 0.871222 0.454997
vt 0.871222 0.440970
vt 0.879533 0.442013
vt 0.377793 0.702730
vt 0.380239 0.700723
vt 0.214296 0.735077
vt 0.211148 0.735077
vt 0.211148 0.721834
vt 0.260293 0.856334
vt 0.211148 0.761767
vt 0.495488 0.007667
vt 0.494509 0.004438
vt 0.412706 0.703766
vt 0.408928 0.703215
vt 0.859933 0.362884
vt 0.848833 0.381456
vt 0.281707 0.527885
vt 0.834763 0.591645
vt 0.840380 0.594648
vt 0.827993 0.588026
vt 0.865891 0.469224
vt 0.865891 0.452790
vt 0.879533 0.471061
vt 0.871222 0.470583
vt 0.366531 0.691468
vt 0.368537 0.689022
vt 0.211148 0.749793
vt 0.249030 0.867597
vt 0.211148 0.784079
vt 0.475081 0.016120
vt 0.473491 0.013144
vt 0.412706 0.725065
vt 0.408928 0.724879
vt 0.861022 0.341275
vt 0.864170 0.341586
vt 0.289389 0.548853
vt 0.281707 0.548576
vt 0.842146 0.573821
vt 0.848241 0.575670
vt 0.871222 0.487130
vt 0.865891 0.486671
vt 0.879533 0.487291
vt 0.353287 0.682619
vt 0.354778 0.679829
vt 0.211148 0.765414
vt 0.214296 0.749793
vt 0.240181 0.880840
vt 0.211148 0.806829
vt 0.454575 0.025783
vt 0.412706 0.746781
vt 0.408928 0.746967
vt 0.861022 0.320180
vt 0.864170 0.319870
vt 0.289389 0.569394
vt 0.281707 0.569671
vt 0.845910 0.554898
vt 0.852249 0.555523
vt 0.838271 0.554146
vt 0.871222 0.504000
vt 0.865891 0.504459
vt 0.879533 0.503839
vt 0.339490 0.673496
vt 0.214297 0.781342
vt 0.211148 0.781342
vt 0.234086 0.895556
vt 0.438489 0.041869
vt 0.456716 0.028391
vt 0.412706 0.768079
vt 0.408928 0.768630
vt 0.859934 0.298571
vt 0.289389 0.589541
vt 0.281707 0.590362
vt 0.852249 0.534981
vt 0.845910 0.535605
vt 0.871222 0.520546
vt 0.865891 0.521905
vt 0.323260 0.670268
vt 0.338572 0.676523
vt 0.214297 0.796964
vt 0.211148 0.796964
vt 0.230979 0.911178
vt 0.211148 0.829141
vt 0.428826 0.062375
vt 0.425850 0.060785
vt 0.412706 0.788142
vt 0.408928 0.789037
vt 0.848834 0.279999
vt 0.851623 0.278508
vt 0.289389 0.608519
vt 0.281707 0.609852
vt 0.842147 0.516683
vt 0.848241 0.514834
vt 0.834800 0.518911
vt 0.871222 0.536133
vt 0.865891 0.538340
vt 0.879533 0.535357
vt 0.307022 0.673416
vt 0.306712 0.670268
vt 0.214297 0.811679
vt 0.211148 0.811679
vt 0.230979 0.927105
vt 0.211148 0.869074
vt 0.420373 0.082782
vt 0.417144 0.081803
vt 0.412706 0.806198
vt 0.408928 0.807402
vt 0.837113 0.262459
vt 0.839559 0.260452
vt 0.289389 0.625599
vt 0.281707 0.627392
vt 0.834763 0.498858
vt 0.840380 0.495856
vt 0.827993 0.502477
vt 0.830320 0.520270
vt 0.871222 0.550160
vt 0.291400 0.676523
vt 0.290482 0.673496
vt 0.214297 0.824923
vt 0.211148 0.824923
vt 0.234086 0.942727
vt 0.344407 0.506333
vt 0.339160 0.490247
vt 0.412706 0.104115
vt 0.308530 0.656460
vt 0.304752 0.657927
vt 0.304752 0.642309
vt 0.822196 0.247542
vt 0.824203 0.245097
vt 0.289389 0.640124
vt 0.281707 0.642309
vt 0.828968 0.478776
vt 0.818110 0.487686
vt 0.824045 0.482816
vt 0.814491 0.490657
vt 0.865891 0.586991
vt 0.857580 0.585948
vt 0.857580 0.574018
vt 0.275194 0.679829
vt 0.214297 0.836186
vt 0.211148 0.836186
vt 0.240182 0.957443
vt 0.344407 0.525248
vt 0.416064 0.126534
vt 0.412706 0.126864
vt 0.259472 0.510115
vt 0.255694 0.509220
vt 0.255694 0.490855
vt 0.806147 0.233032
vt 0.297070 0.509727
vt 0.289389 0.508395
vt 0.289389 0.490855
vt 0.810402 0.469174
vt 0.814443 0.464251
vt 0.802562 0.478727
vt 0.805532 0.475108
vt 0.865891 0.600750
vt 0.857580 0.599975
vt 0.263441 0.691468
vt 0.261435 0.689022
vt 0.867318 0.258509
vt 0.864170 0.258509
vt 0.864170 0.245265
vt 0.249031 0.970686
vt 0.344407 0.546266
vt 0.420373 0.148197
vt 0.417145 0.149177
vt 0.259472 0.530178
vt 0.255694 0.529627
vt 0.786084 0.224722
vt 0.804656 0.235822
vt 0.289389 0.527885
vt 0.794361 0.458455
vt 0.797363 0.452838
vt 0.852249 0.614202
vt 0.852249 0.597768
vt 0.865891 0.616039
vt 0.857580 0.615561
vt 0.249733 0.700724
vt 0.867318 0.273224
vt 0.864170 0.273224
vt 0.260294 0.981949
vt 0.344407 0.568579
vt 0.428826 0.168604
vt 0.425850 0.170194
vt 0.259472 0.551477
vt 0.255694 0.551290
vt 0.764476 0.223633
vt 0.764786 0.220485
vt 0.297070 0.548853
vt 0.289389 0.548576
vt 0.776536 0.451072
vt 0.778385 0.444977
vt 0.774308 0.458418
vt 0.857580 0.632107
vt 0.852249 0.631648
vt 0.865891 0.632269
vt 0.240540 0.714483
vt 0.252179 0.702731
vt 0.867318 0.288846
vt 0.864170 0.288846
vt 0.273537 0.990798
vt 0.344407 0.591328
vt 0.438489 0.189110
vt 0.259472 0.573192
vt 0.255694 0.573378
vt 0.743070 0.220485
vt 0.297070 0.569394
vt 0.289389 0.569671
vt 0.757614 0.447308
vt 0.758238 0.440970
vt 0.756861 0.454948
vt 0.852249 0.649437
vt 0.857580 0.648978
vt 0.237234 0.730689
vt 0.234207 0.729771
vt 0.864170 0.304774
vt 0.288253 0.996893
vt 0.454576 0.205196
vt 0.441098 0.186969
vt 0.259472 0.594491
vt 0.255694 0.595042
vt 0.721771 0.224721
vt 0.743380 0.223633
vt 0.289389 0.590362
vt 0.737696 0.440970
vt 0.738321 0.447308
vt 0.852249 0.666883
vt 0.857580 0.665524
vt 0.865891 0.648816
vt 0.230979 0.746001
vt 0.864170 0.320395
vt 0.867318 0.304774
vt 0.303875 1.000000
vt 0.344407 0.634658
vt 0.475082 0.214859
vt 0.473491 0.217835
vt 0.259472 0.614554
vt 0.255694 0.615449
vt 0.703200 0.235822
vt 0.701709 0.233032
vt 0.297070 0.608519
vt 0.289389 0.609852
vt 0.719398 0.451072
vt 0.717549 0.444977
vt 0.721627 0.458418
vt 0.857580 0.681110
vt 0.852249 0.683317
vt 0.865891 0.680335
vt 0.234127 0.762239
vt 0.230979 0.762549
vt 0.867318 0.335111
vt 0.864170 0.335111
vt 0.319802 1.000000
vt 0.344407 0.653574
vt 0.495488 0.223312
vt 0.494509 0.226541
vt 0.255694 0.633814
vt 0.685659 0.247542
vt 0.683652 0.245096
vt 0.297070 0.625599
vt 0.289389 0.627392
vt 0.698571 0.452838
vt 0.701574 0.458455
vt 0.705192 0.465225
vt 0.722986 0.462899
vt 0.865891 0.694094
vt 0.857580 0.695138
vt 0.234207 0.778779
vt 0.867318 0.348354
vt 0.864170 0.348354
vt 0.335424 0.996892
vt 0.344407 0.669660
vt 0.516821 0.230979
vt 0.259472 0.647965
vt 0.255694 0.649433
vt 0.670742 0.262458
vt 0.668297 0.260452
vt 0.297070 0.640124
vt 0.289389 0.642309
vt 0.685532 0.469174
vt 0.681491 0.464251
vt 0.690402 0.475108
vt 0.693372 0.478727
vt 0.865891 0.705795
vt 0.857580 0.707067
vt 0.240540 0.794067
vt 0.237235 0.777861
vt 0.864170 0.359617
vt 0.350139 0.990797
vt 0.344407 0.653574
vt 0.349654 0.669660
vt 0.539240 0.227621
vt 0.259472 0.632610
vt 0.263250 0.649433
vt 0.304752 0.625599
vt 0.312434 0.642309
vt 0.681443 0.490656
vt 0.864170 0.232292
vt 0.872481 0.245265
vt 0.243330 0.792576
vt 0.640537 0.807289
vt 0.643685 0.818551
vt 0.368507 0.965648
vt 0.151547 0.781250
vt 0.154372 0.795453
vt 0.153816 0.795508
vt 0.023757 0.849554
vt 0.015712 0.837514
vt 0.016205 0.837250
vt 0.154372 0.809934
vt 0.153816 0.809879
vt 0.010171 0.824135
vt 0.010706 0.823973
vt 0.151547 0.824136
vt 0.151012 0.823974
vt 0.007346 0.809933
vt 0.007902 0.809878
vt 0.146005 0.837515
vt 0.145512 0.837251
vt 0.015713 0.767871
vt 0.023758 0.755830
vt 0.024190 0.756185
vt 0.007346 0.795452
vt 0.007902 0.795507
vt 0.137960 0.849555
vt 0.137528 0.849200
vt 0.046038 0.737546
vt 0.059417 0.732005
vt 0.059579 0.732539
vt 0.010171 0.781249
vt 0.010706 0.781411
vt 0.127720 0.859794
vt 0.127366 0.859362
vt 0.073619 0.729180
vt 0.073674 0.729736
vt 0.016206 0.768134
vt 0.115680 0.867839
vt 0.115417 0.867346
vt 0.088100 0.729180
vt 0.088045 0.729736
vt 0.102301 0.873381
vt 0.102139 0.872846
vt 0.102302 0.732005
vt 0.102140 0.732540
vt 0.046301 0.738039
vt 0.034352 0.746023
vt 0.088099 0.876206
vt 0.088044 0.875650
vt 0.115681 0.737546
vt 0.115417 0.738039
vt 0.073618 0.876206
vt 0.073673 0.875650
vt 0.127721 0.745592
vt 0.127367 0.746024
vt 0.059416 0.873380
vt 0.059578 0.872846
vt 0.137961 0.755831
vt 0.137529 0.756186
vt 0.046037 0.867839
vt 0.046301 0.867346
vt 0.146006 0.767872
vt 0.145513 0.768135
vt 0.033997 0.859794
vt 0.034351 0.859362
vt 0.151012 0.781412
vt 0.024189 0.849200
vt 0.369122 0.546266
vt 0.388590 0.525248
vt 0.186433 0.806829
vt 0.186433 0.829141
vt 0.166965 0.829141
vt 0.388591 0.506333
vt 0.186433 0.850159
vt 0.166965 0.850159
vt 0.369122 0.490247
vt 0.388591 0.490247
vt 0.186433 0.869074
vt 0.166965 0.869074
vt 0.580720 0.840177
vt 0.581894 0.821262
vt 0.601278 0.821262
vt 0.255694 0.506941
vt 0.236226 0.506941
vt 0.582702 0.800244
vt 0.602086 0.800244
vt 0.255694 0.525857
vt 0.236226 0.525857
vt 0.583114 0.777932
vt 0.602498 0.777932
vt 0.255694 0.546874
vt 0.236226 0.546874
vt 0.583114 0.755182
vt 0.602498 0.755182
vt 0.255694 0.569187
vt 0.236226 0.569187
vt 0.582702 0.732870
vt 0.602086 0.732870
vt 0.255694 0.591936
vt 0.236226 0.591936
vt 0.581894 0.711852
vt 0.601278 0.711852
vt 0.388590 0.634658
vt 0.255694 0.614248
vt 0.236226 0.614248
vt 0.580720 0.692937
vt 0.600105 0.692937
vt 0.369122 0.613640
vt 0.388590 0.613640
vt 0.255694 0.635266
vt 0.236226 0.635266
vt 0.186433 0.721834
vt 0.186433 0.740749
vt 0.166965 0.740749
vt 0.369122 0.591328
vt 0.388590 0.591328
vt 0.255694 0.654182
vt 0.236226 0.654182
vt 0.186433 0.761767
vt 0.166965 0.761767
vt 0.369122 0.568579
vt 0.388590 0.568579
vt 0.255694 0.670268
vt 0.236226 0.670268
vt 0.186433 0.784079
vt 0.166965 0.784079
vt 0.388590 0.546266
vt 0.388590 0.653574
vt 0.166965 0.806829
vt 0.400757 0.489505
vt 0.412706 0.245880
vt 0.226677 0.490855
vt 0.216515 0.490855
vt 0.387480 0.488995
vt 0.204566 0.490855
vt 0.204566 0.245428
vt 0.373385 0.488734
vt 0.191289 0.490855
vt 0.359013 0.488734
vt 0.177193 0.490855
vt 0.344918 0.488995
vt 0.162822 0.490855
vt 0.331641 0.489505
vt 0.091227 0.490855
vt 0.103177 0.245428
vt 0.148727 0.490855
vt 0.077950 0.490855
vt 0.135450 0.490855
vt 0.226677 -0.000000
vt 0.238626 -0.000000
vt 0.238626 0.245427
vt 0.063855 0.490855
vt 0.123501 0.490855
vt 0.251904 -0.000000
vt 0.049484 0.490855
vt 0.113339 0.490855
vt 0.265999 -0.000000
vt 0.035389 0.490855
vt 0.113339 0.490855
vt 0.103177 0.490855
vt 0.280370 -0.000000
vt 0.022111 0.490855
vt 0.294465 -0.000000
vt 0.010162 0.490855
vt 0.307742 -0.000000
vt 0.000000 0.490855
vt 0.000000 0.245428
vt 0.319692 -0.000000
vt 0.205196 0.532724
vt 0.217835 0.551639
vt 0.188463 0.567339
vt 0.004438 0.640032
vt 0.000000 0.617719
vt 0.033144 0.614455
vt 0.189110 0.516638
vt 0.179452 0.553852
vt 0.013144 0.661049
vt 0.036308 0.630364
vt 0.170194 0.503999
vt 0.167982 0.542382
vt 0.025783 0.679965
vt 0.042516 0.645350
vt 0.149176 0.495293
vt 0.154495 0.533370
vt 0.149177 0.717395
vt 0.126864 0.721834
vt 0.123600 0.688690
vt 0.041869 0.696051
vt 0.051527 0.658837
vt 0.126864 0.490855
vt 0.139509 0.527163
vt 0.139509 0.685526
vt 0.154495 0.679318
vt 0.060785 0.708690
vt 0.062997 0.670307
vt 0.104115 0.490855
vt 0.123600 0.523998
vt 0.189110 0.696051
vt 0.170194 0.708690
vt 0.081803 0.717396
vt 0.076484 0.679318
vt 0.081802 0.495293
vt 0.107379 0.523998
vt 0.205196 0.679964
vt 0.167982 0.670307
vt 0.104115 0.721834
vt 0.091470 0.685526
vt 0.091470 0.527163
vt 0.076484 0.533370
vt 0.179452 0.658837
vt 0.188464 0.645350
vt 0.107379 0.688690
vt 0.041869 0.516638
vt 0.060785 0.503999
vt 0.226541 0.640031
vt 0.217835 0.661049
vt 0.025783 0.532724
vt 0.062997 0.542382
vt 0.230979 0.617719
vt 0.194671 0.630364
vt 0.051527 0.553852
vt 0.042515 0.567339
vt 0.230979 0.594969
vt 0.197835 0.614455
vt 0.004438 0.572658
vt 0.013144 0.551640
vt 0.226541 0.572657
vt 0.197835 0.598234
vt 0.000000 0.594970
vt 0.036308 0.582325
vt 0.194671 0.582325
vt 0.033144 0.598234
vt 0.393838 0.634658
vt 0.539571 0.461958
vt 0.516821 0.461958
vt 0.517152 0.458600
vt 0.408928 0.648824
vt 0.408928 0.630459
vt 0.412706 0.629564
vt 0.721771 0.004237
vt 0.743070 0.000000
vt 0.743380 0.003148
vt 0.393837 0.624160
vt 0.401519 0.622828
vt 0.401519 0.639908
vt 0.666966 0.820291
vt 0.671889 0.816250
vt 0.685532 0.829892
vt 0.677823 0.811380
vt 0.690402 0.823958
vt 0.681443 0.808410
vt 0.857580 0.828186
vt 0.857580 0.814159
vt 0.865891 0.813383
vt 0.550265 0.842197
vt 0.536506 0.851390
vt 0.535014 0.848600
vt 0.312765 0.605207
vt 0.312765 0.591963
vt 0.315914 0.591963
vt 0.029315 0.739885
vt 0.033998 0.745591
vt 0.393837 0.613640
vt 0.494509 0.457520
vt 0.495488 0.454291
vt 0.408928 0.610052
vt 0.412706 0.609501
vt 0.764786 0.000000
vt 0.764476 0.003148
vt 0.393837 0.604671
vt 0.401519 0.603850
vt 0.655554 0.803211
vt 0.661171 0.800208
vt 0.667941 0.796590
vt 0.852249 0.816366
vt 0.852249 0.799932
vt 0.857580 0.798573
vt 0.865891 0.798095
vt 0.521217 0.857723
vt 0.520299 0.854695
vt 0.312765 0.577248
vt 0.315914 0.577248
vt 0.042558 0.731036
vt 0.393837 0.591328
vt 0.473491 0.448814
vt 0.475082 0.445838
vt 0.408928 0.588389
vt 0.412706 0.588203
vt 0.786085 0.004237
vt 0.785166 0.007264
vt 0.393837 0.583980
vt 0.401519 0.583703
vt 0.647693 0.784233
vt 0.653787 0.782384
vt 0.661134 0.780155
vt 0.852249 0.782485
vt 0.857580 0.782026
vt 0.865891 0.781865
vt 0.504987 0.860951
vt 0.504677 0.857803
vt 0.312765 0.561626
vt 0.315914 0.561626
vt 0.057274 0.724941
vt 0.393837 0.568579
vt 0.454576 0.436175
vt 0.456716 0.433567
vt 0.408928 0.566301
vt 0.412706 0.566487
vt 0.806147 0.012547
vt 0.804656 0.015337
vt 0.393837 0.562884
vt 0.401519 0.563161
vt 0.643685 0.764086
vt 0.650024 0.763461
vt 0.657663 0.762709
vt 0.852249 0.764697
vt 0.857580 0.765156
vt 0.865891 0.765317
vt 0.488439 0.860951
vt 0.488750 0.857803
vt 0.312765 0.545698
vt 0.315914 0.545698
vt 0.072896 0.721834
vt 0.393838 0.546266
vt 0.438489 0.420089
vt 0.441098 0.417948
vt 0.408928 0.544637
vt 0.412706 0.545188
vt 0.824203 0.024612
vt 0.822196 0.027057
vt 0.393837 0.542194
vt 0.401519 0.543015
vt 0.643685 0.743544
vt 0.650024 0.744168
vt 0.657663 0.744921
vt 0.852249 0.747250
vt 0.857580 0.748610
vt 0.865891 0.749087
vt 0.472209 0.857723
vt 0.473128 0.854696
vt 0.312765 0.530076
vt 0.315914 0.530076
vt 0.088823 0.721834
vt 0.393838 0.525248
vt 0.425850 0.401173
vt 0.428826 0.399583
vt 0.408928 0.524231
vt 0.412706 0.525125
vt 0.839559 0.039967
vt 0.837113 0.041974
vt 0.393837 0.522704
vt 0.401519 0.524036
vt 0.647693 0.723397
vt 0.653788 0.725246
vt 0.661134 0.727474
vt 0.852249 0.730816
vt 0.857580 0.733023
vt 0.865891 0.733799
vt 0.456921 0.851390
vt 0.458412 0.848600
vt 0.312765 0.515361
vt 0.315914 0.515361
vt 0.104445 0.724941
vt 0.393838 0.506333
vt 0.417144 0.380156
vt 0.420373 0.379176
vt 0.408928 0.505865
vt 0.412706 0.507069
vt 0.851623 0.058023
vt 0.848833 0.059515
vt 0.393838 0.505164
vt 0.401519 0.506957
vt 0.655554 0.704419
vt 0.661171 0.707421
vt 0.667941 0.711040
vt 0.672070 0.713247
vt 0.857580 0.718996
vt 0.865891 0.720040
vt 0.443162 0.842197
vt 0.445169 0.839751
vt 0.312765 0.502118
vt 0.315914 0.502118
vt 0.119161 0.731037
vt 0.393838 0.490247
vt 0.412706 0.357843
vt 0.416064 0.357513
vt 0.408928 0.490247
vt 0.412706 0.491714
vt 0.859934 0.078086
vt 0.856906 0.079004
vt 0.393838 0.490247
vt 0.401519 0.492431
vt 0.666966 0.687339
vt 0.671890 0.691380
vt 0.677824 0.696250
vt 0.681443 0.699220
vt 0.857580 0.707067
vt 0.865891 0.708338
vt 0.431461 0.830495
vt 0.433906 0.828489
vt 0.312765 0.490855
vt 0.315914 0.490855
vt 0.132404 0.739886
vt 0.600105 0.840177
vt 0.606502 0.821262
vt 0.412706 0.335094
vt 0.416064 0.335425
vt 0.401519 0.791790
vt 0.402659 0.773425
vt 0.406265 0.772530
vt 0.864170 0.099385
vt 0.861022 0.099695
vt 0.221372 0.858371
vt 0.222460 0.840830
vt 0.229877 0.839498
vt 0.681491 0.672814
vt 0.685532 0.677737
vt 0.690402 0.683672
vt 0.693372 0.687291
vt 0.869313 0.707067
vt 0.870184 0.693040
vt 0.878324 0.692264
vt 0.422267 0.816736
vt 0.425057 0.815245
vt 0.867318 0.348354
vt 0.868140 0.335111
vt 0.871275 0.335111
vt 0.143667 0.751149
vt 0.607311 0.800244
vt 0.417144 0.312782
vt 0.420373 0.313761
vt 0.403443 0.753018
vt 0.407036 0.752467
vt 0.864170 0.121101
vt 0.861022 0.120791
vt 0.223209 0.821341
vt 0.230607 0.820520
vt 0.698571 0.661402
vt 0.701574 0.667019
vt 0.705192 0.673789
vt 0.707399 0.677918
vt 0.870783 0.677453
vt 0.878912 0.676976
vt 0.415935 0.801448
vt 0.418962 0.800530
vt 0.868706 0.320395
vt 0.871840 0.320395
vt 0.152515 0.764392
vt 0.607723 0.777932
vt 0.425850 0.291764
vt 0.428826 0.293354
vt 0.403844 0.731355
vt 0.407430 0.731169
vt 0.859933 0.142399
vt 0.856906 0.141481
vt 0.223592 0.800650
vt 0.230979 0.800373
vt 0.717549 0.653541
vt 0.719398 0.659636
vt 0.721627 0.666982
vt 0.865891 0.678812
vt 0.866213 0.661366
vt 0.871089 0.660907
vt 0.879212 0.660746
vt 0.412706 0.785218
vt 0.415854 0.784908
vt 0.868994 0.304774
vt 0.872129 0.304774
vt 0.158611 0.779108
vt 0.607723 0.755182
vt 0.438489 0.272848
vt 0.441097 0.274989
vt 0.403844 0.709267
vt 0.407430 0.709453
vt 0.851623 0.162462
vt 0.848833 0.160971
vt 0.223592 0.779554
vt 0.230979 0.779831
vt 0.737696 0.649533
vt 0.738321 0.655872
vt 0.739073 0.663511
vt 0.866213 0.643578
vt 0.871089 0.644037
vt 0.879212 0.644198
vt 0.412706 0.768670
vt 0.415855 0.768980
vt 0.868994 0.288846
vt 0.872129 0.288846
vt 0.161718 0.794729
vt 0.607311 0.732870
vt 0.454575 0.256762
vt 0.456716 0.259370
vt 0.403443 0.687603
vt 0.407036 0.688154
vt 0.839558 0.180518
vt 0.837113 0.178511
vt 0.223209 0.758864
vt 0.230607 0.759684
vt 0.758238 0.649533
vt 0.757614 0.655872
vt 0.756861 0.663511
vt 0.865891 0.626131
vt 0.870783 0.627490
vt 0.878912 0.627968
vt 0.415935 0.752440
vt 0.418962 0.753358
vt 0.868706 0.273224
vt 0.871840 0.273224
vt 0.161718 0.810657
vt 0.606502 0.711852
vt 0.473491 0.244123
vt 0.475081 0.247099
vt 0.402659 0.667197
vt 0.406265 0.668091
vt 0.824203 0.195874
vt 0.822196 0.193428
vt 0.222460 0.739374
vt 0.229877 0.740706
vt 0.778385 0.653541
vt 0.776536 0.659636
vt 0.774308 0.666982
vt 0.772949 0.671462
vt 0.756402 0.668171
vt 0.870184 0.611904
vt 0.878324 0.612679
vt 0.422267 0.737152
vt 0.425057 0.738643
vt 0.868140 0.258509
vt 0.871275 0.258509
vt 0.158610 0.826279
vt 0.605329 0.692937
vt 0.494509 0.235417
vt 0.495488 0.238646
vt 0.401519 0.648831
vt 0.405145 0.650035
vt 0.806147 0.207938
vt 0.804656 0.205148
vt 0.221372 0.721834
vt 0.228817 0.723627
vt 0.797363 0.661402
vt 0.794361 0.667019
vt 0.790742 0.673789
vt 0.788535 0.677918
vt 0.869313 0.597877
vt 0.877471 0.598920
vt 0.431461 0.723393
vt 0.433906 0.725400
vt 0.867318 0.245265
vt 0.870453 0.245265
vt 0.152515 0.840994
vt 0.166965 0.721834
vt 0.161718 0.740749
vt 0.516821 0.230979
vt 0.517152 0.234337
vt 0.638503 0.692937
vt 0.638503 0.711302
vt 0.634725 0.712197
vt 0.786084 0.216248
vt 0.785166 0.213221
vt 0.274025 0.509727
vt 0.814443 0.672814
vt 0.810402 0.677738
vt 0.805532 0.683672
vt 0.802562 0.687291
vt 0.874202 0.721094
vt 0.865891 0.721869
vt 0.865891 0.708110
vt 0.443162 0.711691
vt 0.445169 0.714137
vt 0.217445 0.721834
vt 0.217445 0.735077
vt 0.214297 0.735077
vt 0.143666 0.854238
vt 0.161718 0.761767
vt 0.539570 0.230979
vt 0.539240 0.234337
vt 0.638503 0.731709
vt 0.634725 0.732260
vt 0.764785 0.220485
vt 0.764475 0.217337
vt 0.281707 0.527885
vt 0.274025 0.528706
vt 0.828968 0.687339
vt 0.824045 0.691380
vt 0.818110 0.696250
vt 0.879533 0.735321
vt 0.874202 0.736680
vt 0.865891 0.737158
vt 0.456921 0.702498
vt 0.458412 0.705288
vt 0.217445 0.749793
vt 0.214297 0.749793
vt 0.132403 0.865500
vt 0.161718 0.784079
vt 0.561882 0.235417
vt 0.560903 0.238646
vt 0.638503 0.753372
vt 0.634725 0.753558
vt 0.743070 0.220485
vt 0.743380 0.217337
vt 0.274025 0.548853
vt 0.840380 0.704419
vt 0.834763 0.707422
vt 0.827993 0.711040
vt 0.879533 0.752768
vt 0.874202 0.753227
vt 0.865891 0.753388
vt 0.472209 0.696165
vt 0.473128 0.699193
vt 0.217445 0.765414
vt 0.214297 0.765414
vt 0.119160 0.874349
vt 0.161718 0.806829
vt 0.582900 0.244123
vt 0.581310 0.247099
vt 0.638503 0.775460
vt 0.634725 0.775274
vt 0.721771 0.216248
vt 0.722689 0.213221
vt 0.281707 0.569671
vt 0.274025 0.569394
vt 0.848241 0.723397
vt 0.842146 0.725246
vt 0.834800 0.727475
vt 0.879533 0.770556
vt 0.874202 0.770097
vt 0.865891 0.769936
vt 0.488439 0.692937
vt 0.488749 0.696085
vt 0.217445 0.781342
vt 0.104444 0.880444
vt 0.161718 0.829141
vt 0.601816 0.256762
vt 0.599675 0.259370
vt 0.638503 0.797124
vt 0.634725 0.796573
vt 0.701708 0.207938
vt 0.703199 0.205148
vt 0.281707 0.590362
vt 0.274025 0.589541
vt 0.852249 0.743544
vt 0.845910 0.744169
vt 0.838270 0.744921
vt 0.879533 0.788002
vt 0.874202 0.786643
vt 0.865891 0.786166
vt 0.504987 0.692937
vt 0.504677 0.696085
vt 0.217445 0.796964
vt 0.088822 0.883552
vt 0.161718 0.850159
vt 0.617902 0.272848
vt 0.615294 0.274989
vt 0.638503 0.817531
vt 0.634725 0.816636
vt 0.683652 0.195873
vt 0.685659 0.193428
vt 0.274025 0.608519
vt 0.852249 0.764086
vt 0.845910 0.763462
vt 0.838270 0.762709
vt 0.879533 0.804437
vt 0.874202 0.802230
vt 0.865891 0.801454
vt 0.521217 0.696165
vt 0.520299 0.699192
vt 0.217445 0.811679
vt 0.214297 0.811679
vt 0.072895 0.883552
vt 0.161718 0.869074
vt 0.630541 0.291764
vt 0.627565 0.293354
vt 0.638503 0.835896
vt 0.634725 0.834692
vt 0.668297 0.180518
vt 0.670742 0.178511
vt 0.281707 0.627392
vt 0.274025 0.625599
vt 0.848241 0.784233
vt 0.842146 0.782384
vt 0.834800 0.780156
vt 0.830320 0.778797
vt 0.833611 0.762250
vt 0.874202 0.816257
vt 0.865891 0.815213
vt 0.536506 0.702498
vt 0.535014 0.705288
vt 0.217445 0.824923
vt 0.057273 0.880444
vt 0.236226 0.490855
vt 0.230979 0.506941
vt 0.639247 0.312781
vt 0.636018 0.313761
vt 0.293167 0.642309
vt 0.293167 0.657927
vt 0.289389 0.656460
vt 0.656232 0.162462
vt 0.659022 0.160970
vt 0.281707 0.642309
vt 0.274025 0.640124
vt 0.840380 0.803211
vt 0.834763 0.800209
vt 0.827993 0.796590
vt 0.823864 0.794383
vt 0.860560 0.440970
vt 0.860560 0.452899
vt 0.852249 0.453943
vt 0.550265 0.711691
vt 0.548258 0.714137
vt 0.217445 0.836186
vt 0.042557 0.874349
vt 0.230979 0.525856
vt 0.643685 0.335094
vt 0.640327 0.335424
vt 0.319692 0.509220
vt 0.315914 0.510115
vt 0.647922 0.142399
vt 0.650949 0.141481
vt 0.304752 0.490855
vt 0.304752 0.508395
vt 0.828968 0.820291
vt 0.824044 0.816250
vt 0.818110 0.811380
vt 0.814491 0.808410
vt 0.860560 0.466926
vt 0.852249 0.467702
vt 0.561966 0.723392
vt 0.559521 0.725399
vt 0.220593 0.721834
vt 0.220593 0.735077
vt 0.217445 0.735077
vt 0.029314 0.865500
vt 0.230979 0.546874
vt 0.643685 0.357843
vt 0.640327 0.357512
vt 0.319692 0.529627
vt 0.315914 0.530178
vt 0.643685 0.121100
vt 0.646833 0.120790
vt 0.304752 0.527885
vt 0.297070 0.528706
vt 0.814443 0.834816
vt 0.810402 0.829893
vt 0.805532 0.823959
vt 0.865891 0.481153
vt 0.860560 0.482513
vt 0.852249 0.482990
vt 0.571159 0.737152
vt 0.568370 0.738643
vt 0.220593 0.749793
vt 0.018051 0.854237
vt 0.230979 0.569187
vt 0.639247 0.380155
vt 0.636018 0.379176
vt 0.319692 0.551290
vt 0.315914 0.551477
vt 0.643685 0.099384
vt 0.646834 0.099694
vt 0.304752 0.548576
vt 0.297070 0.548853
vt 0.797363 0.846228
vt 0.794360 0.840611
vt 0.790742 0.833841
vt 0.865891 0.498600
vt 0.860560 0.499059
vt 0.852249 0.499220
vt 0.577492 0.752440
vt 0.574465 0.753358
vt 0.220593 0.765414
vt 0.217445 0.765414
vt 0.009202 0.840993
vt 0.230979 0.591936
vt 0.630541 0.401173
vt 0.627565 0.399582
vt 0.319692 0.573378
vt 0.315914 0.573192
vt 0.647922 0.078086
vt 0.650949 0.079004
vt 0.304752 0.569671
vt 0.778385 0.854089
vt 0.776536 0.847995
vt 0.774307 0.840648
vt 0.865891 0.516388
vt 0.860560 0.515929
vt 0.852249 0.515768
vt 0.580720 0.768670
vt 0.577572 0.768980
vt 0.220593 0.781342
vt 0.217445 0.781342
vt 0.003107 0.826278
vt 0.230979 0.614248
vt 0.617902 0.420089
vt 0.615294 0.417948
vt 0.319692 0.595042
vt 0.315914 0.594491
vt 0.656232 0.058023
vt 0.659022 0.059514
vt 0.304752 0.590362
vt 0.297070 0.589541
vt 0.758238 0.858097
vt 0.757613 0.851758
vt 0.756861 0.844119
vt 0.865891 0.533835
vt 0.860560 0.532476
vt 0.852249 0.531998
vt 0.580720 0.785218
vt 0.577572 0.784908
vt 0.220593 0.796964
vt 0.217445 0.796964
vt 0.000000 0.810656
vt 0.230979 0.635266
vt 0.601816 0.436175
vt 0.599675 0.433566
vt 0.319692 0.615449
vt 0.315914 0.614554
vt 0.668297 0.039967
vt 0.670742 0.041974
vt 0.304752 0.609852
vt 0.297070 0.608519
vt 0.737696 0.858097
vt 0.738320 0.851758
vt 0.739073 0.844119
vt 0.865891 0.550269
vt 0.860560 0.548062
vt 0.852249 0.547286
vt 0.577492 0.801448
vt 0.574465 0.800530
vt 0.220593 0.811679
vt 0.217445 0.811679
vt 0.000000 0.794728
vt 0.230979 0.654182
vt 0.582901 0.448814
vt 0.581310 0.445838
vt 0.319692 0.633814
vt 0.315914 0.632610
vt 0.683652 0.024611
vt 0.685659 0.027057
vt 0.304752 0.627392
vt 0.297070 0.625599
vt 0.717549 0.854089
vt 0.719398 0.847994
vt 0.721626 0.840648
vt 0.722985 0.836168
vt 0.739532 0.839459
vt 0.860560 0.562089
vt 0.852249 0.561046
vt 0.571160 0.816736
vt 0.568370 0.815245
vt 0.220593 0.824923
vt 0.217445 0.824923
vt 0.003108 0.779106
vt 0.230979 0.670268
vt 0.561883 0.457520
vt 0.560903 0.454291
vt 0.319692 0.649433
vt 0.315914 0.647965
vt 0.701708 0.012547
vt 0.703200 0.015337
vt 0.297070 0.640124
vt 0.698571 0.846228
vt 0.701573 0.840611
vt 0.705192 0.833841
vt 0.707399 0.829712
vt 0.860560 0.574018
vt 0.852249 0.572747
vt 0.561966 0.830495
vt 0.559521 0.828488
vt 0.220593 0.836186
vt 0.009203 0.764391
vt 0.388591 0.669660
vt 0.393838 0.653574
vt 0.539240 0.458600
vt 0.408928 0.664443
vt 0.412706 0.647620
vt 0.722690 0.007264
vt 0.393838 0.656618
vt 0.393838 0.641701
vt 0.681491 0.834816
vt 0.693372 0.820339
vt 0.857580 0.840115
vt 0.865891 0.827142
vt 0.548258 0.839751
vt 0.312765 0.616469
vt 0.315914 0.605207
vt 0.018052 0.751148
vt 0.265331 0.975811
vt 0.277279 0.854488
vt 0.319024 0.992098
vt 0.384795 0.926326
vt 0.247184 0.884583
vt 0.381991 0.897860
vt 0.238881 0.911956
vt 0.358345 0.862471
vt 0.247185 0.953699
vt 0.226677 0.245427
vt 0.445850 0.569337
vt 0.610542 0.585558
vt 0.464233 0.524955
vt 0.592158 0.629940
vt 0.650949 0.299489
vt 0.252179 0.805820
vt 0.599675 0.202587
vt 0.304752 0.548853
vt 0.657663 0.554146
vt 0.864170 0.170467
vt 0.307022 0.835134
vt 0.640537 0.747780
vt 0.685659 0.413913
vt 0.672070 0.585819
vt 0.353287 0.825931
vt 0.401519 0.647399
vt 0.263250 0.640202
vt 0.865149 0.111240
vt 0.607723 0.840177
vt 0.722689 0.433706
vt 0.872129 0.348354
vt 0.615294 0.044010
vt 0.756861 0.635555
vt 0.866325 0.049402
vt 0.395845 0.762239
vt 0.609705 0.732870
vt 0.402805 0.509531
vt 0.790742 0.625278
vt 0.865149 0.017893
vt 0.539240 0.003358
vt 0.386642 0.715974
vt 0.211148 0.721834
vt 0.412706 0.665647
vt 0.289389 0.492648
vt 0.802562 0.611776
vt 0.879533 0.455772
vt 0.214296 0.721834
vt 0.856906 0.361966
vt 0.289389 0.528706
vt 0.834800 0.571592
vt 0.441097 0.044010
vt 0.856906 0.299489
vt 0.838271 0.536358
vt 0.879533 0.520069
vt 0.322950 0.673416
vt 0.211148 0.850159
vt 0.823864 0.504684
vt 0.879533 0.549116
vt 0.344407 0.490247
vt 0.416064 0.104446
vt 0.312549 0.633711
vt 0.312549 0.616469
vt 0.315914 0.618729
vt 0.865891 0.575290
vt 0.276685 0.682619
vt 0.259472 0.492059
vt 0.297070 0.492648
vt 0.867318 0.245265
vt 0.785166 0.227749
vt 0.790742 0.465226
vt 0.243330 0.715974
vt 0.344407 0.613640
vt 0.456716 0.202588
vt 0.722690 0.227749
vt 0.739073 0.454948
vt 0.865891 0.665047
vt 0.234127 0.746311
vt 0.867318 0.320395
vt 0.259472 0.632610
vt 0.707399 0.469355
vt 0.517152 0.227621
vt 0.867318 0.359617
vt 0.344407 0.669660
vt 0.259472 0.647965
vt 0.304752 0.640124
vt 0.864170 0.243994
vt 0.640537 0.818551
vt 0.412706 0.490247
vt 0.665614 0.728833
vt 0.605329 0.840177
vt 0.405145 0.790586
vt 0.228817 0.856578
vt 0.877471 0.706023
vt 0.870453 0.348354
vt 0.161718 0.721834
vt 0.634725 0.694141
vt 0.274025 0.492648
vt 0.874202 0.707067
vt 0.214297 0.721834
vt 0.879533 0.718887
vt 0.230979 0.490855
vt 0.315914 0.633711
vt 0.315914 0.650953
vt 0.312549 0.635970
vt 0.852249 0.442241
vt 0.315914 0.492059
vt 0.865891 0.464719
vt 0.393838 0.669660
vt 0.412706 0.662976
vt 0.401519 0.654433
vt 0.865891 0.838844
vt 0.315914 0.616469
s 1
f 45/1/1 281/2/1 268/3/1
f 59/4/1 463/5/1 450/6/1
f 46/7/2 294/8/2 281/2/1
f 476/9/1 463/5/1 59/4/1
f 47/10/1 307/11/1 294/8/2
f 489/12/1 476/9/1 60/13/1
f 320/14/1 307/11/1 47/10/1
f 33/15/1 126/16/1 528/17/1
f 502/18/1 489/12/1 61/19/3
f 49/20/1 333/21/1 320/14/1
f 36/22/1 164/23/1 151/24/1
f 63/25/1 515/26/1 502/18/1
f 346/27/1 333/21/1 49/20/1
f 177/28/1 164/23/1 36/22/1
f 64/29/1 528/17/1 515/26/1
f 359/30/1 346/27/1 50/31/1
f 38/32/1 190/33/1 177/28/1
f 52/34/1 372/35/1 359/30/1
f 203/36/1 190/33/1 38/32/1
f 35/37/3 151/24/1 138/38/1
f 385/39/1 372/35/1 52/34/1
f 40/40/1 216/41/1 203/36/1
f 54/42/1 398/43/1 385/39/1
f 229/44/1 216/41/1 40/40/1
f 411/45/1 398/43/1 54/42/1
f 242/46/1 229/44/1 41/47/1
f 424/48/1 411/45/1 55/49/1
f 43/50/1 255/51/1 242/46/1
f 57/52/1 437/53/1 424/48/1
f 44/54/1 268/3/1 255/51/1
f 450/6/1 437/53/1 57/52/1
f 204/55/4 7/56/4 6/57/4
f 386/58/5 21/59/5 20/60/5
f 217/61/6 8/62/6 7/56/6
f 399/63/7 22/64/7 21/59/7
f 230/65/8 9/66/8 8/62/8
f 412/67/9 23/68/9 22/64/9
f 243/69/10 10/70/10 9/71/10
f 425/72/11 24/73/11 23/74/11
f 256/75/12 11/76/12 10/70/12
f 438/77/13 25/78/13 24/73/13
f 269/79/14 12/80/14 11/76/14
f 451/81/15 26/82/15 25/78/15
f 282/83/16 13/84/16 12/80/16
f 464/85/17 27/86/17 26/82/17
f 295/87/18 14/88/18 13/84/18
f 477/89/19 28/90/19 27/86/19
f 308/91/20 15/92/20 14/88/20
f 139/93/21 2/94/21 1/95/21
f 490/96/22 29/97/22 28/90/22
f 321/98/23 16/99/23 15/92/23
f 152/100/24 3/101/24 2/94/24
f 503/102/25 30/103/25 29/97/25
f 334/104/26 17/105/26 16/106/26
f 165/107/27 4/108/27 3/101/27
f 516/109/28 31/110/28 30/103/28
f 347/111/29 18/112/29 17/105/29
f 178/113/30 5/114/30 4/108/30
f 529/115/31 32/116/31 31/110/31
f 360/117/32 19/118/32 18/112/32
f 191/119/33 6/57/33 5/114/33
f 125/120/34 1/95/34 32/121/34
f 373/122/35 20/60/35 19/118/35
f 72/123/10 42/124/10 41/125/10
f 85/126/11 56/127/11 55/128/11
f 73/129/12 43/130/12 42/124/12
f 57/131/13 56/127/13 85/126/13
f 74/132/14 44/133/14 43/130/14
f 86/134/15 58/135/15 57/131/15
f 75/136/16 45/137/16 44/133/16
f 87/138/17 59/139/17 58/135/17
f 76/140/18 46/141/18 45/137/18
f 88/142/19 60/143/19 59/139/19
f 77/144/20 47/145/20 46/141/20
f 65/146/21 34/147/21 33/148/21
f 89/149/22 61/150/22 60/143/22
f 78/151/23 48/152/23 47/145/23
f 66/153/24 35/154/24 34/147/24
f 90/155/25 62/156/25 61/150/25
f 49/157/26 48/158/26 78/159/26
f 67/160/27 36/161/27 35/154/27
f 91/162/28 63/163/28 62/156/28
f 79/164/29 50/165/29 49/157/29
f 68/166/30 37/167/30 36/161/30
f 92/168/31 64/169/31 63/163/31
f 80/170/32 51/171/32 50/165/32
f 69/172/33 38/173/33 37/167/33
f 33/148/34 64/174/34 92/175/34
f 81/176/35 52/177/35 51/171/35
f 70/178/4 39/179/4 38/173/4
f 82/180/5 53/181/5 52/177/5
f 71/182/6 40/183/6 39/179/6
f 83/184/7 54/185/7 53/181/7
f 41/186/8 40/183/8 71/182/8
f 84/187/9 55/188/9 54/185/9
f 103/189/36 11/190/36 12/191/36
f 117/192/36 25/193/36 26/194/36
f 104/195/36 12/191/36 13/196/36
f 118/197/36 26/194/36 27/198/36
f 105/199/36 13/196/36 14/200/36
f 119/201/36 27/198/36 28/202/36
f 106/203/36 14/200/36 15/204/36
f 93/205/36 1/206/36 2/207/36
f 120/208/36 28/202/36 29/209/36
f 107/210/36 15/204/36 16/211/36
f 2/207/36 3/212/36 95/213/36
f 121/214/36 29/209/36 30/215/36
f 108/216/36 16/211/36 17/217/36
f 95/213/36 3/212/36 4/218/36
f 122/219/36 30/215/36 31/220/36
f 109/221/36 17/217/36 18/222/36
f 96/223/36 4/218/36 5/224/36
f 123/225/36 31/220/36 32/226/36
f 18/222/36 19/227/36 111/228/36
f 5/224/36 6/229/36 98/230/36
f 124/231/36 32/226/36 1/206/36
f 111/228/36 19/227/36 20/232/36
f 6/229/36 7/233/36 99/234/36
f 112/235/36 20/232/36 21/236/36
f 99/234/36 7/233/36 8/237/36
f 21/236/36 22/238/36 114/239/36
f 100/240/36 8/237/36 9/241/36
f 114/239/36 22/238/36 23/242/36
f 101/243/36 9/241/36 10/244/36
f 115/245/36 23/242/36 24/246/36
f 102/247/36 10/244/36 11/190/36
f 116/248/36 24/246/36 25/193/36
f 111/228/36 95/213/36 103/189/36
f 150/249/21 139/93/21 125/120/21
f 149/250/37 150/251/37 127/252/37
f 148/253/38 149/254/38 128/255/38
f 148/256/1 129/257/1 130/258/1
f 146/259/39 147/260/39 130/261/39
f 145/262/40 146/263/40 131/264/40
f 145/262/41 132/265/41 133/266/41
f 143/267/42 144/268/42 133/266/42
f 142/269/43 143/270/43 134/271/43
f 141/272/1 142/273/1 135/274/1
f 140/275/21 141/276/21 136/277/21
f 140/278/1 137/279/1 126/16/1
f 163/280/24 152/100/24 139/93/24
f 162/281/44 163/282/44 150/251/44
f 161/283/45 162/284/45 149/254/45
f 160/285/1 161/286/1 148/256/1
f 159/287/46 160/288/46 147/260/46
f 158/289/47 159/290/47 146/263/47
f 157/291/48 158/289/48 145/262/48
f 156/292/49 157/293/49 144/294/49
f 155/295/50 156/292/50 143/270/50
f 154/296/1 155/297/1 142/273/1
f 153/298/24 154/299/24 141/276/24
f 153/300/1 140/278/1 138/38/1
f 176/301/27 165/107/27 152/100/27
f 176/302/51 163/282/51 162/281/51
f 174/303/52 175/304/52 162/284/52
f 173/305/1 174/306/1 161/286/1
f 173/307/53 160/288/53 159/287/53
f 172/308/54 159/290/54 158/289/54
f 170/309/55 171/310/55 158/289/55
f 170/311/56 157/293/56 156/292/56
f 169/312/57 156/292/57 155/295/57
f 167/313/1 168/314/1 155/297/1
f 167/315/27 154/299/27 153/298/27
f 164/23/1 166/316/1 153/300/1
f 189/317/30 178/113/30 165/107/30
f 188/318/58 189/319/58 176/302/58
f 187/320/59 188/321/59 175/304/59
f 186/322/1 187/323/1 174/306/1
f 186/324/60 173/307/60 172/325/60
f 185/326/61 172/308/61 171/310/61
f 184/327/62 171/310/62 170/309/62
f 182/328/63 183/329/63 170/311/63
f 182/328/64 169/312/64 168/330/64
f 181/331/1 168/314/1 167/313/1
f 180/332/30 167/315/30 166/333/30
f 179/334/1 166/316/1 164/23/1
f 202/335/33 191/119/33 178/113/33
f 201/336/65 202/337/65 189/319/65
f 200/338/66 201/339/66 188/321/66
f 199/340/1 200/341/1 187/323/1
f 198/342/67 199/343/67 186/324/67
f 197/344/68 198/345/68 185/326/68
f 196/346/69 197/344/69 184/327/69
f 195/347/70 196/348/70 183/329/70
f 194/349/71 195/347/71 182/328/71
f 193/350/1 194/351/1 181/331/1
f 192/352/33 193/353/33 180/332/33
f 190/33/1 192/354/1 179/334/1
f 215/355/4 204/55/4 191/119/4
f 214/356/72 215/357/72 202/337/73
f 213/358/74 214/359/74 201/339/74
f 212/360/1 213/361/1 200/341/1
f 211/362/75 212/363/75 199/343/75
f 210/364/76 211/365/76 198/345/76
f 210/364/77 197/344/77 196/346/77
f 208/366/78 209/367/78 196/348/78
f 207/368/79 208/366/79 195/347/79
f 206/369/1 207/370/1 194/351/1
f 205/371/4 206/372/4 193/353/4
f 205/373/1 192/354/1 190/33/1
f 228/374/6 217/61/6 204/55/6
f 227/375/80 228/376/80 215/357/81
f 226/377/82 227/378/82 214/359/82
f 226/379/1 213/361/1 212/360/1
f 224/380/83 225/381/83 212/363/83
f 223/382/84 224/383/84 211/365/84
f 222/384/85 223/382/85 210/364/85
f 221/385/86 222/384/86 209/386/86
f 220/387/87 221/388/87 208/366/87
f 220/389/1 207/370/1 206/369/1
f 218/390/6 219/391/6 206/372/6
f 218/392/1 205/373/1 203/36/1
f 241/393/8 230/65/8 217/61/8
f 240/394/88 241/395/88 228/376/88
f 239/396/89 240/397/89 227/398/89
f 238/399/1 239/400/1 226/379/1
f 237/401/90 238/402/90 225/403/90
f 237/404/91 224/383/91 223/382/91
f 236/405/92 223/382/92 222/384/92
f 234/406/93 235/407/93 222/384/93
f 234/408/94 221/409/94 220/410/94
f 232/411/1 233/412/1 220/389/1
f 231/413/8 232/414/8 219/391/8
f 231/415/1 218/392/1 216/41/1
f 254/416/10 243/69/10 230/417/10
f 253/418/95 254/419/95 241/395/95
f 252/420/96 253/421/96 240/397/96
f 252/422/1 239/400/1 238/399/1
f 250/423/97 251/424/97 238/402/97
f 249/425/98 250/426/98 237/404/98
f 248/427/99 249/425/99 236/405/99
f 247/428/100 248/429/100 235/430/100
f 246/431/101 247/428/101 234/408/101
f 245/432/1 246/433/1 233/412/1
f 244/434/10 245/435/10 232/436/10
f 242/46/1 244/437/1 231/415/1
f 267/438/12 256/75/12 243/69/12
f 266/439/102 267/440/102 254/419/102
f 265/441/103 266/442/103 253/421/103
f 264/443/1 265/444/1 252/422/1
f 263/445/104 264/446/104 251/424/104
f 262/447/105 263/448/105 250/426/105
f 261/449/106 262/447/107 249/425/106
f 260/450/108 261/451/108 248/429/108
f 260/450/109 247/428/109 246/431/109
f 258/452/1 259/453/1 246/433/1
f 257/454/12 258/455/12 245/435/12
f 255/51/1 257/456/1 244/437/1
f 280/457/14 269/79/14 256/75/14
f 280/458/110 267/440/111 266/439/110
f 278/459/112 279/460/112 266/442/112
f 277/461/1 278/462/1 265/444/1
f 276/463/113 277/464/113 264/446/113
f 276/465/114 263/448/114 262/447/114
f 275/466/115 262/447/115 261/449/115
f 273/467/116 274/468/116 261/451/116
f 273/467/117 260/450/117 259/469/117
f 271/470/1 272/471/1 259/453/1
f 270/472/14 271/473/14 258/455/14
f 270/474/1 257/456/1 255/51/1
f 293/475/16 282/83/16 269/79/16
f 292/476/118 293/477/118 280/458/118
f 291/478/119 292/479/119 279/460/119
f 290/480/1 291/481/1 278/462/1
f 289/482/120 290/483/120 277/464/120
f 289/484/121 276/465/121 275/466/121
f 288/485/122 275/466/122 274/486/122
f 286/487/123 287/488/123 274/468/123
f 286/487/124 273/467/124 272/489/124
f 285/490/1 272/471/1 271/470/1
f 283/491/16 284/492/16 271/473/16
f 283/493/1 270/474/1 268/3/1
f 295/87/18 282/83/18 293/475/18
f 305/494/125 306/495/126 293/477/125
f 304/496/127 305/497/127 292/479/127
f 303/498/1 304/499/1 291/481/1
f 302/500/128 303/501/128 290/483/128
f 301/502/129 302/503/129 289/484/129
f 300/504/130 301/502/130 288/485/130
f 299/505/131 300/506/131 287/488/131
f 298/507/132 299/505/132 286/487/132
f 297/508/1 298/509/1 285/490/1
f 296/510/18 297/511/18 284/492/18
f 294/8/2 296/512/1 283/493/1
f 319/513/20 308/91/20 295/87/20
f 318/514/133 319/515/133 306/495/133
f 318/516/134 305/497/134 304/496/134
f 316/517/1 317/518/1 304/499/1
f 315/519/135 316/520/135 303/501/135
f 314/521/136 315/522/136 302/503/136
f 314/521/137 301/502/137 300/504/137
f 313/523/138 300/506/138 299/505/138
f 312/524/139 299/505/139 298/507/139
f 311/525/1 298/509/1 297/508/1
f 309/526/20 310/527/20 297/511/20
f 307/11/1 309/528/1 296/512/1
f 332/529/23 321/98/23 308/91/23
f 332/530/140 319/515/141 318/514/141
f 330/531/142 331/532/142 318/516/142
f 329/533/1 330/534/1 317/518/1
f 328/535/143 329/536/143 316/520/143
f 327/537/144 328/538/144 315/522/144
f 326/539/145 327/537/145 314/521/145
f 326/540/146 313/523/146 312/524/146
f 324/541/147 325/542/147 312/524/147
f 324/543/1 311/525/1 310/544/1
f 322/545/23 323/546/23 310/527/23
f 320/14/1 322/547/1 309/528/1
f 345/548/26 334/104/26 321/549/26
f 344/550/148 345/551/148 332/530/148
f 343/552/149 344/553/149 331/554/149
f 343/555/1 330/534/1 329/533/1
f 341/556/150 342/557/150 329/558/150
f 340/559/151 341/560/151 328/538/151
f 339/561/152 340/559/152 327/537/152
f 338/562/153 339/561/153 326/539/153
f 338/563/154 325/564/154 324/565/154
f 336/566/1 337/567/1 324/543/1
f 335/568/26 336/569/26 323/570/26
f 333/21/1 335/571/1 322/547/1
f 358/572/29 347/111/29 334/104/29
f 357/573/155 358/574/155 345/551/155
f 356/575/156 357/576/156 344/553/156
f 356/577/1 343/555/1 342/578/1
f 355/579/157 342/557/157 341/556/157
f 353/580/158 354/581/158 341/560/158
f 352/582/159 353/580/159 340/559/159
f 352/583/160 339/584/160 338/563/160
f 350/585/161 351/586/161 338/563/161
f 349/587/1 350/588/1 337/567/1
f 349/589/29 336/569/29 335/568/29
f 346/27/1 348/590/1 335/571/1
f 371/591/32 360/117/32 347/111/32
f 370/592/162 371/593/162 358/574/162
f 369/594/163 370/595/163 357/576/163
f 368/596/1 369/597/1 356/577/1
f 367/598/164 368/599/164 355/579/164
f 366/600/165 367/601/165 354/581/165
f 366/600/166 353/580/166 352/582/166
f 364/602/167 365/603/167 352/583/167
f 363/604/168 364/602/168 351/586/168
f 362/605/1 363/606/1 350/588/1
f 362/607/32 349/589/32 348/608/32
f 359/30/1 361/609/1 348/590/1
f 384/610/35 373/122/35 360/117/35
f 384/611/169 371/593/169 370/592/169
f 382/612/170 383/613/170 370/595/170
f 381/614/1 382/615/1 369/597/1
f 380/616/171 381/617/171 368/599/171
f 379/618/172 380/619/172 367/601/172
f 378/620/173 379/618/173 366/600/173
f 377/621/174 378/622/174 365/603/174
f 376/623/175 377/621/175 364/602/175
f 376/624/1 363/606/1 362/605/1
f 374/625/35 375/626/35 362/607/35
f 374/627/1 361/609/1 359/30/1
f 386/58/5 373/122/5 384/610/5
f 397/628/176 384/611/176 383/629/176
f 395/630/177 396/631/177 383/613/177
f 395/632/1 382/615/1 381/614/1
f 393/633/178 394/634/178 381/617/178
f 393/635/179 380/619/179 379/618/179
f 392/636/180 379/618/180 378/620/180
f 390/637/181 391/638/181 378/622/181
f 390/637/182 377/621/182 376/623/182
f 389/639/1 376/624/1 375/640/1
f 387/641/5 388/642/5 375/626/5
f 385/39/1 387/643/1 374/627/1
f 399/63/7 386/58/7 397/644/7
f 409/645/183 410/646/183 397/628/183
f 408/647/184 409/648/184 396/631/184
f 407/649/1 408/650/1 395/632/1
f 406/651/185 407/652/185 394/634/185
f 405/653/186 406/654/186 393/635/186
f 404/655/187 405/653/187 392/636/187
f 403/656/188 404/657/188 391/638/188
f 402/658/189 403/656/189 390/637/189
f 401/659/1 402/660/1 389/639/1
f 400/661/7 401/662/7 388/642/7
f 398/43/1 400/663/1 387/643/1
f 423/664/9 412/67/9 399/63/9
f 422/665/190 423/666/190 410/646/191
f 421/667/192 422/668/192 409/648/192
f 420/669/1 421/670/1 408/650/1
f 419/671/193 420/672/193 407/652/193
f 418/673/194 419/674/194 406/654/194
f 417/675/195 418/673/195 405/653/195
f 417/675/196 404/655/196 403/676/196
f 416/677/197 403/656/197 402/658/197
f 414/678/1 415/679/1 402/660/1
f 413/680/9 414/681/9 401/662/9
f 411/45/1 413/682/1 400/663/1
f 436/683/11 425/72/11 412/684/11
f 436/685/198 423/666/199 422/665/199
f 434/686/200 435/687/200 422/688/200
f 433/689/1 434/690/1 421/670/1
f 432/691/201 433/692/201 420/672/201
f 432/693/202 419/674/202 418/673/202
f 430/694/203 431/695/203 418/673/203
f 429/696/204 430/694/204 417/675/204
f 428/697/205 429/698/205 416/699/205
f 428/700/1 415/679/1 414/678/1
f 426/701/11 427/702/11 414/681/11
f 424/48/1 426/703/1 413/682/1
f 449/704/13 438/77/13 425/72/13
f 448/705/206 449/706/206 436/685/206
f 447/707/207 448/708/207 435/709/207
f 447/710/1 434/690/1 433/689/1
f 445/711/208 446/712/208 433/713/208
f 444/714/209 445/715/209 432/693/209
f 444/714/210 431/695/210 430/694/210
f 442/716/211 443/717/211 430/694/211
f 441/718/212 442/719/212 429/698/212
f 440/720/1 441/721/1 428/700/1
f 439/722/13 440/723/13 427/724/13
f 437/53/1 439/725/1 426/703/1
f 462/726/15 451/81/15 438/77/15
f 461/727/213 462/728/213 449/706/213
f 460/729/214 461/730/214 448/708/214
f 460/731/1 447/710/1 446/732/1
f 459/733/215 446/712/215 445/711/215
f 457/734/216 458/735/216 445/715/216
f 457/734/217 444/714/217 443/717/217
f 456/736/218 443/737/218 442/719/218
f 454/738/219 455/739/219 442/719/219
f 454/740/1 441/721/1 440/720/1
f 452/741/15 453/742/15 440/723/15
f 450/6/1 452/743/1 439/725/1
f 475/744/17 464/85/17 451/81/17
f 474/745/220 475/746/220 462/728/220
f 473/747/221 474/748/221 461/730/221
f 472/749/1 473/750/1 460/731/1
f 471/751/222 472/752/222 459/733/222
f 470/753/223 471/754/223 458/735/223
f 469/755/224 470/753/225 457/734/224
f 468/756/226 469/757/226 456/736/226
f 467/758/227 468/756/227 455/739/227
f 467/759/1 454/740/1 453/760/1
f 465/761/17 466/762/17 453/742/17
f 463/5/1 465/763/1 452/743/1
f 488/764/19 477/89/19 464/85/19
f 488/765/228 475/746/229 474/745/228
f 486/766/230 487/767/230 474/748/230
f 486/768/1 473/750/1 472/749/1
f 484/769/231 485/770/231 472/752/231
f 483/771/232 484/772/232 471/754/232
f 482/773/233 483/771/233 470/753/233
f 482/774/234 469/757/234 468/756/234
f 481/775/235 468/756/235 467/758/235
f 479/776/1 480/777/1 467/759/1
f 479/778/19 466/762/19 465/761/19
f 476/9/1 478/779/1 465/763/1
f 490/96/22 477/89/22 488/764/22
f 501/780/236 488/765/236 487/781/236
f 499/782/237 500/783/237 487/767/237
f 499/784/1 486/768/1 485/785/1
f 498/786/238 485/770/238 484/769/238
f 497/787/239 484/772/239 483/771/239
f 496/788/240 483/771/240 482/773/240
f 495/789/241 482/774/241 481/775/241
f 494/790/242 481/775/242 480/791/242
f 493/792/1 480/777/1 479/776/1
f 492/793/22 479/778/22 478/794/22
f 491/795/1 478/779/1 476/9/1
f 514/796/25 503/102/25 490/96/25
f 513/797/243 514/798/244 501/780/243
f 512/799/245 513/800/245 500/783/245
f 511/801/1 512/802/1 499/784/1
f 510/803/246 511/804/246 498/786/246
f 509/805/247 510/806/247 497/787/247
f 508/807/248 509/805/248 496/788/248
f 507/808/249 508/809/249 495/789/249
f 506/810/250 507/808/250 494/790/250
f 505/811/1 506/812/1 493/792/1
f 504/813/25 505/814/25 492/793/25
f 502/18/1 504/815/1 491/795/1
f 527/816/28 516/109/28 503/102/28
f 526/817/251 527/818/251 514/798/251
f 526/819/252 513/800/252 512/799/252
f 524/820/1 525/821/1 512/802/1
f 523/822/253 524/823/253 511/804/253
f 523/824/254 510/806/254 509/805/254
f 522/825/255 509/805/255 508/807/255
f 521/826/256 508/807/256 507/827/256
f 519/828/257 520/829/257 507/808/257
f 519/830/1 506/812/1 505/811/1
f 517/831/28 518/832/28 505/814/28
f 517/833/1 504/815/1 502/18/1
f 540/834/31 529/115/31 516/109/31
f 540/835/258 527/818/259 526/817/259
f 538/836/260 539/837/260 526/819/260
f 537/838/1 538/839/1 525/821/1
f 536/840/261 537/841/261 524/823/261
f 535/842/262 536/843/262 523/824/262
f 534/844/263 535/842/263 522/825/263
f 533/845/264 534/844/264 521/826/264
f 532/846/265 533/847/265 520/829/265
f 532/848/1 519/830/1 518/849/1
f 531/850/31 518/832/31 517/831/31
f 530/851/1 517/833/1 515/26/1
f 127/852/34 125/120/34 529/853/34
f 128/854/266 127/252/266 540/835/266
f 129/855/267 128/255/267 539/856/267
f 129/257/1 538/839/1 537/838/1
f 131/857/268 130/261/268 537/858/268
f 132/265/269 131/264/269 536/843/269
f 133/266/270 132/265/270 535/842/270
f 134/859/271 133/266/271 534/844/271
f 135/860/272 134/271/272 533/861/272
f 135/274/1 532/848/1 531/862/1
f 137/863/34 136/277/34 531/864/34
f 126/16/1 137/279/1 530/851/1
f 34/865/1 138/38/1 126/16/1
f 784/866/36 797/867/36 585/868/36
f 966/869/36 979/870/36 599/871/36
f 810/872/36 586/873/36 585/868/36
f 979/870/36 992/874/36 600/875/36
f 823/876/36 587/877/36 586/873/36
f 1005/878/36 601/879/36 600/875/36
f 823/876/36 836/880/36 588/881/36
f 1044/882/36 642/883/36 573/884/36
f 1005/878/36 1018/885/36 602/886/36
f 849/887/36 589/888/36 588/881/36
f 667/889/36 680/890/36 576/891/36
f 1018/885/36 1031/892/36 603/893/36
f 849/887/36 862/894/36 590/895/36
f 693/896/36 577/897/36 576/891/36
f 1044/882/36 604/898/36 603/893/36
f 862/894/36 875/899/36 591/900/36
f 693/896/36 706/901/36 578/902/36
f 875/899/36 888/903/36 592/904/36
f 706/901/36 719/905/36 579/906/36
f 667/889/36 575/907/36 574/908/36
f 901/909/36 593/910/36 592/904/36
f 719/905/36 732/911/36 580/912/36
f 901/909/36 914/913/36 594/914/36
f 732/911/36 745/915/36 581/916/36
f 914/913/36 927/917/36 595/918/36
f 745/915/36 758/919/36 582/920/36
f 940/921/36 596/922/36 595/918/36
f 758/919/36 771/923/36 583/924/36
f 940/921/36 953/925/36 597/926/36
f 771/923/36 784/866/36 584/927/36
f 953/925/36 966/869/36 598/928/36
f 546/929/4 547/56/4 720/930/4
f 560/931/5 561/932/5 902/933/5
f 547/56/6 548/62/6 733/934/6
f 561/932/7 562/935/7 915/936/7
f 548/62/8 549/937/8 746/938/8
f 562/935/9 563/939/9 928/940/9
f 549/941/10 550/942/10 759/943/10
f 563/709/11 564/944/11 941/945/11
f 550/942/12 551/946/12 772/947/12
f 564/944/13 565/948/13 954/949/13
f 551/946/14 552/950/14 785/951/14
f 565/948/15 566/952/15 967/953/15
f 552/950/16 553/954/16 798/955/16
f 566/952/17 567/956/17 980/957/17
f 553/954/18 554/958/18 811/959/18
f 567/956/19 568/960/19 993/961/19
f 554/958/20 555/962/20 824/963/20
f 541/95/21 542/94/21 655/964/21
f 568/960/22 569/965/22 1006/966/22
f 555/962/23 556/967/23 837/968/23
f 542/94/24 543/969/24 668/970/24
f 569/965/25 570/971/25 1019/972/25
f 556/973/26 557/974/26 850/975/26
f 543/969/27 544/976/27 681/977/27
f 570/971/28 571/978/28 1032/979/28
f 557/974/29 558/980/29 863/981/29
f 544/976/30 545/982/30 694/983/30
f 571/978/31 572/984/31 1045/985/31
f 558/980/32 559/986/32 876/987/32
f 545/982/33 546/929/33 707/988/33
f 572/121/34 541/95/34 641/989/34
f 559/986/35 560/931/35 889/990/35
f 582/991/10 72/123/10 606/992/10
f 595/993/11 596/994/11 85/126/11
f 582/991/12 583/995/12 73/129/12
f 596/994/13 597/996/13 608/997/13
f 583/995/14 584/998/14 74/132/14
f 598/999/15 86/134/15 608/997/15
f 584/998/16 585/1000/16 75/136/16
f 598/999/17 599/1001/17 87/138/17
f 585/1000/18 586/1002/18 76/140/18
f 599/1001/19 600/1003/19 88/142/19
f 586/1002/20 587/1004/20 77/144/20
f 574/1005/21 65/146/21 605/1006/21
f 600/1003/22 601/1007/22 89/149/22
f 587/1004/23 588/74/23 78/151/23
f 574/1005/24 575/1008/24 66/153/24
f 601/1007/25 602/1009/25 90/155/25
f 588/1010/26 589/1011/26 607/1012/26
f 575/1008/27 576/1013/27 67/160/27
f 602/1009/28 603/1014/28 91/162/28
f 590/1015/29 79/164/29 607/1012/29
f 576/1013/30 577/1016/30 68/166/30
f 603/1014/31 604/1017/31 92/168/31
f 590/1015/32 591/1018/32 80/170/32
f 577/1016/33 578/1019/33 69/172/33
f 604/1020/34 573/1021/34 605/1006/34
f 591/1018/35 592/1022/35 81/176/35
f 578/1019/4 579/1023/4 70/178/4
f 592/1022/5 593/1024/5 82/180/5
f 579/1023/6 580/1025/6 71/182/6
f 593/1024/7 594/1026/7 83/184/7
f 580/1025/8 581/1027/8 606/1028/8
f 594/1026/9 595/1029/9 84/187/9
f 552/1030/1 551/1031/1 619/1032/1
f 566/1033/1 565/1034/1 633/1035/1
f 553/1036/1 552/1030/1 620/1037/1
f 567/1038/1 566/1033/1 634/1039/1
f 554/1040/1 553/1036/1 621/1041/1
f 568/1042/1 567/1038/1 635/1043/1
f 555/1044/1 554/1040/1 622/1045/1
f 542/1046/1 541/1047/1 609/1048/1
f 569/1049/1 568/1042/1 636/1050/1
f 556/1051/1 555/1044/1 623/1052/1
f 542/1046/1 610/1053/1 611/1054/1
f 570/1055/1 569/1049/1 637/1056/1
f 557/1057/1 556/1051/1 624/1058/1
f 544/1059/1 543/1060/1 611/1054/1
f 571/1061/1 570/1055/1 638/1062/1
f 558/1063/1 557/1057/1 625/1064/1
f 545/1065/1 544/1059/1 612/1066/1
f 572/1067/1 571/1061/1 639/1068/1
f 558/1063/1 626/1069/1 627/1070/1
f 545/1065/1 613/1071/1 614/1072/1
f 541/1047/1 572/1067/1 640/1073/1
f 560/1074/1 559/1075/1 627/1070/1
f 547/1076/1 546/1077/1 614/1072/1
f 561/1078/1 560/1074/1 628/1079/1
f 548/1080/1 547/1076/1 615/1081/1
f 561/1078/1 629/1082/1 630/1083/1
f 549/1084/1 548/1080/1 616/1085/1
f 563/1086/1 562/1087/1 630/1083/1
f 550/1088/1 549/1084/1 617/1089/1
f 564/1090/1 563/1086/1 631/1091/1
f 551/1031/1 550/1088/1 618/1092/1
f 565/1034/1 564/1090/1 632/1093/1
f 625/1064/1 609/1048/1 633/1035/1
f 641/989/21 655/964/21 666/1094/21
f 643/1095/273 666/1096/273 665/1097/273
f 644/1098/274 665/1099/274 664/1100/274
f 645/1101/36 664/1102/36 663/1103/36
f 663/1104/275 662/1105/275 647/1106/275
f 662/1107/276 661/1108/276 648/1109/276
f 661/1108/277 660/1110/277 649/1111/277
f 649/1111/278 660/1110/278 659/1112/278
f 650/1113/279 659/1114/279 658/1115/279
f 651/1116/36 658/1117/36 657/1118/36
f 652/1119/21 657/1120/21 656/1121/21
f 656/1122/36 654/1123/36 642/883/36
f 655/964/24 668/970/24 679/1124/24
f 666/1096/280 679/1125/281 678/1126/280
f 665/1099/282 678/1127/282 677/1128/282
f 664/1102/36 677/1129/36 676/1130/36
f 663/1104/283 676/1131/283 675/1132/283
f 662/1107/284 675/1133/284 674/1134/284
f 661/1108/285 674/1134/285 673/1135/285
f 660/1136/286 673/1137/286 672/1138/286
f 659/1114/287 672/1138/287 671/1139/287
f 658/1117/36 671/1140/36 670/1141/36
f 657/1120/24 670/1142/24 669/1143/24
f 656/1122/36 669/1144/36 667/889/36
f 668/970/27 681/977/27 692/1145/27
f 692/1146/288 691/1147/288 678/1126/288
f 678/1127/289 691/1148/289 690/1149/289
f 677/1129/36 690/1150/36 689/1151/36
f 689/1152/290 688/1153/290 675/1132/290
f 675/1133/291 688/1154/291 687/1155/291
f 674/1134/292 687/1155/292 686/1156/292
f 673/1137/293 686/1157/293 685/1158/293
f 685/1158/294 684/1159/294 671/1139/294
f 671/1140/36 684/1160/36 683/1161/36
f 683/1162/27 682/1163/27 669/1143/27
f 669/1144/36 682/1164/36 680/890/36
f 681/977/30 694/983/30 705/1165/30
f 705/1166/295 704/1167/295 691/1147/295
f 691/1148/296 704/1168/296 703/1169/296
f 690/1150/36 703/1170/36 702/1171/36
f 702/1172/297 701/1173/297 688/1153/297
f 701/1174/298 700/1175/298 687/1155/298
f 700/1175/299 699/1176/299 686/1156/299
f 699/1177/300 698/1178/300 685/1158/300
f 698/1178/301 697/1179/301 684/1159/301
f 697/1180/36 696/1181/36 683/1161/36
f 696/1182/30 695/1183/30 682/1163/30
f 695/1184/36 693/896/36 680/890/36
f 694/983/33 707/988/33 718/1185/33
f 705/1166/302 718/1186/302 717/1187/302
f 704/1168/303 717/1188/303 716/1189/303
f 703/1170/36 716/1190/36 715/1191/36
f 702/1172/304 715/1192/304 714/1193/304
f 701/1174/305 714/1194/305 713/1195/305
f 700/1175/306 713/1195/306 712/1196/306
f 699/1177/307 712/1197/307 711/1198/307
f 698/1178/308 711/1198/308 710/1199/308
f 697/1180/36 710/1200/36 709/1201/36
f 696/1182/33 709/1202/33 708/1203/33
f 695/1184/36 708/1204/36 706/901/36
f 707/988/4 720/930/4 731/1205/4
f 718/1186/309 731/1206/309 730/1207/309
f 717/1188/310 730/1208/310 729/1209/310
f 716/1190/36 729/1210/36 728/1211/36
f 715/1192/311 728/1212/311 727/1213/311
f 714/1194/312 727/1214/312 726/1215/312
f 726/1215/313 725/1216/313 712/1196/313
f 712/1197/314 725/1217/314 724/1218/314
f 724/1218/315 723/1219/315 710/1199/315
f 710/1200/36 723/1220/36 722/1221/36
f 709/1202/4 722/1222/4 721/1223/4
f 721/1224/36 719/905/36 706/901/36
f 720/930/6 733/934/6 744/1225/6
f 731/1206/316 744/1226/316 743/1227/316
f 730/1208/317 743/1228/317 742/1229/317
f 729/1210/36 742/1230/36 741/1231/36
f 728/1212/318 741/1232/318 740/1233/318
f 727/1214/319 740/1234/319 739/1235/319
f 726/1215/320 739/1235/320 738/1236/320
f 725/1216/321 738/1236/321 737/1237/321
f 724/1218/322 737/1238/322 736/1239/322
f 736/1240/36 735/1241/36 722/1221/36
f 735/1242/6 734/1243/6 721/1223/6
f 721/1224/36 734/1244/36 732/911/36
f 733/934/8 746/938/8 757/1245/8
f 757/1246/323 756/1247/323 743/1227/323
f 743/1228/324 756/1248/324 755/1249/324
f 742/1230/36 755/1250/36 754/1251/36
f 741/1232/325 754/1252/325 753/1253/325
f 753/1254/326 752/1255/326 739/1235/326
f 752/1255/327 751/1256/327 738/1236/327
f 738/1236/328 751/1256/328 750/1257/328
f 750/1258/329 749/1259/329 736/1239/329
f 736/1240/36 749/1260/36 748/1261/36
f 735/1242/8 748/1262/8 747/1263/8
f 747/1264/36 745/915/36 732/911/36
f 746/1265/10 759/943/10 770/1266/10
f 770/1267/330 769/1268/330 756/1247/330
f 756/1269/331 769/1270/331 768/1271/331
f 768/1272/36 767/1273/36 754/1251/36
f 754/1274/332 767/1275/332 766/1276/332
f 753/1254/333 766/1277/333 765/1278/333
f 752/1255/334 765/1278/334 764/1279/334
f 751/1256/335 764/1279/335 763/1280/335
f 750/1281/336 763/1282/336 762/1283/336
f 749/1260/36 762/1284/36 761/1285/36
f 748/1286/10 761/1287/10 760/1288/10
f 747/1264/36 760/1289/36 758/919/36
f 759/943/12 772/947/12 783/1290/12
f 770/1267/337 783/1291/338 782/1292/337
f 769/1270/339 782/1293/339 781/1294/339
f 768/1272/36 781/1295/36 780/1296/36
f 767/1275/340 780/1297/340 779/1298/340
f 766/1277/341 779/1299/341 778/1300/341
f 765/1278/342 778/1300/342 777/1301/342
f 764/1279/343 777/1301/343 776/1302/343
f 776/1303/344 775/1304/344 762/1283/344
f 762/1284/36 775/1305/36 774/1306/36
f 761/1287/12 774/1307/12 773/1308/12
f 760/1289/36 773/1309/36 771/923/36
f 772/947/14 785/951/14 796/1310/14
f 796/1311/345 795/1312/345 782/1292/345
f 782/1293/346 795/1313/346 794/1314/346
f 781/1295/36 794/1315/36 793/1316/36
f 780/1297/347 793/1317/347 792/1318/347
f 779/1299/348 792/1319/348 791/1320/348
f 778/1300/349 791/1320/349 790/1321/349
f 777/1322/350 790/1323/350 789/1324/350
f 789/1324/351 788/1325/351 775/1304/351
f 775/1305/36 788/1326/36 787/1327/36
f 774/1307/14 787/1328/14 786/1329/14
f 786/1330/36 784/866/36 771/923/36
f 785/951/16 798/955/16 809/1331/16
f 809/1332/352 808/1333/352 795/1312/352
f 795/1313/353 808/1334/353 807/1335/353
f 794/1315/36 807/1336/36 806/1337/36
f 793/1317/354 806/1338/354 805/1339/354
f 805/1340/355 804/1341/355 791/1320/355
f 804/1341/356 803/1342/356 790/1321/356
f 790/1323/357 803/1343/357 802/1344/357
f 802/1344/358 801/1345/358 788/1325/358
f 801/1346/36 800/1347/36 787/1327/36
f 787/1328/16 800/1348/16 799/1349/16
f 799/1350/36 797/867/36 784/866/36
f 811/959/18 822/1351/18 809/1331/18
f 809/1332/359 822/1352/359 821/1353/359
f 808/1334/360 821/1354/360 820/1355/360
f 807/1336/36 820/1356/36 819/1357/36
f 806/1338/361 819/1358/361 818/1359/361
f 805/1340/362 818/1360/362 817/1361/362
f 804/1341/363 817/1361/363 816/1362/363
f 803/1343/364 816/1363/364 815/1364/364
f 802/1344/365 815/1364/365 814/1365/365
f 801/1346/36 814/1366/36 813/1367/36
f 800/1348/18 813/1368/18 812/1369/18
f 799/1350/36 812/1370/36 810/872/36
f 811/959/20 824/963/20 835/1371/20
f 822/1352/366 835/1372/366 834/1373/366
f 834/1374/367 833/1375/367 820/1355/367
f 833/1376/36 832/1377/36 819/1357/36
f 819/1358/368 832/1378/368 831/1379/368
f 818/1360/369 831/1380/369 830/1381/369
f 830/1381/370 829/1382/370 816/1362/370
f 829/1382/371 828/1383/371 815/1384/371
f 815/1364/372 828/1385/372 827/1386/372
f 827/1387/36 826/1388/36 813/1367/36
f 813/1368/20 826/1389/20 825/1390/20
f 812/1370/36 825/1391/36 823/876/36
f 824/963/23 837/968/23 848/1392/23
f 848/1393/373 847/1394/373 834/1373/373
f 834/1374/374 847/1395/374 846/1396/374
f 833/1376/36 846/1397/36 845/1398/36
f 832/1378/375 845/1399/375 844/1400/375
f 831/1380/376 844/1401/376 843/1402/376
f 830/1381/377 843/1402/377 842/1403/377
f 842/1403/378 841/1404/378 828/1383/378
f 828/1385/379 841/1405/379 840/1406/379
f 840/1407/36 839/1408/36 826/1388/36
f 826/1389/23 839/1409/23 838/1410/23
f 825/1391/36 838/1411/36 836/880/36
f 837/1412/26 850/975/26 861/1413/26
f 848/1393/380 861/1414/380 860/1415/380
f 847/1416/381 860/1417/381 859/1418/381
f 846/1397/36 859/1419/36 858/1420/36
f 845/558/382 858/557/382 857/1421/382
f 844/1401/383 857/1422/383 856/1423/383
f 843/1402/384 856/1423/384 855/1424/384
f 842/1403/385 855/1424/385 854/1425/385
f 854/1426/386 853/1427/386 840/1428/386
f 840/1407/36 853/1429/36 852/1430/36
f 839/1431/26 852/1432/26 851/1433/26
f 838/1411/36 851/1434/36 849/887/36
f 850/975/29 863/981/29 874/1435/29
f 861/1414/387 874/1436/387 873/1437/387
f 860/1417/388 873/1438/388 872/1439/388
f 859/1419/36 872/1440/36 871/1441/36
f 871/1442/389 870/1443/389 857/1421/389
f 857/1422/390 870/1444/390 869/1445/390
f 856/1423/391 869/1445/391 868/1446/391
f 868/1447/392 867/1448/392 854/1426/392
f 854/1426/393 867/1448/393 866/1449/393
f 853/1429/36 866/1450/36 865/1451/36
f 852/1432/29 865/1452/29 864/1453/29
f 851/1434/36 864/1454/36 862/894/36
f 863/981/32 876/987/32 887/1455/32
f 874/1436/394 887/1456/395 886/1457/394
f 873/1438/396 886/1458/396 885/1459/396
f 872/1440/36 885/1460/36 884/1461/36
f 871/1442/397 884/599/397 883/1462/397
f 870/1444/398 883/1463/398 882/1464/398
f 882/1464/399 881/1465/399 868/1446/399
f 868/1447/400 881/1466/400 880/1467/400
f 867/1448/401 880/1467/401 879/1468/401
f 866/1450/36 879/1469/36 878/1470/36
f 878/1471/32 877/1472/32 864/1453/32
f 864/1454/36 877/1473/36 875/899/36
f 876/987/35 889/990/35 900/1474/35
f 900/1475/402 899/1476/402 886/1457/402
f 886/1458/403 899/1477/403 898/1478/403
f 885/1460/36 898/1479/36 897/1480/36
f 884/599/404 897/1481/404 896/1482/404
f 883/1463/405 896/1483/405 895/1484/405
f 882/1464/406 895/1484/406 894/1485/406
f 881/1466/407 894/1486/407 893/1487/407
f 880/1467/408 893/1487/408 892/1488/408
f 879/1469/36 892/1489/36 891/1490/36
f 878/1471/35 891/1491/35 890/625/35
f 890/1492/36 888/903/36 875/899/36
f 902/933/5 913/1493/5 900/1474/5
f 913/1494/409 912/1495/409 899/1476/409
f 899/1477/410 912/1496/410 911/1497/410
f 898/1479/36 911/1498/36 910/1499/36
f 897/1481/411 910/1500/411 909/1501/411
f 909/1502/412 908/1503/412 895/1484/412
f 908/1503/413 907/1504/413 894/1485/413
f 894/1486/414 907/1505/414 906/1506/414
f 906/1506/415 905/1507/415 892/1488/415
f 905/1508/36 904/1509/36 891/1490/36
f 891/1491/5 904/1510/5 903/641/5
f 890/1492/36 903/1511/36 901/909/36
f 915/936/7 926/1512/7 913/1493/7
f 913/1494/416 926/1513/416 925/1514/416
f 912/1496/417 925/1515/417 924/1516/417
f 911/1498/36 924/1517/36 923/1518/36
f 910/1500/418 923/652/418 922/1519/418
f 909/1502/419 922/1520/419 921/1521/419
f 908/1503/420 921/1521/420 920/1522/420
f 907/1505/421 920/1523/421 919/1524/421
f 906/1506/422 919/1524/422 918/1525/422
f 905/1508/36 918/1526/36 917/1527/36
f 904/1510/7 917/1528/7 916/1529/7
f 903/1511/36 916/1530/36 914/913/36
f 915/936/9 928/940/9 939/1531/9
f 939/1532/423 938/1533/423 925/1514/423
f 925/1515/424 938/1534/424 937/1535/424
f 937/1536/36 936/1537/36 923/1518/36
f 923/652/425 936/1538/425 935/1539/425
f 922/1520/426 935/1540/426 934/1541/426
f 921/1521/427 934/1541/427 933/1542/427
f 933/1542/428 932/1543/428 919/1544/428
f 919/1524/429 932/1545/429 931/1546/429
f 918/1526/36 931/1547/36 930/1548/36
f 917/1528/9 930/1549/9 929/680/9
f 916/1530/36 929/1550/36 927/917/36
f 928/1551/11 941/945/11 952/1552/11
f 952/1553/430 951/1554/430 938/1533/430
f 938/1555/431 951/1556/431 950/1557/431
f 937/1536/36 950/1558/36 949/1559/36
f 936/1538/432 949/1560/432 948/1561/432
f 948/1562/433 947/1563/433 934/1541/433
f 934/1541/434 947/1563/434 946/1564/434
f 933/1542/435 946/1564/435 945/1565/435
f 932/1566/436 945/1567/436 944/1568/436
f 944/1569/36 943/1570/36 930/1548/36
f 930/1549/11 943/1571/11 942/701/11
f 929/1550/36 942/1572/36 940/921/36
f 941/945/13 954/949/13 965/1573/13
f 952/1553/437 965/1574/437 964/1575/437
f 951/188/438 964/1576/438 963/1577/438
f 950/1558/36 963/1578/36 962/1579/36
f 949/1580/439 962/1581/439 961/711/439
f 948/1562/440 961/1582/440 960/1583/440
f 960/1583/441 959/1584/441 946/1564/441
f 946/1564/442 959/1584/442 958/1585/442
f 945/1567/443 958/1586/443 957/1587/443
f 944/1569/36 957/1588/36 956/1589/36
f 943/1590/13 956/1591/13 955/1592/13
f 942/1572/36 955/1593/36 953/925/36
f 954/949/15 967/953/15 978/1594/15
f 965/1574/444 978/1595/444 977/1596/444
f 964/1576/445 977/1597/445 976/1598/445
f 963/1578/36 976/1599/36 975/1600/36
f 975/1601/446 974/1602/446 961/711/446
f 961/1582/447 974/1603/447 973/1604/447
f 973/1604/448 972/1605/448 959/1584/448
f 972/1606/449 971/1607/449 958/1586/449
f 971/1607/450 970/1608/450 957/1587/450
f 970/1609/36 969/1610/36 956/1589/36
f 956/1591/15 969/1611/15 968/1452/15
f 955/1593/36 968/1612/36 966/869/36
f 967/953/17 980/957/17 991/1613/17
f 978/1595/451 991/1614/451 990/1615/451
f 977/1597/452 990/1616/452 989/1617/452
f 989/1618/36 988/1619/36 975/1600/36
f 975/1601/453 988/1620/453 987/1621/453
f 974/1603/454 987/1622/454 986/1623/454
f 986/1623/455 985/1624/455 972/1605/455
f 972/1606/456 985/1625/456 984/1626/456
f 971/1607/457 984/1626/457 983/1627/457
f 983/1628/36 982/1629/36 969/1610/36
f 969/1611/17 982/1630/17 981/1631/17
f 968/1612/36 981/1632/36 979/870/36
f 980/957/19 993/961/19 1004/1633/19
f 1004/1634/458 1003/1635/458 990/1615/458
f 990/1616/459 1003/1636/459 1002/1637/459
f 1002/1638/36 1001/1639/36 988/1619/36
f 988/1620/460 1001/1640/460 1000/769/460
f 987/1622/461 1000/1641/461 999/1642/461
f 986/1623/462 999/1642/462 998/1643/462
f 985/1625/463 998/1644/463 997/1645/463
f 997/1645/464 996/1646/464 983/1627/464
f 996/1647/36 995/1648/36 982/1629/36
f 995/1649/19 994/1650/19 981/1631/19
f 981/1632/36 994/1651/36 992/874/36
f 1006/966/22 1017/1652/22 1004/1633/22
f 1017/1653/465 1016/1654/465 1003/1635/465
f 1003/1636/466 1016/1655/466 1015/1656/466
f 1002/1638/36 1015/1657/36 1014/1658/36
f 1014/1659/467 1013/1660/467 1000/769/467
f 1013/1661/468 1012/1662/468 999/1642/468
f 1012/1662/469 1011/1663/469 998/1643/469
f 1011/1664/470 1010/1665/470 997/1645/470
f 1010/1665/471 1009/1666/471 996/1646/471
f 1009/1667/36 1008/1668/36 995/1648/36
f 995/1649/22 1008/1669/22 1007/1670/22
f 1007/1671/36 1005/878/36 992/874/36
f 1006/966/25 1019/972/25 1030/1672/25
f 1017/1653/472 1030/1673/472 1029/1674/472
f 1016/1655/473 1029/1675/473 1028/1676/473
f 1015/1657/36 1028/1677/36 1027/1678/36
f 1014/1659/474 1027/1679/474 1026/1680/474
f 1013/1661/475 1026/1681/475 1025/1682/475
f 1025/1682/476 1024/1683/476 1011/1663/476
f 1011/1664/477 1024/1684/477 1023/1685/477
f 1010/1665/478 1023/1685/478 1022/1686/478
f 1009/1667/36 1022/1687/36 1021/1688/36
f 1008/1669/25 1021/1689/25 1020/1690/25
f 1007/1671/36 1020/1691/36 1018/885/36
f 1019/972/28 1032/979/28 1043/1692/28
f 1030/1673/479 1043/1693/479 1042/1694/479
f 1042/1695/480 1041/1696/480 1028/1676/480
f 1028/1677/36 1041/1697/36 1040/1698/36
f 1027/1679/481 1040/1699/481 1039/1700/481
f 1039/1701/482 1038/1702/482 1025/1682/482
f 1038/1702/483 1037/1703/483 1024/1683/483
f 1037/1703/484 1036/1704/484 1023/1705/484
f 1023/1685/485 1036/1706/485 1035/1707/485
f 1035/1708/36 1034/1709/36 1021/1688/36
f 1021/1689/28 1034/1710/28 1033/1711/28
f 1033/1712/36 1031/892/36 1018/885/36
f 1032/979/31 1045/985/31 1056/1713/31
f 1056/1714/486 1055/1715/486 1042/1694/486
f 1042/1695/487 1055/1716/487 1054/1717/487
f 1041/1697/36 1054/1718/36 1053/1719/36
f 1040/1699/488 1053/688/488 1052/1720/488
f 1052/1721/489 1051/1722/489 1038/1702/489
f 1051/1722/490 1050/1723/490 1037/1703/490
f 1037/1703/491 1050/1723/491 1049/1724/491
f 1036/1706/492 1049/1725/492 1048/1726/492
f 1048/1727/36 1047/1728/36 1034/1709/36
f 1047/1729/31 1046/1571/31 1033/1711/31
f 1033/1712/36 1046/1730/36 1044/882/36
f 1045/1731/34 641/989/34 643/1732/34
f 1056/1714/493 643/1095/493 644/1733/493
f 1055/1734/494 644/1098/494 645/1735/494
f 1054/1718/36 645/1101/36 646/1736/36
f 1053/1737/495 646/1738/495 647/1106/495
f 1052/1721/496 647/1739/496 648/1109/496
f 648/1109/497 649/1111/497 1050/1723/497
f 1050/1723/498 649/1111/498 650/1740/498
f 1049/1741/499 650/1113/499 651/1742/499
f 651/1116/36 652/1743/36 1047/1728/36
f 1047/1744/34 652/1119/34 653/1745/34
f 1046/1730/36 653/1746/36 642/883/36
f 642/883/36 654/1123/36 574/908/36
f 45/1/1 268/3/1 44/54/1
f 59/4/1 450/6/1 58/1747/1
f 46/7/2 281/2/1 45/1/1
f 476/9/1 59/4/1 60/13/1
f 47/10/1 294/8/2 46/7/2
f 489/12/1 60/13/1 61/19/3
f 320/14/1 47/10/1 48/1748/1
f 33/15/1 528/17/1 64/29/1
f 502/18/1 61/19/3 62/1749/3
f 49/20/1 320/14/1 48/1748/1
f 36/22/1 151/24/1 35/37/3
f 63/25/1 502/18/1 62/1749/3
f 346/27/1 49/20/1 50/31/1
f 177/28/1 36/22/1 37/1750/1
f 64/29/1 515/26/1 63/25/1
f 359/30/1 50/31/1 51/1751/2
f 38/32/1 177/28/1 37/1750/1
f 52/34/1 359/30/1 51/1751/2
f 203/36/1 38/32/1 39/1752/1
f 35/37/3 138/38/1 34/865/1
f 385/39/1 52/34/1 53/1753/1
f 40/40/1 203/36/1 39/1752/1
f 54/42/1 385/39/1 53/1753/1
f 229/44/1 40/40/1 41/47/1
f 411/45/1 54/42/1 55/49/1
f 242/46/1 41/47/1 42/1754/1
f 424/48/1 55/49/1 56/1755/1
f 43/50/1 242/46/1 42/1754/1
f 57/52/1 424/48/1 56/1755/1
f 44/54/1 255/51/1 43/50/1
f 450/6/1 57/52/1 58/1747/1
f 204/55/4 6/57/4 191/119/4
f 386/58/5 20/60/5 373/122/5
f 217/61/6 7/56/6 204/55/6
f 399/63/7 21/59/7 386/58/7
f 230/65/8 8/62/8 217/61/8
f 412/67/9 22/64/9 399/63/9
f 243/69/10 9/71/10 230/417/10
f 425/72/11 23/74/11 412/684/11
f 256/75/12 10/70/12 243/69/12
f 438/77/13 24/73/13 425/72/13
f 269/79/14 11/76/14 256/75/14
f 451/81/15 25/78/15 438/77/15
f 282/83/16 12/80/16 269/79/16
f 464/85/17 26/82/17 451/81/17
f 295/87/18 13/84/18 282/83/18
f 477/89/19 27/86/19 464/85/19
f 308/91/20 14/88/20 295/87/20
f 139/93/21 1/95/21 125/120/21
f 490/96/22 28/90/22 477/89/22
f 321/98/23 15/92/23 308/91/23
f 152/100/24 2/94/24 139/93/24
f 503/102/25 29/97/25 490/96/25
f 334/104/26 16/106/26 321/549/26
f 165/107/27 3/101/27 152/100/27
f 516/109/28 30/103/28 503/102/28
f 347/111/29 17/105/29 334/104/29
f 178/113/30 4/108/30 165/107/30
f 529/115/31 31/110/31 516/109/31
f 360/117/32 18/112/32 347/111/32
f 191/119/33 5/114/33 178/113/33
f 125/120/34 32/121/34 529/853/34
f 373/122/35 19/118/35 360/117/35
f 72/123/10 41/125/10 606/992/10
f 85/126/11 55/128/11 84/1756/11
f 73/129/12 42/124/12 72/123/12
f 57/131/13 85/126/13 608/997/13
f 74/132/14 43/130/14 73/129/14
f 86/134/15 57/131/15 608/997/15
f 75/136/16 44/133/16 74/132/16
f 87/138/17 58/135/17 86/134/17
f 76/140/18 45/137/18 75/136/18
f 88/142/19 59/139/19 87/138/19
f 77/144/20 46/141/20 76/140/20
f 65/146/21 33/148/21 605/1006/21
f 89/149/22 60/143/22 88/142/22
f 78/151/23 47/145/23 77/144/23
f 66/153/24 34/147/24 65/146/24
f 90/155/25 61/150/25 89/149/25
f 49/157/26 78/159/26 607/1012/26
f 67/160/27 35/154/27 66/153/27
f 91/162/28 62/156/28 90/155/28
f 79/164/29 49/157/29 607/1012/29
f 68/166/30 36/161/30 67/160/30
f 92/168/31 63/163/31 91/162/31
f 80/170/32 50/165/32 79/164/32
f 69/172/33 37/167/33 68/166/33
f 33/148/34 92/175/34 605/1006/34
f 81/176/35 51/171/35 80/170/35
f 70/178/4 38/173/4 69/172/4
f 82/180/5 52/177/5 81/176/5
f 71/182/6 39/179/6 70/178/6
f 83/184/7 53/181/7 82/180/7
f 41/186/8 71/182/8 606/1028/8
f 84/187/9 54/185/9 83/184/9
f 103/189/36 12/191/36 104/195/36
f 117/192/36 26/194/36 118/197/36
f 104/195/36 13/196/36 105/199/36
f 118/197/36 27/198/36 119/201/36
f 105/199/36 14/200/36 106/203/36
f 119/201/36 28/202/36 120/208/36
f 106/203/36 15/204/36 107/210/36
f 93/205/36 2/207/36 94/1757/36
f 120/208/36 29/209/36 121/214/36
f 107/210/36 16/211/36 108/216/36
f 2/207/36 95/213/36 94/1757/36
f 121/214/36 30/215/36 122/219/36
f 108/216/36 17/217/36 109/221/36
f 95/213/36 4/218/36 96/223/36
f 122/219/36 31/220/36 123/225/36
f 109/221/36 18/222/36 110/1758/36
f 96/223/36 5/224/36 97/1759/36
f 123/225/36 32/226/36 124/231/36
f 18/222/36 111/228/36 110/1758/36
f 5/224/36 98/230/36 97/1759/36
f 124/231/36 1/206/36 93/205/36
f 111/228/36 20/232/36 112/235/36
f 6/229/36 99/234/36 98/230/36
f 112/235/36 21/236/36 113/1760/36
f 99/234/36 8/237/36 100/240/36
f 21/236/36 114/239/36 113/1760/36
f 100/240/36 9/241/36 101/243/36
f 114/239/36 23/242/36 115/245/36
f 101/243/36 10/244/36 102/247/36
f 115/245/36 24/246/36 116/248/36
f 102/247/36 11/190/36 103/189/36
f 116/248/36 25/193/36 117/192/36
f 95/213/36 93/205/36 94/1757/36
f 93/205/36 123/225/36 124/231/36
f 123/225/36 121/214/36 122/219/36
f 121/214/36 119/201/36 120/208/36
f 119/201/36 117/192/36 118/197/36
f 117/192/36 115/245/36 116/248/36
f 115/245/36 113/1760/36 114/239/36
f 113/1760/36 111/228/36 112/235/36
f 111/228/36 109/221/36 110/1758/36
f 109/221/36 107/210/36 108/216/36
f 107/210/36 105/199/36 106/203/36
f 105/199/36 103/189/36 104/195/36
f 103/189/36 101/243/36 102/247/36
f 101/243/36 99/234/36 100/240/36
f 99/234/36 97/1759/36 98/230/36
f 97/1759/36 95/213/36 96/223/36
f 95/213/36 123/225/36 93/205/36
f 123/225/36 119/201/36 121/214/36
f 119/201/36 115/245/36 117/192/36
f 115/245/36 111/228/36 113/1760/36
f 111/228/36 107/210/36 109/221/36
f 107/210/36 103/189/36 105/199/36
f 103/189/36 99/234/36 101/243/36
f 99/234/36 95/213/36 97/1759/36
f 95/213/36 119/201/36 123/225/36
f 119/201/36 111/228/36 115/245/36
f 111/228/36 103/189/36 107/210/36
f 103/189/36 95/213/36 99/234/36
f 95/213/36 111/228/36 119/201/36
f 150/249/21 125/120/21 127/852/21
f 149/250/37 127/252/37 128/854/37
f 148/253/38 128/255/38 129/855/38
f 148/256/1 130/258/1 147/1761/1
f 146/259/39 130/261/39 131/857/39
f 145/262/40 131/264/40 132/265/40
f 145/262/41 133/266/41 144/268/41
f 143/267/42 133/266/42 134/859/42
f 142/269/43 134/271/43 135/860/43
f 141/272/1 135/274/1 136/1762/1
f 140/275/21 136/277/21 137/863/21
f 140/278/1 126/16/1 138/38/1
f 163/280/24 139/93/24 150/249/24
f 162/281/44 150/251/44 149/250/500
f 161/283/45 149/254/45 148/253/45
f 160/285/1 148/256/1 147/1761/1
f 159/287/46 147/260/46 146/259/46
f 158/289/47 146/263/47 145/262/47
f 157/291/48 145/262/48 144/268/501
f 156/292/49 144/294/49 143/270/49
f 155/295/50 143/270/50 142/269/50
f 154/296/1 142/273/1 141/272/1
f 153/298/24 141/276/24 140/275/24
f 153/300/1 138/38/1 151/24/1
f 176/301/27 152/100/27 163/280/27
f 176/302/51 162/281/51 175/1763/51
f 174/303/52 162/284/52 161/283/52
f 173/305/1 161/286/1 160/285/1
f 173/307/53 159/287/53 172/325/53
f 172/308/54 158/289/54 171/310/54
f 170/309/55 158/289/55 157/291/55
f 170/311/56 156/292/56 169/312/56
f 169/312/57 155/295/57 168/330/57
f 167/313/1 155/297/1 154/296/1
f 167/315/27 153/298/27 166/333/27
f 164/23/1 153/300/1 151/24/1
f 189/317/30 165/107/30 176/301/30
f 188/318/58 176/302/58 175/1763/58
f 187/320/59 175/304/59 174/303/59
f 186/322/1 174/306/1 173/305/1
f 186/324/60 172/325/60 185/1764/60
f 185/326/61 171/310/61 184/327/61
f 184/327/62 170/309/62 183/1765/62
f 182/328/63 170/311/63 169/312/63
f 182/328/64 168/330/64 181/1766/64
f 181/331/1 167/313/1 180/1767/1
f 180/332/30 166/333/30 179/1768/30
f 179/334/1 164/23/1 177/28/1
f 202/335/33 178/113/33 189/317/33
f 201/336/65 189/319/65 188/318/65
f 200/338/66 188/321/66 187/320/66
f 199/340/1 187/323/1 186/322/1
f 198/342/67 186/324/67 185/1764/67
f 197/344/68 185/326/68 184/327/68
f 196/346/69 184/327/69 183/1765/69
f 195/347/70 183/329/70 182/328/70
f 194/349/71 182/328/71 181/1766/502
f 193/350/1 181/331/1 180/1767/1
f 192/352/33 180/332/33 179/1768/33
f 190/33/1 179/334/1 177/28/1
f 215/355/4 191/119/4 202/335/4
f 214/356/72 202/337/73 201/336/73
f 213/358/74 201/339/74 200/338/74
f 212/360/1 200/341/1 199/340/1
f 211/362/75 199/343/75 198/342/75
f 210/364/76 198/345/76 197/344/76
f 210/364/77 196/346/77 209/386/77
f 208/366/78 196/348/78 195/347/78
f 207/368/79 195/347/79 194/349/79
f 206/369/1 194/351/1 193/350/1
f 205/371/4 193/353/4 192/352/4
f 205/373/1 190/33/1 203/36/1
f 228/374/6 204/55/6 215/355/6
f 227/375/80 215/357/81 214/356/81
f 226/377/82 214/359/82 213/358/82
f 226/379/1 212/360/1 225/1769/1
f 224/380/83 212/363/83 211/362/83
f 223/382/84 211/365/84 210/364/84
f 222/384/85 210/364/85 209/386/85
f 221/385/86 209/386/86 208/1770/86
f 220/387/87 208/366/87 207/368/87
f 220/389/1 206/369/1 219/1771/1
f 218/390/6 206/372/6 205/371/6
f 218/392/1 203/36/1 216/41/1
f 241/393/8 217/61/8 228/374/8
f 240/394/88 228/376/88 227/375/88
f 239/396/89 227/398/89 226/1772/89
f 238/399/1 226/379/1 225/1769/1
f 237/401/90 225/403/90 224/1773/90
f 237/404/91 223/382/91 236/405/91
f 236/405/92 222/384/92 235/407/92
f 234/406/93 222/384/93 221/385/93
f 234/408/94 220/410/94 233/1774/94
f 232/411/1 220/389/1 219/1771/1
f 231/413/8 219/391/8 218/390/8
f 231/415/1 216/41/1 229/44/1
f 254/416/10 230/417/10 241/1775/10
f 253/418/95 241/395/95 240/394/95
f 252/420/96 240/397/96 239/396/96
f 252/422/1 238/399/1 251/1776/1
f 250/423/97 238/402/97 237/401/97
f 249/425/98 237/404/98 236/405/98
f 248/427/99 236/405/99 235/407/99
f 247/428/100 235/430/100 234/408/100
f 246/431/101 234/408/101 233/1774/101
f 245/432/1 233/412/1 232/411/1
f 244/434/10 232/436/10 231/1777/10
f 242/46/1 231/415/1 229/44/1
f 267/438/12 243/69/12 254/416/12
f 266/439/102 254/419/102 253/418/102
f 265/441/103 253/421/103 252/420/103
f 264/443/1 252/422/1 251/1776/1
f 263/445/104 251/424/104 250/423/104
f 262/447/105 250/426/105 249/425/105
f 261/449/106 249/425/106 248/427/106
f 260/450/108 248/429/108 247/428/108
f 260/450/109 246/431/109 259/469/109
f 258/452/1 246/433/1 245/432/1
f 257/454/12 245/435/12 244/434/12
f 255/51/1 244/437/1 242/46/1
f 280/457/14 256/75/14 267/438/14
f 280/458/110 266/439/110 279/1778/110
f 278/459/112 266/442/112 265/441/112
f 277/461/1 265/444/1 264/443/1
f 276/463/113 264/446/113 263/445/113
f 276/465/114 262/447/114 275/466/114
f 275/466/115 261/449/115 274/486/115
f 273/467/116 261/451/116 260/450/116
f 273/467/117 259/469/117 272/489/117
f 271/470/1 259/453/1 258/452/1
f 270/472/14 258/455/14 257/454/14
f 270/474/1 255/51/1 268/3/1
f 293/475/16 269/79/16 280/457/16
f 292/476/118 280/458/118 279/1778/118
f 291/478/119 279/460/119 278/459/119
f 290/480/1 278/462/1 277/461/1
f 289/482/120 277/464/120 276/463/120
f 289/484/121 275/466/121 288/485/121
f 288/485/122 274/486/122 287/1779/122
f 286/487/123 274/468/123 273/467/123
f 286/487/124 272/489/124 285/1780/503
f 285/490/1 271/470/1 284/1781/1
f 283/491/16 271/473/16 270/472/16
f 283/493/1 268/3/1 281/2/1
f 295/87/18 293/475/18 306/1782/18
f 305/494/125 293/477/125 292/476/125
f 304/496/127 292/479/127 291/478/127
f 303/498/1 291/481/1 290/480/1
f 302/500/128 290/483/128 289/482/128
f 301/502/129 289/484/129 288/485/129
f 300/504/130 288/485/130 287/1779/130
f 299/505/131 287/488/131 286/487/131
f 298/507/132 286/487/132 285/1780/504
f 297/508/1 285/490/1 284/1781/1
f 296/510/18 284/492/18 283/491/18
f 294/8/2 283/493/1 281/2/1
f 319/513/20 295/87/20 306/1782/20
f 318/514/133 306/495/133 305/494/133
f 318/516/134 304/496/134 317/1783/134
f 316/517/1 304/499/1 303/498/1
f 315/519/135 303/501/135 302/500/135
f 314/521/136 302/503/136 301/502/136
f 314/521/137 300/504/137 313/1784/137
f 313/523/138 299/505/138 312/524/138
f 312/524/139 298/507/139 311/1785/139
f 311/525/1 297/508/1 310/544/1
f 309/526/20 297/511/20 296/510/20
f 307/11/1 296/512/1 294/8/2
f 332/529/23 308/91/23 319/513/23
f 332/530/140 318/514/141 331/1786/140
f 330/531/142 318/516/142 317/1783/142
f 329/533/1 317/518/1 316/517/1
f 328/535/143 316/520/143 315/519/143
f 327/537/144 315/522/144 314/521/144
f 326/539/145 314/521/145 313/1784/145
f 326/540/146 312/524/146 325/542/146
f 324/541/147 312/524/147 311/1785/147
f 324/543/1 310/544/1 323/1787/1
f 322/545/23 310/527/23 309/526/23
f 320/14/1 309/528/1 307/11/1
f 345/548/26 321/549/26 332/1788/26
f 344/550/148 332/530/148 331/1786/148
f 343/552/149 331/554/149 330/1789/149
f 343/555/1 329/533/1 342/578/1
f 341/556/150 329/558/150 328/1790/150
f 340/559/151 328/538/151 327/537/151
f 339/561/152 327/537/152 326/539/152
f 338/562/153 326/539/153 325/1791/153
f 338/563/154 324/565/154 337/1792/154
f 336/566/1 324/543/1 323/1787/1
f 335/568/26 323/570/26 322/1793/26
f 333/21/1 322/547/1 320/14/1
f 358/572/29 334/104/29 345/548/29
f 357/573/155 345/551/155 344/550/155
f 356/575/156 344/553/156 343/552/156
f 356/577/1 342/578/1 355/1794/1
f 355/579/157 341/556/157 354/1795/157
f 353/580/158 341/560/158 340/559/158
f 352/582/159 340/559/159 339/561/159
f 352/583/160 338/563/160 351/586/160
f 350/585/161 338/563/161 337/1792/161
f 349/587/1 337/567/1 336/566/1
f 349/589/29 335/568/29 348/608/29
f 346/27/1 335/571/1 333/21/1
f 371/591/32 347/111/32 358/572/32
f 370/592/162 358/574/162 357/573/505
f 369/594/163 357/576/163 356/575/163
f 368/596/1 356/577/1 355/1794/1
f 367/598/164 355/579/164 354/1795/164
f 366/600/165 354/581/165 353/580/165
f 366/600/166 352/582/166 365/1796/166
f 364/602/167 352/583/167 351/586/167
f 363/604/168 351/586/168 350/585/168
f 362/605/1 350/588/1 349/587/1
f 362/607/32 348/608/32 361/1472/32
f 359/30/1 348/590/1 346/27/1
f 384/610/35 360/117/35 371/591/35
f 384/611/169 370/592/169 383/629/169
f 382/612/170 370/595/170 369/594/170
f 381/614/1 369/597/1 368/596/1
f 380/616/171 368/599/171 367/598/171
f 379/618/172 367/601/172 366/600/172
f 378/620/173 366/600/173 365/1796/173
f 377/621/174 365/603/174 364/602/174
f 376/623/175 364/602/175 363/604/175
f 376/624/1 362/605/1 375/640/1
f 374/625/35 362/607/35 361/1472/35
f 374/627/1 359/30/1 372/35/1
f 386/58/5 384/610/5 397/644/5
f 397/628/176 383/629/176 396/1797/176
f 395/630/177 383/613/177 382/612/177
f 395/632/1 381/614/1 394/1798/1
f 393/633/178 381/617/178 380/616/178
f 393/635/179 379/618/179 392/636/179
f 392/636/180 378/620/180 391/1799/180
f 390/637/181 378/622/181 377/621/181
f 390/637/182 376/623/182 389/1800/182
f 389/639/1 375/640/1 388/1801/1
f 387/641/5 375/626/5 374/625/5
f 385/39/1 374/627/1 372/35/1
f 399/63/7 397/644/7 410/1802/7
f 409/645/183 397/628/183 396/1797/183
f 408/647/184 396/631/184 395/630/184
f 407/649/1 395/632/1 394/1798/1
f 406/651/185 394/634/185 393/633/185
f 405/653/186 393/635/186 392/636/186
f 404/655/187 392/636/187 391/1799/187
f 403/656/188 391/638/188 390/637/188
f 402/658/189 390/637/189 389/1800/506
f 401/659/1 389/639/1 388/1801/1
f 400/661/7 388/642/7 387/641/7
f 398/43/1 387/643/1 385/39/1
f 423/664/9 399/63/9 410/1802/9
f 422/665/190 410/646/191 409/645/191
f 421/667/192 409/648/192 408/647/192
f 420/669/1 408/650/1 407/649/1
f 419/671/193 407/652/193 406/651/193
f 418/673/194 406/654/194 405/653/194
f 417/675/195 405/653/195 404/655/195
f 417/675/196 403/676/196 416/1803/196
f 416/677/197 402/658/197 415/1804/197
f 414/678/1 402/660/1 401/659/1
f 413/680/9 401/662/9 400/661/9
f 411/45/1 400/663/1 398/43/1
f 436/683/11 412/684/11 423/1805/11
f 436/685/198 422/665/199 435/1806/198
f 434/1807/200 422/1808/200 421/1809/200
f 433/689/1 421/670/1 420/669/1
f 432/691/201 420/672/201 419/671/201
f 432/693/202 418/673/202 431/695/202
f 430/694/203 418/673/203 417/675/203
f 429/696/204 417/675/204 416/1803/204
f 428/697/205 416/699/205 415/1810/205
f 428/700/1 414/678/1 427/1811/1
f 426/701/11 414/681/11 413/680/11
f 424/48/1 413/682/1 411/45/1
f 449/704/13 425/72/13 436/683/13
f 448/705/206 436/685/206 435/1806/206
f 447/707/207 435/709/207 434/1812/207
f 447/710/1 433/689/1 446/732/1
f 445/711/208 433/713/208 432/1813/208
f 444/714/209 432/693/209 431/695/209
f 444/714/210 430/694/210 443/717/210
f 442/716/211 430/694/211 429/696/211
f 441/718/212 429/698/212 428/697/212
f 440/720/1 428/700/1 427/1811/1
f 439/722/13 427/724/13 426/1814/13
f 437/53/1 426/703/1 424/48/1
f 462/726/15 438/77/15 449/704/15
f 461/727/213 449/706/213 448/705/213
f 460/729/214 448/708/214 447/707/214
f 460/731/1 446/732/1 459/1815/1
f 459/733/215 445/711/215 458/1602/215
f 457/734/216 445/715/216 444/714/216
f 457/734/217 443/717/217 456/1816/217
f 456/736/218 442/719/218 455/739/218
f 454/738/219 442/719/219 441/718/219
f 454/740/1 440/720/1 453/760/1
f 452/741/15 440/723/15 439/722/15
f 450/6/1 439/725/1 437/53/1
f 475/744/17 451/81/17 462/726/17
f 474/745/220 462/728/220 461/727/220
f 473/747/221 461/730/221 460/729/221
f 472/749/1 460/731/1 459/1815/1
f 471/751/222 459/733/222 458/1602/222
f 470/753/223 458/735/223 457/734/223
f 469/755/224 457/734/224 456/1816/224
f 468/756/226 456/736/226 455/739/226
f 467/758/227 455/739/227 454/738/227
f 467/759/1 453/760/1 466/1817/1
f 465/761/17 453/742/17 452/741/17
f 463/5/1 452/743/1 450/6/1
f 488/764/19 464/85/19 475/744/19
f 488/765/228 474/745/228 487/781/228
f 486/766/230 474/748/230 473/747/230
f 486/768/1 472/749/1 485/785/1
f 484/769/231 472/752/231 471/751/231
f 483/771/232 471/754/232 470/753/232
f 482/773/233 470/753/233 469/755/233
f 482/774/234 468/756/234 481/775/234
f 481/775/235 467/758/235 480/791/235
f 479/776/1 467/759/1 466/1817/1
f 479/778/19 465/761/19 478/794/19
f 476/9/1 465/763/1 463/5/1
f 490/96/22 488/764/22 501/1818/22
f 501/780/236 487/781/236 500/1819/236
f 499/782/237 487/767/237 486/766/237
f 499/784/1 485/785/1 498/1820/1
f 498/786/238 484/769/238 497/1660/238
f 497/787/239 483/771/239 496/788/239
f 496/788/240 482/773/240 495/1821/240
f 495/789/241 481/775/241 494/790/241
f 494/790/242 480/791/242 493/1822/507
f 493/792/1 479/776/1 492/1823/1
f 492/793/22 478/794/22 491/1824/22
f 491/795/1 476/9/1 489/12/1
f 514/796/25 490/96/25 501/1818/25
f 513/797/243 501/780/243 500/1819/243
f 512/799/245 500/783/245 499/782/245
f 511/801/1 499/784/1 498/1820/1
f 510/803/246 498/786/246 497/1660/246
f 509/805/247 497/787/247 496/788/247
f 508/807/248 496/788/248 495/1821/248
f 507/808/249 495/789/249 494/790/249
f 506/810/250 494/790/250 493/1822/508
f 505/811/1 493/792/1 492/1823/1
f 504/813/25 492/793/25 491/1824/25
f 502/18/1 491/795/1 489/12/1
f 527/816/28 503/102/28 514/796/28
f 526/817/251 514/798/251 513/797/251
f 526/819/252 512/799/252 525/1825/252
f 524/820/1 512/802/1 511/801/1
f 523/822/253 511/804/253 510/803/253
f 523/824/254 509/805/254 522/825/254
f 522/825/255 508/807/255 521/826/255
f 521/826/256 507/827/256 520/1826/256
f 519/828/257 507/808/257 506/810/257
f 519/830/1 505/811/1 518/849/1
f 517/831/28 505/814/28 504/813/28
f 517/833/1 502/18/1 515/26/1
f 540/834/31 516/109/31 527/816/31
f 540/835/258 526/817/259 539/1827/258
f 538/836/260 526/819/260 525/1825/260
f 537/838/1 525/821/1 524/820/1
f 536/840/261 524/823/261 523/822/261
f 535/842/262 523/824/262 522/825/262
f 534/844/263 522/825/263 521/826/263
f 533/845/264 521/826/264 520/1826/264
f 532/846/265 520/829/265 519/828/265
f 532/848/1 518/849/1 531/862/1
f 531/850/31 517/831/31 530/1828/31
f 530/851/1 515/26/1 528/17/1
f 127/852/34 529/853/34 540/1829/34
f 128/854/266 540/835/266 539/1827/266
f 129/855/267 539/856/267 538/1830/267
f 129/257/1 537/838/1 130/258/1
f 131/857/268 537/858/268 536/1831/268
f 132/265/269 536/843/269 535/842/269
f 133/266/270 535/842/270 534/844/270
f 134/859/271 534/844/271 533/845/271
f 135/860/272 533/861/272 532/1832/272
f 135/274/1 531/862/1 136/1762/1
f 137/863/34 531/864/34 530/1833/34
f 126/16/1 530/851/1 528/17/1
f 34/865/1 126/16/1 33/15/1
f 784/866/36 585/868/36 584/927/36
f 966/869/36 599/871/36 598/928/36
f 810/872/36 585/868/36 797/867/36
f 979/870/36 600/875/36 599/871/36
f 823/876/36 586/873/36 810/872/36
f 1005/878/36 600/875/36 992/874/36
f 823/876/36 588/881/36 587/877/36
f 1044/882/36 573/884/36 604/898/36
f 1005/878/36 602/886/36 601/879/36
f 849/887/36 588/881/36 836/880/36
f 667/889/36 576/891/36 575/907/36
f 1018/885/36 603/893/36 602/886/36
f 849/887/36 590/895/36 589/888/36
f 693/896/36 576/891/36 680/890/36
f 1044/882/36 603/893/36 1031/892/36
f 862/894/36 591/900/36 590/895/36
f 693/896/36 578/902/36 577/897/36
f 875/899/36 592/904/36 591/900/36
f 706/901/36 579/906/36 578/902/36
f 667/889/36 574/908/36 654/1123/36
f 901/909/36 592/904/36 888/903/36
f 719/905/36 580/912/36 579/906/36
f 901/909/36 594/914/36 593/910/36
f 732/911/36 581/916/36 580/912/36
f 914/913/36 595/918/36 594/914/36
f 745/915/36 582/920/36 581/916/36
f 940/921/36 595/918/36 927/917/36
f 758/919/36 583/924/36 582/920/36
f 940/921/36 597/926/36 596/922/36
f 771/923/36 584/927/36 583/924/36
f 953/925/36 598/928/36 597/926/36
f 546/929/4 720/930/4 707/988/4
f 560/931/5 902/933/5 889/990/5
f 547/56/6 733/934/6 720/930/6
f 561/932/7 915/936/7 902/933/7
f 548/62/8 746/938/8 733/934/8
f 562/935/9 928/940/9 915/936/9
f 549/941/10 759/943/10 746/1265/10
f 563/709/11 941/945/11 928/1551/11
f 550/942/12 772/947/12 759/943/12
f 564/944/13 954/949/13 941/945/13
f 551/946/14 785/951/14 772/947/14
f 565/948/15 967/953/15 954/949/15
f 552/950/16 798/955/16 785/951/16
f 566/952/17 980/957/17 967/953/17
f 553/954/18 811/959/18 798/955/18
f 567/956/19 993/961/19 980/957/19
f 554/958/20 824/963/20 811/959/20
f 541/95/21 655/964/21 641/989/21
f 568/960/22 1006/966/22 993/961/22
f 555/962/23 837/968/23 824/963/23
f 542/94/24 668/970/24 655/964/24
f 569/965/25 1019/972/25 1006/966/25
f 556/973/26 850/975/26 837/1412/26
f 543/969/27 681/977/27 668/970/27
f 570/971/28 1032/979/28 1019/972/28
f 557/974/29 863/981/29 850/975/29
f 544/976/30 694/983/30 681/977/30
f 571/978/31 1045/985/31 1032/979/31
f 558/980/32 876/987/32 863/981/32
f 545/982/33 707/988/33 694/983/33
f 572/121/34 641/989/34 1045/1731/34
f 559/986/35 889/990/35 876/987/35
f 582/991/10 606/992/10 581/1834/10
f 595/993/11 85/126/11 84/1756/11
f 582/991/12 73/129/12 72/123/12
f 596/994/13 608/997/13 85/126/13
f 583/995/14 74/132/14 73/129/14
f 598/999/15 608/997/15 597/996/15
f 584/998/16 75/136/16 74/132/16
f 598/999/17 87/138/17 86/134/17
f 585/1000/18 76/140/18 75/136/18
f 599/1001/19 88/142/19 87/138/19
f 586/1002/20 77/144/20 76/140/20
f 574/1005/21 605/1006/21 573/1021/21
f 600/1003/22 89/149/22 88/142/22
f 587/1004/23 78/151/23 77/144/23
f 574/1005/24 66/153/24 65/146/24
f 601/1007/25 90/155/25 89/149/25
f 588/1010/26 607/1012/26 78/159/26
f 575/1008/27 67/160/27 66/153/27
f 602/1009/28 91/162/28 90/155/28
f 590/1015/29 607/1012/29 589/1011/29
f 576/1013/30 68/166/30 67/160/30
f 603/1014/31 92/168/31 91/162/31
f 590/1015/32 80/170/32 79/164/32
f 577/1016/33 69/172/33 68/166/33
f 604/1020/34 605/1006/34 92/175/34
f 591/1018/35 81/176/35 80/170/35
f 578/1019/4 70/178/4 69/172/4
f 592/1022/5 82/180/5 81/176/5
f 579/1023/6 71/182/6 70/178/6
f 593/1024/7 83/184/7 82/180/7
f 580/1025/8 606/1028/8 71/182/8
f 594/1026/9 84/187/9 83/184/9
f 552/1030/1 619/1032/1 620/1037/1
f 566/1033/1 633/1035/1 634/1039/1
f 553/1036/1 620/1037/1 621/1041/1
f 567/1038/1 634/1039/1 635/1043/1
f 554/1040/1 621/1041/1 622/1045/1
f 568/1042/1 635/1043/1 636/1050/1
f 555/1044/1 622/1045/1 623/1052/1
f 542/1046/1 609/1048/1 610/1053/1
f 569/1049/1 636/1050/1 637/1056/1
f 556/1051/1 623/1052/1 624/1058/1
f 542/1046/1 611/1054/1 543/1060/1
f 570/1055/1 637/1056/1 638/1062/1
f 557/1057/1 624/1058/1 625/1064/1
f 544/1059/1 611/1054/1 612/1066/1
f 571/1061/1 638/1062/1 639/1068/1
f 558/1063/1 625/1064/1 626/1069/1
f 545/1065/1 612/1066/1 613/1071/1
f 572/1067/1 639/1068/1 640/1073/1
f 558/1063/1 627/1070/1 559/1075/1
f 545/1065/1 614/1072/1 546/1077/1
f 541/1047/1 640/1073/1 609/1048/1
f 560/1074/1 627/1070/1 628/1079/1
f 547/1076/1 614/1072/1 615/1081/1
f 561/1078/1 628/1079/1 629/1082/1
f 548/1080/1 615/1081/1 616/1085/1
f 561/1078/1 630/1083/1 562/1087/1
f 549/1084/1 616/1085/1 617/1089/1
f 563/1086/1 630/1083/1 631/1091/1
f 550/1088/1 617/1089/1 618/1092/1
f 564/1090/1 631/1091/1 632/1093/1
f 551/1031/1 618/1092/1 619/1032/1
f 565/1034/1 632/1093/1 633/1035/1
f 609/1048/1 611/1054/1 610/1053/1
f 611/1054/1 613/1071/1 612/1066/1
f 613/1071/1 615/1081/1 614/1072/1
f 615/1081/1 617/1089/1 616/1085/1
f 617/1089/1 619/1032/1 618/1092/1
f 619/1032/1 621/1041/1 620/1037/1
f 621/1041/1 623/1052/1 622/1045/1
f 623/1052/1 625/1064/1 624/1058/1
f 625/1064/1 627/1070/1 626/1069/1
f 627/1070/1 629/1082/1 628/1079/1
f 629/1082/1 631/1091/1 630/1083/1
f 631/1091/1 633/1035/1 632/1093/1
f 633/1035/1 635/1043/1 634/1039/1
f 635/1043/1 637/1056/1 636/1050/1
f 637/1056/1 639/1068/1 638/1062/1
f 639/1068/1 609/1048/1 640/1073/1
f 609/1048/1 613/1071/1 611/1054/1
f 613/1071/1 617/1089/1 615/1081/1
f 617/1089/1 621/1041/1 619/1032/1
f 621/1041/1 625/1064/1 623/1052/1
f 625/1064/1 629/1082/1 627/1070/1
f 629/1082/1 633/1035/1 631/1091/1
f 633/1035/1 637/1056/1 635/1043/1
f 637/1056/1 609/1048/1 639/1068/1
f 609/1048/1 617/1089/1 613/1071/1
f 617/1089/1 625/1064/1 621/1041/1
f 625/1064/1 633/1035/1 629/1082/1
f 633/1035/1 609/1048/1 637/1056/1
f 609/1048/1 625/1064/1 617/1089/1
f 641/989/21 666/1094/21 643/1732/21
f 643/1095/273 665/1097/273 644/1733/273
f 644/1098/274 664/1100/274 645/1735/274
f 645/1101/36 663/1103/36 646/1736/36
f 663/1104/275 647/1106/275 646/1738/275
f 662/1107/276 648/1109/276 647/1739/276
f 661/1108/277 649/1111/277 648/1109/277
f 649/1111/278 659/1112/278 650/1740/278
f 650/1113/279 658/1115/279 651/1742/279
f 651/1116/36 657/1118/36 652/1743/36
f 652/1119/21 656/1121/21 653/1745/21
f 656/1122/36 642/883/36 653/1746/36
f 655/964/24 679/1124/24 666/1094/24
f 666/1096/280 678/1126/280 665/1097/280
f 665/1099/282 677/1128/282 664/1100/282
f 664/1102/36 676/1130/36 663/1103/36
f 663/1104/283 675/1132/283 662/1105/283
f 662/1107/284 674/1134/284 661/1108/284
f 661/1108/285 673/1135/285 660/1110/285
f 660/1136/286 672/1138/286 659/1114/286
f 659/1114/287 671/1139/287 658/1115/287
f 658/1117/36 670/1141/36 657/1118/36
f 657/1120/24 669/1143/24 656/1121/24
f 656/1122/36 667/889/36 654/1123/36
f 668/970/27 692/1145/27 679/1124/27
f 692/1146/288 678/1126/288 679/1125/288
f 678/1127/289 690/1149/289 677/1128/289
f 677/1129/36 689/1151/36 676/1130/36
f 689/1152/290 675/1132/290 676/1131/290
f 675/1133/291 687/1155/291 674/1134/291
f 674/1134/292 686/1156/292 673/1135/292
f 673/1137/293 685/1158/293 672/1138/293
f 685/1158/294 671/1139/294 672/1138/294
f 671/1140/36 683/1161/36 670/1141/36
f 683/1162/27 669/1143/27 670/1142/27
f 669/1144/36 680/890/36 667/889/36
f 681/977/30 705/1165/30 692/1145/30
f 705/1166/295 691/1147/295 692/1146/295
f 691/1148/296 703/1169/296 690/1149/296
f 690/1150/36 702/1171/36 689/1151/36
f 702/1172/297 688/1153/297 689/1152/297
f 701/1174/298 687/1155/298 688/1154/298
f 700/1175/299 686/1156/299 687/1155/299
f 699/1177/300 685/1158/300 686/1157/300
f 698/1178/301 684/1159/301 685/1158/301
f 697/1180/36 683/1161/36 684/1160/36
f 696/1182/30 682/1163/30 683/1162/30
f 695/1184/36 680/890/36 682/1164/36
f 694/983/33 718/1185/33 705/1165/33
f 705/1166/302 717/1187/302 704/1167/302
f 704/1168/303 716/1189/303 703/1169/303
f 703/1170/36 715/1191/36 702/1171/36
f 702/1172/304 714/1193/304 701/1173/304
f 701/1174/305 713/1195/305 700/1175/305
f 700/1175/306 712/1196/306 699/1176/306
f 699/1177/307 711/1198/307 698/1178/307
f 698/1178/308 710/1199/308 697/1179/308
f 697/1180/36 709/1201/36 696/1181/36
f 696/1182/33 708/1203/33 695/1183/33
f 695/1184/36 706/901/36 693/896/36
f 707/988/4 731/1205/4 718/1185/4
f 718/1186/309 730/1207/309 717/1187/309
f 717/1188/310 729/1209/310 716/1189/310
f 716/1190/36 728/1211/36 715/1191/36
f 715/1192/311 727/1213/311 714/1193/311
f 714/1194/312 726/1215/312 713/1195/312
f 726/1215/313 712/1196/313 713/1195/313
f 712/1197/314 724/1218/314 711/1198/314
f 724/1218/315 710/1199/315 711/1198/315
f 710/1200/36 722/1221/36 709/1201/36
f 709/1202/4 721/1223/4 708/1203/4
f 721/1224/36 706/901/36 708/1204/36
f 720/930/6 744/1225/6 731/1205/6
f 731/1206/316 743/1227/316 730/1207/316
f 730/1208/317 742/1229/317 729/1209/317
f 729/1210/36 741/1231/36 728/1211/36
f 728/1212/318 740/1233/318 727/1213/318
f 727/1214/319 739/1235/319 726/1215/319
f 726/1215/320 738/1236/320 725/1216/320
f 725/1216/321 737/1237/321 724/1835/321
f 724/1218/322 736/1239/322 723/1219/322
f 736/1240/36 722/1221/36 723/1220/36
f 735/1242/6 721/1223/6 722/1222/6
f 721/1224/36 732/911/36 719/905/36
f 733/934/8 757/1245/8 744/1225/8
f 757/1246/323 743/1227/323 744/1226/323
f 743/1228/324 755/1249/324 742/1229/324
f 742/1230/36 754/1251/36 741/1231/36
f 741/1232/325 753/1253/325 740/1233/325
f 753/1254/326 739/1235/326 740/1234/326
f 752/1255/327 738/1236/327 739/1235/327
f 738/1236/328 750/1257/328 737/1237/328
f 750/1258/329 736/1239/329 737/1238/329
f 736/1240/36 748/1261/36 735/1241/36
f 735/1242/8 747/1263/8 734/1243/8
f 747/1264/36 732/911/36 734/1244/36
f 746/1265/10 770/1266/10 757/1836/10
f 770/1267/330 756/1247/330 757/1246/330
f 756/1269/331 768/1271/331 755/1837/331
f 768/1272/36 754/1251/36 755/1250/36
f 754/1274/332 766/1276/332 753/1838/332
f 753/1254/333 765/1278/333 752/1255/333
f 752/1255/334 764/1279/334 751/1256/334
f 751/1256/335 763/1280/335 750/1257/335
f 750/1281/336 762/1283/336 749/1839/336
f 749/1260/36 761/1285/36 748/1261/36
f 748/1286/10 760/1288/10 747/1840/10
f 747/1264/36 758/919/36 745/915/36
f 759/943/12 783/1290/12 770/1266/12
f 770/1267/337 782/1292/337 769/1268/337
f 769/1270/339 781/1294/339 768/1271/339
f 768/1272/36 780/1296/36 767/1273/36
f 767/1275/340 779/1298/340 766/1276/340
f 766/1277/341 778/1300/341 765/1278/341
f 765/1278/342 777/1301/342 764/1279/342
f 764/1279/343 776/1302/343 763/1280/343
f 776/1303/344 762/1283/344 763/1282/344
f 762/1284/36 774/1306/36 761/1285/36
f 761/1287/12 773/1308/12 760/1288/12
f 760/1289/36 771/923/36 758/919/36
f 772/947/14 796/1310/14 783/1290/14
f 796/1311/345 782/1292/345 783/1291/345
f 782/1293/346 794/1314/346 781/1294/346
f 781/1295/36 793/1316/36 780/1296/36
f 780/1297/347 792/1318/347 779/1298/347
f 779/1299/348 791/1320/348 778/1300/348
f 778/1300/349 790/1321/349 777/1301/349
f 777/1322/350 789/1324/350 776/1303/350
f 789/1324/351 775/1304/351 776/1303/351
f 775/1305/36 787/1327/36 774/1306/36
f 774/1307/14 786/1329/14 773/1308/14
f 786/1330/36 771/923/36 773/1309/36
f 785/951/16 809/1331/16 796/1310/16
f 809/1332/352 795/1312/352 796/1311/352
f 795/1313/353 807/1335/353 794/1314/353
f 794/1315/36 806/1337/36 793/1316/36
f 793/1317/354 805/1339/354 792/1318/354
f 805/1340/355 791/1320/355 792/1319/355
f 804/1341/356 790/1321/356 791/1320/356
f 790/1323/357 802/1344/357 789/1324/357
f 802/1344/358 788/1325/358 789/1324/358
f 801/1346/36 787/1327/36 788/1326/36
f 787/1328/16 799/1349/16 786/1329/16
f 799/1350/36 784/866/36 786/1330/36
f 811/959/18 809/1331/18 798/955/18
f 809/1332/359 821/1353/359 808/1333/359
f 808/1334/360 820/1355/360 807/1335/360
f 807/1336/36 819/1357/36 806/1337/36
f 806/1338/361 818/1359/361 805/1339/361
f 805/1340/362 817/1361/362 804/1341/362
f 804/1341/363 816/1362/363 803/1342/363
f 803/1343/364 815/1364/364 802/1344/364
f 802/1344/365 814/1365/365 801/1345/365
f 801/1346/36 813/1367/36 800/1347/36
f 800/1348/18 812/1369/18 799/1349/18
f 799/1350/36 810/872/36 797/867/36
f 811/959/20 835/1371/20 822/1351/20
f 822/1352/366 834/1373/366 821/1353/366
f 834/1374/367 820/1355/367 821/1354/367
f 833/1376/36 819/1357/36 820/1356/36
f 819/1358/368 831/1379/368 818/1359/368
f 818/1360/369 830/1381/369 817/1361/369
f 830/1381/370 816/1362/370 817/1361/370
f 829/1382/371 815/1384/371 816/1362/371
f 815/1364/372 827/1386/372 814/1365/372
f 827/1387/36 813/1367/36 814/1366/36
f 813/1368/20 825/1390/20 812/1369/20
f 812/1370/36 823/876/36 810/872/36
f 824/963/23 848/1392/23 835/1371/23
f 848/1393/373 834/1373/373 835/1372/509
f 834/1374/374 846/1396/374 833/1375/374
f 833/1376/36 845/1398/36 832/1377/36
f 832/1378/375 844/1400/375 831/1379/375
f 831/1380/376 843/1402/376 830/1381/376
f 830/1381/377 842/1403/377 829/1382/377
f 842/1403/378 828/1383/378 829/1382/378
f 828/1385/379 840/1406/379 827/1386/379
f 840/1407/36 826/1388/36 827/1387/36
f 826/1389/23 838/1410/23 825/1390/23
f 825/1391/36 836/880/36 823/876/36
f 837/1412/26 861/1413/26 848/1841/26
f 848/1393/380 860/1415/380 847/1394/380
f 847/1416/381 859/1418/381 846/1842/381
f 846/1397/36 858/1420/36 845/1398/36
f 845/558/382 857/1421/382 844/1843/382
f 844/1401/383 856/1423/383 843/1402/383
f 843/1402/384 855/1424/384 842/1403/384
f 842/1403/385 854/1425/385 841/1404/385
f 854/1426/386 840/1428/386 841/1844/386
f 840/1407/36 852/1430/36 839/1408/36
f 839/1431/26 851/1433/26 838/1845/26
f 838/1411/36 849/887/36 836/880/36
f 850/975/29 874/1435/29 861/1413/29
f 861/1414/387 873/1437/387 860/1415/387
f 860/1417/388 872/1439/388 859/1418/388
f 859/1419/36 871/1441/36 858/1420/36
f 871/1442/389 857/1421/389 858/557/389
f 857/1422/390 869/1445/390 856/1423/390
f 856/1423/391 868/1446/391 855/1424/391
f 868/1447/392 854/1426/392 855/1846/392
f 854/1426/393 866/1449/393 853/1427/393
f 853/1429/36 865/1451/36 852/1430/36
f 852/1432/29 864/1453/29 851/1433/29
f 851/1434/36 862/894/36 849/887/36
f 863/981/32 887/1455/32 874/1435/32
f 874/1436/394 886/1457/394 873/1437/394
f 873/1438/396 885/1459/396 872/1439/396
f 872/1440/36 884/1461/36 871/1441/36
f 871/1442/397 883/1462/397 870/1443/397
f 870/1444/398 882/1464/398 869/1445/398
f 882/1464/399 868/1446/399 869/1445/399
f 868/1447/400 880/1467/400 867/1448/400
f 867/1448/401 879/1468/401 866/1449/401
f 866/1450/36 878/1470/36 865/1451/36
f 878/1471/32 864/1453/32 865/1452/32
f 864/1454/36 875/899/36 862/894/36
f 876/987/35 900/1474/35 887/1455/35
f 900/1475/402 886/1457/402 887/1456/402
f 886/1458/403 898/1478/403 885/1459/403
f 885/1460/36 897/1480/36 884/1461/36
f 884/599/404 896/1482/404 883/1462/404
f 883/1463/405 895/1484/405 882/1464/405
f 882/1464/406 894/1485/406 881/1465/406
f 881/1466/407 893/1487/407 880/1467/407
f 880/1467/408 892/1488/408 879/1468/408
f 879/1469/36 891/1490/36 878/1470/36
f 878/1471/35 890/625/35 877/1472/35
f 890/1492/36 875/899/36 877/1473/36
f 902/933/5 900/1474/5 889/990/5
f 913/1494/409 899/1476/409 900/1475/409
f 899/1477/410 911/1497/410 898/1478/410
f 898/1479/36 910/1499/36 897/1480/36
f 897/1481/411 909/1501/411 896/1482/411
f 909/1502/412 895/1484/412 896/1483/412
f 908/1503/413 894/1485/413 895/1484/413
f 894/1486/414 906/1506/414 893/1487/414
f 906/1506/415 892/1488/415 893/1487/415
f 905/1508/36 891/1490/36 892/1489/36
f 891/1491/5 903/641/5 890/625/5
f 890/1492/36 901/909/36 888/903/36
f 915/936/7 913/1493/7 902/933/7
f 913/1494/416 925/1514/416 912/1495/416
f 912/1496/417 924/1516/417 911/1497/417
f 911/1498/36 923/1518/36 910/1499/36
f 910/1500/418 922/1519/418 909/1501/418
f 909/1502/419 921/1521/419 908/1503/419
f 908/1503/420 920/1522/420 907/1504/420
f 907/1505/421 919/1524/421 906/1506/421
f 906/1506/422 918/1525/422 905/1507/422
f 905/1508/36 917/1527/36 904/1509/36
f 904/1510/7 916/1529/7 903/641/7
f 903/1511/36 914/913/36 901/909/36
f 915/936/9 939/1531/9 926/1512/9
f 939/1532/423 925/1514/423 926/1513/423
f 925/1515/424 937/1535/424 924/1516/424
f 937/1536/36 923/1518/36 924/1517/36
f 923/652/425 935/1539/425 922/1519/425
f 922/1520/426 934/1541/426 921/1521/426
f 921/1521/427 933/1542/427 920/1522/427
f 933/1542/428 919/1544/428 920/1522/428
f 919/1524/429 931/1546/429 918/1525/429
f 918/1526/36 930/1548/36 917/1527/36
f 917/1528/9 929/680/9 916/1529/9
f 916/1530/36 927/917/36 914/913/36
f 928/1551/11 952/1552/11 939/1847/11
f 952/1553/430 938/1533/430 939/1532/510
f 938/1848/431 950/1849/431 937/1850/431
f 937/1536/36 949/1559/36 936/1537/36
f 936/1538/432 948/1561/432 935/1539/432
f 948/1562/433 934/1541/433 935/1540/433
f 934/1541/434 946/1564/434 933/1542/434
f 933/1542/435 945/1565/435 932/1543/435
f 932/1566/436 944/1568/436 931/1851/436
f 944/1569/36 930/1548/36 931/1547/36
f 930/1549/11 942/701/11 929/680/11
f 929/1550/36 940/921/36 927/917/36
f 941/945/13 965/1573/13 952/1552/13
f 952/1553/437 964/1575/437 951/1554/437
f 951/188/438 963/1577/438 950/1852/438
f 950/1558/36 962/1579/36 949/1559/36
f 949/1580/439 961/711/439 948/1813/439
f 948/1562/440 960/1583/440 947/1563/440
f 960/1583/441 946/1564/441 947/1563/441
f 946/1564/442 958/1585/442 945/1565/442
f 945/1567/443 957/1587/443 944/1568/443
f 944/1569/36 956/1589/36 943/1570/36
f 943/1590/13 955/1592/13 942/1431/13
f 942/1572/36 953/925/36 940/921/36
f 954/949/15 978/1594/15 965/1573/15
f 965/1574/444 977/1596/444 964/1575/444
f 964/1576/445 976/1598/445 963/1577/445
f 963/1578/36 975/1600/36 962/1579/36
f 975/1601/446 961/711/446 962/1581/446
f 961/1582/447 973/1604/447 960/1583/447
f 973/1604/448 959/1584/448 960/1583/448
f 972/1606/449 958/1586/449 959/1853/449
f 971/1607/450 957/1587/450 958/1586/450
f 970/1609/36 956/1589/36 957/1588/36
f 956/1591/15 968/1452/15 955/1592/15
f 955/1593/36 966/869/36 953/925/36
f 967/953/17 991/1613/17 978/1594/17
f 978/1595/451 990/1615/451 977/1596/451
f 977/1597/452 989/1617/452 976/1598/452
f 989/1618/36 975/1600/36 976/1599/36
f 975/1601/453 987/1621/453 974/1602/453
f 974/1603/454 986/1623/454 973/1604/454
f 986/1623/455 972/1605/455 973/1604/455
f 972/1606/456 984/1626/456 971/1607/456
f 971/1607/457 983/1627/457 970/1608/457
f 983/1628/36 969/1610/36 970/1609/36
f 969/1611/17 981/1631/17 968/1452/17
f 968/1612/36 979/870/36 966/869/36
f 980/957/19 1004/1633/19 991/1613/19
f 1004/1634/458 990/1615/458 991/1614/458
f 990/1616/459 1002/1637/459 989/1617/459
f 1002/1638/36 988/1619/36 989/1618/36
f 988/1620/460 1000/769/460 987/1621/460
f 987/1622/461 999/1642/461 986/1623/461
f 986/1623/462 998/1643/462 985/1624/462
f 985/1625/463 997/1645/463 984/1626/463
f 997/1645/464 983/1627/464 984/1626/464
f 996/1647/36 982/1629/36 983/1628/36
f 995/1649/19 981/1631/19 982/1630/19
f 981/1632/36 992/874/36 979/870/36
f 1006/966/22 1004/1633/22 993/961/22
f 1017/1653/465 1003/1635/465 1004/1634/465
f 1003/1636/466 1015/1656/466 1002/1637/466
f 1002/1638/36 1014/1658/36 1001/1639/36
f 1014/1659/467 1000/769/467 1001/1640/467
f 1013/1661/468 999/1642/468 1000/1641/468
f 1012/1662/469 998/1643/469 999/1642/469
f 1011/1664/470 997/1645/470 998/1644/470
f 1010/1665/471 996/1646/471 997/1645/471
f 1009/1667/36 995/1648/36 996/1647/36
f 995/1649/22 1007/1670/22 994/1650/22
f 1007/1671/36 992/874/36 994/1651/36
f 1006/966/25 1030/1672/25 1017/1652/25
f 1017/1653/472 1029/1674/472 1016/1654/472
f 1016/1655/473 1028/1676/473 1015/1656/473
f 1015/1657/36 1027/1678/36 1014/1658/36
f 1014/1659/474 1026/1680/474 1013/1660/474
f 1013/1661/475 1025/1682/475 1012/1662/475
f 1025/1682/476 1011/1663/476 1012/1662/476
f 1011/1664/477 1023/1685/477 1010/1665/477
f 1010/1665/478 1022/1686/478 1009/1666/478
f 1009/1667/36 1021/1688/36 1008/1668/36
f 1008/1669/25 1020/1690/25 1007/1670/25
f 1007/1671/36 1018/885/36 1005/878/36
f 1019/972/28 1043/1692/28 1030/1672/28
f 1030/1673/479 1042/1694/479 1029/1674/479
f 1042/1695/480 1028/1676/480 1029/1675/480
f 1028/1677/36 1040/1698/36 1027/1678/36
f 1027/1679/481 1039/1700/481 1026/1680/481
f 1039/1701/482 1025/1682/482 1026/1681/482
f 1038/1702/483 1024/1683/483 1025/1682/483
f 1037/1703/484 1023/1705/484 1024/1683/484
f 1023/1685/485 1035/1707/485 1022/1686/485
f 1035/1708/36 1021/1688/36 1022/1687/36
f 1021/1689/28 1033/1711/28 1020/1690/28
f 1033/1712/36 1018/885/36 1020/1691/36
f 1032/979/31 1056/1713/31 1043/1692/31
f 1056/1714/486 1042/1694/486 1043/1693/511
f 1042/1695/487 1054/1717/487 1041/1696/487
f 1041/1697/36 1053/1719/36 1040/1698/36
f 1040/1699/488 1052/1720/488 1039/1700/488
f 1052/1721/489 1038/1702/489 1039/1701/489
f 1051/1722/490 1037/1703/490 1038/1702/490
f 1037/1703/491 1049/1724/491 1036/1704/491
f 1036/1706/492 1048/1726/492 1035/1707/492
f 1048/1727/36 1034/1709/36 1035/1708/36
f 1047/1729/31 1033/1711/31 1034/1710/31
f 1033/1712/36 1044/882/36 1031/892/36
f 1045/1731/34 643/1732/34 1056/1854/34
f 1056/1714/493 644/1733/493 1055/1715/493
f 1055/1734/494 645/1735/494 1054/1855/494
f 1054/1718/36 646/1736/36 1053/1719/36
f 1053/1737/495 647/1106/495 1052/1856/495
f 1052/1721/496 648/1109/496 1051/1722/496
f 648/1109/497 1050/1723/497 1051/1722/497
f 1050/1723/498 650/1740/498 1049/1724/498
f 1049/1741/499 651/1742/499 1048/1857/499
f 651/1116/36 1047/1728/36 1048/1727/36
f 1047/1744/34 653/1745/34 1046/1858/34
f 1046/1730/36 642/883/36 1044/882/36
f 642/883/36 574/908/36 573/884/36
